Reference,London Borough Name,Casualty Class,Casualty Sex,Casualty Age Band,Casualty Age,Number Of Casualties,Casualty Severity,Pedestrian Location,Pedestrian Movement,Mode Of Travel,Attendant Location,Number Of Vehicles,Date,Day,Time,Highway,Road Class 1,Road Number 1,Road Type,Speed Limit,Junction Detail,Junction Control,Road Class 2,Road Number 2,Pedestrian Crossing,Light Condition Band,Weather,Road Surface,Special Conditions,Carriage Way Hazard,Easting,Northing,Longitude,Latitude,Ward Code,Ward Name,Spatial Accuracy,Location,Organisation URI,Socrata ID,Last Uploaded
1190181061,CAMDEN,1 DRIVER/RIDER,1 MALE,16-24,20,1,3 SLIGHT,'-2 NOT APPLICABLE,'-2 NOT APPLICABLE,2 PEDAL CYCLE,"On Theobalds Road, 10 metres west of the junction with GRAYS INN ROAD.",2,15/05/2019 11:15:00 PM,Wednesday,23.15,3 BOR,A,401,6 SINGLE CWY,20,06 CROSSROADS,2 AUTO SIG,A,5200,5 PEDN PHASE AT ATS,1 DARK,1 FINE,1 ROAD-DRY,0 NONE,0 NONE,530964,181968,-0.113716,51.521456,,,Unknown,"(51.521456, -0.113716)",http://opendatacommunities.org/id/london-borough-council/camden,9009,21/12/2020 02:48:44 PM
1170053708,CAMDEN,1 Driver/Rider,1 Male,25-59,35,1,2 Serious,-2 Unknown,-2 N/A,3 Powered 2 Wheeler,HAVERSTOCK HILL J/W BELSIZE GROVE,2,13/08/2017 10:45:00 AM,Sunday,10.45,3 Bor,A,502,6 Single Cwy,2 30 MPH,3 T/Stag Jun,4 Give Way/Uncontrolled,Unclassified,0,4 Pelican Or Similar,1 Daylight,1 Fine,1 Road-Dry,0 None,0 None,527430,185010,-0.163525,51.549602,,,Unknown,"(51.549602, -0.163525)",http://opendatacommunities.org/id/london-borough-council/camden,7241,21/12/2020 02:48:40 PM
1170014952,CAMDEN,1 Driver/Rider,1 Male,25-59,45,1,3 Slight,-2 Unknown,-2 N/A,4 Car,EUSTON ROAD J/W JUDD STREET,2,28/01/2017 11:15:00 PM,Saturday,23.15,1 TLRN,A,501,3 Dual Cwy,2 30 MPH,6 Crossroads,2 Auto Sig,B,504,5 Pedn Phase At Ats,2 Dark,1 Fine,2 Road-Wet,0 None,0 None,530080,182790,-0.126147,51.529048,,,Unknown,"(51.529048, -0.126147)",http://opendatacommunities.org/id/london-borough-council/camden,6619,21/12/2020 02:48:39 PM
1180095071,CAMDEN,1 Driver/Rider,1 Male,25-59,52,1,3 Slight,-2 Unknown,-2 N/A,2 Pedal Cycle,MOUNT PLEASANT J/W GRAYS INN ROAD,2,09/03/2018 08:38:00 AM,Friday,8.38,3 Bor,A,401,6 Single Cwy,1 <= 20 MPH,6 Crossroads,2 Auto Sig,A,5200,5 Pedn Phase At Ats,1 Daylight,1 Fine,1 Road-Dry,0 None,0 None,531000,181980,-0.113193,51.521556,,,Unknown,"(51.521556, -0.113193)",http://opendatacommunities.org/id/london-borough-council/camden,7804,21/12/2020 02:48:41 PM
0116EK40195,CAMDEN,1 Driver/Rider,1 Male,25-59,47,1,3 Slight,-2 Unknown,-2 N/A,5 Taxi,EUSTON ROAD J/W OSSULSTON STREET,2,12/03/2016 08:30:00 AM,Saturday,8.30,1 TLRN,A,501,3 Dual Cwy,2 30 MPH,6 Crossroads,2 Auto Sig,C,0,5 Pedn Phase At Ats,1 Daylight,1 Fine,1 Road-Dry,0 None,0 None,529970,182730,-0.127754,51.528534,,,Unknown,"(51.528534, -0.127754)",http://opendatacommunities.org/id/london-borough-council/camden,6140,21/12/2020 02:48:38 PM
0115EK40351,CAMDEN,1 Driver/Rider,1 Male,60+,62,1,3 Slight,-2 Unknown,-2 N/A,2 Pedal Cycle,KENTISH TOWN ROAD J/W KELLY STREET,2,14/04/2015 10:25:00 AM,Tuesday,10.25,3 Bor,A,400,6 Single Cwy,2 30 MPH,6 Crossroads,4 Give Way/Uncontrolled,Unclassified,0,1 Zebra,1 Daylight,1 Fine,1 Road-Dry,0 None,0 None,528950,184620,-0.141758,51.545752,,,Unknown,"(51.545752, -0.141758)",http://opendatacommunities.org/id/london-borough-council/camden,4861,21/12/2020 02:48:36 PM
1190195226,CAMDEN,3 PEDESTRIAN,2 FEMALE,60+,60,1,2 SERIOUS,05 CROSSING ROAD (NOT ON XING),'-2 NOT APPLICABLE,1 PEDESTRIAN,"On Malden Road, 50 metres north of the junction with MARSEDEN STREET.",1,22/07/2019 06:30:00 PM,Monday,18.30,3 BOR,B,517,6 SINGLE CWY,20,00 NO JUN IN 20M,,0,0,4 PELICAN OR SIMILAR,2 DAYLIGHT,1 FINE,1 ROAD-DRY,0 NONE,0 NONE,528275,184737,-0.151444,51.546958,,,Unknown,"(51.546958, -0.151444)",http://opendatacommunities.org/id/london-borough-council/camden,9210,21/12/2020 02:48:44 PM
0115EK40247,CAMDEN,2 Passenger,2 Female,16-24,22,1,3 Slight,-2 Unknown,-2 N/A,4 Car,KENTISH TOWN ROAD J/W HAWLEY ROAD,2,01/04/2015 08:50:00 PM,Wednesday,20.50,3 Bor,A,400,6 Single Cwy,2 30 MPH,7 Multi Jun,2 Auto Sig,C,0,5 Pedn Phase At Ats,2 Dark,1 Fine,1 Road-Dry,0 None,0 None,528950,184270,-0.141886,51.542607,,,Unknown,"(51.542607, -0.141886)",http://opendatacommunities.org/id/london-borough-council/camden,4776,21/12/2020 02:48:36 PM
0115EK40172,CAMDEN,1 Driver/Rider,1 Male,25-59,32,1,3 Slight,-2 Unknown,-2 N/A,2 Pedal Cycle,CAMDEN ROAD J/W BAYHAM STREET,2,26/02/2015 09:12:00 AM,Thursday,9.12,1 TLRN,A,503,6 Single Cwy,2 30 MPH,3 T/Stag Jun,4 Give Way/Uncontrolled,A,503,4 Pelican Or Similar,1 Daylight,1 Fine,1 Road-Dry,0 None,0 None,528970,183940,-0.141719,51.539637,,,Unknown,"(51.539637, -0.141719)",http://opendatacommunities.org/id/london-borough-council/camden,4712,21/12/2020 02:48:36 PM
1190161224,CAMDEN,3 PEDESTRIAN,1 MALE,25-59,28,1,3 SLIGHT,03 CROSSING ROAD IN ZIG-ZAG EXIT,3 FROM DRIVERS O/SIDE,1 PEDESTRIAN,"On North End Way, 10 metres north of the junction with heath road.",1,03/02/2019 12:30:00 PM,Sunday,12.30,3 BOR,A,502,6 SINGLE CWY,20,06 CROSSROADS,4 GIVE WAY/UNCONTROLLED,B,519,1 ZEBRA,2 DAYLIGHT,1 FINE,1 ROAD-DRY,0 NONE,0 NONE,526266,186395,-0.179807,51.562311,,,Unknown,"(51.562311, -0.179807)",http://opendatacommunities.org/id/london-borough-council/camden,8750,21/12/2020 02:48:43 PM
0116EK40592,CAMDEN,2 Passenger,1 Male,25-59,33,1,3 Slight,-2 Unknown,-2 N/A,5 Taxi,EUSTON ROAD J/W MELTON STREET,2,14/08/2016 11:11:00 PM,Sunday,23.11,1 TLRN,A,501,3 Dual Cwy,3 40 MPH,6 Crossroads,2 Auto Sig,C,0,5 Pedn Phase At Ats,2 Dark,9 Unknown,1 Road-Dry,0 None,0 None,529560,182480,-0.133753,51.526381,,,Unknown,"(51.526381, -0.133753)",http://opendatacommunities.org/id/london-borough-council/camden,6474,21/12/2020 02:48:39 PM
0115CW11053,CAMDEN,2 Passenger,1 Male,Unknown,0,1,3 Slight,-2 Unknown,-2 N/A,4 Car,PRINCE ALBERT ROAD J/W ALBERT TERRACE,2,09/07/2015 08:20:00 PM,Thursday,20.20,3 Bor,A,5205,6 Single Cwy,2 30 MPH,3 T/Stag Jun,2 Auto Sig,C,0,5 Pedn Phase At Ats,2 Dark,1 Fine,1 Road-Dry,0 None,0 None,528070,183650,-0.154795,51.537235,,,Unknown,"(51.537235, -0.154795)",http://opendatacommunities.org/id/london-borough-council/camden,4569,21/12/2020 02:48:35 PM
1160009338,CAMDEN,3 Pedestrian,1 Male,25-59,28,1,2 Serious,04 Crossing Road Within 50m Xing,3 From Drivers O/Side,1 Pedestrian,KILBURN HIGH ROAD J/W PRIORY PARK ROAD,1,31/12/2016 06:36:00 PM,Saturday,18.36,3 Bor,A,5,3 Dual Cwy,2 30 MPH,3 T/Stag Jun,4 Give Way/Uncontrolled,Unclassified,0,4 Pelican Or Similar,2 Dark,1 Fine,2 Road-Wet,0 None,0 None,525180,183930,-0.196343,51.540399,,,Unknown,"(51.540399, -0.196343)",http://opendatacommunities.org/id/london-borough-council/camden,5816,21/12/2020 02:48:37 PM
0115SX20562,CAMDEN,2 Passenger,1 Male,25-59,25,1,3 Slight,-2 Unknown,-2 N/A,4 Car,FINCHLEY RD J/W HENDON WAY,2,27/06/2015 04:20:00 AM,Saturday,4.20,1 TLRN,A,41,6 Single Cwy,2 30 MPH,3 T/Stag Jun,2 Auto Sig,A,41,5 Pedn Phase At Ats,1 Daylight,1 Fine,1 Road-Dry,0 None,0 None,525080,186040,-0.197034,51.559384,,,Unknown,"(51.559384, -0.197034)",http://opendatacommunities.org/id/london-borough-council/camden,5631,21/12/2020 02:48:37 PM
0115EK41112,CAMDEN,2 Passenger,1 Male,16-24,20,1,3 Slight,-2 Unknown,-2 N/A,4 Car,CAMDEN STREET J/W CAMDEN ROAD.,3,12/12/2015 10:30:00 PM,Saturday,22.30,1 TLRN,A,400,2 One-Way St,2 30 MPH,6 Crossroads,2 Auto Sig,A,503,5 Pedn Phase At Ats,2 Dark,1 Fine,1 Road-Dry,0 None,0 None,529080,184050,-0.140093,51.5406,,,Unknown,"(51.5406, -0.140093)",http://opendatacommunities.org/id/london-borough-council/camden,5524,21/12/2020 02:48:37 PM
1160009233,CAMDEN,2 Passenger,2 Female,60+,70,1,3 Slight,-2 Unknown,-2 N/A,4 Car,FINCHLEY ROAD J/W HENDON WAY,2,30/12/2016 01:08:00 PM,Friday,13.08,1 TLRN,A,598,3 Dual Cwy,2 30 MPH,3 T/Stag Jun,2 Auto Sig,A,41,4 Pelican Or Similar,1 Daylight,1 Fine,2 Road-Wet,0 None,0 None,525080,186040,-0.197034,51.559384,,,Unknown,"(51.559384, -0.197034)",http://opendatacommunities.org/id/london-borough-council/camden,5813,21/12/2020 02:48:37 PM
1190211448,CAMDEN,3 PEDESTRIAN,1 MALE,16-24,21,1,3 SLIGHT,01 CROSSING ROAD ON PED XING,'-2 NOT APPLICABLE,1 PEDESTRIAN,"On Camden High Street, near the junction with Plender Street.",1,13/10/2019 05:00:00 PM,Sunday,17.00,1 TLRN,A,502,2 ONE-WAY ST,20,03 T/STAG JUN,9 UNKNOWN (S/R),6,0,5 PEDN PHASE AT ATS,2 DAYLIGHT,1 FINE,1 ROAD-DRY,0 NONE,0 NONE,529119,183521,-0.139725,51.535837,,,Unknown,"(51.535837, -0.139725)",http://opendatacommunities.org/id/london-borough-council/camden,9430,21/12/2020 02:48:44 PM
1180147010,CAMDEN,1 Driver/Rider,1 Male,25-59,25,1,3 Slight,-2 Unknown,-2 N/A,2 Pedal Cycle,MALET STREET J/W KEPPEL STREET,2,21/11/2018 07:12:00 AM,Wednesday,7.12,3 Bor,Unclassified,0,7 Slip Rd,1 <= 20 MPH,9 Other Jun,4 Give Way/Uncontrolled,Unclassified,0,0 No Xing Facility In 50m,1 Daylight,1 Fine,2 Road-Wet,0 None,0 None,529870,181860,-0.129515,51.520738,,,Unknown,"(51.520738, -0.129515)",http://opendatacommunities.org/id/london-borough-council/camden,8541,21/12/2020 02:48:43 PM
1170059526,CAMDEN,1 Driver/Rider,1 Male,25-59,38,1,3 Slight,-2 Unknown,-2 N/A,3 Powered 2 Wheeler,PARKWAY 60M W OF J/W CAMDEN HIGH STREET,3,18/09/2017 12:58:00 PM,Monday,12.58,3 Bor,A,4201,2 One-Way St,2 30 MPH,0 No Jun In 20m,-2 Not Applicable,-2 Not Applicable,0,0 No Xing Facility In 50m,1 Daylight,1 Fine,1 Road-Dry,0 None,0 None,528860,183830,-0.143344,51.538673,,,Unknown,"(51.538673, -0.143344)",http://opendatacommunities.org/id/london-borough-council/camden,7326,21/12/2020 02:48:40 PM
0116EK40117,CAMDEN,3 Pedestrian,1 Male,25-59,45,1,3 Slight,06 On Footpath - Verge,9 Unknown Or Other,1 Pedestrian,ADELAIDE RD J/W HAVERSTOCK HILL,1,01/03/2016 09:31:00 PM,Tuesday,21.31,3 Bor,B,509,6 Single Cwy,1 <= 20 MPH,9 Other Jun,2 Auto Sig,A,502,5 Pedn Phase At Ats,2 Dark,9 Unknown,2 Road-Wet,0 None,0 None,528140,184400,-0.153513,51.54396,,,Unknown,"(51.54396, -0.153513)",http://opendatacommunities.org/id/london-borough-council/camden,6073,21/12/2020 02:48:38 PM
0115EK40404,CAMDEN,1 Driver/Rider,1 Male,25-59,46,1,3 Slight,-2 Unknown,-2 N/A,2 Pedal Cycle,SWAIN'S LANE J/W CHESTER ROAD,2,22/05/2015 08:10:00 AM,Friday,8.10,3 Bor,Unclassified,0,6 Single Cwy,2 30 MPH,3 T/Stag Jun,4 Give Way/Uncontrolled,Unclassified,0,0 No Xing Facility In 50m,1 Daylight,1 Fine,2 Road-Wet,0 None,0 None,528550,186570,-0.146811,51.563368,,,Unknown,"(51.563368, -0.146811)",http://opendatacommunities.org/id/london-borough-council/camden,4900,21/12/2020 02:48:36 PM
1170041013,CAMDEN,3 Pedestrian,2 Female,25-59,47,1,3 Slight,01 Crossing Road On Ped Xing,1 From Drivers N/Side,1 Pedestrian,PANCRAS ROAD J/W GOLDINGTON CRESCENT,1,02/06/2017 04:27:00 PM,Friday,16.27,3 Bor,A,5202,3 Dual Cwy,2 30 MPH,3 T/Stag Jun,4 Give Way/Uncontrolled,Unclassified,0,1 Zebra,1 Daylight,2 Raining,2 Road-Wet,0 None,0 None,529660,183450,-0.131956,51.535075,,,Unknown,"(51.535075, -0.131956)",http://opendatacommunities.org/id/london-borough-council/camden,7012,21/12/2020 02:48:39 PM
1170055134,CAMDEN,1 Driver/Rider,1 Male,25-59,39,1,3 Slight,-2 Unknown,-2 N/A,5 Taxi,KILBURN HIGH ROAD J/W GLENGALL ROAD,3,20/08/2017 01:40:00 AM,Sunday,1.40,3 Bor,A,5,6 Single Cwy,2 30 MPH,9 Other Jun,2 Auto Sig,Unclassified,0,4 Pelican Or Similar,2 Dark,1 Fine,1 Road-Dry,0 None,0 None,525220,183880,-0.195784,51.539941,,,Unknown,"(51.539941, -0.195784)",http://opendatacommunities.org/id/london-borough-council/camden,7260,21/12/2020 02:48:40 PM
0115QK50225,CAMDEN,2 Passenger,2 Female,16-24,20,1,3 Slight,-2 Unknown,-2 N/A,3 Powered 2 Wheeler,"KILBURN HIGH ROAD, J/W GASCONY AVENUE",2,10/03/2015 08:09:00 PM,Tuesday,20.09,3 Bor,A,5,6 Single Cwy,2 30 MPH,3 T/Stag Jun,2 Auto Sig,A,5,5 Pedn Phase At Ats,2 Dark,1 Fine,1 Road-Dry,0 None,0 None,525070,184080,-0.197875,51.541772,,,Unknown,"(51.541772, -0.197875)",http://opendatacommunities.org/id/london-borough-council/camden,5616,21/12/2020 02:48:37 PM
1180095861,CAMDEN,1 Driver/Rider,1 Male,16-24,19,1,3 Slight,-2 Unknown,-2 N/A,2 Pedal Cycle,NFL HENDON WAY 20M W OF J/W FINCHLEY ROAD,2,08/03/2018 08:40:00 AM,Thursday,8.40,1 TLRN,A,41,3 Dual Cwy,3 40 MPH,3 T/Stag Jun,2 Auto Sig,A,598,1 Zebra,1 Daylight,2 Raining,2 Road-Wet,3 Road Sign Def,0 None,525037,186042,-0.197654,51.559412,,,Unknown,"(51.559412, -0.197654)",http://opendatacommunities.org/id/london-borough-council/camden,7811,21/12/2020 02:48:41 PM
1190158263,CAMDEN,2 PASSENGER,2 FEMALE,25-59,48,1,3 SLIGHT,'-2 NOT APPLICABLE,'-2 NOT APPLICABLE,6 BUS OR COACH,NFL Tottenham Court Road 100M S Euston Rd,1,18/01/2019 07:40:00 PM,Friday,19.40,3 BOR,A,400,2 ONE-WAY ST,20,00 NO JUN IN 20M,,0,0,0 NO XING FACILITY IN 50M,1 DARK,1 FINE,1 ROAD-DRY,0 NONE,0 NONE,529310,182204,-0.137456,51.523958,,,Unknown,"(51.523958, -0.137456)",http://opendatacommunities.org/id/london-borough-council/camden,8704,21/12/2020 02:48:43 PM
1170043816,CAMDEN,2 Passenger,1 Male,Unknown,0,1,3 Slight,-2 Unknown,-2 N/A,4 Car,CHENIES STREET J/W GOWER STREET,2,25/05/2017 02:40:00 PM,Thursday,14.40,3 Bor,B,506,6 Single Cwy,2 30 MPH,3 T/Stag Jun,2 Auto Sig,A,400,0 No Xing Facility In 50m,1 Daylight,1 Fine,1 Road-Dry,0 None,0 None,529710,181920,-0.131798,51.521314,,,Unknown,"(51.521314, -0.131798)",http://opendatacommunities.org/id/london-borough-council/camden,7058,21/12/2020 02:48:39 PM
0115EK40452,CAMDEN,1 Driver/Rider,1 Male,25-59,29,1,3 Slight,-2 Unknown,-2 N/A,7 Goods Vehicle,COLLEGE CRESCENT J/W AVENUE ROAD,2,17/05/2015 11:50:00 PM,Sunday,23.50,1 TLRN,B,511,3 Dual Cwy,3 40 MPH,9 Other Jun,2 Auto Sig,A,41,5 Pedn Phase At Ats,2 Dark,1 Fine,1 Road-Dry,0 None,0 None,526662,184347,-0.174834,51.543817,,,Unknown,"(51.543817, -0.174834)",http://opendatacommunities.org/id/london-borough-council/camden,4947,21/12/2020 02:48:36 PM
1180119527,CAMDEN,1 Driver/Rider,1 Male,25-59,28,1,3 Slight,-2 Unknown,-2 N/A,2 Pedal Cycle,HAWLEY ROAD J/W KENTISH TOWN ROAD,2,07/07/2018 06:35:00 PM,Saturday,18.35,3 Bor,A,400,2 One-Way St,1 <= 20 MPH,3 T/Stag Jun,2 Auto Sig,C,0,4 Pelican Or Similar,1 Daylight,1 Fine,1 Road-Dry,0 None,0 None,528930,184280,-0.142171,51.542702,,,Unknown,"(51.542702, -0.142171)",http://opendatacommunities.org/id/london-borough-council/camden,8154,21/12/2020 02:48:42 PM
0115EK40970,CAMDEN,1 Driver/Rider,1 Male,25-59,30,1,3 Slight,-2 Unknown,-2 N/A,3 Powered 2 Wheeler,FINCHLEY ROAD J/W FORTUNE GREEN ROAD.,2,31/10/2015 03:55:00 PM,Saturday,15.55,1 TLRN,A,41,3 Dual Cwy,3 40 MPH,6 Crossroads,2 Auto Sig,B,510,5 Pedn Phase At Ats,1 Daylight,1 Fine,1 Road-Dry,0 None,0 None,525160,185870,-0.195941,51.557839,,,Unknown,"(51.557839, -0.195941)",http://opendatacommunities.org/id/london-borough-council/camden,5396,21/12/2020 02:48:37 PM
1180137021,CAMDEN,3 Pedestrian,2 Female,0-15,0,1,3 Slight,10 Unknown,9 Unknown Or Other,1 Pedestrian,BOUNDARY ROAD J/W ABBEY ROAD,1,05/10/2018 12:00:00 PM,Friday,12.00,3 Bor,B,507,6 Single Cwy,2 30 MPH,3 T/Stag Jun,4 Give Way/Uncontrolled,B,507,1 Zebra,1 Daylight,1 Fine,1 Road-Dry,0 None,0 None,526000,183680,-0.184614,51.53797,,,Unknown,"(51.53797, -0.184614)",http://opendatacommunities.org/id/london-borough-council/camden,8382,21/12/2020 02:48:42 PM
1190205020,CAMDEN,1 DRIVER/RIDER,1 MALE,25-59,31,1,2 SERIOUS,'-2 NOT APPLICABLE,'-2 NOT APPLICABLE,3 POWERED 2 WHEELER,"On Goods Way, 50 metres west of the junction with York way.",2,11/09/2019 08:00:00 PM,Wednesday,20.00,3 BOR,5,0,2 ONE-WAY ST,20,00 NO JUN IN 20M,,0,0,1 ZEBRA,1 DARK,1 FINE,1 ROAD-DRY,0 NONE,0 NONE,530300,183460,-0.12273,51.535018,,,Unknown,"(51.535018, -0.12273)",http://opendatacommunities.org/id/london-borough-council/camden,9358,21/12/2020 02:48:44 PM
0115SX20562,CAMDEN,1 Driver/Rider,2 Female,16-24,22,1,3 Slight,-2 Unknown,-2 N/A,4 Car,FINCHLEY RD J/W HENDON WAY,2,27/06/2015 04:20:00 AM,Saturday,4.20,1 TLRN,A,41,6 Single Cwy,2 30 MPH,3 T/Stag Jun,2 Auto Sig,A,41,5 Pedn Phase At Ats,1 Daylight,1 Fine,1 Road-Dry,0 None,0 None,525080,186040,-0.197034,51.559384,,,Unknown,"(51.559384, -0.197034)",http://opendatacommunities.org/id/london-borough-council/camden,5630,21/12/2020 02:48:37 PM
1170075095,CAMDEN,1 Driver/Rider,1 Male,16-24,20,1,3 Slight,-2 Unknown,-2 N/A,3 Powered 2 Wheeler,YORK WAY 16M N OF J/W CANAL REACH,2,03/12/2017 10:45:00 PM,Sunday,22.45,3 Bor,A,5200,6 Single Cwy,1 <= 20 MPH,3 T/Stag Jun,4 Give Way/Uncontrolled,Unclassified,0,0 No Xing Facility In 50m,2 Dark,9 Unknown,2 Road-Wet,0 None,0 None,530159,183979,-0.12457,51.539715,,,Unknown,"(51.539715, -0.12457)",http://opendatacommunities.org/id/london-borough-council/camden,7579,21/12/2020 02:48:41 PM
1170069473,CAMDEN,1 Driver/Rider,1 Male,25-59,31,1,3 Slight,-2 Unknown,-2 N/A,5 Taxi,SHAFTESBURY AVENUE J/W HIGH HOLBORN,2,11/11/2017 12:45:00 PM,Saturday,12.45,3 Bor,B,522,3 Dual Cwy,2 30 MPH,6 Crossroads,2 Auto Sig,A,40,1 Zebra,1 Daylight,2 Raining,2 Road-Wet,0 None,0 None,530080,181300,-0.126697,51.515657,,,Unknown,"(51.515657, -0.126697)",http://opendatacommunities.org/id/london-borough-council/camden,7505,21/12/2020 02:48:41 PM
1160002475,CAMDEN,1 Driver/Rider,1 Male,25-59,26,1,3 Slight,-2 Unknown,-2 N/A,3 Powered 2 Wheeler,FITZROY STREET J/W HOWLAND STREET,2,20/11/2016 11:25:00 AM,Sunday,11.25,3 Bor,C,0,2 One-Way St,1 <= 20 MPH,3 T/Stag Jun,4 Give Way/Uncontrolled,Unclassified,0,0 No Xing Facility In 50m,2 Dark,2 Raining,2 Road-Wet,0 None,0 None,529290,181910,-0.137852,51.52132,,,Unknown,"(51.52132, -0.137852)",http://opendatacommunities.org/id/london-borough-council/camden,5684,21/12/2020 02:48:37 PM
1180101891,CAMDEN,2 Passenger,2 Female,25-59,30,1,3 Slight,-2 Unknown,-2 N/A,4 Car,HENDON WAY J/W FINCHLEY ROAD,4,15/04/2018 03:30:00 PM,Sunday,15.30,1 TLRN,A,41,3 Dual Cwy,3 40 MPH,3 T/Stag Jun,2 Auto Sig,A,598,5 Pedn Phase At Ats,1 Daylight,2 Raining,2 Road-Wet,0 None,0 None,525081,186057,-0.197014,51.559537,,,Unknown,"(51.559537, -0.197014)",http://opendatacommunities.org/id/london-borough-council/camden,7889,21/12/2020 02:48:41 PM
1170057592,CAMDEN,1 Driver/Rider,1 Male,25-59,31,1,3 Slight,-2 Unknown,-2 N/A,2 Pedal Cycle,AVENUE ROAD J/W ST EDMUNDS TERRACE NW8,2,06/09/2017 09:25:00 AM,Wednesday,9.25,3 Bor,B,525,6 Single Cwy,2 30 MPH,6 Crossroads,3 Stop Sign,B,525,1 Zebra,1 Daylight,1 Fine,1 Road-Dry,0 None,0 None,527360,183470,-0.165091,51.535778,,,Unknown,"(51.535778, -0.165091)",http://opendatacommunities.org/id/london-borough-council/camden,7298,21/12/2020 02:48:40 PM
1170073576,CAMDEN,1 Driver/Rider,2 Female,25-59,25,1,3 Slight,-2 Unknown,-2 N/A,2 Pedal Cycle,AVENUE ROAD 21M S OF J/W ACACIA ROAD,2,28/11/2017 11:15:00 AM,Tuesday,11.15,3 Bor,B,525,6 Single Cwy,2 30 MPH,0 No Jun In 20m,-2 Not Applicable,-2 Not Applicable,0,1 Zebra,1 Daylight,1 Fine,2 Road-Wet,0 None,0 None,527290,183550,-0.166071,51.536513,,,Unknown,"(51.536513, -0.166071)",http://opendatacommunities.org/id/london-borough-council/camden,7563,21/12/2020 02:48:41 PM
1180152058,CAMDEN,1 Driver/Rider,2 Female,25-59,30,1,3 Slight,-2 Unknown,-2 N/A,2 Pedal Cycle,HAMPSTEAD ROAD 25M N OF J/W DRUMMON STREET,1,25/09/2018 08:10:00 AM,Tuesday,8.10,3 Bor,Unclassified,0,6 Single Cwy,2 30 MPH,0 No Jun In 20m,-2 Not Applicable,-2 Not Applicable,0,9 Unknown (S/R),1 Daylight,9 Unknown,9 Unknown (S/R),0 None,0 None,529120,182420,-0.140114,51.525943,,,Unknown,"(51.525943, -0.140114)",http://opendatacommunities.org/id/london-borough-council/camden,8608,21/12/2020 02:48:43 PM
0115EK40410,CAMDEN,2 Passenger,2 Female,0-15,3,1,3 Slight,-2 Unknown,-2 N/A,6 Bus Or Coach,HARRINGTON SQUARE J/W LIDLINGTON PLACE,1,22/05/2015 06:16:00 PM,Friday,18.16,3 Bor,A,400,2 One-Way St,2 30 MPH,0 No Jun In 20m,-2 Not Applicable,-2 Not Applicable,0,0 No Xing Facility In 50m,1 Daylight,1 Fine,1 Road-Dry,4 Roadworks,0 None,529220,183220,-0.13838,51.533109,,,Unknown,"(51.533109, -0.13838)",http://opendatacommunities.org/id/london-borough-council/camden,4905,21/12/2020 02:48:36 PM
0115EK40985,CAMDEN,3 Pedestrian,2 Female,25-59,35,1,3 Slight,04 Crossing Road Within 50m Xing,1 From Drivers N/Side,1 Pedestrian,EUSTON STREET J/W MELTON STREET.,1,04/11/2015 08:59:00 AM,Wednesday,8.59,3 Bor,C,0,3 Dual Cwy,2 30 MPH,3 T/Stag Jun,4 Give Way/Uncontrolled,Unclassified,0,1 Zebra,1 Daylight,2 Raining,2 Road-Wet,0 None,0 None,529490,182570,-0.134729,51.527206,,,Unknown,"(51.527206, -0.134729)",http://opendatacommunities.org/id/london-borough-council/camden,5415,21/12/2020 02:48:37 PM
1190220859,CAMDEN,1 DRIVER/RIDER,1 MALE,25-59,37,1,3 SLIGHT,'-2 NOT APPLICABLE,9 UNKNOWN OR OTHER,3 POWERED 2 WHEELER,"On Grays Inn Road, near the junction with PENTONVILLE ROAD.",2,26/11/2019 12:25:00 PM,Tuesday,12.25,1 TLRN,A,501,2 ONE-WAY ST,30,07 MULTI JUN,2 AUTO SIG,A,501,1 ZEBRA,2 DAYLIGHT,1 FINE,2 ROAD-WET,0 NONE,0 NONE,530360,182971,-0.122046,51.53061,,,Unknown,"(51.53061, -0.122046)",http://opendatacommunities.org/id/london-borough-council/camden,9553,21/12/2020 02:48:44 PM
0116EK40545,CAMDEN,1 Driver/Rider,1 Male,25-59,35,1,3 Slight,-2 Unknown,-2 N/A,5 Taxi,HAMPSTEAD ROAD 30M N OF J/W HARRINGTON SQUARE,3,06/07/2016 10:40:00 PM,Wednesday,22.40,1 TLRN,A,400,3 Dual Cwy,3 40 MPH,0 No Jun In 20m,-2 Not Applicable,-2 Not Applicable,0,5 Pedn Phase At Ats,2 Dark,8 Other,1 Road-Dry,0 None,0 None,529150,183310,-0.139356,51.533934,,,Unknown,"(51.533934, -0.139356)",http://opendatacommunities.org/id/london-borough-council/camden,6440,21/12/2020 02:48:38 PM
1180081907,CAMDEN,2 Passenger,2 Female,0-15,10,1,3 Slight,-2 Unknown,-2 N/A,4 Car,CROWNDALE ROAD J/W CAMDEN STREET,2,06/01/2018 02:05:00 PM,Saturday,14.05,1 TLRN,B,512,6 Single Cwy,1 <= 20 MPH,6 Crossroads,2 Auto Sig,A,400,4 Pelican Or Similar,1 Daylight,1 Fine,1 Road-Dry,0 None,0 None,529410,183460,-0.135554,51.535223,,,Unknown,"(51.535223, -0.135554)",http://opendatacommunities.org/id/london-borough-council/camden,7653,21/12/2020 02:48:41 PM
1180137102,CAMDEN,3 Pedestrian,1 Male,25-59,36,1,3 Slight,01 Crossing Road On Ped Xing,1 From Drivers N/Side,1 Pedestrian,ACTON STREET J/W GRAYS INN  ROAD,1,05/10/2018 02:15:00 PM,Friday,14.15,1 TLRN,Unclassified,0,2 One-Way St,1 <= 20 MPH,3 T/Stag Jun,4 Give Way/Uncontrolled,A,501,1 Zebra,1 Daylight,1 Fine,1 Road-Dry,0 None,0 None,530577,182712,-0.119015,51.528232,,,Unknown,"(51.528232, -0.119015)",http://opendatacommunities.org/id/london-borough-council/camden,8386,21/12/2020 02:48:42 PM