Reference,London Borough Name,Casualty Class,Casualty Sex,Casualty Age Band,Casualty Age,Number Of Casualties,Casualty Severity,Pedestrian Location,Pedestrian Movement,Mode Of Travel,Attendant Location,Number Of Vehicles,Date,Day,Time,Highway,Road Class 1,Road Number 1,Road Type,Speed Limit,Junction Detail,Junction Control,Road Class 2,Road Number 2,Pedestrian Crossing,Light Condition Band,Weather,Road Surface,Special Conditions,Carriage Way Hazard,Easting,Northing,Longitude,Latitude,Ward Code,Ward Name,Spatial Accuracy,Location,Organisation URI,Socrata ID,Last Uploaded
1170061795,CAMDEN,1 Driver/Rider,1 Male,25-59,28,1,3 Slight,-2 Unknown,-2 N/A,3 Powered 2 Wheeler,OAKLEY SQUARE J/W CROWNDALE ROAD,2,28/09/2017 09:15:00 PM,Thursday,21.15,1 TLRN,A,400,3 Dual Cwy,2 30 MPH,7 Multi Jun,4 Give Way/Uncontrolled,B,512,5 Pedn Phase At Ats,2 Dark,1 Fine,1 Road-Dry,0 None,0 None,529410,183450,-0.135558,51.535133,,,Unknown,"(51.535133, -0.135558)",http://opendatacommunities.org/id/london-borough-council/camden,7362,21/12/2020 02:48:40 PM
0115EK40791,CAMDEN,2 Passenger,2 Female,25-59,59,1,3 Slight,-2 Unknown,-2 N/A,6 Bus Or Coach,CHALK FARM ROAD J/W HARTLAND ROAD.,1,10/09/2015 09:50:00 PM,Thursday,21.50,3 Bor,A,502,6 Single Cwy,2 30 MPH,3 T/Stag Jun,4 Give Way/Uncontrolled,Unclassified,0,5 Pedn Phase At Ats,2 Dark,1 Fine,1 Road-Dry,0 None,0 None,528550,184250,-0.147658,51.542518,,,Unknown,"(51.542518, -0.147658)",http://opendatacommunities.org/id/london-borough-council/camden,5257,21/12/2020 02:48:37 PM
1160002376,CAMDEN,1 Driver/Rider,1 Male,25-59,45,1,2 Serious,-2 Unknown,-2 N/A,2 Pedal Cycle,GLOUCESTER AVENUE 30M W OF J/W OVAL ROAD,2,19/11/2016 03:24:00 PM,Saturday,15.24,3 Bor,C,0,6 Single Cwy,1 <= 20 MPH,0 No Jun In 20m,-2 Not Applicable,-2 Not Applicable,0,4 Pelican Or Similar,1 Daylight,1 Fine,1 Road-Dry,0 None,0 None,528590,183670,-0.147294,51.537297,,,Unknown,"(51.537297, -0.147294)",http://opendatacommunities.org/id/london-borough-council/camden,5683,21/12/2020 02:48:37 PM
0115CW10814,CAMDEN,1 Driver/Rider,1 Male,25-59,38,1,3 Slight,-2 Unknown,-2 N/A,2 Pedal Cycle,FINCHLEY ROAD J/W BOUNDARY ROAD.,2,15/06/2015 04:00:00 PM,Monday,16.00,1 TLRN,A,41,6 Single Cwy,2 30 MPH,6 Crossroads,2 Auto Sig,C,0,5 Pedn Phase At Ats,1 Daylight,1 Fine,1 Road-Dry,0 None,0 None,526600,183870,-0.175899,51.539544,,,Unknown,"(51.539544, -0.175899)",http://opendatacommunities.org/id/london-borough-council/camden,4565,21/12/2020 02:48:35 PM
1190191292,CAMDEN,1 DRIVER/RIDER,1 MALE,25-59,38,1,3 SLIGHT,'-2 NOT APPLICABLE,'-2 NOT APPLICABLE,4 CAR,"On Mansfield Road, 80 metres east of the junction with Shirlock Road.",2,03/07/2019 04:59:00 PM,Wednesday,16.59,3 BOR,B,518,6 SINGLE CWY,20,00 NO JUN IN 20M,,0,0,1 ZEBRA,2 DAYLIGHT,1 FINE,1 ROAD-DRY,0 NONE,0 NONE,527943,185476,-0.155961,51.553674,,,Unknown,"(51.553674, -0.155961)",http://opendatacommunities.org/id/london-borough-council/camden,9155,21/12/2020 02:48:44 PM
0116EK40348,CAMDEN,1 Driver/Rider,1 Male,25-59,43,1,3 Slight,-2 Unknown,-2 N/A,3 Powered 2 Wheeler,GRAY'S INN RD J/W EUSTON RD,2,18/05/2016 06:45:00 PM,Wednesday,18.45,1 TLRN,A,5200,2 One-Way St,1 <= 20 MPH,9 Other Jun,2 Auto Sig,A,501,5 Pedn Phase At Ats,1 Daylight,1 Fine,2 Road-Wet,0 None,0 None,530350,182970,-0.12219,51.530603,,,Unknown,"(51.530603, -0.12219)",http://opendatacommunities.org/id/london-borough-council/camden,6276,21/12/2020 02:48:38 PM
1180153762,CAMDEN,1 Driver/Rider,1 Male,25-59,37,1,3 Slight,-2 Unknown,-2 N/A,4 Car,EUSTON ROAD 20M E OF J/W BELGROVE STREET,2,22/12/2018 12:01:00 AM,Saturday,0.01,1 TLRN,A,501,3 Dual Cwy,2 30 MPH,3 T/Stag Jun,2 Auto Sig,Unclassified,0,0 No Xing Facility In 50m,2 Dark,8 Other,2 Road-Wet,0 None,0 None,530250,182910,-0.123653,51.530087,,,Unknown,"(51.530087, -0.123653)",http://opendatacommunities.org/id/london-borough-council/camden,8635,21/12/2020 02:48:43 PM
0116EK40338,CAMDEN,3 Pedestrian,2 Female,25-59,48,1,3 Slight,04 Crossing Road Within 50m Xing,1 From Drivers N/Side,1 Pedestrian,KENTISH TOWN ROAD J/W PRINCE OF WALES ROAD,1,15/05/2016 03:11:00 PM,Sunday,15.11,3 Bor,A,400,6 Single Cwy,2 30 MPH,3 T/Stag Jun,2 Auto Sig,C,0,5 Pedn Phase At Ats,1 Daylight,1 Fine,1 Road-Dry,0 None,0 None,528950,184710,-0.141725,51.546561,,,Unknown,"(51.546561, -0.141725)",http://opendatacommunities.org/id/london-borough-council/camden,6271,21/12/2020 02:48:38 PM
0115EK41153,CAMDEN,1 Driver/Rider,1 Male,25-59,27,1,3 Slight,-2 Unknown,-2 N/A,2 Pedal Cycle,HAVERSTOCK HILL J/W PRINCE OF WALES ROAD,2,25/12/2015 08:30:00 AM,Friday,8.30,3 Bor,A,502,6 Single Cwy,2 30 MPH,3 T/Stag Jun,2 Auto Sig,C,0,5 Pedn Phase At Ats,1 Daylight,1 Fine,1 Road-Dry,0 None,0 None,527970,184580,-0.155898,51.545616,,,Unknown,"(51.545616, -0.155898)",http://opendatacommunities.org/id/london-borough-council/camden,5554,21/12/2020 02:48:37 PM
1190170644,CAMDEN,1 DRIVER/RIDER,1 MALE,U,,1,3 SLIGHT,'-2 NOT APPLICABLE,'-2 NOT APPLICABLE,2 PEDAL CYCLE,"On Avenue Road, near the junction with ACACIA ROAD.",2,22/03/2019 08:45:00 AM,Friday,8.45,3 BOR,B,525,6 SINGLE CWY,30,03 T/STAG JUN,4 GIVE WAY/UNCONTROLLED,5,0,0 NO XING FACILITY IN 50M,2 DAYLIGHT,1 FINE,1 ROAD-DRY,0 NONE,0 NONE,527176,183678,-0.167668,51.537689,,,Unknown,"(51.537689, -0.167668)",http://opendatacommunities.org/id/london-borough-council/camden,8861,21/12/2020 02:48:43 PM
1190191394,CAMDEN,1 DRIVER/RIDER,2 FEMALE,0-15,15,1,2 SERIOUS,'-2 NOT APPLICABLE,'-2 NOT APPLICABLE,2 PEDAL CYCLE,"On Camden Road, 20 metres north of the junction with St Pacras Way.",2,04/07/2019 10:52:00 AM,Thursday,10.52,1 TLRN,A,503,6 SINGLE CWY,30,06 CROSSROADS,2 AUTO SIG,A,5202,4 PELICAN OR SIMILAR,2 DAYLIGHT,1 FINE,1 ROAD-DRY,0 NONE,0 NONE,529278,184326,-0.137139,51.543035,,,Unknown,"(51.543035, -0.137139)",http://opendatacommunities.org/id/london-borough-council/camden,9156,21/12/2020 02:48:44 PM
1170065909,CAMDEN,1 Driver/Rider,2 Female,25-59,43,1,3 Slight,-2 Unknown,-2 N/A,4 Car,CAMDEN STREET J/W CAMDEN ROAD,3,22/10/2017 06:08:00 PM,Sunday,18.08,1 TLRN,A,400,2 One-Way St,1 <= 20 MPH,6 Crossroads,2 Auto Sig,A,503,5 Pedn Phase At Ats,1 Daylight,1 Fine,1 Road-Dry,0 None,0 None,529090,184040,-0.139953,51.540508,,,Unknown,"(51.540508, -0.139953)",http://opendatacommunities.org/id/london-borough-council/camden,7451,21/12/2020 02:48:40 PM
1160004028,CAMDEN,3 Pedestrian,2 Female,25-59,57,1,3 Slight,04 Crossing Road Within 50m Xing,1 From Drivers N/Side,1 Pedestrian,BERNARD STREET WC1 J/W HERBRAND STREET WC1,1,29/11/2016 06:10:00 PM,Tuesday,18.10,3 Bor,B,504,6 Single Cwy,1 <= 20 MPH,6 Crossroads,4 Give Way/Uncontrolled,Unclassified,0,1 Zebra,2 Dark,1 Fine,1 Road-Dry,0 None,0 None,530170,182120,-0.125098,51.523006,,,Unknown,"(51.523006, -0.125098)",http://opendatacommunities.org/id/london-borough-council/camden,5711,21/12/2020 02:48:37 PM
0115CW11546,CAMDEN,1 Driver/Rider,1 Male,60+,77,1,3 Slight,-2 Unknown,-2 N/A,4 Car,PRINCE ALBERT ROAD 50M SOUTH WEST J/W ALBERT TERRACE,2,13/10/2015 03:59:00 PM,Tuesday,15.59,3 Bor,A,5205,6 Single Cwy,2 30 MPH,0 No Jun In 20m,-2 Not Applicable,-2 Not Applicable,0,5 Pedn Phase At Ats,1 Daylight,1 Fine,1 Road-Dry,0 None,0 None,528030,183640,-0.155375,51.537155,,,Unknown,"(51.537155, -0.155375)",http://opendatacommunities.org/id/london-borough-council/camden,4578,21/12/2020 02:48:35 PM
0115EK40957,CAMDEN,1 Driver/Rider,1 Male,25-59,35,1,3 Slight,-2 Unknown,-2 N/A,3 Powered 2 Wheeler,EUSTON ROAD J/W EVERSHOLT STREET.,3,27/10/2015 09:15:00 AM,Tuesday,9.15,1 TLRN,A,501,3 Dual Cwy,2 30 MPH,6 Crossroads,2 Auto Sig,A,4200,5 Pedn Phase At Ats,1 Daylight,1 Fine,1 Road-Dry,0 None,0 None,529740,182580,-0.131123,51.527238,,,Unknown,"(51.527238, -0.131123)",http://opendatacommunities.org/id/london-borough-council/camden,5383,21/12/2020 02:48:37 PM
1170060556,CAMDEN,3 Pedestrian,1 Male,25-59,25,1,2 Serious,10 Unknown,9 Unknown Or Other,1 Pedestrian,KENTISH TOWN ROAD 23M N OF J/W PRINCE OF WALES ROAD,1,23/09/2017 02:24:00 PM,Saturday,14.24,3 Bor,A,400,6 Single Cwy,1 <= 20 MPH,0 No Jun In 20m,-2 Not Applicable,-2 Not Applicable,0,8 Central Refuge,1 Daylight,1 Fine,1 Road-Dry,0 None,0 None,528950,184720,-0.141721,51.546651,,,Unknown,"(51.546651, -0.141721)",http://opendatacommunities.org/id/london-borough-council/camden,7338,21/12/2020 02:48:40 PM
0115EK40553,CAMDEN,1 Driver/Rider,1 Male,25-59,52,1,3 Slight,-2 Unknown,-2 N/A,3 Powered 2 Wheeler,HOWLAND STREET J/W WHITFIELD STREET,2,07/07/2015 09:56:00 AM,Tuesday,9.56,3 Bor,C,0,6 Single Cwy,2 30 MPH,6 Crossroads,4 Give Way/Uncontrolled,Unclassified,0,0 No Xing Facility In 50m,1 Daylight,1 Fine,1 Road-Dry,0 None,0 None,529360,181970,-0.136822,51.521844,,,Unknown,"(51.521844, -0.136822)",http://opendatacommunities.org/id/london-borough-council/camden,5039,21/12/2020 02:48:36 PM
1190229389,CAMDEN,1 DRIVER/RIDER,1 MALE,25-59,32,1,3 SLIGHT,'-2 NOT APPLICABLE,'-2 NOT APPLICABLE,5 TAXI,"On Camden High Street, 25 metres north of the junction with Plender Street.",2,29/12/2019 08:20:00 PM,Sunday,20.20,1 TLRN,A,502,2 ONE-WAY ST,30,00 NO JUN IN 20M,,0,0,9 UNKNOWN (S/R),1 DARK,1 FINE,1 ROAD-DRY,0 NONE,0 NONE,529104,183541,-0.139934,51.53602,,,Unknown,"(51.53602, -0.139934)",http://opendatacommunities.org/id/london-borough-council/camden,9662,21/12/2020 02:48:45 PM
0116EK40586,CAMDEN,3 Pedestrian,2 Female,0-15,7,1,3 Slight,05 Crossing Road (Not On Xing),1 From Drivers N/Side,1 Pedestrian,HIGH HOLBORN J/W RED LION STREET,1,13/08/2016 09:30:00 AM,Saturday,9.30,3 Bor,A,40,6 Single Cwy,2 30 MPH,3 T/Stag Jun,4 Give Way/Uncontrolled,C,0,0 No Xing Facility In 50m,1 Daylight,1 Fine,1 Road-Dry,0 None,0 None,530760,181570,-0.116802,51.517927,,,Unknown,"(51.517927, -0.116802)",http://opendatacommunities.org/id/london-borough-council/camden,6469,21/12/2020 02:48:39 PM
1190156704,CAMDEN,1 DRIVER/RIDER,1 MALE,25-59,52,2,2 SERIOUS,'-2 NOT APPLICABLE,'-2 NOT APPLICABLE,2 PEDAL CYCLE,"On Theobalds Road, near the junction with John Street.",2,10/01/2019 09:10:00 AM,Thursday,9.10,3 BOR,A,401,6 SINGLE CWY,20,03 T/STAG JUN,4 GIVE WAY/UNCONTROLLED,6,0,0 NO XING FACILITY IN 50M,2 DAYLIGHT,1 FINE,1 ROAD-DRY,0 NONE,0 NONE,530893,181938,-0.11475,51.521203,,,Unknown,"(51.521203, -0.11475)",http://opendatacommunities.org/id/london-borough-council/camden,8679,21/12/2020 02:48:43 PM
1190225758,CAMDEN,3 PEDESTRIAN,2 FEMALE,25-59,45,1,3 SLIGHT,10 UNKNOWN OR OTHER,'-2 NOT APPLICABLE,1 PEDESTRIAN,"On Kentish Town Road, near the junction with camden high street.",1,14/12/2019 11:55:00 PM,Saturday,23.55,1 TLRN,A,503,2 ONE-WAY ST,30,07 MULTI JUN,9 UNKNOWN (S/R),A,502,9 UNKNOWN (S/R),1 DARK,9 UNKNOWN,9 UNKNOWN (S/R),0 NONE,0 NONE,528924,183907,-0.142394,51.539351,,,Unknown,"(51.539351, -0.142394)",http://opendatacommunities.org/id/london-borough-council/camden,9630,21/12/2020 02:48:45 PM
0115EK40906,CAMDEN,2 Passenger,1 Male,25-59,40,1,3 Slight,-2 Unknown,-2 N/A,4 Car,"FREIGHT LANE, 120 METRES WEST OF YORK WAY.",2,09/10/2015 02:40:00 PM,Friday,14.40,3 Bor,Unclassified,0,6 Single Cwy,2 30 MPH,8 Priv Drive,4 Give Way/Uncontrolled,Unclassified,0,0 No Xing Facility In 50m,1 Daylight,1 Fine,1 Road-Dry,0 None,0 None,530030,184030,-0.12641,51.540203,,,Unknown,"(51.540203, -0.12641)",http://opendatacommunities.org/id/london-borough-council/camden,5346,21/12/2020 02:48:37 PM
1180145146,CAMDEN,1 Driver/Rider,1 Male,25-59,50,1,3 Slight,-2 Unknown,-2 N/A,4 Car,EUSTON ROAD J/W MIDLAND ROAD,2,12/11/2018 07:10:00 PM,Monday,19.10,1 TLRN,A,501,3 Dual Cwy,2 30 MPH,6 Crossroads,2 Auto Sig,C,0,4 Pelican Or Similar,2 Dark,1 Fine,2 Road-Wet,4 Roadworks,0 None,530060,182810,-0.126428,51.529232,,,Unknown,"(51.529232, -0.126428)",http://opendatacommunities.org/id/london-borough-council/camden,8518,21/12/2020 02:48:43 PM
1190197364,CAMDEN,1 DRIVER/RIDER,1 MALE,25-59,40,1,3 SLIGHT,'-2 NOT APPLICABLE,3 FROM DRIVERS O/SIDE,4 CAR,Location uncertain Euston Rd,1,01/08/2019 04:40:00 PM,Thursday,16.40,1 TLRN,A,501,3 DUAL CWY,30,06 CROSSROADS,2 AUTO SIG,6,0,5 PEDN PHASE AT ATS,2 DAYLIGHT,1 FINE,1 ROAD-DRY,9 UNKNOWN (S/R),0 NONE,529044,182226,-0.14128,51.524216,,,Unknown,"(51.524216, -0.14128)",http://opendatacommunities.org/id/london-borough-council/camden,9250,21/12/2020 02:48:44 PM
1180129200,CAMDEN,2 Passenger,1 Male,Unknown,0,1,3 Slight,-2 Unknown,-2 N/A,4 Car,CAMDEN ROAD J/W ST PANCRAS WAY,2,24/08/2018 05:32:00 PM,Friday,17.32,1 TLRN,A,503,6 Single Cwy,2 30 MPH,3 T/Stag Jun,2 Auto Sig,A,5202,5 Pedn Phase At Ats,1 Daylight,1 Fine,1 Road-Dry,0 None,0 None,529254,184302,-0.137493,51.542825,,,Unknown,"(51.542825, -0.137493)",http://opendatacommunities.org/id/london-borough-council/camden,8281,21/12/2020 02:48:42 PM
0115EK40184,CAMDEN,2 Passenger,1 Male,0-15,11,1,3 Slight,-2 Unknown,-2 N/A,6 Bus Or Coach,CHESTER ROAD J/W RAYDON STREET,1,05/03/2015 08:28:00 AM,Thursday,8.28,3 Bor,Unclassified,0,6 Single Cwy,2 30 MPH,3 T/Stag Jun,4 Give Way/Uncontrolled,Unclassified,0,0 No Xing Facility In 50m,1 Daylight,1 Fine,1 Road-Dry,0 None,0 None,528740,186640,-0.144046,51.563954,,,Unknown,"(51.563954, -0.144046)",http://opendatacommunities.org/id/london-borough-council/camden,4725,21/12/2020 02:48:36 PM
1190204118,CAMDEN,3 PEDESTRIAN,2 FEMALE,25-59,29,1,3 SLIGHT,01 CROSSING ROAD ON PED XING,2 FROM DRIVERS N/SIDE MSK,1 PEDESTRIAN,"On Camden High Street, 25 metres north of the junction with Greenland Road.",1,07/09/2019 10:00:00 PM,Saturday,22.00,3 BOR,A,502,9 UNKNOWN,30,00 NO JUN IN 20M,,0,0,9 UNKNOWN (S/R),1 DARK,9 UNKNOWN,9 UNKNOWN (S/R),9 UNKNOWN (S/R),9 UNKNOWN (S/R),528922,183878,-0.142433,51.539091,,,Unknown,"(51.539091, -0.142433)",http://opendatacommunities.org/id/london-borough-council/camden,9348,21/12/2020 02:48:44 PM
1180111206,CAMDEN,1 Driver/Rider,1 Male,25-59,57,1,2 Serious,-2 Unknown,-2 N/A,2 Pedal Cycle,CAMDEN HIGH STREET J/W A4201,2,24/05/2018 10:30:00 PM,Thursday,22.30,3 Bor,Unclassified,0,2 One-Way St,1 <= 20 MPH,99 Unknown (S/R),2 Auto Sig,A,4201,5 Pedn Phase At Ats,2 Dark,1 Fine,1 Road-Dry,0 None,0 None,528910,183870,-0.142609,51.539021,,,Unknown,"(51.539021, -0.142609)",http://opendatacommunities.org/id/london-borough-council/camden,8038,21/12/2020 02:48:42 PM
1180129158,CAMDEN,1 Driver/Rider,2 Female,25-59,58,1,3 Slight,-2 Unknown,-2 N/A,4 Car,MALDEN ROAD 72M N OF J/W RHYL STREET,1,27/08/2018 06:15:00 AM,Monday,6.15,3 Bor,B,517,6 Single Cwy,1 <= 20 MPH,0 No Jun In 20m,-2 Not Applicable,-2 Not Applicable,0,0 No Xing Facility In 50m,1 Daylight,1 Fine,1 Road-Dry,0 None,0 None,528200,184890,-0.15247,51.54835,,,Unknown,"(51.54835, -0.15247)",http://opendatacommunities.org/id/london-borough-council/camden,8276,21/12/2020 02:48:42 PM
0116EK40081,CAMDEN,3 Pedestrian,1 Male,16-24,16,1,3 Slight,05 Crossing Road (Not On Xing),2 From Drivers N/Side Msk,1 Pedestrian,BEDFORD PLACE J/W BLOOMSBURY PLACE.,1,17/02/2016 08:50:00 PM,Wednesday,20.50,3 Bor,C,0,6 Single Cwy,2 30 MPH,3 T/Stag Jun,4 Give Way/Uncontrolled,Unclassified,0,0 No Xing Facility In 50m,2 Dark,2 Raining,2 Road-Wet,0 None,0 None,530290,181730,-0.123513,51.519473,,,Unknown,"(51.519473, -0.123513)",http://opendatacommunities.org/id/london-borough-council/camden,6045,21/12/2020 02:48:38 PM
1190176870,CAMDEN,1 DRIVER/RIDER,2 FEMALE,60+,76,2,3 SLIGHT,'-2 NOT APPLICABLE,'-2 NOT APPLICABLE,4 CAR,"On Lyndhurst Gardens, near the junction with Wedderburn Road.",1,24/04/2019 10:55:00 PM,Wednesday,22.55,3 BOR,6,0,6 SINGLE CWY,20,06 CROSSROADS,4 GIVE WAY/UNCONTROLLED,6,0,0 NO XING FACILITY IN 50M,1 DARK,1 FINE,1 ROAD-DRY,0 NONE,0 NONE,526886,185194,-0.1713,51.551378,,,Unknown,"(51.551378, -0.1713)",http://opendatacommunities.org/id/london-borough-council/camden,8943,21/12/2020 02:48:44 PM
1170027316,CAMDEN,1 Driver/Rider,1 Male,25-59,33,1,3 Slight,-2 Unknown,-2 N/A,2 Pedal Cycle,HAVERSTOCK HILL 21M S OF J/W GLENLOCH ROAD,2,22/03/2017 06:15:00 PM,Wednesday,18.15,3 Bor,A,502,6 Single Cwy,2 30 MPH,0 No Jun In 20m,-2 Not Applicable,-2 Not Applicable,0,0 No Xing Facility In 50m,1 Daylight,1 Fine,1 Road-Dry,0 None,0 None,527340,185090,-0.164794,51.550342,,,Unknown,"(51.550342, -0.164794)",http://opendatacommunities.org/id/london-borough-council/camden,6808,21/12/2020 02:48:39 PM
1170052321,CAMDEN,1 Driver/Rider,1 Male,25-59,25,1,3 Slight,-2 Unknown,-2 N/A,3 Powered 2 Wheeler,KENTISH TOWN ROAD J/W HAWLEY CRESCENT,2,06/08/2017 06:19:00 PM,Sunday,18.19,3 Bor,A,400,6 Single Cwy,2 30 MPH,3 T/Stag Jun,2 Auto Sig,Unclassified,0,5 Pedn Phase At Ats,1 Daylight,1 Fine,1 Road-Dry,0 None,0 None,528930,184080,-0.142244,51.540904,,,Unknown,"(51.540904, -0.142244)",http://opendatacommunities.org/id/london-borough-council/camden,7227,21/12/2020 02:48:40 PM
0115EK40462,CAMDEN,1 Driver/Rider,1 Male,25-59,35,1,2 Serious,-2 Unknown,-2 N/A,2 Pedal Cycle,THEOBALD'S ROAD 25M NE OF J/W GREAT JAMES STREET,2,05/05/2015 08:15:00 PM,Tuesday,20.15,3 Bor,A,401,6 Single Cwy,2 30 MPH,0 No Jun In 20m,-2 Not Applicable,-2 Not Applicable,0,1 Zebra,2 Dark,1 Fine,1 Road-Dry,0 None,0 None,530790,181890,-0.116252,51.520796,,,Unknown,"(51.520796, -0.116252)",http://opendatacommunities.org/id/london-borough-council/camden,4954,21/12/2020 02:48:36 PM
1170068449,CAMDEN,1 Driver/Rider,1 Male,25-59,32,1,3 Slight,-2 Unknown,-2 N/A,4 Car,HIGHGATE ROAD J/W CHETWYND ROAD,3,06/11/2017 02:15:00 PM,Monday,14.15,3 Bor,C,0,6 Single Cwy,2 30 MPH,9 Other Jun,2 Auto Sig,C,0,5 Pedn Phase At Ats,1 Daylight,1 Fine,1 Road-Dry,0 None,0 None,528580,185840,-0.146645,51.556801,,,Unknown,"(51.556801, -0.146645)",http://opendatacommunities.org/id/london-borough-council/camden,7485,21/12/2020 02:48:41 PM
1170074603,CAMDEN,1 Driver/Rider,1 Male,25-59,49,1,3 Slight,-2 Unknown,-2 N/A,5 Taxi,HARRISON STREET 60M W OF J/W GRAYS INN ROAD,3,01/12/2017 09:50:00 AM,Friday,9.50,3 Bor,Unclassified,0,6 Single Cwy,1 <= 20 MPH,8 Priv Drive,4 Give Way/Uncontrolled,Unclassified,0,0 No Xing Facility In 50m,1 Daylight,1 Fine,1 Road-Dry,0 None,0 None,530530,182660,-0.119712,51.527776,,,Unknown,"(51.527776, -0.119712)",http://opendatacommunities.org/id/london-borough-council/camden,7569,21/12/2020 02:48:41 PM
0116EK40408,CAMDEN,2 Passenger,2 Female,25-59,58,1,3 Slight,-2 Unknown,-2 N/A,4 Car,CAMDEN ROAD J/W LYME STREET.,2,14/06/2016 11:45:00 AM,Tuesday,11.45,1 TLRN,A,503,6 Single Cwy,2 30 MPH,3 T/Stag Jun,4 Give Way/Uncontrolled,Unclassified,0,5 Pedn Phase At Ats,1 Daylight,1 Fine,2 Road-Wet,0 None,0 None,529120,184060,-0.139513,51.540681,,,Unknown,"(51.540681, -0.139513)",http://opendatacommunities.org/id/london-borough-council/camden,6326,21/12/2020 02:48:38 PM
1180113117,CAMDEN,1 Driver/Rider,1 Male,25-59,45,1,3 Slight,-2 Unknown,-2 N/A,5 Taxi,HIGHGATE WEST HILL 50M N OF J/W MAKEPEACE AVENUE,4,09/06/2018 12:48:00 AM,Saturday,0.48,3 Bor,C,0,6 Single Cwy,1 <= 20 MPH,0 No Jun In 20m,-2 Not Applicable,-2 Not Applicable,0,0 No Xing Facility In 50m,2 Dark,1 Fine,1 Road-Dry,0 None,0 None,528110,186680,-0.153115,51.564456,,,Unknown,"(51.564456, -0.153115)",http://opendatacommunities.org/id/london-borough-council/camden,8060,21/12/2020 02:48:42 PM
1170019503,CAMDEN,2 Passenger,2 Female,16-24,17,1,3 Slight,-2 Unknown,-2 N/A,4 Car,HIGH HOLBORN J/W DURY LANE,2,19/02/2017 01:16:00 PM,Sunday,13.16,3 Bor,C,0,6 Single Cwy,1 <= 20 MPH,6 Crossroads,2 Auto Sig,B,401,1 Zebra,1 Daylight,1 Fine,1 Road-Dry,0 None,0 None,530260,181390,-0.124071,51.516425,,,Unknown,"(51.516425, -0.124071)",http://opendatacommunities.org/id/london-borough-council/camden,6690,21/12/2020 02:48:39 PM
1170024320,CAMDEN,1 Driver/Rider,1 Male,25-59,25,1,2 Serious,-2 Unknown,-2 N/A,2 Pedal Cycle,HAMPSTEAD ROAD J/W ROBERT ST,2,09/03/2017 03:50:00 PM,Thursday,15.50,1 TLRN,A,400,6 Single Cwy,1 <= 20 MPH,3 T/Stag Jun,4 Give Way/Uncontrolled,Unclassified,0,0 No Xing Facility In 50m,1 Daylight,1 Fine,1 Road-Dry,0 None,0 None,529210,182710,-0.138711,51.528528,,,Unknown,"(51.528528, -0.138711)",http://opendatacommunities.org/id/london-borough-council/camden,6765,21/12/2020 02:48:39 PM
1170011378,CAMDEN,1 Driver/Rider,1 Male,25-59,31,1,3 Slight,-2 Unknown,-2 N/A,4 Car,SHERRIFF ROAD J/W LOWFIELD ROAD,2,12/01/2017 09:20:00 PM,Thursday,21.20,3 Bor,Unclassified,0,2 One-Way St,1 <= 20 MPH,6 Crossroads,4 Give Way/Uncontrolled,Unclassified,0,0 No Xing Facility In 50m,2 Dark,1 Fine,2 Road-Wet,0 None,0 None,525190,184530,-0.195985,51.545789,,,Unknown,"(51.545789, -0.195985)",http://opendatacommunities.org/id/london-borough-council/camden,6579,21/12/2020 02:48:39 PM
1180110598,CAMDEN,2 Passenger,1 Male,25-59,44,1,3 Slight,-2 Unknown,-2 N/A,5 Taxi,FINCHLEY ROAD J/W BURRARD ROAD,2,26/05/2018 03:35:00 PM,Saturday,15.35,1 TLRN,A,41,6 Single Cwy,2 30 MPH,3 T/Stag Jun,4 Give Way/Uncontrolled,Unclassified,0,0 No Xing Facility In 50m,1 Daylight,1 Fine,1 Road-Dry,0 None,0 None,525320,185620,-0.193723,51.555557,,,Unknown,"(51.555557, -0.193723)",http://opendatacommunities.org/id/london-borough-council/camden,8026,21/12/2020 02:48:42 PM
1160003311,CAMDEN,1 Driver/Rider,1 Male,16-24,17,1,3 Slight,-2 Unknown,-2 N/A,2 Pedal Cycle,EUSTON ROAD J/W PANCRAS ROAD,2,16/11/2016 04:40:00 PM,Wednesday,16.40,1 TLRN,A,501,6 Single Cwy,1 <= 20 MPH,9 Other Jun,2 Auto Sig,A,5202,5 Pedn Phase At Ats,2 Dark,2 Raining,1 Road-Dry,0 None,0 None,530210,182900,-0.124234,51.530006,,,Unknown,"(51.530006, -0.124234)",http://opendatacommunities.org/id/london-borough-council/camden,5698,21/12/2020 02:48:37 PM
1170070792,CAMDEN,1 Driver/Rider,1 Male,25-59,26,1,3 Slight,-2 Unknown,-2 N/A,2 Pedal Cycle,GREAT JAMES STREET J/W THEOBALDS ROAD,2,16/11/2017 11:15:00 AM,Thursday,11.15,3 Bor,A,401,6 Single Cwy,2 30 MPH,3 T/Stag Jun,2 Auto Sig,Unclassified,0,5 Pedn Phase At Ats,1 Daylight,1 Fine,1 Road-Dry,0 None,0 None,530760,181890,-0.116684,51.520803,,,Unknown,"(51.520803, -0.116684)",http://opendatacommunities.org/id/london-borough-council/camden,7518,21/12/2020 02:48:41 PM
1190203982,CAMDEN,1 DRIVER/RIDER,1 MALE,16-24,21,2,3 SLIGHT,'-2 NOT APPLICABLE,'-2 NOT APPLICABLE,3 POWERED 2 WHEELER,"On Fitzjohn's Avenue, near the junction with Netherhall Gardens.",2,07/09/2019 10:20:00 PM,Saturday,22.20,3 BOR,B,511,6 SINGLE CWY,20,03 T/STAG JUN,4 GIVE WAY/UNCONTROLLED,6,0,0 NO XING FACILITY IN 50M,1 DARK,1 FINE,1 ROAD-DRY,0 NONE,0 NONE,526563,185294,-0.175921,51.55235,,,Unknown,"(51.55235, -0.175921)",http://opendatacommunities.org/id/london-borough-council/camden,9341,21/12/2020 02:48:44 PM