Reference,London Borough Name,Casualty Class,Casualty Sex,Casualty Age Band,Casualty Age,Number Of Casualties,Casualty Severity,Pedestrian Location,Pedestrian Movement,Mode Of Travel,Attendant Location,Number Of Vehicles,Date,Day,Time,Highway,Road Class 1,Road Number 1,Road Type,Speed Limit,Junction Detail,Junction Control,Road Class 2,Road Number 2,Pedestrian Crossing,Light Condition Band,Weather,Road Surface,Special Conditions,Carriage Way Hazard,Easting,Northing,Longitude,Latitude,Ward Code,Ward Name,Spatial Accuracy,Location,Organisation URI,Socrata ID,Last Uploaded
0115EK40879,CAMDEN,3 Pedestrian,2 Female,Unknown,0,1,3 Slight,06 On Footpath - Verge,9 Unknown Or Other,1 Pedestrian,CAMDEN PARK ROAD J/W YORK WAY.,1,06/10/2015 09:15:00 AM,Tuesday,9.15,3 Bor,A,5200,2 One-Way St,1 <= 20 MPH,3 T/Stag Jun,4 Give Way/Uncontrolled,A,5200,1 Zebra,1 Daylight,2 Raining,2 Road-Wet,6 Oil Or Diesel,0 None,529970,184660,-0.127042,51.545878,,,Unknown,"(51.545878, -0.127042)",http://opendatacommunities.org/id/london-borough-council/camden,5324,21/12/2020 02:48:37 PM
0116EK40083,CAMDEN,3 Pedestrian,2 Female,25-59,28,1,2 Serious,01 Crossing Road On Ped Xing,1 From Drivers N/Side,1 Pedestrian,CAMDEN ROAD 42M SW OF CAMDEN STREET,1,17/02/2016 10:54:00 PM,Wednesday,22.54,1 TLRN,A,503,6 Single Cwy,2 30 MPH,0 No Jun In 20m,-2 Not Applicable,-2 Not Applicable,0,4 Pelican Or Similar,2 Dark,2 Raining,2 Road-Wet,0 None,0 None,529050,184010,-0.14054,51.540248,,,Unknown,"(51.540248, -0.14054)",http://opendatacommunities.org/id/london-borough-council/camden,6047,21/12/2020 02:48:38 PM
0116EK40256,CAMDEN,1 Driver/Rider,1 Male,16-24,22,1,3 Slight,-2 Unknown,-2 N/A,2 Pedal Cycle,EAST HEATH ROAD 85M NW OF HEATHSIDE,2,10/01/2016 01:43:00 PM,Sunday,13.43,3 Bor,C,0,6 Single Cwy,1 <= 20 MPH,0 No Jun In 20m,-2 Not Applicable,-2 Not Applicable,0,0 No Xing Facility In 50m,1 Daylight,1 Fine,1 Road-Dry,0 None,0 None,526860,186090,-0.171352,51.559436,,,Unknown,"(51.559436, -0.171352)",http://opendatacommunities.org/id/london-borough-council/camden,6195,21/12/2020 02:48:38 PM
1190203111,CAMDEN,1 DRIVER/RIDER,1 MALE,25-59,43,1,2 SERIOUS,'-2 NOT APPLICABLE,'-2 NOT APPLICABLE,2 PEDAL CYCLE,"On Theobalds Road, near the junction with John Street.",2,03/09/2019 07:25:00 PM,Tuesday,19.25,3 BOR,A,401,6 SINGLE CWY,20,03 T/STAG JUN,4 GIVE WAY/UNCONTROLLED,6,0,0 NO XING FACILITY IN 50M,1 DARK,1 FINE,1 ROAD-DRY,0 NONE,0 NONE,530898,181936,-0.114679,51.521184,,,Unknown,"(51.521184, -0.114679)",http://opendatacommunities.org/id/london-borough-council/camden,9327,21/12/2020 02:48:44 PM
0115EK41099,CAMDEN,1 Driver/Rider,1 Male,60+,68,1,3 Slight,-2 Unknown,-2 N/A,4 Car,HAVERSTOCK HILL J/W PARKHILL ROAD,4,09/12/2015 04:10:00 PM,Wednesday,16.10,3 Bor,A,502,6 Single Cwy,2 30 MPH,3 T/Stag Jun,4 Give Way/Uncontrolled,C,0,0 No Xing Facility In 50m,2 Dark,1 Fine,2 Road-Wet,0 None,0 None,527720,184750,-0.159439,51.5472,,,Unknown,"(51.5472, -0.159439)",http://opendatacommunities.org/id/london-borough-council/camden,5504,21/12/2020 02:48:37 PM
1180111693,CAMDEN,2 Passenger,2 Female,16-24,18,1,3 Slight,-2 Unknown,-2 N/A,5 Taxi,GRAYS INN ROAD 25M S OF J/W HEATHCOTE STREET,1,01/06/2018 08:51:00 AM,Friday,8.51,3 Bor,A,5200,2 One-Way St,2 30 MPH,0 No Jun In 20m,-2 Not Applicable,-2 Not Applicable,0,9 Unknown (S/R),1 Daylight,1 Fine,1 Road-Dry,9 Unknown (S/R),0 None,530670,182470,-0.117765,51.526036,,,Unknown,"(51.526036, -0.117765)",http://opendatacommunities.org/id/london-borough-council/camden,8042,21/12/2020 02:48:42 PM
0115EK40583,CAMDEN,1 Driver/Rider,2 Female,60+,79,1,3 Slight,-2 Unknown,-2 N/A,4 Car,SPANIARDS ROAD 50M N OF HEATH STREET,2,14/07/2015 01:20:00 PM,Tuesday,13.20,3 Bor,B,519,6 Single Cwy,2 30 MPH,0 No Jun In 20m,-2 Not Applicable,-2 Not Applicable,0,0 No Xing Facility In 50m,1 Daylight,1 Fine,1 Road-Dry,0 None,0 None,526290,186470,-0.179434,51.562979,,,Unknown,"(51.562979, -0.179434)",http://opendatacommunities.org/id/london-borough-council/camden,5070,21/12/2020 02:48:36 PM
1170031140,CAMDEN,1 Driver/Rider,1 Male,25-59,40,1,3 Slight,-2 Unknown,-2 N/A,3 Powered 2 Wheeler,SAINT GILES HIGH STREET J/W NEW COMPTON STREET WC2,2,09/04/2017 02:41:00 PM,Sunday,14.41,3 Bor,A,40,2 One-Way St,2 30 MPH,3 T/Stag Jun,4 Give Way/Uncontrolled,Unclassified,0,0 No Xing Facility In 50m,1 Daylight,1 Fine,1 Road-Dry,0 None,0 None,530030,181290,-0.127421,51.515579,,,Unknown,"(51.515579, -0.127421)",http://opendatacommunities.org/id/london-borough-council/camden,6867,21/12/2020 02:48:39 PM
1190210016,CAMDEN,1 DRIVER/RIDER,1 MALE,25-59,36,1,3 SLIGHT,'-2 NOT APPLICABLE,'-2 NOT APPLICABLE,2 PEDAL CYCLE,"On Bloomsbury Way, near the junction with Bury Place.",2,04/10/2019 09:20:00 AM,Friday,9.20,3 BOR,A,40,6 SINGLE CWY,20,03 T/STAG JUN,2 AUTO SIG,6,0,5 PEDN PHASE AT ATS,2 DAYLIGHT,1 FINE,1 ROAD-DRY,0 NONE,0 NONE,530291,181557,-0.123563,51.517918,,,Unknown,"(51.517918, -0.123563)",http://opendatacommunities.org/id/london-borough-council/camden,9414,21/12/2020 02:48:44 PM
1180098281,CAMDEN,1 Driver/Rider,1 Male,25-59,43,1,3 Slight,-2 Unknown,-2 N/A,3 Powered 2 Wheeler,GREVILLE ROAD J/W GREVILLE PLACE,3,25/03/2018 08:30:00 PM,Sunday,20.30,3 Bor,Unclassified,0,6 Single Cwy,2 30 MPH,6 Crossroads,4 Give Way/Uncontrolled,Unclassified,0,0 No Xing Facility In 50m,2 Dark,1 Fine,1 Road-Dry,0 None,0 None,525840,183440,-0.187006,51.535849,,,Unknown,"(51.535849, -0.187006)",http://opendatacommunities.org/id/london-borough-council/camden,7838,21/12/2020 02:48:41 PM
1180151017,CAMDEN,1 Driver/Rider,1 Male,25-59,29,1,2 Serious,-2 Unknown,-2 N/A,3 Powered 2 Wheeler,FINCHLEY RD J/W FINCHELY ROAD ROUND ABOUT,2,09/12/2018 10:35:00 PM,Sunday,22.35,1 TLRN,A,41,3 Dual Cwy,2 30 MPH,7 Multi Jun,2 Auto Sig,A,41,5 Pedn Phase At Ats,2 Dark,1 Fine,1 Road-Dry,0 None,0 None,526660,184290,-0.174884,51.543305,,,Unknown,"(51.543305, -0.174884)",http://opendatacommunities.org/id/london-borough-council/camden,8596,21/12/2020 02:48:43 PM
0116EK40320,CAMDEN,1 Driver/Rider,1 Male,25-59,47,1,3 Slight,-2 Unknown,-2 N/A,2 Pedal Cycle,"NFL - PARKWAY, 50 METRES SW OF ARLINGTON ROAD.",2,06/04/2016 10:07:00 PM,Wednesday,22.07,3 Bor,A,4201,2 One-Way St,2 30 MPH,0 No Jun In 20m,-2 Not Applicable,-2 Not Applicable,0,1 Zebra,2 Dark,1 Fine,1 Road-Dry,0 None,0 None,528780,183770,-0.144519,51.538152,,,Unknown,"(51.538152, -0.144519)",http://opendatacommunities.org/id/london-borough-council/camden,6251,21/12/2020 02:48:38 PM
1180138888,CAMDEN,1 Driver/Rider,1 Male,16-24,23,1,3 Slight,-2 Unknown,-2 N/A,3 Powered 2 Wheeler,KINGSWAY J/W GREAT QUEENS STREET,2,13/10/2018 10:44:00 PM,Saturday,22.44,3 Bor,A,4200,3 Dual Cwy,1 <= 20 MPH,6 Crossroads,2 Auto Sig,B,402,0 No Xing Facility In 50m,2 Dark,1 Fine,1 Road-Dry,0 None,0 None,530560,181380,-0.119754,51.516265,,,Unknown,"(51.516265, -0.119754)",http://opendatacommunities.org/id/london-borough-council/camden,8426,21/12/2020 02:48:43 PM
1180133828,CAMDEN,3 Pedestrian,1 Male,25-59,39,1,3 Slight,10 Unknown,9 Unknown Or Other,1 Pedestrian,GRAYS INN ROAD 25M S OF J/W HIGH HOLBORN THE NEAREST CLASSIFIED RO,1,20/09/2018 02:24:00 PM,Thursday,14.24,3 Bor,A,5200,6 Single Cwy,1 <= 20 MPH,0 No Jun In 20m,-2 Not Applicable,-2 Not Applicable,0,5 Pedn Phase At Ats,1 Daylight,1 Fine,1 Road-Dry,0 None,0 None,531110,181690,-0.111716,51.518924,,,Unknown,"(51.518924, -0.111716)",http://opendatacommunities.org/id/london-borough-council/camden,8339,21/12/2020 02:48:42 PM
1190203982,CAMDEN,1 DRIVER/RIDER,1 MALE,60+,64,2,3 SLIGHT,'-2 NOT APPLICABLE,'-2 NOT APPLICABLE,4 CAR,"On Fitzjohn's Avenue, near the junction with Netherhall Gardens.",2,07/09/2019 10:20:00 PM,Saturday,22.20,3 BOR,B,511,6 SINGLE CWY,20,03 T/STAG JUN,4 GIVE WAY/UNCONTROLLED,6,0,0 NO XING FACILITY IN 50M,1 DARK,1 FINE,1 ROAD-DRY,0 NONE,0 NONE,526563,185294,-0.175921,51.55235,,,Unknown,"(51.55235, -0.175921)",http://opendatacommunities.org/id/london-borough-council/camden,9340,21/12/2020 02:48:44 PM
1170067067,CAMDEN,1 Driver/Rider,1 Male,25-59,40,1,3 Slight,-2 Unknown,-2 N/A,4 Car,EUSTON ROAD J/W EVERSHOLT STREET,2,30/10/2017 02:15:00 AM,Monday,2.15,1 TLRN,A,501,3 Dual Cwy,2 30 MPH,9 Other Jun,2 Auto Sig,A,4200,5 Pedn Phase At Ats,2 Dark,1 Fine,1 Road-Dry,0 None,0 None,529740,182580,-0.131123,51.527238,,,Unknown,"(51.527238, -0.131123)",http://opendatacommunities.org/id/london-borough-council/camden,7463,21/12/2020 02:48:40 PM
1190189968,CAMDEN,1 DRIVER/RIDER,1 MALE,16-24,20,1,3 SLIGHT,'-2 NOT APPLICABLE,'-2 NOT APPLICABLE,2 PEDAL CYCLE,"On Grays Inn Road, near the junction with Roger Street.",1,28/06/2019 11:20:00 AM,Thursday,11.20,3 BOR,A,5200,3 DUAL CWY,20,03 T/STAG JUN,4 GIVE WAY/UNCONTROLLED,6,0,1 ZEBRA,2 DAYLIGHT,1 FINE,1 ROAD-DRY,0 NONE,0 NONE,530872,182167,-0.114968,51.523266,,,Unknown,"(51.523266, -0.114968)",http://opendatacommunities.org/id/london-borough-council/camden,9137,21/12/2020 02:48:44 PM
1180150668,CAMDEN,1 Driver/Rider,1 Male,25-59,45,1,3 Slight,-2 Unknown,-2 N/A,4 Car,ROSSLYN HILL 25M E OF J/W POND STREET,2,07/12/2018 09:05:00 AM,Friday,9.05,3 Bor,A,502,6 Single Cwy,3 40 MPH,0 No Jun In 20m,-2 Not Applicable,-2 Not Applicable,0,5 Pedn Phase At Ats,1 Daylight,8 Other,2 Road-Wet,0 None,0 None,527030,185390,-0.169154,51.553107,,,Unknown,"(51.553107, -0.169154)",http://opendatacommunities.org/id/london-borough-council/camden,8592,21/12/2020 02:48:43 PM
1190225608,CAMDEN,1 DRIVER/RIDER,1 MALE,25-59,37,1,3 SLIGHT,'-2 NOT APPLICABLE,'-2 NOT APPLICABLE,3 POWERED 2 WHEELER,"On Lancaster Grove, near the junction with Crossfield Road.",2,17/12/2019 02:34:00 PM,Tuesday,14.34,3 BOR,6,0,3 DUAL CWY,20,08 PRIV DRIVE,4 GIVE WAY/UNCONTROLLED,6,0,0 NO XING FACILITY IN 50M,2 DAYLIGHT,2 RAINING,2 ROAD-WET,0 NONE,0 NONE,526890,184647,-0.17144,51.546462,,,Unknown,"(51.546462, -0.17144)",http://opendatacommunities.org/id/london-borough-council/camden,9627,21/12/2020 02:48:45 PM
1160004622,CAMDEN,1 Driver/Rider,1 Male,25-59,25,1,3 Slight,-2 Unknown,-2 N/A,3 Powered 2 Wheeler,HIGH HOLBORN J/W GRAPE STREET,2,15/11/2016 07:40:00 PM,Tuesday,19.40,3 Bor,A,401,2 One-Way St,1 <= 20 MPH,3 T/Stag Jun,4 Give Way/Uncontrolled,Unclassified,0,1 Zebra,2 Dark,2 Raining,2 Road-Wet,0 None,0 None,530170,181340,-0.125386,51.515996,,,Unknown,"(51.515996, -0.125386)",http://opendatacommunities.org/id/london-borough-council/camden,5721,21/12/2020 02:48:37 PM
1190161540,CAMDEN,3 PEDESTRIAN,2 FEMALE,60+,66,1,3 SLIGHT,05 CROSSING ROAD (NOT ON XING),3 FROM DRIVERS O/SIDE,1 PEDESTRIAN,"NFL Eversholt St, near the junction with Lancing Street .",1,04/02/2019 02:30:00 PM,Monday,14.30,3 BOR,A,4200,6 SINGLE CWY,20,03 T/STAG JUN,4 GIVE WAY/UNCONTROLLED,6,0,0 NO XING FACILITY IN 50M,2 DAYLIGHT,1 FINE,2 ROAD-WET,0 NONE,0 NONE,529688,182669,-0.13184,51.52805,,,Unknown,"(51.52805, -0.13184)",http://opendatacommunities.org/id/london-borough-council/camden,8758,21/12/2020 02:48:43 PM
0115EK40431,CAMDEN,3 Pedestrian,1 Male,25-59,35,1,3 Slight,04 Crossing Road Within 50m Xing,2 From Drivers N/Side Msk,1 Pedestrian,FINCHLEY ROAD J/W REDINGTON GARDENS,1,01/06/2015 10:00:00 AM,Monday,10.00,1 TLRN,A,41,6 Single Cwy,2 30 MPH,6 Crossroads,2 Auto Sig,Unclassified,0,5 Pedn Phase At Ats,1 Daylight,1 Fine,1 Road-Dry,0 None,0 None,525530,185430,-0.190764,51.553802,,,Unknown,"(51.553802, -0.190764)",http://opendatacommunities.org/id/london-borough-council/camden,4923,21/12/2020 02:48:36 PM
0116EK40343,CAMDEN,1 Driver/Rider,1 Male,25-59,41,1,3 Slight,-2 Unknown,-2 N/A,4 Car,NFL - EUSTON RD 55M NORTH EAST OF J/W PANCRAS RD,2,04/05/2016 07:05:00 PM,Wednesday,19.05,1 TLRN,A,501,3 Dual Cwy,2 30 MPH,0 No Jun In 20m,-2 Not Applicable,-2 Not Applicable,0,7 Footbridge Or Subway,1 Daylight,1 Fine,1 Road-Dry,0 None,0 None,530270,182940,-0.123354,51.530352,,,Unknown,"(51.530352, -0.123354)",http://opendatacommunities.org/id/london-borough-council/camden,6274,21/12/2020 02:48:38 PM
1160024375,CAMDEN,2 Passenger,1 Male,25-59,57,1,2 Serious,-2 Unknown,-2 N/A,6 Bus Or Coach,KINGSWAY J/W PRKER STREET,1,20/10/2016 09:00:00 PM,Thursday,21.00,3 Bor,A,4200,3 Dual Cwy,2 30 MPH,3 T/Stag Jun,2 Auto Sig,Unclassified,0,4 Pelican Or Similar,2 Dark,1 Fine,1 Road-Dry,0 None,0 None,530550,181430,-0.119879,51.516717,,,Unknown,"(51.516717, -0.119879)",http://opendatacommunities.org/id/london-borough-council/camden,5892,21/12/2020 02:48:38 PM
1170076631,CAMDEN,1 Driver/Rider,1 Male,16-24,20,1,2 Serious,-2 Unknown,-2 N/A,2 Pedal Cycle,TAPPER WALK J/W YORK WAY,1,09/12/2017 06:30:00 PM,Saturday,18.30,3 Bor,Unclassified,0,6 Single Cwy,1 <= 20 MPH,3 T/Stag Jun,4 Give Way/Uncontrolled,A,5200,1 Zebra,2 Dark,4 Fine/High Winds,1 Road-Dry,0 None,2 Other Object In Cwy,530182,183921,-0.12426,51.539188,,,Unknown,"(51.539188, -0.12426)",http://opendatacommunities.org/id/london-borough-council/camden,7601,21/12/2020 02:48:41 PM
0115EK40678,CAMDEN,2 Passenger,2 Female,25-59,37,1,3 Slight,-2 Unknown,-2 N/A,6 Bus Or Coach,EUSTON ROAD J/W MABLEDON PLACE,1,06/08/2015 09:15:00 AM,Thursday,9.15,1 TLRN,A,501,6 Single Cwy,2 30 MPH,3 T/Stag Jun,2 Auto Sig,C,0,5 Pedn Phase At Ats,1 Daylight,1 Fine,1 Road-Dry,0 None,0 None,529950,182710,-0.12805,51.528359,,,Unknown,"(51.528359, -0.12805)",http://opendatacommunities.org/id/london-borough-council/camden,5152,21/12/2020 02:48:36 PM
0115EK40086,CAMDEN,1 Driver/Rider,1 Male,25-59,36,1,3 Slight,-2 Unknown,-2 N/A,2 Pedal Cycle,OUTER CIRCLE J/W CHESTER ROAD,2,14/01/2015 10:37:00 PM,Wednesday,22.37,3 Bor,Unclassified,0,6 Single Cwy,2 30 MPH,3 T/Stag Jun,4 Give Way/Uncontrolled,Unclassified,0,0 No Xing Facility In 50m,2 Dark,5 Raining/High Winds,2 Road-Wet,0 None,0 None,528690,182740,-0.146192,51.528916,,,Unknown,"(51.528916, -0.146192)",http://opendatacommunities.org/id/london-borough-council/camden,4650,21/12/2020 02:48:35 PM
0115EK40033,CAMDEN,3 Pedestrian,2 Female,0-15,12,1,3 Slight,01 Crossing Road On Ped Xing,3 From Drivers O/Side,1 Pedestrian,CAMDEN ROAD J/W CAMDEN STREET,1,20/01/2015 09:10:00 AM,Tuesday,9.10,1 TLRN,A,503,6 Single Cwy,2 30 MPH,6 Crossroads,2 Auto Sig,A,400,5 Pedn Phase At Ats,1 Daylight,9 Unknown,1 Road-Dry,0 None,0 None,529090,184030,-0.139957,51.540418,,,Unknown,"(51.540418, -0.139957)",http://opendatacommunities.org/id/london-borough-council/camden,4605,21/12/2020 02:48:35 PM
1190170037,CAMDEN,3 PEDESTRIAN,1 MALE,60+,63,1,2 SERIOUS,10 UNKNOWN OR OTHER,9 UNKNOWN OR OTHER,1 PEDESTRIAN,"On CAMDEN ROAD, near the junction with CAMDEN PARK ROAD.",1,19/03/2019 02:40:00 PM,Tuesday,14.40,1 TLRN,A,503,3 DUAL CWY,20,06 CROSSROADS,2 AUTO SIG,A,5200,5 PEDN PHASE AT ATS,2 DAYLIGHT,1 FINE,1 ROAD-DRY,0 NONE,0 NONE,529735,184879,-0.130348,51.5479,,,Unknown,"(51.5479, -0.130348)",http://opendatacommunities.org/id/london-borough-council/camden,8854,21/12/2020 02:48:43 PM
1170024236,CAMDEN,3 Pedestrian,2 Female,16-24,19,1,3 Slight,08 In Centre Of Carriageway,3 From Drivers O/Side,1 Pedestrian,QUEX ROAD NW6 J/W WEST END LANE NW6,1,10/03/2017 09:35:00 AM,Friday,9.35,3 Bor,B,510,6 Single Cwy,1 <= 20 MPH,3 T/Stag Jun,4 Give Way/Uncontrolled,B,510,0 No Xing Facility In 50m,1 Daylight,1 Fine,1 Road-Dry,0 None,0 None,525460,184010,-0.192279,51.541056,,,Unknown,"(51.541056, -0.192279)",http://opendatacommunities.org/id/london-borough-council/camden,6759,21/12/2020 02:48:39 PM
0115EK40048,CAMDEN,1 Driver/Rider,1 Male,25-59,30,1,3 Slight,-2 Unknown,-2 N/A,4 Car,PLENDER STREET J/W BAYHAM STREET,2,23/01/2015 08:45:00 PM,Friday,20.45,3 Bor,C,0,6 Single Cwy,2 30 MPH,6 Crossroads,2 Auto Sig,Unclassified,0,5 Pedn Phase At Ats,2 Dark,1 Fine,2 Road-Wet,0 None,0 None,529190,183560,-0.138688,51.536172,,,Unknown,"(51.536172, -0.138688)",http://opendatacommunities.org/id/london-borough-council/camden,4615,21/12/2020 02:48:35 PM
1180117642,CAMDEN,1 Driver/Rider,1 Male,16-24,22,1,3 Slight,-2 Unknown,-2 N/A,3 Powered 2 Wheeler,THE MOUNT NW3 J/W HEATH STREET NW3,2,29/06/2018 08:00:00 PM,Friday,20.00,3 Bor,Unclassified,0,6 Single Cwy,1 <= 20 MPH,3 T/Stag Jun,4 Give Way/Uncontrolled,A,502,1 Zebra,1 Daylight,1 Fine,1 Road-Dry,0 None,0 None,526350,185910,-0.17877,51.557933,,,Unknown,"(51.557933, -0.17877)",http://opendatacommunities.org/id/london-borough-council/camden,8130,21/12/2020 02:48:42 PM
0115EK41195,CAMDEN,1 Driver/Rider,1 Male,25-59,39,1,3 Slight,-2 Unknown,-2 N/A,3 Powered 2 Wheeler,CHURCHWAY J/W EUSTON ROAD,2,22/12/2015 11:40:00 AM,Tuesday,11.40,1 TLRN,A,501,6 Single Cwy,2 30 MPH,6 Crossroads,2 Auto Sig,Unclassified,0,5 Pedn Phase At Ats,1 Daylight,1 Fine,1 Road-Dry,0 None,0 None,529830,182630,-0.129808,51.527667,,,Unknown,"(51.527667, -0.129808)",http://opendatacommunities.org/id/london-borough-council/camden,5578,21/12/2020 02:48:37 PM
0116EK40033,CAMDEN,1 Driver/Rider,1 Male,25-59,30,1,3 Slight,-2 Unknown,-2 N/A,2 Pedal Cycle,BLOOMSBURY WAY J/W BLOOMSBURY SQUARE,2,28/01/2016 10:35:00 PM,Thursday,22.35,3 Bor,A,40,6 Single Cwy,2 30 MPH,3 T/Stag Jun,4 Give Way/Uncontrolled,Unclassified,0,4 Pelican Or Similar,2 Dark,4 Fine/High Winds,1 Road-Dry,0 None,0 None,530340,181590,-0.122845,51.518203,,,Unknown,"(51.518203, -0.122845)",http://opendatacommunities.org/id/london-borough-council/camden,6009,21/12/2020 02:48:38 PM
1180119219,CAMDEN,3 Pedestrian,2 Female,25-59,44,1,3 Slight,05 Crossing Road (Not On Xing),1 From Drivers N/Side,1 Pedestrian,CHALTON STREET J/W PHOENIX ROAD,1,06/07/2018 09:55:00 AM,Friday,9.55,3 Bor,Unclassified,0,6 Single Cwy,1 <= 20 MPH,9 Other Jun,4 Give Way/Uncontrolled,Unclassified,0,0 No Xing Facility In 50m,1 Daylight,1 Fine,1 Road-Dry,0 None,0 None,529800,182840,-0.130163,51.529561,,,Unknown,"(51.529561, -0.130163)",http://opendatacommunities.org/id/london-borough-council/camden,8151,21/12/2020 02:48:42 PM
1170037624,CAMDEN,1 Driver/Rider,1 Male,60+,62,1,3 Slight,-2 Unknown,-2 N/A,4 Car,ETON ROAD 21M N OF J/W ADELAIDE ROAD,2,12/05/2017 06:30:00 PM,Friday,18.30,3 Bor,Unclassified,0,9 Unknown,1 <= 20 MPH,0 No Jun In 20m,-2 Not Applicable,-2 Not Applicable,0,9 Unknown (S/R),1 Daylight,9 Unknown,2 Road-Wet,0 None,0 None,527790,184490,-0.158525,51.544848,,,Unknown,"(51.544848, -0.158525)",http://opendatacommunities.org/id/london-borough-council/camden,6967,21/12/2020 02:48:39 PM
0115EK40417,CAMDEN,1 Driver/Rider,1 Male,25-59,35,1,3 Slight,-2 Unknown,-2 N/A,3 Powered 2 Wheeler,FINCHLEY ROAD J/W IGHAM ROAD,2,21/05/2015 05:30:00 PM,Thursday,17.30,1 TLRN,A,41,6 Single Cwy,2 30 MPH,3 T/Stag Jun,4 Give Way/Uncontrolled,Unclassified,0,4 Pelican Or Similar,1 Daylight,1 Fine,1 Road-Dry,0 None,0 None,525330,185620,-0.193579,51.555554,,,Unknown,"(51.555554, -0.193579)",http://opendatacommunities.org/id/london-borough-council/camden,4911,21/12/2020 02:48:36 PM
0115QK59022,CAMDEN,1 Driver/Rider,1 Male,25-59,28,1,3 Slight,-2 Unknown,-2 N/A,2 Pedal Cycle,KILBURN HIGH ROAD BRONDESBURY ROAD,2,06/12/2015 09:16:00 PM,Sunday,21.16,3 Bor,A,5,6 Single Cwy,2 30 MPH,3 T/Stag Jun,2 Auto Sig,B,451,5 Pedn Phase At Ats,2 Dark,1 Fine,1 Road-Dry,0 None,0 None,525340,183710,-0.194115,51.538387,,,Unknown,"(51.538387, -0.194115)",http://opendatacommunities.org/id/london-borough-council/camden,5628,21/12/2020 02:48:37 PM
1170038203,CAMDEN,1 Driver/Rider,1 Male,25-59,41,1,3 Slight,-2 Unknown,-2 N/A,3 Powered 2 Wheeler,EUSTON ROAD J/W HAMPSTEAD ROAD,2,18/05/2017 08:10:00 AM,Thursday,8.10,1 TLRN,A,501,3 Dual Cwy,2 30 MPH,6 Crossroads,2 Auto Sig,A,400,5 Pedn Phase At Ats,1 Daylight,1 Fine,1 Road-Dry,0 None,0 None,529250,182330,-0.138274,51.525104,,,Unknown,"(51.525104, -0.138274)",http://opendatacommunities.org/id/london-borough-council/camden,6980,21/12/2020 02:48:39 PM
0115EO40681,CAMDEN,1 Driver/Rider,1 Male,16-24,24,1,3 Slight,-2 Unknown,-2 N/A,4 Car,NFL FARRINGDON ROAD J/W GREVILLE STREET,3,20/09/2015 04:48:00 AM,Sunday,4.48,1 TLRN,A,201,6 Single Cwy,2 30 MPH,6 Crossroads,2 Auto Sig,Unclassified,0,5 Pedn Phase At Ats,2 Dark,1 Fine,1 Road-Dry,0 None,0 None,531520,181790,-0.105773,51.519728,,,Unknown,"(51.519728, -0.105773)",http://opendatacommunities.org/id/london-borough-council/camden,5598,21/12/2020 02:48:37 PM
1170055491,CAMDEN,2 Passenger,1 Male,25-59,25,1,3 Slight,-2 Unknown,-2 N/A,5 Taxi,YORK WAY J/W GOODS WAY,2,22/08/2017 09:33:00 PM,Tuesday,21.33,3 Bor,A,5200,6 Single Cwy,1 <= 20 MPH,9 Other Jun,2 Auto Sig,C,0,1 Zebra,2 Dark,2 Raining,2 Road-Wet,0 None,0 None,530320,183420,-0.122456,51.534654,,,Unknown,"(51.534654, -0.122456)",http://opendatacommunities.org/id/london-borough-council/camden,7268,21/12/2020 02:48:40 PM
1180085892,CAMDEN,1 Driver/Rider,1 Male,25-59,51,1,3 Slight,-2 Unknown,-2 N/A,3 Powered 2 Wheeler,DELANCY STREET 30M E OF J/W CAMDEN HIGH STREET,2,25/01/2018 03:50:00 PM,Thursday,15.50,3 Bor,A,503,6 Single Cwy,1 <= 20 MPH,0 No Jun In 20m,-2 Not Applicable,-2 Not Applicable,0,0 No Xing Facility In 50m,1 Daylight,1 Fine,1 Road-Dry,0 None,0 None,528980,183630,-0.141688,51.536849,,,Unknown,"(51.536849, -0.141688)",http://opendatacommunities.org/id/london-borough-council/camden,7694,21/12/2020 02:48:41 PM
1180127131,CAMDEN,1 Driver/Rider,1 Male,60+,67,1,1 Fatal,-2 Unknown,-2 N/A,2 Pedal Cycle,HIGH HOLBORN J/W NEWTON STREET,2,15/08/2018 09:30:00 AM,Wednesday,9.30,3 Bor,A,40,6 Single Cwy,1 <= 20 MPH,7 Multi Jun,2 Auto Sig,Unclassified,0,5 Pedn Phase At Ats,1 Daylight,1 Fine,1 Road-Dry,0 None,0 None,530410,181500,-0.12187,51.517379,,,Unknown,"(51.517379, -0.12187)",http://opendatacommunities.org/id/london-borough-council/camden,8250,21/12/2020 02:48:42 PM
0116EK40285,CAMDEN,3 Pedestrian,2 Female,60+,67,1,3 Slight,04 Crossing Road Within 50m Xing,3 From Drivers O/Side,1 Pedestrian,BAYHAM STREET J/W GREENLAND ROAD,1,25/04/2016 11:19:00 AM,Monday,11.19,3 Bor,A,503,2 One-Way St,1 <= 20 MPH,6 Crossroads,4 Give Way/Uncontrolled,Unclassified,0,1 Zebra,1 Daylight,1 Fine,1 Road-Dry,0 None,0 None,528990,183870,-0.141456,51.539003,,,Unknown,"(51.539003, -0.141456)",http://opendatacommunities.org/id/london-borough-council/camden,6221,21/12/2020 02:48:38 PM
1170015276,CAMDEN,1 Driver/Rider,2 Female,25-59,44,1,3 Slight,-2 Unknown,-2 N/A,3 Powered 2 Wheeler,OAKLEY SQUARE J/W CROWNDALE ROAD,2,29/01/2017 06:00:00 PM,Sunday,18.00,1 TLRN,A,400,6 Single Cwy,2 30 MPH,3 T/Stag Jun,9 Unknown (S/R),Unclassified,0,9 Unknown (S/R),2 Dark,2 Raining,2 Road-Wet,9 Unknown (S/R),9 Unknown (S/R),529380,183430,-0.135998,51.53496,,,Unknown,"(51.53496, -0.135998)",http://opendatacommunities.org/id/london-borough-council/camden,6631,21/12/2020 02:48:39 PM