Reference,London Borough Name,Casualty Class,Casualty Sex,Casualty Age Band,Casualty Age,Number Of Casualties,Casualty Severity,Pedestrian Location,Pedestrian Movement,Mode Of Travel,Attendant Location,Number Of Vehicles,Date,Day,Time,Highway,Road Class 1,Road Number 1,Road Type,Speed Limit,Junction Detail,Junction Control,Road Class 2,Road Number 2,Pedestrian Crossing,Light Condition Band,Weather,Road Surface,Special Conditions,Carriage Way Hazard,Easting,Northing,Longitude,Latitude,Ward Code,Ward Name,Spatial Accuracy,Location,Organisation URI,Socrata ID,Last Uploaded
0116CW10229,CAMDEN,3 Pedestrian,1 Male,25-59,33,1,3 Slight,09 In Road - Not Crossing,9 Unknown Or Other,1 Pedestrian,CHARING CROSS ROAD J/W ANDREW BORDE STREET,2,19/02/2016 12:23:00 PM,Friday,12.23,3 Bor,A,400,6 Single Cwy,2 30 MPH,6 Crossroads,2 Auto Sig,A,40,5 Pedn Phase At Ats,1 Daylight,1 Fine,1 Road-Dry,0 None,0 None,529830,181310,-0.130294,51.515804,,,Unknown,"(51.515804, -0.130294)",http://opendatacommunities.org/id/london-borough-council/camden,5963,21/12/2020 02:48:38 PM
0115EK40677,CAMDEN,1 Driver/Rider,1 Male,25-59,36,1,3 Slight,-2 Unknown,-2 N/A,2 Pedal Cycle,EUSTON ROAD 24M SW OF CRESTFIELD STREET,2,06/08/2015 07:54:00 PM,Thursday,19.54,1 TLRN,A,501,3 Dual Cwy,2 30 MPH,0 No Jun In 20m,-2 Not Applicable,-2 Not Applicable,0,0 No Xing Facility In 50m,1 Daylight,1 Fine,1 Road-Dry,0 None,0 None,530260,182920,-0.123506,51.530174,,,Unknown,"(51.530174, -0.123506)",http://opendatacommunities.org/id/london-borough-council/camden,5150,21/12/2020 02:48:36 PM
0116EK40080,CAMDEN,2 Passenger,2 Female,60+,75,1,3 Slight,-2 Unknown,-2 N/A,6 Bus Or Coach,EUSTON ROAD J/W EUSTON SQUARE.,1,16/02/2016 03:40:00 PM,Tuesday,15.40,1 TLRN,A,501,3 Dual Cwy,2 30 MPH,6 Crossroads,2 Auto Sig,C,0,5 Pedn Phase At Ats,1 Daylight,1 Fine,1 Road-Dry,0 None,0 None,529550,182470,-0.133901,51.526293,,,Unknown,"(51.526293, -0.133901)",http://opendatacommunities.org/id/london-borough-council/camden,6044,21/12/2020 02:48:38 PM
1190181041,CAMDEN,3 PEDESTRIAN,1 MALE,0-15,11,1,3 SLIGHT,05 CROSSING ROAD (NOT ON XING),1 FROM DRIVERS N/SIDE,1 PEDESTRIAN,"On Eversholt Street, near the junction with Oakley Square.",1,15/05/2019 03:45:00 PM,Wednesday,15.45,1 TLRN,A,400,6 SINGLE CWY,20,06 CROSSROADS,2 AUTO SIG,A,4200,4 PELICAN OR SIMILAR,2 DAYLIGHT,1 FINE,1 ROAD-DRY,0 NONE,0 NONE,529335,183211,-0.136726,51.533002,,,Unknown,"(51.533002, -0.136726)",http://opendatacommunities.org/id/london-borough-council/camden,9007,21/12/2020 02:48:44 PM
1180117832,CAMDEN,2 Passenger,2 Female,16-24,22,1,3 Slight,-2 Unknown,-2 N/A,4 Car,CAMDEN HIGH STREET J/W PLENDER ROAD,3,30/06/2018 05:15:00 PM,Saturday,17.15,1 TLRN,A,502,2 One-Way St,1 <= 20 MPH,3 T/Stag Jun,4 Give Way/Uncontrolled,Unclassified,0,4 Pelican Or Similar,1 Daylight,1 Fine,1 Road-Dry,0 None,0 None,529110,183520,-0.139855,51.53583,,,Unknown,"(51.53583, -0.139855)",http://opendatacommunities.org/id/london-borough-council/camden,8132,21/12/2020 02:48:42 PM
0115EK41204,CAMDEN,1 Driver/Rider,1 Male,25-59,32,1,3 Slight,-2 Unknown,-2 N/A,3 Powered 2 Wheeler,GRAYS INN ROAD J/W KINGS CROSS BRIDGE,2,17/12/2015 07:20:00 AM,Thursday,7.20,1 TLRN,A,5203,6 Single Cwy,2 30 MPH,3 T/Stag Jun,2 Auto Sig,A,501,5 Pedn Phase At Ats,2 Dark,1 Fine,1 Road-Dry,0 None,0 None,530430,182940,-0.121049,51.530315,,,Unknown,"(51.530315, -0.121049)",http://opendatacommunities.org/id/london-borough-council/camden,5581,21/12/2020 02:48:37 PM
0115EK40597,CAMDEN,1 Driver/Rider,1 Male,25-59,28,1,3 Slight,-2 Unknown,-2 N/A,2 Pedal Cycle,WEST END LANE J/W MESSINA AVENUE,2,09/07/2015 09:23:00 AM,Thursday,9.23,3 Bor,B,510,6 Single Cwy,2 30 MPH,3 T/Stag Jun,4 Give Way/Uncontrolled,Unclassified,0,0 No Xing Facility In 50m,1 Daylight,1 Fine,1 Road-Dry,0 None,0 None,525400,184210,-0.193072,51.542867,,,Unknown,"(51.542867, -0.193072)",http://opendatacommunities.org/id/london-borough-council/camden,5082,21/12/2020 02:48:36 PM
0116EK40583,CAMDEN,1 Driver/Rider,1 Male,25-59,30,1,3 Slight,-2 Unknown,-2 N/A,2 Pedal Cycle,CHENIES STREET J/W RIDGMOUNT GARDENS.,2,09/08/2016 06:55:00 PM,Tuesday,18.55,3 Bor,B,506,2 One-Way St,1 <= 20 MPH,6 Crossroads,4 Give Way/Uncontrolled,Unclassified,0,5 Pedn Phase At Ats,1 Daylight,1 Fine,1 Road-Dry,0 None,0 None,529680,181890,-0.132241,51.521051,,,Unknown,"(51.521051, -0.132241)",http://opendatacommunities.org/id/london-borough-council/camden,6467,21/12/2020 02:48:39 PM
1190226214,CAMDEN,3 PEDESTRIAN,2 FEMALE,25-59,29,1,3 SLIGHT,05 CROSSING ROAD (NOT ON XING),'-2 NOT APPLICABLE,1 PEDESTRIAN,"On Hampstead Road, near the junction with Netley Street.",1,20/12/2019 09:30:00 AM,Friday,9.30,1 TLRN,A,400,6 SINGLE CWY,20,03 T/STAG JUN,2 AUTO SIG,6,0,4 PELICAN OR SIMILAR,2 DAYLIGHT,2 RAINING,2 ROAD-WET,0 NONE,0 NONE,529226,182620,-0.138514,51.527716,,,Unknown,"(51.527716, -0.138514)",http://opendatacommunities.org/id/london-borough-council/camden,9640,21/12/2020 02:48:45 PM
1180122968,CAMDEN,1 Driver/Rider,1 Male,25-59,32,1,3 Slight,-2 Unknown,-2 N/A,3 Powered 2 Wheeler,HAWLEY CRESCENT 87M W OF J/W KENTISH TOWN ROAD THE NEAREST CLASSIF,2,22/07/2018 03:45:00 PM,Sunday,15.45,3 Bor,Unclassified,0,2 One-Way St,1 <= 20 MPH,0 No Jun In 20m,-2 Not Applicable,-2 Not Applicable,0,9 Unknown (S/R),1 Daylight,1 Fine,1 Road-Dry,0 None,0 None,528880,184090,-0.142961,51.541005,,,Unknown,"(51.541005, -0.142961)",http://opendatacommunities.org/id/london-borough-council/camden,8199,21/12/2020 02:48:42 PM
0116EK40670,CAMDEN,1 Driver/Rider,1 Male,25-59,33,1,3 Slight,-2 Unknown,-2 N/A,2 Pedal Cycle,HAMPSTEAD ROAD J/W DRUMMOND STREET.,2,27/08/2016 12:30:00 AM,Saturday,0.30,1 TLRN,A,400,6 Single Cwy,2 30 MPH,6 Crossroads,2 Auto Sig,A,400,5 Pedn Phase At Ats,2 Dark,1 Fine,1 Road-Dry,0 None,0 None,529210,182470,-0.138799,51.526371,,,Unknown,"(51.526371, -0.138799)",http://opendatacommunities.org/id/london-borough-council/camden,6513,21/12/2020 02:48:39 PM
1180152631,CAMDEN,3 Pedestrian,1 Male,25-59,47,1,3 Slight,05 Crossing Road (Not On Xing),9 Unknown Or Other,1 Pedestrian,PARKWAY 25M W OF J/W ALBERT STREET,1,15/10/2018 03:00:00 PM,Monday,15.00,3 Bor,A,4201,2 One-Way St,1 <= 20 MPH,0 No Jun In 20m,-2 Not Applicable,-2 Not Applicable,0,0 No Xing Facility In 50m,1 Daylight,1 Fine,1 Road-Dry,0 None,0 None,528740,183710,-0.145118,51.537622,,,Unknown,"(51.537622, -0.145118)",http://opendatacommunities.org/id/london-borough-council/camden,8619,21/12/2020 02:48:43 PM
0115EK40377,CAMDEN,1 Driver/Rider,1 Male,Unknown,0,1,3 Slight,-2 Unknown,-2 N/A,3 Powered 2 Wheeler,POND STREET 50M NE OF J/W ROSSLYN HILL,2,07/05/2015 06:20:00 PM,Thursday,18.20,3 Bor,B,518,6 Single Cwy,2 30 MPH,0 No Jun In 20m,-2 Not Applicable,-2 Not Applicable,0,0 No Xing Facility In 50m,1 Daylight,1 Fine,1 Road-Dry,0 None,0 None,527070,185420,-0.168567,51.553368,,,Unknown,"(51.553368, -0.168567)",http://opendatacommunities.org/id/london-borough-council/camden,4879,21/12/2020 02:48:36 PM
1180105883,CAMDEN,1 Driver/Rider,1 Male,16-24,20,1,3 Slight,-2 Unknown,-2 N/A,3 Powered 2 Wheeler,CAMDEN HIGH STREET 50M S OF J/W PARKWAY,1,04/05/2018 02:55:00 PM,Friday,14.55,1 TLRN,A,502,6 Single Cwy,1 <= 20 MPH,0 No Jun In 20m,-2 Not Applicable,-2 Not Applicable,0,5 Pedn Phase At Ats,1 Daylight,1 Fine,1 Road-Dry,0 None,0 None,528930,183810,-0.142343,51.538478,,,Unknown,"(51.538478, -0.142343)",http://opendatacommunities.org/id/london-borough-council/camden,7959,21/12/2020 02:48:42 PM
0116EK40068,CAMDEN,1 Driver/Rider,2 Female,25-59,31,1,2 Serious,-2 Unknown,-2 N/A,3 Powered 2 Wheeler,PRIMROSE HILL ROAD J/W ADELAIDE ROAD.,2,11/02/2016 05:21:00 PM,Thursday,17.21,3 Bor,C,0,6 Single Cwy,1 <= 20 MPH,6 Crossroads,2 Auto Sig,B,509,5 Pedn Phase At Ats,2 Dark,1 Fine,1 Road-Dry,0 None,0 None,527510,184340,-0.162615,51.543563,,,Unknown,"(51.543563, -0.162615)",http://opendatacommunities.org/id/london-borough-council/camden,6032,21/12/2020 02:48:38 PM
0116EK40115,CAMDEN,1 Driver/Rider,1 Male,25-59,33,1,3 Slight,-2 Unknown,-2 N/A,4 Car,REGENT'S PARK ROAD J/W OVAL ROAD.,2,19/02/2016 06:15:00 PM,Friday,18.15,3 Bor,C,0,6 Single Cwy,2 30 MPH,3 T/Stag Jun,2 Auto Sig,C,0,5 Pedn Phase At Ats,2 Dark,1 Fine,1 Road-Dry,0 None,0 None,528620,183640,-0.146872,51.537021,,,Unknown,"(51.537021, -0.146872)",http://opendatacommunities.org/id/london-borough-council/camden,6070,21/12/2020 02:48:38 PM
1190211942,CAMDEN,3 PEDESTRIAN,2 FEMALE,U,,1,3 SLIGHT,01 CROSSING ROAD ON PED XING,'-2 NOT APPLICABLE,1 PEDESTRIAN,"On Avenue Road, 20 metres north of the junction with Allitsen Road.",1,15/10/2019 08:15:00 PM,Tuesday,20.15,3 BOR,B,525,6 SINGLE CWY,30,03 T/STAG JUN,4 GIVE WAY/UNCONTROLLED,6,0,1 ZEBRA,1 DARK,1 FINE,1 ROAD-DRY,0 NONE,0 NONE,527360,183488,-0.165085,51.53594,,,Unknown,"(51.53594, -0.165085)",http://opendatacommunities.org/id/london-borough-council/camden,9442,21/12/2020 02:48:44 PM
1180084429,CAMDEN,1 Driver/Rider,1 Male,25-59,35,1,3 Slight,-2 Unknown,-2 N/A,3 Powered 2 Wheeler,NFL HILLGROVE ROAD JW LOUDON ROAD,1,18/01/2018 03:40:00 PM,Thursday,15.40,3 Bor,B,509,6 Single Cwy,1 <= 20 MPH,1 Roundabout,4 Give Way/Uncontrolled,C,0,1 Zebra,1 Daylight,1 Fine,1 Road-Dry,0 None,0 None,526353,184108,-0.179374,51.541738,,,Unknown,"(51.541738, -0.179374)",http://opendatacommunities.org/id/london-borough-council/camden,7679,21/12/2020 02:48:41 PM
0115EK40762,CAMDEN,2 Passenger,2 Female,16-24,22,1,3 Slight,-2 Unknown,-2 N/A,6 Bus Or Coach,CAMDEN ROAD 22M NE OF ROYAL COLLEGE STREET,1,31/08/2015 04:34:00 PM,Monday,16.34,1 TLRN,A,503,6 Single Cwy,2 30 MPH,0 No Jun In 20m,-2 Not Applicable,-2 Not Applicable,0,0 No Xing Facility In 50m,1 Daylight,1 Fine,1 Road-Dry,0 None,0 None,529200,184200,-0.138309,51.541921,,,Unknown,"(51.541921, -0.138309)",http://opendatacommunities.org/id/london-borough-council/camden,5224,21/12/2020 02:48:37 PM
1170043937,CAMDEN,1 Driver/Rider,1 Male,25-59,30,1,3 Slight,-2 Unknown,-2 N/A,4 Car,REGIS ROAD NW1 J/W KENTISH TOWN ROAD NW1,2,20/06/2017 01:10:00 PM,Tuesday,13.10,3 Bor,Unclassified,0,6 Single Cwy,2 30 MPH,3 T/Stag Jun,2 Auto Sig,Unclassified,0,0 No Xing Facility In 50m,1 Daylight,1 Fine,1 Road-Dry,0 None,0 None,528760,185110,-0.144317,51.550199,,,Unknown,"(51.550199, -0.144317)",http://opendatacommunities.org/id/london-borough-council/camden,7060,21/12/2020 02:48:39 PM
1180097728,CAMDEN,3 Pedestrian,2 Female,0-15,13,1,3 Slight,01 Crossing Road On Ped Xing,9 Unknown Or Other,1 Pedestrian,KILBURN HIGH ROAD J/W OXFORD ROAD,1,22/03/2018 04:35:00 PM,Thursday,16.35,3 Bor,A,5,6 Single Cwy,1 <= 20 MPH,3 T/Stag Jun,4 Give Way/Uncontrolled,C,0,1 Zebra,1 Daylight,1 Fine,1 Road-Dry,0 None,0 None,525530,183470,-0.191462,51.536188,,,Unknown,"(51.536188, -0.191462)",http://opendatacommunities.org/id/london-borough-council/camden,7830,21/12/2020 02:48:41 PM
1160004973,CAMDEN,1 Driver/Rider,2 Female,25-59,46,1,3 Slight,-2 Unknown,-2 N/A,4 Car,LYMINGTON ROAD 40M E OF J/W WEST END LANE,2,03/12/2016 06:20:00 PM,Saturday,18.20,3 Bor,C,0,6 Single Cwy,1 <= 20 MPH,0 No Jun In 20m,-2 Not Applicable,-2 Not Applicable,0,0 No Xing Facility In 50m,2 Dark,1 Fine,1 Road-Dry,0 None,0 None,525570,184920,-0.190369,51.54921,,,Unknown,"(51.54921, -0.190369)",http://opendatacommunities.org/id/london-borough-council/camden,5732,21/12/2020 02:48:37 PM
0116EK40164,CAMDEN,2 Passenger,2 Female,60+,75,1,3 Slight,-2 Unknown,-2 N/A,6 Bus Or Coach,"NFL - ROSEBERY AVENUE, 22 METRES NE OF THEOBALD'S ROAD.",1,17/03/2016 01:35:00 PM,Thursday,13.35,3 Bor,A,401,6 Single Cwy,1 <= 20 MPH,0 No Jun In 20m,-2 Not Applicable,-2 Not Applicable,0,5 Pedn Phase At Ats,1 Daylight,1 Fine,1 Road-Dry,0 None,6 Ped In Cwy (Not Inj),531050,182010,-0.112462,51.521814,,,Unknown,"(51.521814, -0.112462)",http://opendatacommunities.org/id/london-borough-council/camden,6119,21/12/2020 02:48:38 PM
0115EK40843,CAMDEN,1 Driver/Rider,1 Male,25-59,34,1,3 Slight,-2 Unknown,-2 N/A,2 Pedal Cycle,SHAFTESBURY AVENUE J/W HIGH HOLBORN,1,24/09/2015 03:38:00 PM,Thursday,15.38,3 Bor,A,401,6 Single Cwy,2 30 MPH,6 Crossroads,2 Auto Sig,A,40,5 Pedn Phase At Ats,1 Daylight,1 Fine,1 Road-Dry,0 None,0 None,530080,181320,-0.12669,51.515837,,,Unknown,"(51.515837, -0.12669)",http://opendatacommunities.org/id/london-borough-council/camden,5295,21/12/2020 02:48:37 PM
0115EK40819,CAMDEN,1 Driver/Rider,1 Male,25-59,26,1,3 Slight,-2 Unknown,-2 N/A,3 Powered 2 Wheeler,BELSIZE ROAD J/W FAIRHAZEL GARDENS,2,20/09/2015 01:45:00 PM,Sunday,13.45,3 Bor,B,509,6 Single Cwy,2 30 MPH,6 Crossroads,4 Give Way/Uncontrolled,C,0,1 Zebra,1 Daylight,1 Fine,1 Road-Dry,0 None,0 None,526310,184100,-0.179996,51.541676,,,Unknown,"(51.541676, -0.179996)",http://opendatacommunities.org/id/london-borough-council/camden,5276,21/12/2020 02:48:37 PM
1180158234,CAMDEN,1 Driver/Rider,1 Male,16-24,24,1,3 Slight,-2 Unknown,-2 N/A,2 Pedal Cycle,EUSTON ROAD 25M W OF J/W GOWER STREET,2,20/12/2018 09:30:00 AM,Thursday,9.30,1 TLRN,A,501,6 Single Cwy,2 30 MPH,0 No Jun In 20m,-2 Not Applicable,-2 Not Applicable,0,5 Pedn Phase At Ats,1 Daylight,1 Fine,1 Road-Dry,0 None,0 None,529368,182363,-0.136562,51.525374,,,Unknown,"(51.525374, -0.136562)",http://opendatacommunities.org/id/london-borough-council/camden,8659,21/12/2020 02:48:43 PM
1160006343,CAMDEN,1 Driver/Rider,2 Female,60+,66,1,3 Slight,-2 Unknown,-2 N/A,4 Car,SPANIARDS ROAD J/W SPANIARDS END NW3,2,11/12/2016 04:20:00 PM,Sunday,16.20,3 Bor,B,519,6 Single Cwy,1 <= 20 MPH,9 Other Jun,4 Give Way/Uncontrolled,Unclassified,0,1 Zebra,2 Dark,1 Fine,2 Road-Wet,0 None,0 None,526590,187130,-0.174871,51.568843,,,Unknown,"(51.568843, -0.174871)",http://opendatacommunities.org/id/london-borough-council/camden,5760,21/12/2020 02:48:37 PM
0116EK40582,CAMDEN,1 Driver/Rider,1 Male,16-24,21,1,3 Slight,-2 Unknown,-2 N/A,4 Car,HAWLEY STREET J/W LEYBOURNE STREET,2,12/08/2016 12:30:00 AM,Friday,0.30,3 Bor,A,502,2 One-Way St,2 30 MPH,3 T/Stag Jun,4 Give Way/Uncontrolled,Unclassified,0,0 No Xing Facility In 50m,2 Dark,1 Fine,1 Road-Dry,0 None,0 None,528660,184250,-0.146073,51.542493,,,Unknown,"(51.542493, -0.146073)",http://opendatacommunities.org/id/london-borough-council/camden,6466,21/12/2020 02:48:39 PM
0116EK40191,CAMDEN,3 Pedestrian,1 Male,60+,67,1,3 Slight,05 Crossing Road (Not On Xing),2 From Drivers N/Side Msk,1 Pedestrian,"CAMDEN HIGH STREET, 50 METRES NW OF MILLER STREET.",1,29/03/2016 02:45:00 PM,Tuesday,14.45,1 TLRN,A,502,2 One-Way St,2 30 MPH,0 No Jun In 20m,-2 Not Applicable,-2 Not Applicable,0,0 No Xing Facility In 50m,1 Daylight,1 Fine,1 Road-Dry,0 None,0 None,529080,183570,-0.140269,51.536287,,,Unknown,"(51.536287, -0.140269)",http://opendatacommunities.org/id/london-borough-council/camden,6136,21/12/2020 02:48:38 PM
1190184833,CAMDEN,3 PEDESTRIAN,2 FEMALE,60+,61,1,2 SERIOUS,01 CROSSING ROAD ON PED XING,1 FROM DRIVERS N/SIDE,1 PEDESTRIAN,"On Farringdon Road, near the junction with Cowcross Street.",1,15/04/2019 01:00:00 PM,Monday,13.00,1 TLRN,A,201,6 SINGLE CWY,20,03 T/STAG JUN,9 UNKNOWN (S/R),6,0,9 UNKNOWN (S/R),2 DAYLIGHT,1 FINE,1 ROAD-DRY,0 NONE,0 NONE,531524,181803,-0.105711,51.519844,,,Unknown,"(51.519844, -0.105711)",http://opendatacommunities.org/id/london-borough-council/camden,9059,21/12/2020 02:48:44 PM
1180129949,CAMDEN,2 Passenger,1 Male,16-24,22,1,3 Slight,-2 Unknown,-2 N/A,4 Car,A41 50M E OF J/W FROGNAL LANE,3,31/08/2018 10:51:00 PM,Friday,22.51,1 TLRN,A,41,3 Dual Cwy,2 30 MPH,0 No Jun In 20m,-2 Not Applicable,-2 Not Applicable,0,0 No Xing Facility In 50m,2 Dark,1 Fine,1 Road-Dry,0 None,0 None,525770,185290,-0.187354,51.552491,,,Unknown,"(51.552491, -0.187354)",http://opendatacommunities.org/id/london-borough-council/camden,8294,21/12/2020 02:48:42 PM
0116EK40297,CAMDEN,2 Passenger,1 Male,25-59,55,1,3 Slight,-2 Unknown,-2 N/A,4 Car,"BELSIZE ROAD, 30 METRES SW OF ABBEY ROAD.",4,02/05/2016 08:00:00 PM,Monday,20.00,3 Bor,B,509,6 Single Cwy,2 30 MPH,0 No Jun In 20m,-2 Not Applicable,-2 Not Applicable,0,5 Pedn Phase At Ats,1 Daylight,1 Fine,2 Road-Wet,0 None,0 None,525780,183860,-0.18772,51.539637,,,Unknown,"(51.539637, -0.18772)",http://opendatacommunities.org/id/london-borough-council/camden,6234,21/12/2020 02:48:38 PM
0116EK40006,CAMDEN,1 Driver/Rider,1 Male,25-59,38,1,3 Slight,-2 Unknown,-2 N/A,6 Bus Or Coach,BLOOMSBURY WAY J/W BARTER STREET,2,19/01/2016 04:00:00 AM,Tuesday,4.00,3 Bor,A,40,6 Single Cwy,1 <= 20 MPH,3 T/Stag Jun,4 Give Way/Uncontrolled,Unclassified,0,0 No Xing Facility In 50m,2 Dark,1 Fine,1 Road-Dry,0 None,0 None,530310,181570,-0.123284,51.518031,,,Unknown,"(51.518031, -0.123284)",http://opendatacommunities.org/id/london-borough-council/camden,5982,21/12/2020 02:48:38 PM
1190197127,CAMDEN,3 PEDESTRIAN,1 MALE,60+,67,2,2 SERIOUS,01 CROSSING ROAD ON PED XING,'-2 NOT APPLICABLE,1 PEDESTRIAN,"On Albany Street, near the junction with CHESTER GATE.",1,01/08/2019 07:27:00 AM,Thursday,7.27,3 BOR,A,4201,6 SINGLE CWY,30,03 T/STAG JUN,4 GIVE WAY/UNCONTROLLED,6,0,4 PELICAN OR SIMILAR,2 DAYLIGHT,1 FINE,1 ROAD-DRY,0 NONE,0 NONE,528826,182597,-0.144285,51.5276,,,Unknown,"(51.5276, -0.144285)",http://opendatacommunities.org/id/london-borough-council/camden,9246,21/12/2020 02:48:44 PM
0115EK40427,CAMDEN,3 Pedestrian,2 Female,16-24,24,1,3 Slight,05 Crossing Road (Not On Xing),2 From Drivers N/Side Msk,1 Pedestrian,WEST END LANE J/W SANDWELL CRESCENT,1,30/05/2015 09:05:00 PM,Saturday,21.05,3 Bor,B,510,6 Single Cwy,2 30 MPH,3 T/Stag Jun,4 Give Way/Uncontrolled,Unclassified,0,0 No Xing Facility In 50m,2 Dark,1 Fine,1 Road-Dry,0 None,0 None,525490,184940,-0.191515,51.549408,,,Unknown,"(51.549408, -0.191515)",http://opendatacommunities.org/id/london-borough-council/camden,4918,21/12/2020 02:48:36 PM
0116EK40403,CAMDEN,3 Pedestrian,2 Female,25-59,46,1,3 Slight,01 Crossing Road On Ped Xing,3 From Drivers O/Side,1 Pedestrian,EUSTON ROAD J/W YORK WAY,1,09/06/2016 06:15:00 PM,Thursday,18.15,1 TLRN,A,501,3 Dual Cwy,1 <= 20 MPH,3 T/Stag Jun,2 Auto Sig,A,5200,5 Pedn Phase At Ats,1 Daylight,1 Fine,1 Road-Dry,0 None,0 None,530310,182970,-0.122767,51.530612,,,Unknown,"(51.530612, -0.122767)",http://opendatacommunities.org/id/london-borough-council/camden,6320,21/12/2020 02:48:38 PM
0116EK40566,CAMDEN,1 Driver/Rider,1 Male,25-59,46,1,3 Slight,-2 Unknown,-2 N/A,2 Pedal Cycle,FINCHLEY ROAD J/W COLLEGE CRESCENT,2,06/08/2016 06:45:00 PM,Saturday,18.45,1 TLRN,A,41,3 Dual Cwy,3 40 MPH,3 T/Stag Jun,2 Auto Sig,Unclassified,0,5 Pedn Phase At Ats,1 Daylight,9 Unknown,1 Road-Dry,0 None,0 None,526410,184550,-0.178393,51.545697,,,Unknown,"(51.545697, -0.178393)",http://opendatacommunities.org/id/london-borough-council/camden,6458,21/12/2020 02:48:39 PM
1160012732,CAMDEN,1 Driver/Rider,1 Male,25-59,30,1,3 Slight,-2 Unknown,-2 N/A,3 Powered 2 Wheeler,"ON CASTLEHAVEN ROAD , NEAR THE JUNCTION WITH CLARENCE WAY .",1,20/09/2016 04:00:00 PM,Tuesday,16.00,3 Bor,C,0,6 Single Cwy,2 30 MPH,6 Crossroads,4 Give Way/Uncontrolled,Unclassified,0,0 No Xing Facility In 50m,1 Daylight,1 Fine,1 Road-Dry,0 None,0 None,528790,184400,-0.144145,51.543812,,,Unknown,"(51.543812, -0.144145)",http://opendatacommunities.org/id/london-borough-council/camden,5853,21/12/2020 02:48:38 PM
0116EK40457,CAMDEN,2 Passenger,1 Male,16-24,21,1,3 Slight,-2 Unknown,-2 N/A,4 Car,CLARKSON ROW 47M NW OF MORNINGTON CRESCENT,1,24/06/2016 11:50:00 PM,Friday,23.50,3 Bor,Unclassified,0,6 Single Cwy,2 30 MPH,0 No Jun In 20m,-2 Not Applicable,-2 Not Applicable,0,0 No Xing Facility In 50m,2 Dark,1 Fine,1 Road-Dry,0 None,0 None,529040,183180,-0.140989,51.532791,,,Unknown,"(51.532791, -0.140989)",http://opendatacommunities.org/id/london-borough-council/camden,6370,21/12/2020 02:48:38 PM
1160024805,CAMDEN,1 Driver/Rider,1 Male,16-24,20,1,3 Slight,-2 Unknown,-2 N/A,4 Car,KIDDERPORE AVENUE 150M S OF J/W PLATT'S LANE,1,20/10/2016 08:20:00 AM,Thursday,8.20,3 Bor,Unclassified,0,6 Single Cwy,1 <= 20 MPH,0 No Jun In 20m,-2 Not Applicable,-2 Not Applicable,0,0 No Xing Facility In 50m,1 Daylight,1 Fine,2 Road-Wet,0 None,2 Other Object In Cwy,525320,185830,-0.193649,51.557444,,,Unknown,"(51.557444, -0.193649)",http://opendatacommunities.org/id/london-borough-council/camden,5933,21/12/2020 02:48:38 PM
1170079620,CAMDEN,1 Driver/Rider,1 Male,25-59,25,1,3 Slight,-2 Unknown,-2 N/A,3 Powered 2 Wheeler,MAPLE STREET J/W TOTTENHAM COURT ROAD,2,21/12/2017 09:00:00 PM,Thursday,21.00,3 Bor,C,0,2 One-Way St,1 <= 20 MPH,3 T/Stag Jun,2 Auto Sig,A,400,4 Pelican Or Similar,2 Dark,1 Fine,1 Road-Dry,0 None,0 None,529340,182090,-0.137066,51.522927,,,Unknown,"(51.522927, -0.137066)",http://opendatacommunities.org/id/london-borough-council/camden,7625,21/12/2020 02:48:41 PM
1170037985,CAMDEN,3 Pedestrian,1 Male,16-24,24,1,3 Slight,05 Crossing Road (Not On Xing),3 From Drivers O/Side,1 Pedestrian,BAYNES STREET J/W ROYAL COLLEGE STREET,1,17/05/2017 07:37:00 AM,Wednesday,7.37,3 Bor,A,5202,2 One-Way St,1 <= 20 MPH,3 T/Stag Jun,3 Stop Sign,Unclassified,0,0 No Xing Facility In 50m,1 Daylight,2 Raining,2 Road-Wet,0 None,0 None,529250,184090,-0.137629,51.540921,,,Unknown,"(51.540921, -0.137629)",http://opendatacommunities.org/id/london-borough-council/camden,6972,21/12/2020 02:48:39 PM
1160024697,CAMDEN,1 Driver/Rider,1 Male,25-59,52,1,3 Slight,-2 Unknown,-2 N/A,4 Car,HASTINGS STREET J/W JUDD STREET,2,06/10/2016 09:50:00 AM,Thursday,9.50,3 Bor,Unclassified,0,6 Single Cwy,2 30 MPH,6 Crossroads,4 Give Way/Uncontrolled,B,504,4 Pelican Or Similar,1 Daylight,1 Fine,1 Road-Dry,0 None,0 None,530130,182700,-0.12546,51.528227,,,Unknown,"(51.528227, -0.12546)",http://opendatacommunities.org/id/london-borough-council/camden,5925,21/12/2020 02:48:38 PM
1190188945,CAMDEN,1 DRIVER/RIDER,1 MALE,25-59,48,1,2 SERIOUS,'-2 NOT APPLICABLE,'-2 NOT APPLICABLE,2 PEDAL CYCLE,"On Highgate West Hill, 21 metres south of the junction with millfield lane.",2,22/06/2019 04:39:00 PM,Saturday,16.39,3 BOR,5,0,6 SINGLE CWY,20,00 NO JUN IN 20M,,0,0,1 ZEBRA,2 DAYLIGHT,1 FINE,1 ROAD-DRY,0 NONE,0 NONE,528168,186527,-0.152335,51.563068,,,Unknown,"(51.563068, -0.152335)",http://opendatacommunities.org/id/london-borough-council/camden,9125,21/12/2020 02:48:44 PM