Reference,London Borough Name,Casualty Class,Casualty Sex,Casualty Age Band,Casualty Age,Number Of Casualties,Casualty Severity,Pedestrian Location,Pedestrian Movement,Mode Of Travel,Attendant Location,Number Of Vehicles,Date,Day,Time,Highway,Road Class 1,Road Number 1,Road Type,Speed Limit,Junction Detail,Junction Control,Road Class 2,Road Number 2,Pedestrian Crossing,Light Condition Band,Weather,Road Surface,Special Conditions,Carriage Way Hazard,Easting,Northing,Longitude,Latitude,Ward Code,Ward Name,Spatial Accuracy,Location,Organisation URI,Socrata ID,Last Uploaded
1180087335,CAMDEN,1 Driver/Rider,1 Male,25-59,46,1,3 Slight,-2 Unknown,-2 N/A,2 Pedal Cycle,PHOENIX PLACE J/W CALTHORPE STREET,2,02/02/2018 07:39:00 AM,Friday,7.39,3 Bor,C,0,3 Dual Cwy,1 <= 20 MPH,3 T/Stag Jun,4 Give Way/Uncontrolled,B,502,1 Zebra,1 Daylight,1 Fine,1 Road-Dry,0 None,0 None,530920,182410,-0.114186,51.525439,,,Unknown,"(51.525439, -0.114186)",http://opendatacommunities.org/id/london-borough-council/camden,7712,21/12/2020 02:48:41 PM
1190207368,CAMDEN,1 DRIVER/RIDER,1 MALE,25-59,59,1,3 SLIGHT,'-2 NOT APPLICABLE,'-2 NOT APPLICABLE,2 PEDAL CYCLE,"On Eversholt Street, near the junction with Crowndale Road.",2,23/09/2019 08:00:00 PM,Monday,20.00,3 BOR,A,4200,6 SINGLE CWY,20,03 T/STAG JUN,9 UNKNOWN (S/R),A,4200,0 NO XING FACILITY IN 50M,2 DAYLIGHT,1 FINE,2 ROAD-WET,0 NONE,0 NONE,529218,183376,-0.138352,51.534512,,,Unknown,"(51.534512, -0.138352)",http://opendatacommunities.org/id/london-borough-council/camden,9385,21/12/2020 02:48:44 PM
1180094846,CAMDEN,3 Pedestrian,1 Male,25-59,38,1,2 Serious,01 Crossing Road On Ped Xing,1 From Drivers N/Side,1 Pedestrian,CAMDEN ROAD J/W ROYAL COLLEGE STREET,1,08/03/2018 08:52:00 AM,Thursday,8.52,1 TLRN,A,503,6 Single Cwy,1 <= 20 MPH,6 Crossroads,2 Auto Sig,A,5202,5 Pedn Phase At Ats,1 Daylight,1 Fine,1 Road-Dry,0 None,0 None,529200,184190,-0.138313,51.541831,,,Unknown,"(51.541831, -0.138313)",http://opendatacommunities.org/id/london-borough-council/camden,7801,21/12/2020 02:48:41 PM
1180110047,CAMDEN,1 Driver/Rider,1 Male,25-59,49,1,3 Slight,-2 Unknown,-2 N/A,2 Pedal Cycle,TORRINGTON PLACE J/W TOTTENHAM COURT ROAD,2,08/05/2018 10:00:00 AM,Tuesday,10.00,3 Bor,A,400,2 One-Way St,2 30 MPH,3 T/Stag Jun,2 Auto Sig,A,400,9 Unknown (S/R),2 Dark,1 Fine,1 Road-Dry,0 None,0 None,529470,181930,-0.135252,51.521459,,,Unknown,"(51.521459, -0.135252)",http://opendatacommunities.org/id/london-borough-council/camden,8018,21/12/2020 02:48:42 PM
1180092808,CAMDEN,1 Driver/Rider,1 Male,25-59,35,1,2 Serious,-2 Unknown,-2 N/A,2 Pedal Cycle,GOODS WAY J/W PANCRAS ROAD N1,2,27/02/2018 09:45:00 AM,Tuesday,9.45,3 Bor,Unclassified,0,6 Single Cwy,1 <= 20 MPH,3 T/Stag Jun,2 Auto Sig,A,5202,5 Pedn Phase At Ats,1 Daylight,1 Fine,1 Road-Dry,0 None,0 None,529895,183280,-0.128632,51.533494,,,Unknown,"(51.533494, -0.128632)",http://opendatacommunities.org/id/london-borough-council/camden,7781,21/12/2020 02:48:41 PM
1170043816,CAMDEN,1 Driver/Rider,1 Male,16-24,23,1,3 Slight,-2 Unknown,-2 N/A,4 Car,CHENIES STREET J/W GOWER STREET,2,25/05/2017 02:40:00 PM,Thursday,14.40,3 Bor,B,506,6 Single Cwy,2 30 MPH,3 T/Stag Jun,2 Auto Sig,A,400,0 No Xing Facility In 50m,1 Daylight,1 Fine,1 Road-Dry,0 None,0 None,529710,181920,-0.131798,51.521314,,,Unknown,"(51.521314, -0.131798)",http://opendatacommunities.org/id/london-borough-council/camden,7057,21/12/2020 02:48:39 PM
0115EK41037,CAMDEN,1 Driver/Rider,1 Male,16-24,22,1,3 Slight,-2 Unknown,-2 N/A,3 Powered 2 Wheeler,EUSTON ROAD J/W CHURCHWAY,2,21/11/2015 12:25:00 PM,Saturday,12.25,1 TLRN,A,501,3 Dual Cwy,2 30 MPH,6 Crossroads,2 Auto Sig,Unclassified,0,5 Pedn Phase At Ats,1 Daylight,1 Fine,1 Road-Dry,0 None,0 None,529830,182640,-0.129804,51.527757,,,Unknown,"(51.527757, -0.129804)",http://opendatacommunities.org/id/london-borough-council/camden,5454,21/12/2020 02:48:37 PM
1190202018,CAMDEN,1 DRIVER/RIDER,1 MALE,25-59,30,1,3 SLIGHT,'-2 NOT APPLICABLE,'-2 NOT APPLICABLE,2 PEDAL CYCLE,"On Tileyard Road, near the junction with York road.",2,28/08/2019 08:30:00 PM,Wednesday,20.30,3 BOR,A,5200,6 SINGLE CWY,30,03 T/STAG JUN,4 GIVE WAY/UNCONTROLLED,6,0,1 ZEBRA,1 DARK,1 FINE,1 ROAD-DRY,0 NONE,0 NONE,530099,184295,-0.125318,51.542568,,,Unknown,"(51.542568, -0.125318)",http://opendatacommunities.org/id/london-borough-council/camden,9308,21/12/2020 02:48:44 PM
0116EK40478,CAMDEN,3 Pedestrian,2 Female,16-24,19,1,3 Slight,05 Crossing Road (Not On Xing),4 From Drivers O/Side Msk,1 Pedestrian,CAMDEN ROAD 82 M SW OF J/W MURRAY STREET,1,06/07/2016 09:27:00 AM,Wednesday,9.27,1 TLRN,A,503,6 Single Cwy,2 30 MPH,0 No Jun In 20m,-2 Not Applicable,-2 Not Applicable,0,0 No Xing Facility In 50m,1 Daylight,1 Fine,1 Road-Dry,0 None,0 None,529380,184460,-0.135619,51.544216,,,Unknown,"(51.544216, -0.135619)",http://opendatacommunities.org/id/london-borough-council/camden,6386,21/12/2020 02:48:38 PM
1170041429,CAMDEN,3 Pedestrian,2 Female,25-59,39,1,3 Slight,05 Crossing Road (Not On Xing),3 From Drivers O/Side,1 Pedestrian,LEIGHTON ROAD NW5 J/W BARTHOMOMEW ROAD NW5,1,06/06/2017 08:45:00 AM,Tuesday,8.45,3 Bor,Unclassified,0,6 Single Cwy,1 <= 20 MPH,9 Other Jun,4 Give Way/Uncontrolled,Unclassified,0,0 No Xing Facility In 50m,1 Daylight,5 Raining/High Winds,2 Road-Wet,0 None,0 None,529390,184730,-0.135376,51.54664,,,Unknown,"(51.54664, -0.135376)",http://opendatacommunities.org/id/london-borough-council/camden,7015,21/12/2020 02:48:39 PM
1170020321,CAMDEN,1 Driver/Rider,2 Female,25-59,44,1,3 Slight,-2 Unknown,-2 N/A,4 Car,KILBURN HIGH ROAD J/W QUEX ROAD,2,22/02/2017 01:24:00 PM,Wednesday,13.24,3 Bor,A,5,6 Single Cwy,2 30 MPH,7 Multi Jun,2 Auto Sig,B,510,0 No Xing Facility In 50m,1 Daylight,1 Fine,1 Road-Dry,0 None,0 None,525240,183860,-0.195503,51.539757,,,Unknown,"(51.539757, -0.195503)",http://opendatacommunities.org/id/london-borough-council/camden,6703,21/12/2020 02:48:39 PM
1190206338,CAMDEN,1 DRIVER/RIDER,1 MALE,25-59,43,1,3 SLIGHT,'-2 NOT APPLICABLE,'-2 NOT APPLICABLE,3 POWERED 2 WHEELER,"On Finchley Road, near the junction with Fortune Green road.",2,16/09/2019 04:30:00 PM,Monday,16.30,1 TLRN,A,41,2 ONE-WAY ST,30,03 T/STAG JUN,2 AUTO SIG,B,510,5 PEDN PHASE AT ATS,2 DAYLIGHT,1 FINE,1 ROAD-DRY,0 NONE,0 NONE,525197,185794,-0.195435,51.557148,,,Unknown,"(51.557148, -0.195435)",http://opendatacommunities.org/id/london-borough-council/camden,9372,21/12/2020 02:48:44 PM
0115EK41050,CAMDEN,1 Driver/Rider,1 Male,25-59,46,1,3 Slight,-2 Unknown,-2 N/A,2 Pedal Cycle,AVENUE ROAD J/W ELSWORTHY ROAD.,2,26/11/2015 07:16:00 AM,Thursday,7.16,3 Bor,B,525,6 Single Cwy,2 30 MPH,3 T/Stag Jun,4 Give Way/Uncontrolled,Unclassified,0,0 No Xing Facility In 50m,1 Daylight,1 Fine,1 Road-Dry,0 None,0 None,526960,183840,-0.170722,51.539193,,,Unknown,"(51.539193, -0.170722)",http://opendatacommunities.org/id/london-borough-council/camden,5465,21/12/2020 02:48:37 PM
1170035668,CAMDEN,1 Driver/Rider,1 Male,25-59,26,1,3 Slight,-2 Unknown,-2 N/A,4 Car,OUTER CIRCLE J/W CHESTER ROAD,3,05/05/2017 10:50:00 AM,Friday,10.50,3 Bor,Unclassified,0,6 Single Cwy,2 30 MPH,3 T/Stag Jun,4 Give Way/Uncontrolled,Unclassified,0,0 No Xing Facility In 50m,1 Daylight,1 Fine,1 Road-Dry,0 None,0 None,528710,182740,-0.145904,51.528912,,,Unknown,"(51.528912, -0.145904)",http://opendatacommunities.org/id/london-borough-council/camden,6940,21/12/2020 02:48:39 PM
0116EK40099,CAMDEN,1 Driver/Rider,1 Male,25-59,46,1,3 Slight,-2 Unknown,-2 N/A,2 Pedal Cycle,CAMDEN HIGH STREET 40M SOUTH J/W GREENLAND STREET,2,23/02/2016 08:01:00 PM,Tuesday,20.01,1 TLRN,A,502,2 One-Way St,1 <= 20 MPH,0 No Jun In 20m,-2 Not Applicable,-2 Not Applicable,0,0 No Xing Facility In 50m,2 Dark,1 Fine,1 Road-Dry,0 None,0 None,528970,183730,-0.141796,51.53775,,,Unknown,"(51.53775, -0.141796)",http://opendatacommunities.org/id/london-borough-council/camden,6057,21/12/2020 02:48:38 PM
1170061074,CAMDEN,3 Pedestrian,1 Male,60+,82,1,3 Slight,05 Crossing Road (Not On Xing),2 From Drivers N/Side Msk,1 Pedestrian,MILL LANE 55M W OF J/W ALDRED ROAD,2,26/09/2017 06:50:00 PM,Tuesday,18.50,3 Bor,C,0,6 Single Cwy,1 <= 20 MPH,0 No Jun In 20m,-2 Not Applicable,-2 Not Applicable,0,0 No Xing Facility In 50m,2 Dark,1 Fine,1 Road-Dry,0 None,0 None,525150,185230,-0.196313,51.552089,,,Unknown,"(51.552089, -0.196313)",http://opendatacommunities.org/id/london-borough-council/camden,7349,21/12/2020 02:48:40 PM
1190194607,CAMDEN,2 PASSENGER,2 FEMALE,25-59,57,1,3 SLIGHT,'-2 NOT APPLICABLE,'-2 NOT APPLICABLE,6 BUS OR COACH,"On Kilburn High Road, 30 metres south of the junction with Brondsebury villas.",1,19/07/2019 02:50:00 PM,Friday,14.50,3 BOR,A,5,3 DUAL CWY,30,03 T/STAG JUN,2 AUTO SIG,B,509,5 PEDN PHASE AT ATS,2 DAYLIGHT,1 FINE,2 ROAD-WET,0 NONE,0 NONE,525422,183618,-0.192966,51.537542,,,Unknown,"(51.537542, -0.192966)",http://opendatacommunities.org/id/london-borough-council/camden,9200,21/12/2020 02:48:44 PM
1170057682,CAMDEN,2 Passenger,2 Female,25-59,44,1,3 Slight,-2 Unknown,-2 N/A,6 Bus Or Coach,KINGSWAY J/W PARKER STREET,1,06/09/2017 10:57:00 PM,Wednesday,22.57,3 Bor,A,4200,3 Dual Cwy,1 <= 20 MPH,3 T/Stag Jun,2 Auto Sig,Unclassified,0,4 Pelican Or Similar,2 Dark,1 Fine,1 Road-Dry,0 None,0 None,530550,181400,-0.11989,51.516448,,,Unknown,"(51.516448, -0.11989)",http://opendatacommunities.org/id/london-borough-council/camden,7304,21/12/2020 02:48:40 PM
1170036158,CAMDEN,1 Driver/Rider,2 Female,60+,71,1,3 Slight,-2 Unknown,-2 N/A,4 Car,HAMPSTEAD HIGH STREET J/W GREENHILL,2,06/05/2017 06:45:00 PM,Saturday,18.45,3 Bor,A,502,6 Single Cwy,2 30 MPH,3 T/Stag Jun,4 Give Way/Uncontrolled,Unclassified,0,1 Zebra,2 Dark,1 Fine,1 Road-Dry,0 None,0 None,526540,185650,-0.176124,51.555554,,,Unknown,"(51.555554, -0.176124)",http://opendatacommunities.org/id/london-borough-council/camden,6945,21/12/2020 02:48:39 PM
0115EK41020,CAMDEN,1 Driver/Rider,1 Male,25-59,47,1,3 Slight,-2 Unknown,-2 N/A,3 Powered 2 Wheeler,"EUSTON ROAD, 45 METRES NE OF MIDLAND ROAD.",2,17/11/2015 01:50:00 PM,Tuesday,13.50,1 TLRN,A,501,3 Dual Cwy,2 30 MPH,8 Priv Drive,4 Give Way/Uncontrolled,Unclassified,0,0 No Xing Facility In 50m,1 Daylight,1 Fine,2 Road-Wet,0 None,0 None,530110,182830,-0.1257,51.5294,,,Unknown,"(51.5294, -0.1257)",http://opendatacommunities.org/id/london-borough-council/camden,5441,21/12/2020 02:48:37 PM
1180095961,CAMDEN,1 Driver/Rider,1 Male,25-59,52,1,3 Slight,-2 Unknown,-2 N/A,7 Goods Vehicle,CHALK FARM ROAD 100M N OF J/W BELMONT STREET,2,13/03/2018 03:20:00 PM,Tuesday,15.20,3 Bor,A,502,6 Single Cwy,1 <= 20 MPH,0 No Jun In 20m,-2 Not Applicable,-2 Not Applicable,0,0 No Xing Facility In 50m,1 Daylight,1 Fine,1 Road-Dry,0 None,2 Other Object In Cwy,528260,184360,-0.151798,51.543573,,,Unknown,"(51.543573, -0.151798)",http://opendatacommunities.org/id/london-borough-council/camden,7814,21/12/2020 02:48:41 PM
1180141325,CAMDEN,3 Pedestrian,2 Female,25-59,50,1,3 Slight,01 Crossing Road On Ped Xing,1 From Drivers N/Side,1 Pedestrian,FARRINGDON ROAD J/W GREVILLE STREET,1,25/10/2018 09:00:00 PM,Thursday,21.00,1 TLRN,A,201,6 Single Cwy,1 <= 20 MPH,6 Crossroads,2 Auto Sig,Unclassified,0,5 Pedn Phase At Ats,2 Dark,1 Fine,1 Road-Dry,0 None,0 None,531520,181800,-0.10577,51.519817,,,Unknown,"(51.519817, -0.10577)",http://opendatacommunities.org/id/london-borough-council/camden,8473,21/12/2020 02:48:43 PM
0115EK40291,CAMDEN,3 Pedestrian,2 Female,25-59,36,1,3 Slight,05 Crossing Road (Not On Xing),9 Unknown Or Other,1 Pedestrian,CARROL CLOSE 43 M NW OF J/W HIGHGATE ROAD,1,01/04/2015 08:15:00 AM,Wednesday,8.15,3 Bor,Unclassified,0,6 Single Cwy,2 30 MPH,0 No Jun In 20m,-2 Not Applicable,-2 Not Applicable,0,0 No Xing Facility In 50m,1 Daylight,1 Fine,1 Road-Dry,0 None,0 None,528660,185630,-0.145569,51.554895,,,Unknown,"(51.554895, -0.145569)",http://opendatacommunities.org/id/london-borough-council/camden,4814,21/12/2020 02:48:36 PM
1190194323,CAMDEN,1 DRIVER/RIDER,2 FEMALE,U,,1,3 SLIGHT,'-2 NOT APPLICABLE,'-2 NOT APPLICABLE,4 CAR,"On Midland Road, near the junction with Dangoor Walk .",2,14/07/2019 08:41:00 PM,Sunday,20.41,3 BOR,5,0,6 SINGLE CWY,30,09 OTHER JUN,2 AUTO SIG,6,0,0 NO XING FACILITY IN 50M,2 DAYLIGHT,1 FINE,1 ROAD-DRY,0 NONE,0 NONE,529986,183085,-0.127393,51.53172,,,Unknown,"(51.53172, -0.127393)",http://opendatacommunities.org/id/london-borough-council/camden,9196,21/12/2020 02:48:44 PM
1180109472,CAMDEN,3 Pedestrian,1 Male,25-59,42,1,3 Slight,10 Unknown,3 From Drivers O/Side,1 Pedestrian,CONWAY STREETY J/W FITZROY SQUARE,1,16/05/2018 07:30:00 AM,Wednesday,7.30,3 Bor,Unclassified,0,9 Unknown,1 <= 20 MPH,99 Unknown (S/R),9 Unknown (S/R),Unclassified,0,9 Unknown (S/R),1 Daylight,9 Unknown,1 Road-Dry,9 Unknown (S/R),9 Unknown (S/R),529070,182090,-0.140956,51.522988,,,Unknown,"(51.522988, -0.140956)",http://opendatacommunities.org/id/london-borough-council/camden,8010,21/12/2020 02:48:42 PM
0115TD00027,CAMDEN,1 Driver/Rider,2 Female,25-59,26,1,1 Fatal,-2 Unknown,-2 N/A,2 Pedal Cycle,BLOOMSBURY WAY J/W BLOOMSBURY SQUARE,2,06/02/2015 09:18:00 PM,Friday,21.18,3 Bor,A,401,2 One-Way St,2 30 MPH,3 T/Stag Jun,4 Give Way/Uncontrolled,Unclassified,0,0 No Xing Facility In 50m,2 Dark,1 Fine,1 Road-Dry,0 None,0 None,530400,181640,-0.121962,51.518639,,,Unknown,"(51.518639, -0.121962)",http://opendatacommunities.org/id/london-borough-council/camden,5635,21/12/2020 02:48:37 PM
1180132211,CAMDEN,1 Driver/Rider,1 Male,25-59,29,1,3 Slight,-2 Unknown,-2 N/A,2 Pedal Cycle,KILBURN HIGH ROAD 30M S OF J/W KILBURN PRIORY,2,12/09/2018 07:20:00 PM,Wednesday,19.20,3 Bor,A,5,6 Single Cwy,2 30 MPH,0 No Jun In 20m,-2 Not Applicable,-2 Not Applicable,0,0 No Xing Facility In 50m,1 Daylight,1 Fine,1 Road-Dry,0 None,0 None,525590,183410,-0.190619,51.535635,,,Unknown,"(51.535635, -0.190619)",http://opendatacommunities.org/id/london-borough-council/camden,8319,21/12/2020 02:48:42 PM
1180120355,CAMDEN,1 Driver/Rider,2 Female,16-24,24,1,3 Slight,-2 Unknown,-2 N/A,2 Pedal Cycle,PRATT STREET  J/W BAYHAM STREET,2,10/07/2018 05:40:00 PM,Tuesday,17.40,3 Bor,C,0,2 One-Way St,2 30 MPH,7 Multi Jun,9 Unknown (S/R),A,503,1 Zebra,1 Daylight,1 Fine,1 Road-Dry,0 None,0 None,529090,183710,-0.140074,51.537542,,,Unknown,"(51.537542, -0.140074)",http://opendatacommunities.org/id/london-borough-council/camden,8167,21/12/2020 02:48:42 PM
1180099727,CAMDEN,3 Pedestrian,2 Female,25-59,39,1,3 Slight,01 Crossing Road On Ped Xing,3 From Drivers O/Side,1 Pedestrian,CAMDEN ROAD 80M E OF J/W CAMDEN STREET THE NEAREST CLASSIFIED ROAD,1,26/03/2018 06:15:00 PM,Monday,18.15,1 TLRN,A,503,2 One-Way St,1 <= 20 MPH,0 No Jun In 20m,-2 Not Applicable,-2 Not Applicable,0,1 Zebra,1 Daylight,1 Fine,1 Road-Dry,0 None,0 None,529030,184040,-0.140818,51.540522,,,Unknown,"(51.540522, -0.140818)",http://opendatacommunities.org/id/london-borough-council/camden,7863,21/12/2020 02:48:41 PM
1180105811,CAMDEN,2 Passenger,1 Male,25-59,26,1,3 Slight,-2 Unknown,-2 N/A,4 Car,CAMDEN ROAD J/W ROCHESTER SQUARE NW1,2,04/05/2018 11:02:00 AM,Friday,11.02,1 TLRN,A,503,6 Single Cwy,1 <= 20 MPH,3 T/Stag Jun,4 Give Way/Uncontrolled,Unclassified,0,5 Pedn Phase At Ats,1 Daylight,1 Fine,1 Road-Dry,0 None,0 None,529330,184380,-0.136369,51.543509,,,Unknown,"(51.543509, -0.136369)",http://opendatacommunities.org/id/london-borough-council/camden,7957,21/12/2020 02:48:42 PM
1190157009,CAMDEN,1 DRIVER/RIDER,2 FEMALE,25-59,37,1,3 SLIGHT,'-2 NOT APPLICABLE,'-2 NOT APPLICABLE,2 PEDAL CYCLE,"On Dyott Street WC1A, near the junction with Streatham Street WC1A.",1,11/01/2019 05:35:00 PM,Friday,17.35,3 BOR,6,0,2 ONE-WAY ST,20,06 CROSSROADS,4 GIVE WAY/UNCONTROLLED,6,0,0 NO XING FACILITY IN 50M,1 DARK,1 FINE,1 ROAD-DRY,0 NONE,0 NONE,529994,181453,-0.127879,51.517052,,,Unknown,"(51.517052, -0.127879)",http://opendatacommunities.org/id/london-borough-council/camden,8683,21/12/2020 02:48:43 PM
1180132239,CAMDEN,1 Driver/Rider,1 Male,25-59,36,1,3 Slight,-2 Unknown,-2 N/A,2 Pedal Cycle,THEOBALDS ROAD 21M W OF J/W JOHN STREET,2,12/09/2018 06:45:00 PM,Wednesday,18.45,3 Bor,A,401,6 Single Cwy,1 <= 20 MPH,0 No Jun In 20m,-2 Not Applicable,-2 Not Applicable,0,5 Pedn Phase At Ats,1 Daylight,1 Fine,1 Road-Dry,0 None,0 None,530873,181924,-0.115043,51.521082,,,Unknown,"(51.521082, -0.115043)",http://opendatacommunities.org/id/london-borough-council/camden,8321,21/12/2020 02:48:42 PM
1170061486,CAMDEN,1 Driver/Rider,1 Male,25-59,53,1,3 Slight,-2 Unknown,-2 N/A,4 Car,FINCHLEY ROAD J/W PLATTS LANE,2,27/09/2017 01:15:00 PM,Wednesday,13.15,1 TLRN,A,41,7 Slip Rd,2 30 MPH,5 Slip Road,1 Auth Person,Unclassified,0,0 No Xing Facility In 50m,1 Daylight,1 Fine,1 Road-Dry,0 None,0 None,525160,185900,-0.195931,51.558108,,,Unknown,"(51.558108, -0.195931)",http://opendatacommunities.org/id/london-borough-council/camden,7355,21/12/2020 02:48:40 PM
1180085180,CAMDEN,3 Pedestrian,1 Male,25-59,37,1,2 Serious,09 In Road - Not Crossing,9 Unknown Or Other,1 Pedestrian,OLD GLOUCESTER STREET 50M N OF J/W  THEOBOLDS ROAD,1,22/01/2018 10:30:00 PM,Monday,22.30,3 Bor,Unclassified,0,2 One-Way St,1 <= 20 MPH,0 No Jun In 20m,-2 Not Applicable,-2 Not Applicable,0,0 No Xing Facility In 50m,2 Dark,1 Fine,1 Road-Dry,0 None,0 None,530440,181800,-0.121327,51.520068,,,Unknown,"(51.520068, -0.121327)",http://opendatacommunities.org/id/london-borough-council/camden,7688,21/12/2020 02:48:41 PM
1180127154,CAMDEN,2 Passenger,2 Female,60+,65,1,3 Slight,-2 Unknown,-2 N/A,6 Bus Or Coach,EUSTON SQUARE J/W EVERSHOLT STREET,1,15/08/2018 12:28:00 PM,Wednesday,12.28,3 Bor,C,0,7 Slip Rd,1 <= 20 MPH,3 T/Stag Jun,4 Give Way/Uncontrolled,A,4200,0 No Xing Facility In 50m,1 Daylight,1 Fine,1 Road-Dry,0 None,0 None,529693,182636,-0.13178,51.527753,,,Unknown,"(51.527753, -0.13178)",http://opendatacommunities.org/id/london-borough-council/camden,8251,21/12/2020 02:48:42 PM
0116EK40527,CAMDEN,1 Driver/Rider,1 Male,25-59,28,1,3 Slight,-2 Unknown,-2 N/A,4 Car,KILBURN HIGH ROAD J/W WEST END LANE,3,22/07/2016 08:15:00 AM,Friday,8.15,3 Bor,A,5,6 Single Cwy,2 30 MPH,3 T/Stag Jun,4 Give Way/Uncontrolled,Unclassified,0,0 No Xing Facility In 50m,1 Daylight,1 Fine,1 Road-Dry,0 None,0 None,525370,183680,-0.193693,51.53811,,,Unknown,"(51.53811, -0.193693)",http://opendatacommunities.org/id/london-borough-council/camden,6428,21/12/2020 02:48:38 PM
0116EK40449,CAMDEN,1 Driver/Rider,1 Male,25-59,25,1,3 Slight,-2 Unknown,-2 N/A,3 Powered 2 Wheeler,KILBURN HIGH ROAD 22M NW OF OXFORD ROAD,1,24/06/2016 06:07:00 PM,Friday,18.07,3 Bor,A,5,6 Single Cwy,2 30 MPH,0 No Jun In 20m,-2 Not Applicable,-2 Not Applicable,0,0 No Xing Facility In 50m,1 Daylight,1 Fine,1 Road-Dry,0 None,0 None,525510,183490,-0.191743,51.536372,,,Unknown,"(51.536372, -0.191743)",http://opendatacommunities.org/id/london-borough-council/camden,6360,21/12/2020 02:48:38 PM
1170074914,CAMDEN,2 Passenger,2 Female,25-59,58,1,3 Slight,-2 Unknown,-2 N/A,6 Bus Or Coach,PRINCE OF WALES ROAD J/W FERDINAND STREET,2,02/12/2017 07:15:00 PM,Saturday,19.15,3 Bor,Unclassified,0,6 Single Cwy,2 30 MPH,6 Crossroads,2 Auto Sig,B,517,4 Pelican Or Similar,2 Dark,1 Fine,1 Road-Dry,0 None,0 None,528270,184680,-0.151537,51.546447,,,Unknown,"(51.546447, -0.151537)",http://opendatacommunities.org/id/london-borough-council/camden,7577,21/12/2020 02:48:41 PM
1190186507,CAMDEN,2 PASSENGER,1 MALE,25-59,45,1,3 SLIGHT,'-2 NOT APPLICABLE,'-2 NOT APPLICABLE,4 CAR,"On Oak Village, 30 metres south of the junction with Mansfield Road.",2,15/05/2019 02:00:00 PM,Wednesday,14.00,3 BOR,5,0,3 DUAL CWY,20,00 NO JUN IN 20M,,0,0,9 UNKNOWN (S/R),2 DAYLIGHT,1 FINE,1 ROAD-DRY,0 NONE,0 NONE,528245,185569,-0.151574,51.554442,,,Unknown,"(51.554442, -0.151574)",http://opendatacommunities.org/id/london-borough-council/camden,9083,21/12/2020 02:48:44 PM
1170072518,CAMDEN,3 Pedestrian,2 Female,25-59,55,1,3 Slight,01 Crossing Road On Ped Xing,1 From Drivers N/Side,1 Pedestrian,SWINTON STREET J/W KINGS CROSS ROAD,1,14/11/2017 10:00:00 AM,Tuesday,10.00,1 TLRN,Unclassified,0,2 One-Way St,1 <= 20 MPH,3 T/Stag Jun,2 Auto Sig,A,501,5 Pedn Phase At Ats,1 Daylight,1 Fine,1 Road-Dry,0 None,0 None,530660,182800,-0.117787,51.529004,,,Unknown,"(51.529004, -0.117787)",http://opendatacommunities.org/id/london-borough-council/camden,7542,21/12/2020 02:48:41 PM
0115EK40933,CAMDEN,3 Pedestrian,1 Male,25-59,37,1,2 Serious,04 Crossing Road Within 50m Xing,1 From Drivers N/Side,1 Pedestrian,BEDFORD WAY J/W RUSSELL SQUARE.,1,21/10/2015 11:55:00 AM,Wednesday,11.55,3 Bor,C,0,6 Single Cwy,2 30 MPH,3 T/Stag Jun,4 Give Way/Uncontrolled,A,4200,1 Zebra,1 Daylight,1 Fine,1 Road-Dry,0 None,0 None,530030,182060,-0.127137,51.522499,,,Unknown,"(51.522499, -0.127137)",http://opendatacommunities.org/id/london-borough-council/camden,5363,21/12/2020 02:48:37 PM
1190171536,CAMDEN,2 PASSENGER,2 FEMALE,25-59,40,2,3 SLIGHT,'-2 NOT APPLICABLE,'-2 NOT APPLICABLE,4 CAR,"On Finchley Road, near the junction with Weech Road.",2,27/03/2019 12:00:00 PM,Wednesday,12.00,1 TLRN,A,41,3 DUAL CWY,30,09 OTHER JUN,4 GIVE WAY/UNCONTROLLED,6,0,0 NO XING FACILITY IN 50M,2 DAYLIGHT,1 FINE,1 ROAD-DRY,0 NONE,0 NONE,525267,185687,-0.194464,51.55617,,,Unknown,"(51.55617, -0.194464)",http://opendatacommunities.org/id/london-borough-council/camden,8876,21/12/2020 02:48:43 PM
1190221973,CAMDEN,1 DRIVER/RIDER,1 MALE,25-59,41,1,2 SERIOUS,'-2 NOT APPLICABLE,9 UNKNOWN OR OTHER,3 POWERED 2 WHEELER,"On Finchley road, near the junction with Langland Gardens.",2,01/12/2019 10:38:00 AM,Sunday,10.38,1 TLRN,A,41,3 DUAL CWY,30,03 T/STAG JUN,4 GIVE WAY/UNCONTROLLED,6,0,1 ZEBRA,2 DAYLIGHT,1 FINE,1 ROAD-DRY,0 NONE,0 NONE,525926,185223,-0.185129,51.551854,,,Unknown,"(51.551854, -0.185129)",http://opendatacommunities.org/id/london-borough-council/camden,9566,21/12/2020 02:48:45 PM
1170072802,CAMDEN,3 Pedestrian,2 Female,25-59,49,1,3 Slight,05 Crossing Road (Not On Xing),1 From Drivers N/Side,1 Pedestrian,CHALK FARM ROAD 21M E OF J/W FERDINAND STREET,1,25/11/2017 04:30:00 PM,Saturday,16.30,3 Bor,A,502,6 Single Cwy,2 30 MPH,0 No Jun In 20m,-2 Not Applicable,-2 Not Applicable,0,0 No Xing Facility In 50m,2 Dark,1 Fine,1 Road-Dry,0 None,0 None,528470,184280,-0.148801,51.542806,,,Unknown,"(51.542806, -0.148801)",http://opendatacommunities.org/id/london-borough-council/camden,7545,21/12/2020 02:48:41 PM