Reference,London Borough Name,Casualty Class,Casualty Sex,Casualty Age Band,Casualty Age,Number Of Casualties,Casualty Severity,Pedestrian Location,Pedestrian Movement,Mode Of Travel,Attendant Location,Number Of Vehicles,Date,Day,Time,Highway,Road Class 1,Road Number 1,Road Type,Speed Limit,Junction Detail,Junction Control,Road Class 2,Road Number 2,Pedestrian Crossing,Light Condition Band,Weather,Road Surface,Special Conditions,Carriage Way Hazard,Easting,Northing,Longitude,Latitude,Ward Code,Ward Name,Spatial Accuracy,Location,Organisation URI,Socrata ID,Last Uploaded
1180138919,CAMDEN,2 Passenger,2 Female,Unknown,0,1,3 Slight,-2 Unknown,-2 N/A,5 Taxi,REMNANT STREET J/W KINGSWAY,1,14/10/2018 01:30:00 AM,Sunday,1.30,3 Bor,A,4200,2 One-Way St,2 30 MPH,6 Crossroads,9 Unknown (S/R),B,402,9 Unknown (S/R),1 Daylight,8 Other,1 Road-Dry,0 None,0 None,530570,181390,-0.119606,51.516353,,,Unknown,"(51.516353, -0.119606)",http://opendatacommunities.org/id/london-borough-council/camden,8427,21/12/2020 02:48:43 PM
1170022928,CAMDEN,2 Passenger,2 Female,25-59,49,1,2 Serious,-2 Unknown,-2 N/A,6 Bus Or Coach,TOTTENHAM COURT ROAD J/W STEPHEN STREET,1,04/03/2017 12:00:00 PM,Saturday,12.00,3 Bor,A,400,2 One-Way St,2 30 MPH,3 T/Stag Jun,4 Give Way/Uncontrolled,Unclassified,0,0 No Xing Facility In 50m,1 Daylight,1 Fine,1 Road-Dry,0 None,0 None,529720,181550,-0.13179,51.517987,,,Unknown,"(51.517987, -0.13179)",http://opendatacommunities.org/id/london-borough-council/camden,6739,21/12/2020 02:48:39 PM
1170057994,CAMDEN,1 Driver/Rider,1 Male,25-59,45,1,3 Slight,-2 Unknown,-2 N/A,4 Car,RED LION STREET J/W THEOBALDS ROAD WC1,2,08/09/2017 02:30:00 PM,Friday,14.30,3 Bor,C,0,6 Single Cwy,1 <= 20 MPH,6 Crossroads,2 Auto Sig,A,401,0 No Xing Facility In 50m,2 Dark,1 Fine,2 Road-Wet,0 None,0 None,530690,181830,-0.117714,51.52028,,,Unknown,"(51.52028, -0.117714)",http://opendatacommunities.org/id/london-borough-council/camden,7307,21/12/2020 02:48:40 PM
1190220622,CAMDEN,1 DRIVER/RIDER,2 FEMALE,16-24,21,1,3 SLIGHT,'-2 NOT APPLICABLE,2 FROM DRIVERS N/SIDE MSK,2 PEDAL CYCLE,"On Pratt Street, near the junction with ROYAL COLLEGE STREET.",2,25/11/2019 08:35:00 AM,Monday,8.35,3 BOR,A,5202,2 ONE-WAY ST,20,03 T/STAG JUN,9 UNKNOWN (S/R),5,0,1 ZEBRA,2 DAYLIGHT,1 FINE,2 ROAD-WET,0 NONE,0 NONE,529362,183899,-0.136085,51.539179,,,Unknown,"(51.539179, -0.136085)",http://opendatacommunities.org/id/london-borough-council/camden,9549,21/12/2020 02:48:44 PM
1160007133,CAMDEN,2 Passenger,2 Female,25-59,45,1,3 Slight,-2 Unknown,-2 N/A,6 Bus Or Coach,FINCHLEY ROAD J/W CANNON HILL,2,15/12/2016 01:48:00 PM,Thursday,13.48,1 TLRN,A,41,3 Dual Cwy,2 30 MPH,6 Crossroads,2 Auto Sig,Unclassified,0,5 Pedn Phase At Ats,2 Dark,1 Fine,1 Road-Dry,0 None,0 None,525510,185460,-0.191041,51.554076,,,Unknown,"(51.554076, -0.191041)",http://opendatacommunities.org/id/london-borough-council/camden,5778,21/12/2020 02:48:37 PM
1180123816,CAMDEN,3 Pedestrian,2 Female,25-59,36,1,3 Slight,10 Unknown,9 Unknown Or Other,1 Pedestrian,SOUTHAMPTON ROAD 30M N OF J/W MALDEN ROAD,2,28/07/2018 01:50:00 PM,Saturday,13.50,3 Bor,B,517,6 Single Cwy,1 <= 20 MPH,0 No Jun In 20m,-2 Not Applicable,-2 Not Applicable,0,0 No Xing Facility In 50m,1 Daylight,1 Fine,1 Road-Dry,0 None,0 None,527889,185194,-0.156842,51.551152,,,Unknown,"(51.551152, -0.156842)",http://opendatacommunities.org/id/london-borough-council/camden,8208,21/12/2020 02:48:42 PM
0116EK40094,CAMDEN,3 Pedestrian,2 Female,25-59,53,1,2 Serious,04 Crossing Road Within 50m Xing,3 From Drivers O/Side,1 Pedestrian,HAMPSTEAD ROAD J/W DRUMMOND STREET.,1,20/02/2016 03:16:00 AM,Saturday,3.16,1 TLRN,A,400,6 Single Cwy,2 30 MPH,6 Crossroads,2 Auto Sig,C,0,5 Pedn Phase At Ats,2 Dark,1 Fine,2 Road-Wet,0 None,0 None,529220,182490,-0.138648,51.526549,,,Unknown,"(51.526549, -0.138648)",http://opendatacommunities.org/id/london-borough-council/camden,6052,21/12/2020 02:48:38 PM
1170050202,CAMDEN,1 Driver/Rider,1 Male,25-59,29,1,3 Slight,-2 Unknown,-2 N/A,2 Pedal Cycle,ROSSLYN HILL 21M S OF J/W DOWNSHIRE HILL,2,19/07/2017 09:35:00 PM,Wednesday,21.35,3 Bor,A,502,9 Unknown,2 30 MPH,0 No Jun In 20m,-2 Not Applicable,-2 Not Applicable,0,9 Unknown (S/R),2 Dark,1 Fine,1 Road-Dry,0 None,9 Unknown (S/R),526860,185520,-0.171558,51.554314,,,Unknown,"(51.554314, -0.171558)",http://opendatacommunities.org/id/london-borough-council/camden,7184,21/12/2020 02:48:40 PM
1160012653,CAMDEN,1 Driver/Rider,1 Male,25-59,40,1,3 Slight,-2 Unknown,-2 N/A,3 Powered 2 Wheeler,"ON NEW OXFORD STREET, NEAR THE JUNCTION WITH MUSEUM STREET .",2,10/09/2016 10:10:00 PM,Saturday,22.10,3 Bor,A,40,6 Single Cwy,2 30 MPH,6 Crossroads,2 Auto Sig,C,0,5 Pedn Phase At Ats,2 Dark,9 Unknown,1 Road-Dry,0 None,0 None,530190,181460,-0.125054,51.51707,,,Unknown,"(51.51707, -0.125054)",http://opendatacommunities.org/id/london-borough-council/camden,5845,21/12/2020 02:48:38 PM
1180129264,CAMDEN,1 Driver/Rider,1 Male,25-59,41,1,3 Slight,-2 Unknown,-2 N/A,4 Car,GRAYS INN ROAD J/W GRAYS INN ROAD,2,03/07/2018 06:45:00 AM,Tuesday,6.45,3 Bor,A,5200,6 Single Cwy,2 30 MPH,3 T/Stag Jun,2 Auto Sig,A,5200,9 Unknown (S/R),1 Daylight,1 Fine,9 Unknown (S/R),9 Unknown (S/R),0 None,530820,182250,-0.115686,51.524024,,,Unknown,"(51.524024, -0.115686)",http://opendatacommunities.org/id/london-borough-council/camden,8282,21/12/2020 02:48:42 PM
1170031927,CAMDEN,3 Pedestrian,1 Male,25-59,26,1,3 Slight,05 Crossing Road (Not On Xing),1 From Drivers N/Side,1 Pedestrian,CAMDEN LOCK MARKET 100M N OF J/W JAMESTOWN ROAD NW1,1,12/04/2017 08:15:00 PM,Wednesday,20.15,3 Bor,A,502,2 One-Way St,1 <= 20 MPH,0 No Jun In 20m,-2 Not Applicable,-2 Not Applicable,0,0 No Xing Facility In 50m,2 Dark,1 Fine,1 Road-Dry,0 None,0 None,528730,184110,-0.145115,51.541219,,,Unknown,"(51.541219, -0.145115)",http://opendatacommunities.org/id/london-borough-council/camden,6878,21/12/2020 02:48:39 PM
1170049930,CAMDEN,3 Pedestrian,1 Male,0-15,5,1,3 Slight,06 On Footpath - Verge,9 Unknown Or Other,1 Pedestrian,KILBURN HIGH ROAD 4M N OF J/W PRIORY PARK ROAD,1,15/07/2017 06:10:00 PM,Saturday,18.10,3 Bor,A,5,6 Single Cwy,2 30 MPH,3 T/Stag Jun,4 Give Way/Uncontrolled,Unclassified,0,9 Unknown (S/R),1 Daylight,9 Unknown,9 Unknown (S/R),9 Unknown (S/R),9 Unknown (S/R),525170,183920,-0.19649,51.540312,,,Unknown,"(51.540312, -0.19649)",http://opendatacommunities.org/id/london-borough-council/camden,7178,21/12/2020 02:48:40 PM
1180113431,CAMDEN,3 Pedestrian,2 Female,25-59,39,1,3 Slight,05 Crossing Road (Not On Xing),3 From Drivers O/Side,1 Pedestrian,QUEX ROAD 50M E OF J/W KILBURN HIGH ROAD THE NEAREST CLASSIFIED RO,1,10/06/2018 09:04:00 PM,Sunday,21.04,3 Bor,B,510,6 Single Cwy,1 <= 20 MPH,0 No Jun In 20m,-2 Not Applicable,-2 Not Applicable,0,0 No Xing Facility In 50m,1 Daylight,1 Fine,1 Road-Dry,0 None,0 None,525270,183870,-0.195067,51.53984,,,Unknown,"(51.53984, -0.195067)",http://opendatacommunities.org/id/london-borough-council/camden,8064,21/12/2020 02:48:42 PM
0116EK40158,CAMDEN,1 Driver/Rider,2 Female,Unknown,0,1,3 Slight,-2 Unknown,-2 N/A,2 Pedal Cycle,KENTISH TOWN RD J/W ISLIP STREET,2,16/03/2016 09:20:00 AM,Wednesday,9.20,3 Bor,A,400,6 Single Cwy,1 <= 20 MPH,3 T/Stag Jun,4 Give Way/Uncontrolled,Unclassified,0,4 Pelican Or Similar,1 Daylight,1 Fine,1 Road-Dry,0 None,0 None,529000,185060,-0.140876,51.549695,,,Unknown,"(51.549695, -0.140876)",http://opendatacommunities.org/id/london-borough-council/camden,6113,21/12/2020 02:48:38 PM
1170055408,CAMDEN,3 Pedestrian,2 Female,25-59,33,1,3 Slight,10 Unknown,9 Unknown Or Other,1 Pedestrian,PENTONVILLE ROAD J/W PENTONVILLE ROAD,1,20/07/2017 06:00:00 PM,Thursday,18.00,1 TLRN,A,501,9 Unknown,2 30 MPH,0 No Jun In 20m,-2 Not Applicable,-2 Not Applicable,0,9 Unknown (S/R),1 Daylight,9 Unknown,9 Unknown (S/R),9 Unknown (S/R),9 Unknown (S/R),530490,183010,-0.120159,51.53093,,,Unknown,"(51.53093, -0.120159)",http://opendatacommunities.org/id/london-borough-council/camden,7265,21/12/2020 02:48:40 PM
1170025813,CAMDEN,3 Pedestrian,2 Female,25-59,52,1,3 Slight,04 Crossing Road Within 50m Xing,9 Unknown Or Other,1 Pedestrian,KILBURN HIGH ROAD 70M N OF J/W QUEX ROAD THE NEAREST CLASSIFIED RO,1,16/03/2017 04:59:00 PM,Thursday,16.59,3 Bor,A,5,3 Dual Cwy,2 30 MPH,0 No Jun In 20m,-2 Not Applicable,-2 Not Applicable,0,4 Pelican Or Similar,1 Daylight,1 Fine,1 Road-Dry,0 None,0 None,525280,183790,-0.194951,51.539119,,,Unknown,"(51.539119, -0.194951)",http://opendatacommunities.org/id/london-borough-council/camden,6786,21/12/2020 02:48:39 PM
0115EK40814,CAMDEN,3 Pedestrian,2 Female,16-24,24,1,3 Slight,01 Crossing Road On Ped Xing,1 From Drivers N/Side,1 Pedestrian,FORTESS ROAD J/W KENTISH TOWN ROAD,1,19/09/2015 10:25:00 PM,Saturday,22.25,3 Bor,A,400,6 Single Cwy,1 <= 20 MPH,3 T/Stag Jun,2 Auto Sig,A,400,5 Pedn Phase At Ats,2 Dark,1 Fine,1 Road-Dry,0 None,0 None,528970,185290,-0.141224,51.551769,,,Unknown,"(51.551769, -0.141224)",http://opendatacommunities.org/id/london-borough-council/camden,5273,21/12/2020 02:48:37 PM
0115EK40566,CAMDEN,2 Passenger,2 Female,25-59,34,1,3 Slight,-2 Unknown,-2 N/A,4 Car,NFL SOUTHAMPTON ROW 50M SE J.W BLOOMSBURY PLACE,5,11/07/2015 05:15:00 PM,Saturday,17.15,3 Bor,A,4200,6 Single Cwy,2 30 MPH,0 No Jun In 20m,-2 Not Applicable,-2 Not Applicable,0,0 No Xing Facility In 50m,1 Daylight,1 Fine,1 Road-Dry,0 None,0 None,530400,181730,-0.121929,51.519448,,,Unknown,"(51.519448, -0.121929)",http://opendatacommunities.org/id/london-borough-council/camden,5053,21/12/2020 02:48:36 PM
1180105320,CAMDEN,3 Pedestrian,2 Female,25-59,31,1,3 Slight,05 Crossing Road (Not On Xing),1 From Drivers N/Side,1 Pedestrian,GREENCROFT GARDENS 78M N OF J/W NONE,1,02/05/2018 11:25:00 AM,Wednesday,11.25,3 Bor,Unclassified,0,2 One-Way St,1 <= 20 MPH,0 No Jun In 20m,-2 Not Applicable,-2 Not Applicable,0,0 No Xing Facility In 50m,1 Daylight,2 Raining,2 Road-Wet,0 None,0 None,526230,184470,-0.181017,51.545019,,,Unknown,"(51.545019, -0.181017)",http://opendatacommunities.org/id/london-borough-council/camden,7948,21/12/2020 02:48:41 PM
1180101893,CAMDEN,2 Passenger,2 Female,25-59,56,1,3 Slight,-2 Unknown,-2 N/A,4 Car,PLENDER STREET 1M S OF J/W BAYHAM STREET,2,15/04/2018 05:15:00 PM,Sunday,17.15,3 Bor,Unclassified,0,2 One-Way St,1 <= 20 MPH,6 Crossroads,4 Give Way/Uncontrolled,C,0,1 Zebra,1 Daylight,1 Fine,1 Road-Dry,0 None,0 None,529190,183560,-0.138688,51.536172,,,Unknown,"(51.536172, -0.138688)",http://opendatacommunities.org/id/london-borough-council/camden,7890,21/12/2020 02:48:41 PM
1190195283,CAMDEN,2 PASSENGER,1 MALE,25-59,39,6,3 SLIGHT,'-2 NOT APPLICABLE,1 FROM DRIVERS N/SIDE,4 CAR,"On Finchley Road, 300 metres south of the junction with Alvanley Gardens.. The nearest classified road was the B1",2,22/07/2019 11:36:00 PM,Monday,23.36,1 TLRN,A,41,3 DUAL CWY,40,00 NO JUN IN 20M,,0,0,8 CENTRAL REFUGE,1 DARK,1 FINE,1 ROAD-DRY,0 NONE,0 NONE,525814,185288,-0.18672,51.552463,,,Unknown,"(51.552463, -0.18672)",http://opendatacommunities.org/id/london-borough-council/camden,9217,21/12/2020 02:48:44 PM
1170078638,CAMDEN,1 Driver/Rider,1 Male,25-59,27,1,3 Slight,-2 Unknown,-2 N/A,2 Pedal Cycle,CASTLEHAVEN ROAD NW1 J/W CLARENCE WAY NW1,2,17/12/2017 03:34:00 PM,Sunday,15.34,3 Bor,C,0,3 Dual Cwy,1 <= 20 MPH,6 Crossroads,4 Give Way/Uncontrolled,Unclassified,0,0 No Xing Facility In 50m,2 Dark,2 Raining,2 Road-Wet,0 None,0 None,528790,184400,-0.144145,51.543812,,,Unknown,"(51.543812, -0.144145)",http://opendatacommunities.org/id/london-borough-council/camden,7618,21/12/2020 02:48:41 PM
1180087479,CAMDEN,3 Pedestrian,2 Female,16-24,18,1,3 Slight,04 Crossing Road Within 50m Xing,3 From Drivers O/Side,1 Pedestrian,TOTTENHAM COURT ROAD J/W STORE STREET,1,02/02/2018 04:38:00 PM,Friday,16.38,3 Bor,A,400,2 One-Way St,2 30 MPH,3 T/Stag Jun,4 Give Way/Uncontrolled,C,0,4 Pelican Or Similar,1 Daylight,1 Fine,1 Road-Dry,0 None,0 None,529640,181710,-0.132884,51.519443,,,Unknown,"(51.519443, -0.132884)",http://opendatacommunities.org/id/london-borough-council/camden,7714,21/12/2020 02:48:41 PM
1190171637,CAMDEN,1 DRIVER/RIDER,2 FEMALE,25-59,27,1,3 SLIGHT,'-2 NOT APPLICABLE,'-2 NOT APPLICABLE,2 PEDAL CYCLE,"On Theobalds Road, near the junction with Grays Inn road.",2,26/03/2019 07:00:00 PM,Tuesday,19.00,3 BOR,A,5200,2 ONE-WAY ST,20,06 CROSSROADS,2 AUTO SIG,A,5200,1 ZEBRA,1 DARK,9 UNKNOWN,9 UNKNOWN (S/R),0 NONE,0 NONE,530981,181972,-0.11347,51.521488,,,Unknown,"(51.521488, -0.11347)",http://opendatacommunities.org/id/london-borough-council/camden,8881,21/12/2020 02:48:43 PM
1170074914,CAMDEN,2 Passenger,2 Female,16-24,22,1,3 Slight,-2 Unknown,-2 N/A,6 Bus Or Coach,PRINCE OF WALES ROAD J/W FERDINAND STREET,2,02/12/2017 07:15:00 PM,Saturday,19.15,3 Bor,Unclassified,0,6 Single Cwy,2 30 MPH,6 Crossroads,2 Auto Sig,B,517,4 Pelican Or Similar,2 Dark,1 Fine,1 Road-Dry,0 None,0 None,528270,184680,-0.151537,51.546447,,,Unknown,"(51.546447, -0.151537)",http://opendatacommunities.org/id/london-borough-council/camden,7576,21/12/2020 02:48:41 PM
1180088706,CAMDEN,1 Driver/Rider,1 Male,16-24,23,1,3 Slight,-2 Unknown,-2 N/A,3 Powered 2 Wheeler,CAMDEN ROAD J/W WHITCHER PLACE,2,07/02/2018 05:46:00 PM,Wednesday,17.46,1 TLRN,A,503,6 Single Cwy,2 30 MPH,3 T/Stag Jun,4 Give Way/Uncontrolled,Unclassified,0,0 No Xing Facility In 50m,2 Dark,1 Fine,1 Road-Dry,0 None,0 None,529400,184490,-0.13532,51.544481,,,Unknown,"(51.544481, -0.13532)",http://opendatacommunities.org/id/london-borough-council/camden,7728,21/12/2020 02:48:41 PM
1160024601,CAMDEN,1 Driver/Rider,1 Male,16-24,17,1,3 Slight,-2 Unknown,-2 N/A,3 Powered 2 Wheeler,GUILFORD STREET J/W DOUGHTY STREET,2,07/10/2016 06:05:00 PM,Friday,18.05,3 Bor,B,502,6 Single Cwy,2 30 MPH,6 Crossroads,4 Give Way/Uncontrolled,Unclassified,0,1 Zebra,1 Daylight,1 Fine,1 Road-Dry,0 None,0 None,530720,182250,-0.117127,51.524047,,,Unknown,"(51.524047, -0.117127)",http://opendatacommunities.org/id/london-borough-council/camden,5917,21/12/2020 02:48:38 PM
1170052732,CAMDEN,3 Pedestrian,2 Female,25-59,32,1,3 Slight,10 Unknown,9 Unknown Or Other,1 Pedestrian,BAYNES STREET J/W ST PANCRAS WAY,1,08/08/2017 10:17:00 PM,Tuesday,22.17,3 Bor,C,0,2 One-Way St,1 <= 20 MPH,3 T/Stag Jun,4 Give Way/Uncontrolled,A,5202,0 No Xing Facility In 50m,2 Dark,1 Fine,1 Road-Dry,0 None,0 None,529402,184171,-0.135408,51.541614,,,Unknown,"(51.541614, -0.135408)",http://opendatacommunities.org/id/london-borough-council/camden,7232,21/12/2020 02:48:40 PM
1180126147,CAMDEN,2 Passenger,2 Female,60+,83,1,3 Slight,-2 Unknown,-2 N/A,6 Bus Or Coach,WEST END LANE BUS STOP R WEST END GREEN J/W INGLEWOOD ROAD,1,09/08/2018 06:01:00 PM,Thursday,18.01,3 Bor,B,510,6 Single Cwy,1 <= 20 MPH,3 T/Stag Jun,3 Stop Sign,Unclassified,0,1 Zebra,1 Daylight,1 Fine,2 Road-Wet,0 None,0 None,525483,185120,-0.191552,51.551027,,,Unknown,"(51.551027, -0.191552)",http://opendatacommunities.org/id/london-borough-council/camden,8239,21/12/2020 02:48:42 PM
0115EK40742,CAMDEN,1 Driver/Rider,1 Male,25-59,41,1,3 Slight,-2 Unknown,-2 N/A,3 Powered 2 Wheeler,TOTTENHAM COURT ROAD J/W UNIVERSITY STREET.,2,13/07/2015 03:00:00 PM,Monday,15.00,3 Bor,A,400,2 One-Way St,2 30 MPH,6 Crossroads,2 Auto Sig,C,0,5 Pedn Phase At Ats,1 Daylight,1 Fine,1 Road-Dry,0 None,6 Ped In Cwy (Not Inj),529370,182080,-0.136637,51.52283,,,Unknown,"(51.52283, -0.136637)",http://opendatacommunities.org/id/london-borough-council/camden,5210,21/12/2020 02:48:37 PM
1190215208,CAMDEN,1 DRIVER/RIDER,1 MALE,25-59,25,1,3 SLIGHT,'-2 NOT APPLICABLE,'-2 NOT APPLICABLE,3 POWERED 2 WHEELER,"On High Holborn, 50 metres east of the junction with Newton Street.",1,31/10/2019 02:07:00 AM,Thursday,2.07,3 BOR,A,40,2 ONE-WAY ST,20,00 NO JUN IN 20M,,0,0,9 UNKNOWN (S/R),2 DAYLIGHT,1 FINE,1 ROAD-DRY,9 UNKNOWN (S/R),0 NONE,530420,181514,-0.121721,51.517502,,,Unknown,"(51.517502, -0.121721)",http://opendatacommunities.org/id/london-borough-council/camden,9479,21/12/2020 02:48:44 PM
1170019356,CAMDEN,2 Passenger,2 Female,16-24,18,1,3 Slight,-2 Unknown,-2 N/A,6 Bus Or Coach,UPPER WOBURN PLACE J/W EUSTON ROAD,2,18/02/2017 10:30:00 AM,Saturday,10.30,1 TLRN,A,4200,6 Single Cwy,2 30 MPH,6 Crossroads,2 Auto Sig,A,501,5 Pedn Phase At Ats,1 Daylight,1 Fine,1 Road-Dry,0 None,0 None,529770,182570,-0.130695,51.527142,,,Unknown,"(51.527142, -0.130695)",http://opendatacommunities.org/id/london-borough-council/camden,6685,21/12/2020 02:48:39 PM
1190212561,CAMDEN,1 DRIVER/RIDER,1 MALE,60+,65,1,3 SLIGHT,'-2 NOT APPLICABLE,'-2 NOT APPLICABLE,2 PEDAL CYCLE,"On MALDEN ROAD, 10 metres south of the junction with MARSDEN ROAD.",2,18/10/2019 03:25:00 PM,Friday,15.25,3 BOR,B,517,3 DUAL CWY,30,06 CROSSROADS,4 GIVE WAY/UNCONTROLLED,6,0,0 NO XING FACILITY IN 50M,2 DAYLIGHT,1 FINE,2 ROAD-WET,0 NONE,0 NONE,528380,184596,-0.149982,51.545667,,,Unknown,"(51.545667, -0.149982)",http://opendatacommunities.org/id/london-borough-council/camden,9453,21/12/2020 02:48:44 PM
1160012133,CAMDEN,1 Driver/Rider,1 Male,25-59,48,1,3 Slight,-2 Unknown,-2 N/A,3 Powered 2 Wheeler,"ON EUSTON ROAD, NEAR THE JUNCTION WITH JUDD STREET .",2,10/09/2016 04:50:00 AM,Saturday,4.50,1 TLRN,A,501,6 Single Cwy,2 30 MPH,6 Crossroads,2 Auto Sig,B,504,5 Pedn Phase At Ats,1 Daylight,9 Unknown,1 Road-Dry,0 None,0 None,530090,182790,-0.126003,51.529045,,,Unknown,"(51.529045, -0.126003)",http://opendatacommunities.org/id/london-borough-council/camden,5821,21/12/2020 02:48:37 PM
1190191699,CAMDEN,1 DRIVER/RIDER,1 MALE,25-59,47,1,3 SLIGHT,'-2 NOT APPLICABLE,'-2 NOT APPLICABLE,3 POWERED 2 WHEELER,"On Finchley Road, near the junction with Arkwright Road.",3,29/05/2019 05:20:00 PM,Wednesday,17.20,1 TLRN,A,41,2 ONE-WAY ST,30,03 T/STAG JUN,4 GIVE WAY/UNCONTROLLED,A,41,8 CENTRAL REFUGE,2 DAYLIGHT,1 FINE,1 ROAD-DRY,0 NONE,0 NONE,526067,185100,-0.18314,51.550717,,,Unknown,"(51.550717, -0.18314)",http://opendatacommunities.org/id/london-borough-council/camden,9162,21/12/2020 02:48:44 PM
1190216178,CAMDEN,1 DRIVER/RIDER,1 MALE,25-59,35,1,3 SLIGHT,'-2 NOT APPLICABLE,'-2 NOT APPLICABLE,3 POWERED 2 WHEELER,"On York Way, near the junction with Canal Reach.",2,05/11/2019 06:25:00 AM,Tuesday,6.25,3 BOR,A,5200,6 SINGLE CWY,20,03 T/STAG JUN,4 GIVE WAY/UNCONTROLLED,6,0,1 ZEBRA,2 DAYLIGHT,1 FINE,1 ROAD-DRY,0 NONE,0 NONE,530166,183964,-0.124474,51.539578,,,Unknown,"(51.539578, -0.124474)",http://opendatacommunities.org/id/london-borough-council/camden,9495,21/12/2020 02:48:44 PM
0116YR90167,CAMDEN,1 Driver/Rider,1 Male,25-59,39,1,2 Serious,-2 Unknown,-2 N/A,2 Pedal Cycle,"HIGHGATE HILL, J/W CHOLMELEY PARK",2,08/03/2016 07:48:00 AM,Tuesday,7.48,3 Bor,B,519,6 Single Cwy,2 30 MPH,3 T/Stag Jun,4 Give Way/Uncontrolled,Unclassified,0,4 Pelican Or Similar,1 Daylight,1 Fine,1 Road-Dry,0 None,0 None,528690,187320,-0.144518,51.570076,,,Unknown,"(51.570076, -0.144518)",http://opendatacommunities.org/id/london-borough-council/camden,6557,21/12/2020 02:48:39 PM
0115EK40623,CAMDEN,3 Pedestrian,1 Male,60+,75,1,3 Slight,01 Crossing Road On Ped Xing,3 From Drivers O/Side,1 Pedestrian,SOUTHAMPTON ROW J/W RUSSELL SQUARE,1,26/07/2015 11:50:00 AM,Sunday,11.50,3 Bor,A,4200,6 Single Cwy,2 30 MPH,3 T/Stag Jun,2 Auto Sig,A,4200,5 Pedn Phase At Ats,1 Daylight,2 Raining,2 Road-Wet,0 None,0 None,530240,181940,-0.124156,51.521372,,,Unknown,"(51.521372, -0.124156)",http://opendatacommunities.org/id/london-borough-council/camden,5104,21/12/2020 02:48:36 PM
1190191592,CAMDEN,1 DRIVER/RIDER,2 FEMALE,25-59,50,1,3 SLIGHT,'-2 NOT APPLICABLE,'-2 NOT APPLICABLE,4 CAR,"On Parkway, 25 metres west of the junction with Albert Street.",2,27/06/2019 11:09:00 AM,Thursday,11.09,3 BOR,A,4201,6 SINGLE CWY,20,00 NO JUN IN 20M,,0,0,5 PEDN PHASE AT ATS,2 DAYLIGHT,8 OTHER,1 ROAD-DRY,0 NONE,0 NONE,528749,183725,-0.144982,51.537755,,,Unknown,"(51.537755, -0.144982)",http://opendatacommunities.org/id/london-borough-council/camden,9160,21/12/2020 02:48:44 PM
1170013407,CAMDEN,1 Driver/Rider,1 Male,25-59,40,1,3 Slight,-2 Unknown,-2 N/A,3 Powered 2 Wheeler,FITZJOHN'S AVENUE J/W NETHERHALL GARDENS,2,21/01/2017 01:08:00 PM,Saturday,13.08,3 Bor,B,511,6 Single Cwy,1 <= 20 MPH,3 T/Stag Jun,4 Give Way/Uncontrolled,Unclassified,0,0 No Xing Facility In 50m,1 Daylight,1 Fine,1 Road-Dry,0 None,0 None,526560,185290,-0.175965,51.552314,,,Unknown,"(51.552314, -0.175965)",http://opendatacommunities.org/id/london-borough-council/camden,6604,21/12/2020 02:48:39 PM
1170068528,CAMDEN,1 Driver/Rider,2 Female,16-24,24,1,2 Serious,-2 Unknown,-2 N/A,2 Pedal Cycle,KENTISH TOWN ROAD J/W LEIGHTON ROAD NW5,2,07/11/2017 08:04:00 AM,Tuesday,8.04,3 Bor,A,400,6 Single Cwy,1 <= 20 MPH,6 Crossroads,2 Auto Sig,C,0,5 Pedn Phase At Ats,1 Daylight,1 Fine,1 Road-Dry,0 None,0 None,529008,185189,-0.140714,51.550853,,,Unknown,"(51.550853, -0.140714)",http://opendatacommunities.org/id/london-borough-council/camden,7488,21/12/2020 02:48:41 PM
1180082816,CAMDEN,1 Driver/Rider,1 Male,25-59,47,1,2 Serious,-2 Unknown,-2 N/A,2 Pedal Cycle,CAMDEN ROAD J/W ROYAL COLLEGE STREET,2,10/01/2018 11:38:00 PM,Wednesday,23.38,1 TLRN,A,503,6 Single Cwy,2 30 MPH,6 Crossroads,2 Auto Sig,A,5202,0 No Xing Facility In 50m,2 Dark,2 Raining,2 Road-Wet,0 None,0 None,529190,184180,-0.13846,51.541743,,,Unknown,"(51.541743, -0.13846)",http://opendatacommunities.org/id/london-borough-council/camden,7657,21/12/2020 02:48:41 PM
1190161128,CAMDEN,1 DRIVER/RIDER,1 MALE,25-59,42,1,3 SLIGHT,'-2 NOT APPLICABLE,'-2 NOT APPLICABLE,3 POWERED 2 WHEELER,"On Tottenham Court Road, near the junction with BAYLEY STREET.",1,03/02/2019 02:00:00 PM,Saturday,14.00,3 BOR,A,400,2 ONE-WAY ST,20,03 T/STAG JUN,2 AUTO SIG,B,506,4 PELICAN OR SIMILAR,1 DARK,1 FINE,1 ROAD-DRY,4 ROADWORKS,0 NONE,529685,181602,-0.132275,51.518462,,,Unknown,"(51.518462, -0.132275)",http://opendatacommunities.org/id/london-borough-council/camden,8749,21/12/2020 02:48:43 PM
0115SX20838,CAMDEN,2 Passenger,1 Male,25-59,37,1,3 Slight,-2 Unknown,-2 N/A,7 Goods Vehicle,"WEST HEATH ROAD, 87M EAST OF J/W TEMPLEWOOD AVENUE",3,21/09/2015 11:53:00 AM,Monday,11.53,3 Bor,C,0,6 Single Cwy,2 30 MPH,0 No Jun In 20m,-2 Not Applicable,-2 Not Applicable,0,0 No Xing Facility In 50m,1 Daylight,2 Raining,2 Road-Wet,0 None,0 None,525930,186370,-0.184661,51.562161,,,Unknown,"(51.562161, -0.184661)",http://opendatacommunities.org/id/london-borough-council/camden,5634,21/12/2020 02:48:37 PM