Reference,London Borough Name,Casualty Class,Casualty Sex,Casualty Age Band,Casualty Age,Number Of Casualties,Casualty Severity,Pedestrian Location,Pedestrian Movement,Mode Of Travel,Attendant Location,Number Of Vehicles,Date,Day,Time,Highway,Road Class 1,Road Number 1,Road Type,Speed Limit,Junction Detail,Junction Control,Road Class 2,Road Number 2,Pedestrian Crossing,Light Condition Band,Weather,Road Surface,Special Conditions,Carriage Way Hazard,Easting,Northing,Longitude,Latitude,Ward Code,Ward Name,Spatial Accuracy,Location,Organisation URI,Socrata ID,Last Uploaded
0116EK40221,CAMDEN,3 Pedestrian,1 Male,16-24,21,1,3 Slight,01 Crossing Road On Ped Xing,1 From Drivers N/Side,1 Pedestrian,CHALK FARM ROAD J/W HARTLAND ROAD,1,16/04/2016 07:00:00 PM,Saturday,19.00,3 Bor,A,502,6 Single Cwy,1 <= 20 MPH,3 T/Stag Jun,4 Give Way/Uncontrolled,Unclassified,0,1 Zebra,1 Daylight,1 Fine,1 Road-Dry,0 None,0 None,528570,184240,-0.147374,51.542424,,,Unknown,"(51.542424, -0.147374)",http://opendatacommunities.org/id/london-borough-council/camden,6166,21/12/2020 02:48:38 PM
0115QK50623,CAMDEN,2 Passenger,2 Female,0-15,9,1,3 Slight,-2 Unknown,-2 N/A,6 Bus Or Coach,KILBURN HIGH RD J/W BRONDESBURY VILLAS,2,04/08/2015 05:03:00 PM,Tuesday,17.03,3 Bor,A,5,6 Single Cwy,2 30 MPH,3 T/Stag Jun,4 Give Way/Uncontrolled,Unclassified,0,0 No Xing Facility In 50m,1 Daylight,1 Fine,1 Road-Dry,0 None,0 None,525400,183640,-0.193275,51.537744,,,Unknown,"(51.537744, -0.193275)",http://opendatacommunities.org/id/london-borough-council/camden,5620,21/12/2020 02:48:37 PM
1170058124,CAMDEN,2 Passenger,2 Female,25-59,43,1,3 Slight,-2 Unknown,-2 N/A,4 Car,ROSSLYN HILL J/W POND STREET,2,09/09/2017 05:59:00 PM,Saturday,17.59,3 Bor,A,502,6 Single Cwy,2 30 MPH,6 Crossroads,2 Auto Sig,A,502,5 Pedn Phase At Ats,1 Daylight,1 Fine,1 Road-Dry,0 None,0 None,527040,185380,-0.169013,51.553015,,,Unknown,"(51.553015, -0.169013)",http://opendatacommunities.org/id/london-borough-council/camden,7312,21/12/2020 02:48:40 PM
0116EK40404,CAMDEN,3 Pedestrian,2 Female,25-59,29,1,3 Slight,04 Crossing Road Within 50m Xing,2 From Drivers N/Side Msk,1 Pedestrian,GOWER STREET J/W STORE STREET.,1,09/06/2016 01:55:00 PM,Thursday,13.55,3 Bor,A,400,2 One-Way St,2 30 MPH,6 Crossroads,2 Auto Sig,C,0,5 Pedn Phase At Ats,1 Daylight,1 Fine,1 Road-Dry,0 None,0 None,529820,181800,-0.130258,51.52021,,,Unknown,"(51.52021, -0.130258)",http://opendatacommunities.org/id/london-borough-council/camden,6321,21/12/2020 02:48:38 PM
0115EK40962,CAMDEN,1 Driver/Rider,1 Male,25-59,25,1,3 Slight,-2 Unknown,-2 N/A,2 Pedal Cycle,HAMPSTEAD ROAD J/W MORNINGTON CRESCENT,2,09/10/2015 06:00:00 PM,Friday,18.00,1 TLRN,A,400,3 Dual Cwy,2 30 MPH,3 T/Stag Jun,4 Give Way/Uncontrolled,Unclassified,0,0 No Xing Facility In 50m,1 Daylight,1 Fine,1 Road-Dry,0 None,0 None,529160,183350,-0.139197,51.534291,,,Unknown,"(51.534291, -0.139197)",http://opendatacommunities.org/id/london-borough-council/camden,5388,21/12/2020 02:48:37 PM
1170040399,CAMDEN,1 Driver/Rider,1 Male,25-59,36,1,3 Slight,-2 Unknown,-2 N/A,3 Powered 2 Wheeler,TOTTENHAM COURT ROAD J/W NEW OXFORD STREET,2,25/05/2017 07:05:00 PM,Thursday,19.05,3 Bor,A,400,6 Single Cwy,1 <= 20 MPH,6 Crossroads,2 Auto Sig,A,40,4 Pelican Or Similar,1 Daylight,1 Fine,1 Road-Dry,0 None,0 None,529820,181380,-0.130412,51.516436,,,Unknown,"(51.516436, -0.130412)",http://opendatacommunities.org/id/london-borough-council/camden,7005,21/12/2020 02:48:39 PM
1170065150,CAMDEN,3 Pedestrian,2 Female,60+,72,1,3 Slight,01 Crossing Road On Ped Xing,9 Unknown Or Other,1 Pedestrian,ADELAIDE ROAD J/W KING HENRYS ROAD,1,21/09/2017 03:45:00 PM,Thursday,15.45,3 Bor,B,509,6 Single Cwy,2 30 MPH,7 Multi Jun,2 Auto Sig,Unclassified,0,4 Pelican Or Similar,1 Daylight,1 Fine,1 Road-Dry,0 None,9 Unknown (S/R),526920,184170,-0.17118,51.542168,,,Unknown,"(51.542168, -0.17118)",http://opendatacommunities.org/id/london-borough-council/camden,7430,21/12/2020 02:48:40 PM
0115EK40515,CAMDEN,1 Driver/Rider,1 Male,25-59,37,1,3 Slight,-2 Unknown,-2 N/A,3 Powered 2 Wheeler,FINCHLEY ROAD 86M NW OF J/W CANFIELD GARDENS,2,27/06/2015 07:15:00 PM,Saturday,19.15,1 TLRN,A,41,3 Dual Cwy,3 40 MPH,0 No Jun In 20m,-2 Not Applicable,-2 Not Applicable,0,0 No Xing Facility In 50m,1 Daylight,1 Fine,1 Road-Dry,0 None,0 None,526280,184750,-0.180195,51.547524,,,Unknown,"(51.547524, -0.180195)",http://opendatacommunities.org/id/london-borough-council/camden,5004,21/12/2020 02:48:36 PM
0115EK41104,CAMDEN,1 Driver/Rider,1 Male,25-59,54,1,3 Slight,-2 Unknown,-2 N/A,4 Car,FINCHLEY ROAD J/W FORTUNE GREEN ROAD,2,10/12/2015 05:18:00 PM,Thursday,17.18,1 TLRN,A,41,3 Dual Cwy,2 30 MPH,6 Crossroads,2 Auto Sig,B,510,5 Pedn Phase At Ats,2 Dark,1 Fine,2 Road-Wet,0 None,0 None,525170,185840,-0.195808,51.557567,,,Unknown,"(51.557567, -0.195808)",http://opendatacommunities.org/id/london-borough-council/camden,5511,21/12/2020 02:48:37 PM
1190177379,CAMDEN,3 PEDESTRIAN,1 MALE,25-59,34,1,3 SLIGHT,01 CROSSING ROAD ON PED XING,1 FROM DRIVERS N/SIDE,1 PEDESTRIAN,"On Euston Road, near the junction with Pancras Road.",1,26/04/2019 03:55:00 PM,Friday,15.55,1 TLRN,A,501,3 DUAL CWY,20,06 CROSSROADS,2 AUTO SIG,A,5202,4 PELICAN OR SIMILAR,2 DAYLIGHT,1 FINE,1 ROAD-DRY,0 NONE,0 NONE,530201,182894,-0.124365,51.529954,,,Unknown,"(51.529954, -0.124365)",http://opendatacommunities.org/id/london-borough-council/camden,8949,21/12/2020 02:48:44 PM
1180145588,CAMDEN,3 Pedestrian,2 Female,60+,69,1,3 Slight,05 Crossing Road (Not On Xing),1 From Drivers N/Side,1 Pedestrian,FINCHLEY ROAD J/W FROGNAL LANE,1,14/11/2018 12:45:00 PM,Wednesday,12.45,1 TLRN,A,41,3 Dual Cwy,2 30 MPH,6 Crossroads,2 Auto Sig,A,41,0 No Xing Facility In 50m,1 Daylight,1 Fine,1 Road-Dry,0 None,0 None,525690,185330,-0.188493,51.552868,,,Unknown,"(51.552868, -0.188493)",http://opendatacommunities.org/id/london-borough-council/camden,8521,21/12/2020 02:48:43 PM
1180092310,CAMDEN,1 Driver/Rider,1 Male,25-59,37,1,3 Slight,-2 Unknown,-2 N/A,3 Powered 2 Wheeler,BLOOMSBURY WAY 50M S OF J/W BURY PLACE,2,24/02/2018 12:00:00 PM,Saturday,12.00,3 Bor,A,40,2 One-Way St,1 <= 20 MPH,0 No Jun In 20m,-2 Not Applicable,-2 Not Applicable,0,5 Pedn Phase At Ats,1 Daylight,1 Fine,1 Road-Dry,0 None,0 None,530280,181540,-0.123728,51.517768,,,Unknown,"(51.517768, -0.123728)",http://opendatacommunities.org/id/london-borough-council/camden,7771,21/12/2020 02:48:41 PM
1190217025,CAMDEN,1 DRIVER/RIDER,2 FEMALE,25-59,45,1,3 SLIGHT,'-2 NOT APPLICABLE,'-2 NOT APPLICABLE,3 POWERED 2 WHEELER,"On Camden Road, near the junction with St Pancras Way.",2,09/11/2019 09:18:00 AM,Saturday,9.18,1 TLRN,A,503,6 SINGLE CWY,30,06 CROSSROADS,2 AUTO SIG,A,5202,5 PEDN PHASE AT ATS,2 DAYLIGHT,1 FINE,2 ROAD-WET,0 NONE,0 NONE,529274,184321,-0.137198,51.542991,,,Unknown,"(51.542991, -0.137198)",http://opendatacommunities.org/id/london-borough-council/camden,9503,21/12/2020 02:48:44 PM
1180120991,CAMDEN,3 Pedestrian,2 Female,25-59,36,1,3 Slight,01 Crossing Road On Ped Xing,9 Unknown Or Other,1 Pedestrian,SWAIN'S LANE J/W HIGHGATE HILL,1,13/07/2018 12:10:00 PM,Friday,12.10,3 Bor,Unclassified,0,9 Unknown,1 <= 20 MPH,3 T/Stag Jun,9 Unknown (S/R),Unclassified,0,1 Zebra,1 Daylight,8 Other,1 Road-Dry,9 Unknown (S/R),0 None,528330,186390,-0.150049,51.5618,,,Unknown,"(51.5618, -0.150049)",http://opendatacommunities.org/id/london-borough-council/camden,8178,21/12/2020 02:48:42 PM
1190182028,CAMDEN,1 DRIVER/RIDER,2 FEMALE,60+,67,1,3 SLIGHT,'-2 NOT APPLICABLE,'-2 NOT APPLICABLE,4 CAR,"On Boundary Road, near the junction with LOUDOUN RD.",2,20/05/2019 10:35:00 AM,Monday,10.35,3 BOR,6,0,6 SINGLE CWY,30,09 OTHER JUN,4 GIVE WAY/UNCONTROLLED,6,0,0 NO XING FACILITY IN 50M,2 DAYLIGHT,1 FINE,1 ROAD-DRY,0 NONE,0 NONE,526449,183893,-0.178067,51.539784,,,Unknown,"(51.539784, -0.178067)",http://opendatacommunities.org/id/london-borough-council/camden,9024,21/12/2020 02:48:44 PM
1190184333,CAMDEN,1 DRIVER/RIDER,2 FEMALE,25-59,33,1,3 SLIGHT,'-2 NOT APPLICABLE,'-2 NOT APPLICABLE,4 CAR,"On Prince of Wales Road, NW5, near the junction with Crogsland Road, NW5.",2,31/05/2019 05:43:00 PM,Friday,17.43,3 BOR,5,0,6 SINGLE CWY,20,03 T/STAG JUN,4 GIVE WAY/UNCONTROLLED,6,0,0 NO XING FACILITY IN 50M,2 DAYLIGHT,1 FINE,1 ROAD-DRY,0 NONE,0 NONE,528230,184617,-0.152137,51.545889,,,Unknown,"(51.545889, -0.152137)",http://opendatacommunities.org/id/london-borough-council/camden,9054,21/12/2020 02:48:44 PM
1190161303,CAMDEN,2 PASSENGER,2 FEMALE,16-24,22,1,3 SLIGHT,'-2 NOT APPLICABLE,'-2 NOT APPLICABLE,4 CAR,"On Eversholt Street, near the junction with CRANLEIGH ROAD.",2,03/02/2019 06:43:00 PM,Sunday,18.43,3 BOR,A,4200,3 DUAL CWY,20,03 T/STAG JUN,4 GIVE WAY/UNCONTROLLED,6,0,0 NO XING FACILITY IN 50M,1 DARK,1 FINE,1 ROAD-DRY,0 NONE,0 NONE,529361,183156,-0.136372,51.532502,,,Unknown,"(51.532502, -0.136372)",http://opendatacommunities.org/id/london-borough-council/camden,8751,21/12/2020 02:48:43 PM
1190170754,CAMDEN,3 PEDESTRIAN,2 FEMALE,60+,87,1,3 SLIGHT,01 CROSSING ROAD ON PED XING,1 FROM DRIVERS N/SIDE,1 PEDESTRIAN,"On Oxford Street, near the junction with Charing Cross Road.",1,22/03/2019 04:10:00 AM,Friday,4.10,3 BOR,A,40,6 SINGLE CWY,30,03 T/STAG JUN,2 AUTO SIG,A,400,5 PEDN PHASE AT ATS,2 DAYLIGHT,1 FINE,1 ROAD-DRY,4 ROADWORKS,0 NONE,529830,181387,-0.130266,51.516496,,,Unknown,"(51.516496, -0.130266)",http://opendatacommunities.org/id/london-borough-council/camden,8864,21/12/2020 02:48:43 PM
1180150693,CAMDEN,1 Driver/Rider,1 Male,25-59,26,1,3 Slight,-2 Unknown,-2 N/A,3 Powered 2 Wheeler,CUMBERLAND PLACE J/W OUTER CIRCLE,2,08/12/2018 05:40:00 PM,Saturday,17.40,3 Bor,Unclassified,0,6 Single Cwy,1 <= 20 MPH,99 Unknown (S/R),9 Unknown (S/R),Unclassified,0,5 Pedn Phase At Ats,1 Daylight,1 Fine,1 Road-Dry,0 None,0 None,528680,182940,-0.146263,51.530716,,,Unknown,"(51.530716, -0.146263)",http://opendatacommunities.org/id/london-borough-council/camden,8593,21/12/2020 02:48:43 PM
1190158916,CAMDEN,3 PEDESTRIAN,1 MALE,25-59,31,1,2 SERIOUS,05 CROSSING ROAD (NOT ON XING),3 FROM DRIVERS O/SIDE,1 PEDESTRIAN,NFL  Woburn Place JW Gordon Sq,1,22/01/2019 08:00:00 PM,Tuesday,20.00,3 BOR,A,4200,6 SINGLE CWY,30,06 CROSSROADS,2 AUTO SIG,6,0,5 PEDN PHASE AT ATS,1 DARK,2 RAINING,2 ROAD-WET,0 NONE,0 NONE,530000,182261,-0.127495,51.524312,,,Unknown,"(51.524312, -0.127495)",http://opendatacommunities.org/id/london-borough-council/camden,8714,21/12/2020 02:48:43 PM
1170023565,CAMDEN,2 Passenger,2 Female,25-59,52,1,3 Slight,-2 Unknown,-2 N/A,4 Car,KINGSWEAR ROAD J/W KINGSWEAR ROAD,2,07/03/2017 03:33:00 PM,Tuesday,15.33,3 Bor,Unclassified,0,6 Single Cwy,1 <= 20 MPH,3 T/Stag Jun,4 Give Way/Uncontrolled,Unclassified,0,0 No Xing Facility In 50m,1 Daylight,1 Fine,1 Road-Dry,0 None,0 None,528630,186460,-0.145698,51.562361,,,Unknown,"(51.562361, -0.145698)",http://opendatacommunities.org/id/london-borough-council/camden,6749,21/12/2020 02:48:39 PM
0115EK40461,CAMDEN,1 Driver/Rider,1 Male,25-59,37,1,3 Slight,-2 Unknown,-2 N/A,3 Powered 2 Wheeler,ST JOHN'S PARK J/W ADELAIDE ROAD,2,01/06/2015 08:00:00 PM,Monday,20.00,1 TLRN,B,509,2 One-Way St,2 30 MPH,7 Multi Jun,2 Auto Sig,A,41,5 Pedn Phase At Ats,1 Daylight,4 Fine/High Winds,1 Road-Dry,0 None,0 None,526740,184120,-0.173792,51.541759,,,Unknown,"(51.541759, -0.173792)",http://opendatacommunities.org/id/london-borough-council/camden,4953,21/12/2020 02:48:36 PM
1170065598,CAMDEN,1 Driver/Rider,1 Male,25-59,45,1,3 Slight,-2 Unknown,-2 N/A,3 Powered 2 Wheeler,HIGHGATE HIGH STREET J/W BISHAM GARDENS,2,20/10/2017 09:08:00 AM,Friday,9.08,3 Bor,B,519,6 Single Cwy,1 <= 20 MPH,3 T/Stag Jun,4 Give Way/Uncontrolled,Unclassified,0,1 Zebra,1 Daylight,1 Fine,2 Road-Wet,0 None,0 None,528560,187350,-0.146382,51.570375,,,Unknown,"(51.570375, -0.146382)",http://opendatacommunities.org/id/london-borough-council/camden,7440,21/12/2020 02:48:40 PM
1170061040,CAMDEN,2 Passenger,1 Male,16-24,24,1,3 Slight,-2 Unknown,-2 N/A,8 Other Vehicle,WOBURN PLACE 25M S OF J/W TAVISTOCK SQUARE,6,26/09/2017 01:19:00 PM,Tuesday,13.19,3 Bor,A,4200,3 Dual Cwy,1 <= 20 MPH,0 No Jun In 20m,-2 Not Applicable,-2 Not Applicable,0,5 Pedn Phase At Ats,1 Daylight,1 Fine,1 Road-Dry,0 None,0 None,529988,182283,-0.12766,51.524512,,,Unknown,"(51.524512, -0.12766)",http://opendatacommunities.org/id/london-borough-council/camden,7345,21/12/2020 02:48:40 PM
0115EK40899,CAMDEN,1 Driver/Rider,1 Male,16-24,23,1,3 Slight,-2 Unknown,-2 N/A,3 Powered 2 Wheeler,CHESTER GATE J/W OUTER CIRCLE,1,09/10/2015 10:12:00 AM,Friday,10.12,3 Bor,Unclassified,0,6 Single Cwy,1 <= 20 MPH,3 T/Stag Jun,4 Give Way/Uncontrolled,Unclassified,0,0 No Xing Facility In 50m,1 Daylight,1 Fine,1 Road-Dry,0 None,0 None,528730,182600,-0.145667,51.527649,,,Unknown,"(51.527649, -0.145667)",http://opendatacommunities.org/id/london-borough-council/camden,5340,21/12/2020 02:48:37 PM
1170010841,CAMDEN,1 Driver/Rider,1 Male,25-59,31,1,3 Slight,-2 Unknown,-2 N/A,3 Powered 2 Wheeler,KENTISH TOWN ROAD J/W ISLIP STREET,2,10/01/2017 07:50:00 PM,Tuesday,19.50,3 Bor,A,400,6 Single Cwy,1 <= 20 MPH,3 T/Stag Jun,4 Give Way/Uncontrolled,Unclassified,0,5 Pedn Phase At Ats,2 Dark,2 Raining,2 Road-Wet,0 None,0 None,528990,184990,-0.141046,51.549069,,,Unknown,"(51.549069, -0.141046)",http://opendatacommunities.org/id/london-borough-council/camden,6569,21/12/2020 02:48:39 PM
1170014586,CAMDEN,1 Driver/Rider,1 Male,25-59,27,1,2 Serious,-2 Unknown,-2 N/A,2 Pedal Cycle,ENDELL STREET 21M S OF J/W SHAFTSBURY AVENUE,4,26/01/2017 04:40:00 PM,Thursday,16.40,3 Bor,B,401,2 One-Way St,2 30 MPH,0 No Jun In 20m,-2 Not Applicable,-2 Not Applicable,0,0 No Xing Facility In 50m,2 Dark,1 Fine,1 Road-Dry,0 None,2 Other Object In Cwy,530140,181250,-0.125851,51.515194,,,Unknown,"(51.515194, -0.125851)",http://opendatacommunities.org/id/london-borough-council/camden,6616,21/12/2020 02:48:39 PM
0115EK40861,CAMDEN,1 Driver/Rider,1 Male,25-59,35,1,3 Slight,-2 Unknown,-2 N/A,2 Pedal Cycle,SHAFTESBURY AVENUE J/W MERCER STREET.,2,01/10/2015 04:25:00 PM,Thursday,16.25,3 Bor,A,401,6 Single Cwy,2 30 MPH,6 Crossroads,4 Give Way/Uncontrolled,Unclassified,0,1 Zebra,1 Daylight,1 Fine,1 Road-Dry,0 None,0 None,530000,181140,-0.127908,51.514238,,,Unknown,"(51.514238, -0.127908)",http://opendatacommunities.org/id/london-borough-council/camden,5309,21/12/2020 02:48:37 PM
1190223704,CAMDEN,3 PEDESTRIAN,1 MALE,25-59,43,1,3 SLIGHT,01 CROSSING ROAD ON PED XING,9 UNKNOWN OR OTHER,1 PEDESTRIAN,"On Upper Woburn Place, 30 metres south of the junction with ENDSLEIGH GARDENS.",1,08/12/2019 05:23:00 PM,Sunday,17.23,3 BOR,A,4200,6 SINGLE CWY,30,00 NO JUN IN 20M,,0,0,1 ZEBRA,1 DARK,1 FINE,1 ROAD-DRY,0 NONE,0 NONE,529835,182492,-0.129787,51.526426,,,Unknown,"(51.526426, -0.129787)",http://opendatacommunities.org/id/london-borough-council/camden,9602,21/12/2020 02:48:45 PM
0115EK40852,CAMDEN,1 Driver/Rider,1 Male,25-59,32,1,3 Slight,-2 Unknown,-2 N/A,3 Powered 2 Wheeler,HIGH HOLBORN J/W SHAFTESBURY AVENUE.,2,28/09/2015 01:05:00 PM,Monday,13.05,3 Bor,A,40,2 One-Way St,2 30 MPH,6 Crossroads,2 Auto Sig,A,401,5 Pedn Phase At Ats,1 Daylight,1 Fine,1 Road-Dry,0 None,0 None,530080,181300,-0.126697,51.515657,,,Unknown,"(51.515657, -0.126697)",http://opendatacommunities.org/id/london-borough-council/camden,5301,21/12/2020 02:48:37 PM
1180153084,CAMDEN,1 Driver/Rider,1 Male,25-59,53,1,3 Slight,-2 Unknown,-2 N/A,4 Car,FINCHLEY ROAD 33M N OF J/W PLATT'S LANE,3,19/12/2018 04:42:00 AM,Wednesday,4.42,1 TLRN,A,41,3 Dual Cwy,2 30 MPH,0 No Jun In 20m,-2 Not Applicable,-2 Not Applicable,0,4 Pelican Or Similar,2 Dark,2 Raining,2 Road-Wet,0 None,0 None,525160,185900,-0.195931,51.558108,,,Unknown,"(51.558108, -0.195931)",http://opendatacommunities.org/id/london-borough-council/camden,8629,21/12/2020 02:48:43 PM
1180100743,CAMDEN,1 Driver/Rider,2 Female,16-24,24,1,3 Slight,-2 Unknown,-2 N/A,4 Car,HILGROVE ROAD 88M W OF J/W ALEXANDRA ROAD,2,09/04/2018 09:35:00 AM,Monday,9.35,3 Bor,B,509,6 Single Cwy,2 30 MPH,0 No Jun In 20m,-2 Not Applicable,-2 Not Applicable,0,1 Zebra,1 Daylight,2 Raining,2 Road-Wet,0 None,0 None,526460,184120,-0.177827,51.541822,,,Unknown,"(51.541822, -0.177827)",http://opendatacommunities.org/id/london-borough-council/camden,7873,21/12/2020 02:48:41 PM
1170027795,CAMDEN,3 Pedestrian,1 Male,25-59,39,1,3 Slight,05 Crossing Road (Not On Xing),1 From Drivers N/Side,1 Pedestrian,SAINT CROSS STREET 10M W OF J/W LEATHER LANE,1,24/03/2017 04:30:00 PM,Friday,16.30,3 Bor,B,521,2 One-Way St,1 <= 20 MPH,6 Crossroads,4 Give Way/Uncontrolled,Unclassified,0,0 No Xing Facility In 50m,1 Daylight,8 Other,1 Road-Dry,1 Traf Sig Out,0 None,531300,181880,-0.108909,51.520588,,,Unknown,"(51.520588, -0.108909)",http://opendatacommunities.org/id/london-borough-council/camden,6816,21/12/2020 02:48:39 PM
1170016031,CAMDEN,2 Passenger,2 Female,25-59,42,1,3 Slight,-2 Unknown,-2 N/A,4 Car,KILBURN HIGH ROAD J/W WEST END LANE,2,02/02/2017 08:01:00 PM,Thursday,20.01,3 Bor,A,5,6 Single Cwy,2 30 MPH,3 T/Stag Jun,4 Give Way/Uncontrolled,Unclassified,0,4 Pelican Or Similar,2 Dark,1 Fine,1 Road-Dry,0 None,0 None,525370,183680,-0.193693,51.53811,,,Unknown,"(51.53811, -0.193693)",http://opendatacommunities.org/id/london-borough-council/camden,6640,21/12/2020 02:48:39 PM
1180151310,CAMDEN,2 Passenger,2 Female,25-59,35,1,3 Slight,-2 Unknown,-2 N/A,6 Bus Or Coach,HAMPSTEAD ROAD J/W DRUMMOND ST,1,11/12/2018 12:29:00 PM,Tuesday,12.29,1 TLRN,A,400,6 Single Cwy,2 30 MPH,9 Other Jun,2 Auto Sig,Unclassified,0,5 Pedn Phase At Ats,1 Daylight,1 Fine,1 Road-Dry,0 None,0 None,529220,182420,-0.138674,51.52592,,,Unknown,"(51.52592, -0.138674)",http://opendatacommunities.org/id/london-borough-council/camden,8601,21/12/2020 02:48:43 PM
1180127343,CAMDEN,1 Driver/Rider,1 Male,25-59,46,1,2 Serious,-2 Unknown,-2 N/A,3 Powered 2 Wheeler,TOTTENHAM COURT ROAD J/W GRAFTON WAY,3,16/08/2018 09:08:00 AM,Thursday,9.08,3 Bor,A,400,2 One-Way St,1 <= 20 MPH,6 Crossroads,2 Auto Sig,C,0,4 Pelican Or Similar,1 Daylight,2 Raining,2 Road-Wet,0 None,0 None,529320,182170,-0.137325,51.52365,,,Unknown,"(51.52365, -0.137325)",http://opendatacommunities.org/id/london-borough-council/camden,8255,21/12/2020 02:48:42 PM
0115EK40123,CAMDEN,2 Passenger,1 Male,0-15,10,1,3 Slight,-2 Unknown,-2 N/A,6 Bus Or Coach,NFL- KILBURN HIGH ROAD J/W BRONDESBURY VILLAS,1,17/02/2015 04:08:00 PM,Tuesday,16.08,3 Bor,A,5,6 Single Cwy,2 30 MPH,3 T/Stag Jun,4 Give Way/Uncontrolled,Unclassified,0,0 No Xing Facility In 50m,1 Daylight,1 Fine,1 Road-Dry,0 None,0 None,525410,183630,-0.193135,51.537652,,,Unknown,"(51.537652, -0.193135)",http://opendatacommunities.org/id/london-borough-council/camden,4676,21/12/2020 02:48:36 PM
1180081081,CAMDEN,1 Driver/Rider,1 Male,16-24,18,1,3 Slight,-2 Unknown,-2 N/A,3 Powered 2 Wheeler,GRAYS INN ROAD J/W GRAYS INN ROAD,2,02/01/2018 03:08:00 AM,Tuesday,3.08,1 TLRN,A,501,2 One-Way St,2 30 MPH,3 T/Stag Jun,2 Auto Sig,A,501,5 Pedn Phase At Ats,2 Dark,1 Fine,1 Road-Dry,0 None,0 None,530430,182940,-0.121049,51.530315,,,Unknown,"(51.530315, -0.121049)",http://opendatacommunities.org/id/london-borough-council/camden,7646,21/12/2020 02:48:41 PM
1190197601,CAMDEN,1 DRIVER/RIDER,1 MALE,16-24,22,1,3 SLIGHT,'-2 NOT APPLICABLE,'-2 NOT APPLICABLE,2 PEDAL CYCLE,"On Howitt Rd, 50 metres north of the junction with Haverstock Hill.",2,03/08/2019 06:20:00 PM,Saturday,18.20,3 BOR,6,0,6 SINGLE CWY,20,00 NO JUN IN 20M,,0,0,9 UNKNOWN (S/R),2 DAYLIGHT,1 FINE,1 ROAD-DRY,0 NONE,0 NONE,527257,184853,-0.166076,51.54823,,,Unknown,"(51.54823, -0.166076)",http://opendatacommunities.org/id/london-borough-council/camden,9252,21/12/2020 02:48:44 PM
1170077445,CAMDEN,3 Pedestrian,1 Male,25-59,54,1,3 Slight,04 Crossing Road Within 50m Xing,3 From Drivers O/Side,1 Pedestrian,KINGSWAY J/W KINGSWAY,1,12/12/2017 08:26:00 PM,Tuesday,20.26,3 Bor,A,4200,3 Dual Cwy,2 30 MPH,5 Slip Road,9 Unknown (S/R),A,4200,5 Pedn Phase At Ats,1 Daylight,2 Raining,9 Unknown (S/R),0 None,0 None,530580,181370,-0.119469,51.516171,,,Unknown,"(51.516171, -0.119469)",http://opendatacommunities.org/id/london-borough-council/camden,7606,21/12/2020 02:48:41 PM
0116EK40037,CAMDEN,1 Driver/Rider,2 Female,25-59,57,1,3 Slight,-2 Unknown,-2 N/A,4 Car,WOBURN PLACE 66M SE OF CORAM STREET,3,30/01/2016 08:25:00 PM,Saturday,20.25,3 Bor,A,4200,6 Single Cwy,1 <= 20 MPH,0 No Jun In 20m,-2 Not Applicable,-2 Not Applicable,0,0 No Xing Facility In 50m,1 Daylight,1 Fine,1 Road-Dry,0 None,0 None,530070,182150,-0.126527,51.523298,,,Unknown,"(51.523298, -0.126527)",http://opendatacommunities.org/id/london-borough-council/camden,6012,21/12/2020 02:48:38 PM
1190171672,CAMDEN,1 DRIVER/RIDER,1 MALE,25-59,59,2,2 SERIOUS,'-2 NOT APPLICABLE,'-2 NOT APPLICABLE,6 BUS OR COACH,"On Camden High Street, near the junction with Greenland Street.",2,28/03/2019 01:30:00 AM,Thursday,1.30,1 TLRN,A,502,2 ONE-WAY ST,30,03 T/STAG JUN,2 AUTO SIG,6,0,0 NO XING FACILITY IN 50M,1 DARK,1 FINE,1 ROAD-DRY,0 NONE,0 NONE,528972,183748,-0.14176,51.537911,,,Unknown,"(51.537911, -0.14176)",http://opendatacommunities.org/id/london-borough-council/camden,8883,21/12/2020 02:48:43 PM
1170034296,CAMDEN,1 Driver/Rider,1 Male,25-59,42,1,3 Slight,-2 Unknown,-2 N/A,3 Powered 2 Wheeler,CLERKENWELL ROAD J/W LAYSTALL STREET,2,27/04/2017 01:15:00 PM,Thursday,13.15,3 Bor,A,5201,6 Single Cwy,1 <= 20 MPH,3 T/Stag Jun,4 Give Way/Uncontrolled,Unclassified,0,1 Zebra,1 Daylight,1 Fine,1 Road-Dry,0 None,0 None,531159,182032,-0.110883,51.521986,,,Unknown,"(51.521986, -0.110883)",http://opendatacommunities.org/id/london-borough-council/camden,6919,21/12/2020 02:48:39 PM
1190183147,CAMDEN,1 DRIVER/RIDER,1 MALE,25-59,31,1,3 SLIGHT,'-2 NOT APPLICABLE,'-2 NOT APPLICABLE,2 PEDAL CYCLE,"On Bedford Way, 25 metres south of the junction with Gordon Square.",2,24/05/2019 09:17:00 PM,Friday,21.17,3 BOR,5,0,2 ONE-WAY ST,30,00 NO JUN IN 20M,,0,0,5 PEDN PHASE AT ATS,1 DARK,2 RAINING,2 ROAD-WET,0 NONE,0 NONE,529903,182239,-0.1289,51.524137,,,Unknown,"(51.524137, -0.1289)",http://opendatacommunities.org/id/london-borough-council/camden,9044,21/12/2020 02:48:44 PM