Reference,London Borough Name,Casualty Class,Casualty Sex,Casualty Age Band,Casualty Age,Number Of Casualties,Casualty Severity,Pedestrian Location,Pedestrian Movement,Mode Of Travel,Attendant Location,Number Of Vehicles,Date,Day,Time,Highway,Road Class 1,Road Number 1,Road Type,Speed Limit,Junction Detail,Junction Control,Road Class 2,Road Number 2,Pedestrian Crossing,Light Condition Band,Weather,Road Surface,Special Conditions,Carriage Way Hazard,Easting,Northing,Longitude,Latitude,Ward Code,Ward Name,Spatial Accuracy,Location,Organisation URI,Socrata ID,Last Uploaded
1170053196,CAMDEN,1 Driver/Rider,1 Male,25-59,29,1,3 Slight,-2 Unknown,-2 N/A,8 Other Vehicle,PARKWAY J/W PARK WAY A4201,2,10/08/2017 06:10:00 PM,Thursday,18.10,3 Bor,A,4201,2 One-Way St,2 30 MPH,7 Multi Jun,2 Auto Sig,A,4201,5 Pedn Phase At Ats,1 Daylight,1 Fine,1 Road-Dry,0 None,0 None,528670,183620,-0.146159,51.536829,,,Unknown,"(51.536829, -0.146159)",http://opendatacommunities.org/id/london-borough-council/camden,7234,21/12/2020 02:48:40 PM
0115EK40709,CAMDEN,3 Pedestrian,1 Male,25-59,25,1,2 Serious,05 Crossing Road (Not On Xing),1 From Drivers N/Side,1 Pedestrian,KENTISH TOWN ROAD J/W PATSHULL ROAD,1,08/08/2015 11:30:00 PM,Saturday,23.30,3 Bor,A,400,6 Single Cwy,2 30 MPH,3 T/Stag Jun,4 Give Way/Uncontrolled,Unclassified,0,0 No Xing Facility In 50m,2 Dark,1 Fine,1 Road-Dry,0 None,0 None,528950,184780,-0.1417,51.54719,,,Unknown,"(51.54719, -0.1417)",http://opendatacommunities.org/id/london-borough-council/camden,5181,21/12/2020 02:48:37 PM
1180140540,CAMDEN,1 Driver/Rider,1 Male,25-59,28,1,3 Slight,-2 Unknown,-2 N/A,2 Pedal Cycle,PANCRAS ROAD J/W GOODS WAY,2,22/10/2018 09:49:00 AM,Monday,9.49,3 Bor,C,0,6 Single Cwy,1 <= 20 MPH,6 Crossroads,2 Auto Sig,Unclassified,0,5 Pedn Phase At Ats,1 Daylight,1 Fine,1 Road-Dry,0 None,0 None,530007,183333,-0.126999,51.533944,,,Unknown,"(51.533944, -0.126999)",http://opendatacommunities.org/id/london-borough-council/camden,8453,21/12/2020 02:48:43 PM
1180144975,CAMDEN,1 Driver/Rider,2 Female,25-59,32,1,3 Slight,-2 Unknown,-2 N/A,4 Car,BELSIZE AVENUE J/W HILLFIELD COURT,2,06/11/2018 04:30:00 PM,Tuesday,16.30,3 Bor,C,0,6 Single Cwy,1 <= 20 MPH,3 T/Stag Jun,9 Unknown (S/R),Unclassified,0,0 No Xing Facility In 50m,1 Daylight,1 Fine,1 Road-Dry,0 None,0 None,527131,185105,-0.167801,51.550523,,,Unknown,"(51.550523, -0.167801)",http://opendatacommunities.org/id/london-borough-council/camden,8512,21/12/2020 02:48:43 PM
1190223790,CAMDEN,2 PASSENGER,1 MALE,60+,79,1,3 SLIGHT,'-2 NOT APPLICABLE,'-2 NOT APPLICABLE,6 BUS OR COACH,"On AGAR GROVE, near the junction with AGAR PLACE.",1,09/12/2019 11:25:00 AM,Monday,11.25,3 BOR,5,0,6 SINGLE CWY,20,03 T/STAG JUN,4 GIVE WAY/UNCONTROLLED,6,0,1 ZEBRA,2 DAYLIGHT,4 FINE/HIGH WINDS,1 ROAD-DRY,0 NONE,0 NONE,529437,184248,-0.134876,51.542298,,,Unknown,"(51.542298, -0.134876)",http://opendatacommunities.org/id/london-borough-council/camden,9603,21/12/2020 02:48:45 PM
1190222463,CAMDEN,3 PEDESTRIAN,1 MALE,16-24,22,1,3 SLIGHT,10 UNKNOWN OR OTHER,3 FROM DRIVERS O/SIDE,1 PEDESTRIAN,"On Dalloway Terrace, 15 metres south of the junction with Great Russell Street.",1,03/12/2019 03:05:00 PM,Tuesday,15.05,3 BOR,5,0,2 ONE-WAY ST,30,08 PRIV DRIVE,4 GIVE WAY/UNCONTROLLED,6,0,0 NO XING FACILITY IN 50M,2 DAYLIGHT,1 FINE,1 ROAD-DRY,0 NONE,0 NONE,529897,181463,-0.129273,51.517164,,,Unknown,"(51.517164, -0.129273)",http://opendatacommunities.org/id/london-borough-council/camden,9578,21/12/2020 02:48:45 PM
0115EK40752,CAMDEN,2 Passenger,2 Female,60+,87,1,3 Slight,-2 Unknown,-2 N/A,6 Bus Or Coach,ABBEY ROAD J/W BELSIZE ROAD,1,27/08/2015 07:10:00 PM,Thursday,19.10,3 Bor,B,507,6 Single Cwy,2 30 MPH,6 Crossroads,2 Auto Sig,B,509,5 Pedn Phase At Ats,1 Daylight,1 Fine,1 Road-Dry,0 None,0 None,525790,183890,-0.187566,51.539904,,,Unknown,"(51.539904, -0.187566)",http://opendatacommunities.org/id/london-borough-council/camden,5216,21/12/2020 02:48:37 PM
0115EK40939,CAMDEN,3 Pedestrian,1 Male,25-59,35,1,3 Slight,01 Crossing Road On Ped Xing,3 From Drivers O/Side,1 Pedestrian,CHARLOTTE STREET J/W GOODGE STREET.,1,21/10/2015 02:20:00 PM,Wednesday,14.20,3 Bor,B,506,6 Single Cwy,2 30 MPH,6 Crossroads,2 Auto Sig,Unclassified,0,5 Pedn Phase At Ats,1 Daylight,1 Fine,1 Road-Dry,0 None,0 None,529440,181690,-0.135772,51.519309,,,Unknown,"(51.519309, -0.135772)",http://opendatacommunities.org/id/london-borough-council/camden,5370,21/12/2020 02:48:37 PM
0116EO40131,CAMDEN,1 Driver/Rider,1 Male,16-24,20,1,3 Slight,-2 Unknown,-2 N/A,3 Powered 2 Wheeler,YORK WAY J/W MARKET ROAD,2,25/02/2016 03:03:00 PM,Thursday,15.03,3 Bor,A,5200,6 Single Cwy,1 <= 20 MPH,2 Mini,4 Give Way/Uncontrolled,Unclassified,0,1 Zebra,1 Daylight,1 Fine,1 Road-Dry,0 None,0 None,530020,184560,-0.126358,51.544968,,,Unknown,"(51.544968, -0.126358)",http://opendatacommunities.org/id/london-borough-council/camden,6520,21/12/2020 02:48:39 PM
1190173115,CAMDEN,3 PEDESTRIAN,2 FEMALE,25-59,28,2,2 SERIOUS,09 IN ROAD - NOT CROSSING,9 UNKNOWN OR OTHER,1 PEDESTRIAN,"On Shaftesbury Avenue, 35 metres east of the junction with Mercer Street.",2,03/04/2019 02:30:00 PM,Wednesday,14.30,3 BOR,A,401,6 SINGLE CWY,30,00 NO JUN IN 20M,,0,0,1 ZEBRA,2 DAYLIGHT,3 SNOWING,1 ROAD-DRY,0 NONE,0 NONE,530019,181160,-0.127627,51.514413,,,Unknown,"(51.514413, -0.127627)",http://opendatacommunities.org/id/london-borough-council/camden,8905,21/12/2020 02:48:44 PM
1190206527,CAMDEN,1 DRIVER/RIDER,1 MALE,25-59,39,1,2 SERIOUS,'-2 NOT APPLICABLE,1 FROM DRIVERS N/SIDE,3 POWERED 2 WHEELER,"On Avenue Road, near the junction with Queens Grove.",2,20/09/2019 10:30:00 AM,Friday,10.30,3 BOR,B,525,6 SINGLE CWY,20,03 T/STAG JUN,4 GIVE WAY/UNCONTROLLED,6,0,0 NO XING FACILITY IN 50M,2 DAYLIGHT,1 FINE,1 ROAD-DRY,0 NONE,0 NONE,526946,183850,-0.17092,51.539286,,,Unknown,"(51.539286, -0.17092)",http://opendatacommunities.org/id/london-borough-council/camden,9375,21/12/2020 02:48:44 PM
1170049869,CAMDEN,1 Driver/Rider,1 Male,25-59,48,1,3 Slight,-2 Unknown,-2 N/A,2 Pedal Cycle,HAMPSTEAD GROVE 21M S OF J/W UPPER TERRACE,3,22/07/2017 04:48:00 PM,Saturday,16.48,3 Bor,Unclassified,0,6 Single Cwy,1 <= 20 MPH,0 No Jun In 20m,-2 Not Applicable,-2 Not Applicable,0,0 No Xing Facility In 50m,1 Daylight,2 Raining,2 Road-Wet,0 None,0 None,526300,186110,-0.179419,51.559742,,,Unknown,"(51.559742, -0.179419)",http://opendatacommunities.org/id/london-borough-council/camden,7176,21/12/2020 02:48:40 PM
0115EK40875,CAMDEN,1 Driver/Rider,1 Male,25-59,26,1,3 Slight,-2 Unknown,-2 N/A,2 Pedal Cycle,CHALK FARM ROAD 22M SE OF REGENT'S PARK ROAD,2,05/10/2015 09:00:00 AM,Monday,9.00,3 Bor,A,502,6 Single Cwy,1 <= 20 MPH,0 No Jun In 20m,-2 Not Applicable,-2 Not Applicable,0,0 No Xing Facility In 50m,1 Daylight,2 Raining,2 Road-Wet,0 None,0 None,528210,184370,-0.152515,51.543674,,,Unknown,"(51.543674, -0.152515)",http://opendatacommunities.org/id/london-borough-council/camden,5321,21/12/2020 02:48:37 PM
1190223825,CAMDEN,3 PEDESTRIAN,2 FEMALE,60+,87,1,2 SERIOUS,05 CROSSING ROAD (NOT ON XING),'-2 NOT APPLICABLE,1 PEDESTRIAN,"On Haverstock Hill, near the junction with Glenlock Road.",1,09/12/2019 01:44:00 PM,Monday,13.44,3 BOR,A,502,6 SINGLE CWY,30,03 T/STAG JUN,4 GIVE WAY/UNCONTROLLED,5,0,4 PELICAN OR SIMILAR,2 DAYLIGHT,1 FINE,1 ROAD-DRY,0 NONE,0 NONE,527234,185209,-0.166279,51.551435,,,Unknown,"(51.551435, -0.166279)",http://opendatacommunities.org/id/london-borough-council/camden,9604,21/12/2020 02:48:45 PM
0115EK40942,CAMDEN,3 Pedestrian,1 Male,25-59,32,1,3 Slight,04 Crossing Road Within 50m Xing,1 From Drivers N/Side,1 Pedestrian,"BLOOMSBURY WAY, 50 METRES NE OF MUSEUM STREET.",1,25/10/2015 01:30:00 AM,Sunday,1.30,3 Bor,A,40,6 Single Cwy,2 30 MPH,0 No Jun In 20m,-2 Not Applicable,-2 Not Applicable,0,5 Pedn Phase At Ats,2 Dark,1 Fine,2 Road-Wet,0 None,0 None,530220,181510,-0.124603,51.517512,,,Unknown,"(51.517512, -0.124603)",http://opendatacommunities.org/id/london-borough-council/camden,5372,21/12/2020 02:48:37 PM
1160005146,CAMDEN,1 Driver/Rider,1 Male,25-59,35,1,3 Slight,-2 Unknown,-2 N/A,3 Powered 2 Wheeler,KINGSWAY J/W HIGH HOLBORN,2,05/12/2016 06:45:00 AM,Monday,6.45,3 Bor,A,4200,2 One-Way St,2 30 MPH,6 Crossroads,2 Auto Sig,A,40,5 Pedn Phase At Ats,2 Dark,1 Fine,4 Road-Frost/Ice,0 None,0 None,530520,181490,-0.120289,51.517263,,,Unknown,"(51.517263, -0.120289)",http://opendatacommunities.org/id/london-borough-council/camden,5739,21/12/2020 02:48:37 PM
1190170001,CAMDEN,1 DRIVER/RIDER,1 MALE,25-59,32,1,3 SLIGHT,'-2 NOT APPLICABLE,'-2 NOT APPLICABLE,2 PEDAL CYCLE,"On Farringdon Road, near the junction with Charterhouse Street.",2,19/03/2019 01:00:00 PM,Tuesday,13.00,1 TLRN,A,201,6 SINGLE CWY,20,06 CROSSROADS,9 UNKNOWN (S/R),B,500,9 UNKNOWN (S/R),2 DAYLIGHT,1 FINE,1 ROAD-DRY,4 ROADWORKS,9 UNKNOWN (S/R),531557,181673,-0.105284,51.518668,,,Unknown,"(51.518668, -0.105284)",http://opendatacommunities.org/id/london-borough-council/camden,8852,21/12/2020 02:48:43 PM
1160006244,CAMDEN,1 Driver/Rider,1 Male,25-59,38,1,3 Slight,-2 Unknown,-2 N/A,3 Powered 2 Wheeler,MARKET ROAD J/W YORK WAY,2,10/12/2016 07:55:00 PM,Saturday,19.55,3 Bor,Unclassified,0,6 Single Cwy,1 <= 20 MPH,2 Mini,4 Give Way/Uncontrolled,A,5200,1 Zebra,2 Dark,2 Raining,2 Road-Wet,0 None,0 None,530030,184570,-0.12621,51.545056,,,Unknown,"(51.545056, -0.12621)",http://opendatacommunities.org/id/london-borough-council/camden,5759,21/12/2020 02:48:37 PM
1180150256,CAMDEN,1 Driver/Rider,1 Male,25-59,30,1,3 Slight,-2 Unknown,-2 N/A,3 Powered 2 Wheeler,EUSTON ROAD 30M N OF J/W DUKES ROAD,2,05/12/2018 08:50:00 PM,Wednesday,20.50,3 Bor,Unclassified,0,3 Dual Cwy,2 30 MPH,0 No Jun In 20m,-2 Not Applicable,-2 Not Applicable,0,0 No Xing Facility In 50m,1 Daylight,1 Fine,2 Road-Wet,0 None,0 None,529872,182663,-0.129191,51.527954,,,Unknown,"(51.527954, -0.129191)",http://opendatacommunities.org/id/london-borough-council/camden,8588,21/12/2020 02:48:43 PM
1170028988,CAMDEN,1 Driver/Rider,1 Male,25-59,42,1,3 Slight,-2 Unknown,-2 N/A,2 Pedal Cycle,THEOBALDS ROAD J/W JOCKEYS FIELD,2,30/03/2017 07:45:00 AM,Thursday,7.45,3 Bor,A,401,6 Single Cwy,1 <= 20 MPH,3 T/Stag Jun,4 Give Way/Uncontrolled,Unclassified,0,0 No Xing Facility In 50m,1 Daylight,1 Fine,1 Road-Dry,0 None,0 None,530810,181890,-0.115964,51.520791,,,Unknown,"(51.520791, -0.115964)",http://opendatacommunities.org/id/london-borough-council/camden,6830,21/12/2020 02:48:39 PM
1180097327,CAMDEN,3 Pedestrian,1 Male,0-15,10,1,3 Slight,01 Crossing Road On Ped Xing,3 From Drivers O/Side,1 Pedestrian,ADELAIDE ROAD J/W ETON ROAD,1,20/03/2018 07:10:00 PM,Tuesday,19.10,3 Bor,B,509,6 Single Cwy,1 <= 20 MPH,9 Other Jun,9 Unknown (S/R),Unclassified,0,8 Central Refuge,2 Dark,1 Fine,1 Road-Dry,0 None,0 None,527670,184400,-0.160287,51.544066,,,Unknown,"(51.544066, -0.160287)",http://opendatacommunities.org/id/london-borough-council/camden,7825,21/12/2020 02:48:41 PM
0115EK40864,CAMDEN,1 Driver/Rider,1 Male,25-59,56,1,3 Slight,-2 Unknown,-2 N/A,3 Powered 2 Wheeler,CAMDEN STREET J/W PLENDER STREET,2,30/09/2015 07:40:00 AM,Wednesday,7.40,1 TLRN,A,400,6 Single Cwy,2 30 MPH,6 Crossroads,2 Auto Sig,Unclassified,0,5 Pedn Phase At Ats,1 Daylight,1 Fine,1 Road-Dry,0 None,0 None,529320,183640,-0.136785,51.536861,,,Unknown,"(51.536861, -0.136785)",http://opendatacommunities.org/id/london-borough-council/camden,5312,21/12/2020 02:48:37 PM
1180124674,CAMDEN,3 Pedestrian,1 Male,25-59,40,1,3 Slight,10 Unknown,9 Unknown Or Other,1 Pedestrian,HIGHGATE HIGH STREET 20M E OF J/W TOWNSEND YARD,1,02/08/2018 12:05:00 PM,Thursday,12.05,3 Bor,B,519,6 Single Cwy,1 <= 20 MPH,3 T/Stag Jun,9 Unknown (S/R),Unclassified,0,9 Unknown (S/R),1 Daylight,8 Other,1 Road-Dry,0 None,0 None,528530,187380,-0.146804,51.570652,,,Unknown,"(51.570652, -0.146804)",http://opendatacommunities.org/id/london-borough-council/camden,8218,21/12/2020 02:48:42 PM
1170072177,CAMDEN,3 Pedestrian,2 Female,25-59,29,1,3 Slight,04 Crossing Road Within 50m Xing,1 From Drivers N/Side,1 Pedestrian,THEOBALDS ROAD J/W EMERALD STREET,1,23/11/2017 09:06:00 AM,Thursday,9.06,3 Bor,A,401,3 Dual Cwy,2 30 MPH,3 T/Stag Jun,1 Auth Person,Unclassified,0,5 Pedn Phase At Ats,1 Daylight,1 Fine,1 Road-Dry,0 None,0 None,530731,181860,-0.117113,51.52054,,,Unknown,"(51.52054, -0.117113)",http://opendatacommunities.org/id/london-borough-council/camden,7537,21/12/2020 02:48:41 PM
1180133451,CAMDEN,3 Pedestrian,1 Male,0-15,2,1,3 Slight,01 Crossing Road On Ped Xing,3 From Drivers O/Side,1 Pedestrian,ADELAIDE ROAD J/W ELSWORTHY RISE,1,19/09/2018 09:31:00 AM,Wednesday,9.31,3 Bor,B,509,6 Single Cwy,1 <= 20 MPH,3 T/Stag Jun,4 Give Way/Uncontrolled,Unclassified,0,4 Pelican Or Similar,1 Daylight,1 Fine,1 Road-Dry,0 None,0 None,527380,184300,-0.164503,51.543233,,,Unknown,"(51.543233, -0.164503)",http://opendatacommunities.org/id/london-borough-council/camden,8334,21/12/2020 02:48:42 PM
1190175686,CAMDEN,1 DRIVER/RIDER,1 MALE,25-59,28,1,3 SLIGHT,'-2 NOT APPLICABLE,'-2 NOT APPLICABLE,3 POWERED 2 WHEELER,"On Chalk Farm Road, near the junction with Harmood Street.",2,17/04/2019 07:02:00 PM,Wednesday,19.02,3 BOR,A,502,6 SINGLE CWY,20,03 T/STAG JUN,4 GIVE WAY/UNCONTROLLED,6,0,1 ZEBRA,2 DAYLIGHT,1 FINE,1 ROAD-DRY,0 NONE,0 NONE,528522,184280,-0.148051,51.542794,,,Unknown,"(51.542794, -0.148051)",http://opendatacommunities.org/id/london-borough-council/camden,8932,21/12/2020 02:48:44 PM
1190192733,CAMDEN,2 PASSENGER,1 MALE,25-59,25,1,3 SLIGHT,'-2 NOT APPLICABLE,'-2 NOT APPLICABLE,4 CAR,"On SAVERNAKE ROAD, near the junction with MANSFIELD ROAD.",3,10/07/2019 05:45:00 PM,Wednesday,17.45,3 BOR,6,0,3 DUAL CWY,20,03 T/STAG JUN,4 GIVE WAY/UNCONTROLLED,B,518,1 ZEBRA,2 DAYLIGHT,1 FINE,1 ROAD-DRY,0 NONE,0 NONE,528160,185624,-0.152779,51.554955,,,Unknown,"(51.554955, -0.152779)",http://opendatacommunities.org/id/london-borough-council/camden,9176,21/12/2020 02:48:44 PM
0116EK40457,CAMDEN,1 Driver/Rider,1 Male,16-24,22,1,3 Slight,-2 Unknown,-2 N/A,4 Car,CLARKSON ROW 47M NW OF MORNINGTON CRESCENT,1,24/06/2016 11:50:00 PM,Friday,23.50,3 Bor,Unclassified,0,6 Single Cwy,2 30 MPH,0 No Jun In 20m,-2 Not Applicable,-2 Not Applicable,0,0 No Xing Facility In 50m,2 Dark,1 Fine,1 Road-Dry,0 None,0 None,529040,183180,-0.140989,51.532791,,,Unknown,"(51.532791, -0.140989)",http://opendatacommunities.org/id/london-borough-council/camden,6369,21/12/2020 02:48:38 PM
1170031137,CAMDEN,1 Driver/Rider,1 Male,25-59,29,1,3 Slight,-2 Unknown,-2 N/A,2 Pedal Cycle,CUMBERLAND TERRACE J/W OUTER CIRCLE,2,09/04/2017 01:30:00 PM,Sunday,13.30,3 Bor,Unclassified,0,2 One-Way St,1 <= 20 MPH,3 T/Stag Jun,4 Give Way/Uncontrolled,Unclassified,0,0 No Xing Facility In 50m,1 Daylight,1 Fine,1 Road-Dry,0 None,0 None,528610,183210,-0.147174,51.533158,,,Unknown,"(51.533158, -0.147174)",http://opendatacommunities.org/id/london-borough-council/camden,6865,21/12/2020 02:48:39 PM
1170044627,CAMDEN,1 Driver/Rider,2 Female,25-59,35,1,2 Serious,-2 Unknown,-2 N/A,2 Pedal Cycle,CAMDEN STREET J/W PRATT STREET,2,22/06/2017 01:10:00 PM,Thursday,13.10,1 TLRN,A,400,2 One-Way St,1 <= 20 MPH,6 Crossroads,2 Auto Sig,C,0,4 Pelican Or Similar,1 Daylight,1 Fine,1 Road-Dry,0 None,0 None,529220,183800,-0.138167,51.538322,,,Unknown,"(51.538322, -0.138167)",http://opendatacommunities.org/id/london-borough-council/camden,7073,21/12/2020 02:48:40 PM
0116EK40177,CAMDEN,3 Pedestrian,1 Male,60+,61,1,3 Slight,01 Crossing Road On Ped Xing,1 From Drivers N/Side,1 Pedestrian,BLOOMSBURY WAY J/W BLOOMSBURY SQUARE,1,22/03/2016 01:35:00 PM,Tuesday,13.35,3 Bor,A,40,2 One-Way St,1 <= 20 MPH,3 T/Stag Jun,2 Auto Sig,Unclassified,0,5 Pedn Phase At Ats,1 Daylight,1 Fine,1 Road-Dry,0 None,0 None,530330,181590,-0.122989,51.518206,,,Unknown,"(51.518206, -0.122989)",http://opendatacommunities.org/id/london-borough-council/camden,6126,21/12/2020 02:48:38 PM
0116QK50094,CAMDEN,2 Passenger,2 Female,60+,84,1,2 Serious,-2 Unknown,-2 N/A,6 Bus Or Coach,KILBURN HIGH RD J/W BRONDESBURY RD,1,07/01/2016 02:44:00 PM,Thursday,14.44,3 Bor,A,5,6 Single Cwy,2 30 MPH,3 T/Stag Jun,4 Give Way/Uncontrolled,B,451,4 Pelican Or Similar,1 Daylight,1 Fine,1 Road-Dry,0 None,0 None,525350,183700,-0.193974,51.538295,,,Unknown,"(51.538295, -0.193974)",http://opendatacommunities.org/id/london-borough-council/camden,6544,21/12/2020 02:48:39 PM
0116EK40275,CAMDEN,3 Pedestrian,2 Female,25-59,35,1,3 Slight,05 Crossing Road (Not On Xing),1 From Drivers N/Side,1 Pedestrian,CAMDEN HIGH STREET 22M NW OF BUCK STREET,1,24/04/2016 01:02:00 PM,Sunday,13.02,3 Bor,A,502,2 One-Way St,1 <= 20 MPH,0 No Jun In 20m,-2 Not Applicable,-2 Not Applicable,0,0 No Xing Facility In 50m,1 Daylight,1 Fine,1 Road-Dry,0 None,0 None,528820,184000,-0.143859,51.54021,,,Unknown,"(51.54021, -0.143859)",http://opendatacommunities.org/id/london-borough-council/camden,6212,21/12/2020 02:48:38 PM
0115EK40149,CAMDEN,1 Driver/Rider,1 Male,16-24,23,1,3 Slight,-2 Unknown,-2 N/A,2 Pedal Cycle,MUSEUM STREET J/W GREAT RUSSELL STREET,2,05/01/2015 03:40:00 PM,Monday,15.40,3 Bor,C,0,6 Single Cwy,2 30 MPH,3 T/Stag Jun,4 Give Way/Uncontrolled,C,0,1 Zebra,1 Daylight,1 Fine,1 Road-Dry,0 None,0 None,530110,181580,-0.126162,51.518167,,,Unknown,"(51.518167, -0.126162)",http://opendatacommunities.org/id/london-borough-council/camden,4697,21/12/2020 02:48:36 PM
1180084108,CAMDEN,1 Driver/Rider,1 Male,25-59,40,1,3 Slight,-2 Unknown,-2 N/A,2 Pedal Cycle,YORK WAY J/W CRINAN STREET,2,16/01/2018 02:40:00 PM,Tuesday,14.40,3 Bor,A,5200,6 Single Cwy,1 <= 20 MPH,3 T/Stag Jun,4 Give Way/Uncontrolled,Unclassified,0,5 Pedn Phase At Ats,1 Daylight,1 Fine,1 Road-Dry,0 None,0 None,530330,183400,-0.12232,51.534472,,,Unknown,"(51.534472, -0.12232)",http://opendatacommunities.org/id/london-borough-council/camden,7676,21/12/2020 02:48:41 PM
1190220455,CAMDEN,2 PASSENGER,2 FEMALE,60+,63,1,3 SLIGHT,'-2 NOT APPLICABLE,'-2 NOT APPLICABLE,4 CAR,"On Kidderpore Avenue, 250 metres south of the junction with heath street.",2,23/11/2019 07:15:00 PM,Saturday,19.15,3 BOR,6,0,6 SINGLE CWY,20,00 NO JUN IN 20M,,0,0,0 NO XING FACILITY IN 50M,1 DARK,1 FINE,2 ROAD-WET,0 NONE,0 NONE,525263,185852,-0.194463,51.557654,,,Unknown,"(51.557654, -0.194463)",http://opendatacommunities.org/id/london-borough-council/camden,9544,21/12/2020 02:48:44 PM
0115CW10955,CAMDEN,1 Driver/Rider,1 Male,25-59,38,1,3 Slight,-2 Unknown,-2 N/A,2 Pedal Cycle,OUTER CIRCLE 253M NORTH WEST OF J/W GLOUCESTER GATE,2,26/06/2015 05:03:00 PM,Friday,17.03,3 Bor,Unclassified,0,6 Single Cwy,2 30 MPH,0 No Jun In 20m,-2 Not Applicable,-2 Not Applicable,0,0 No Xing Facility In 50m,1 Daylight,1 Fine,1 Road-Dry,0 None,0 None,528330,183580,-0.151073,51.536547,,,Unknown,"(51.536547, -0.151073)",http://opendatacommunities.org/id/london-borough-council/camden,4567,21/12/2020 02:48:35 PM
0116EO40536,CAMDEN,1 Driver/Rider,1 Male,25-59,25,1,3 Slight,-2 Unknown,-2 N/A,3 Powered 2 Wheeler,YORK WAY J/W RANDELL'S RD,2,12/08/2016 11:28:00 AM,Friday,11.28,3 Bor,A,5200,6 Single Cwy,1 <= 20 MPH,6 Crossroads,4 Give Way/Uncontrolled,Unclassified,0,0 No Xing Facility In 50m,1 Daylight,1 Fine,1 Road-Dry,0 None,0 None,530240,183880,-0.123439,51.538806,,,Unknown,"(51.538806, -0.123439)",http://opendatacommunities.org/id/london-borough-council/camden,6540,21/12/2020 02:48:39 PM
0116EK40328,CAMDEN,2 Passenger,1 Male,0-15,6,1,3 Slight,-2 Unknown,-2 N/A,4 Car,GILLIES STREET J/W WOODYARD CLOSE,4,09/05/2016 04:18:00 PM,Monday,16.18,3 Bor,Unclassified,0,6 Single Cwy,1 <= 20 MPH,3 T/Stag Jun,4 Give Way/Uncontrolled,Unclassified,0,0 No Xing Facility In 50m,1 Daylight,1 Fine,1 Road-Dry,0 None,0 None,528460,185160,-0.148624,51.550717,,,Unknown,"(51.550717, -0.148624)",http://opendatacommunities.org/id/london-borough-council/camden,6261,21/12/2020 02:48:38 PM
1170065639,CAMDEN,1 Driver/Rider,1 Male,25-59,43,1,3 Slight,-2 Unknown,-2 N/A,4 Car,EUSTON ROAD 45M NE OF J/W OSSULSTON STREET,1,23/09/2017 11:30:00 PM,Saturday,23.30,1 TLRN,A,501,3 Dual Cwy,2 30 MPH,0 No Jun In 20m,-2 Not Applicable,-2 Not Applicable,0,5 Pedn Phase At Ats,2 Dark,1 Fine,1 Road-Dry,9 Unknown (S/R),0 None,530030,182760,-0.126879,51.528789,,,Unknown,"(51.528789, -0.126879)",http://opendatacommunities.org/id/london-borough-council/camden,7441,21/12/2020 02:48:40 PM
1180116247,CAMDEN,1 Driver/Rider,1 Male,25-59,49,1,3 Slight,-2 Unknown,-2 N/A,4 Car,BAYHAM STREET J/W PLENDER STREET,2,23/06/2018 08:12:00 AM,Saturday,8.12,3 Bor,C,0,2 One-Way St,1 <= 20 MPH,6 Crossroads,4 Give Way/Uncontrolled,Unclassified,0,1 Zebra,1 Daylight,1 Fine,1 Road-Dry,0 None,0 None,529190,183560,-0.138688,51.536172,,,Unknown,"(51.536172, -0.138688)",http://opendatacommunities.org/id/london-borough-council/camden,8109,21/12/2020 02:48:42 PM
1190166411,CAMDEN,2 PASSENGER,1 MALE,16-24,18,2,3 SLIGHT,'-2 NOT APPLICABLE,'-2 NOT APPLICABLE,4 CAR,"On Crowndale Road, near the junction with camden road.",2,02/03/2019 06:15:00 AM,Saturday,6.15,1 TLRN,A,400,6 SINGLE CWY,20,06 CROSSROADS,2 AUTO SIG,B,512,4 PELICAN OR SIMILAR,1 DARK,1 FINE,2 ROAD-WET,0 NONE,0 NONE,529416,183467,-0.135465,51.535284,,,Unknown,"(51.535284, -0.135465)",http://opendatacommunities.org/id/london-borough-council/camden,8812,21/12/2020 02:48:43 PM
1190204871,CAMDEN,3 PEDESTRIAN,1 MALE,25-59,46,1,3 SLIGHT,10 UNKNOWN OR OTHER,'-2 NOT APPLICABLE,1 PEDESTRIAN,"On Dennington Park Road, 30 metres north of the junction with Kingdon Road.",2,12/09/2019 12:00:00 PM,Thursday,12.00,3 BOR,6,0,6 SINGLE CWY,20,00 NO JUN IN 20M,,0,0,1 ZEBRA,2 DAYLIGHT,1 FINE,1 ROAD-DRY,0 NONE,0 NONE,525401,185013,-0.192772,51.550083,,,Unknown,"(51.550083, -0.192772)",http://opendatacommunities.org/id/london-borough-council/camden,9356,21/12/2020 02:48:44 PM
1180137723,CAMDEN,1 Driver/Rider,1 Male,0-15,14,1,3 Slight,-2 Unknown,-2 N/A,2 Pedal Cycle,ADELAIDE ROAD J/W HAVERSTOCK HILL,2,08/10/2018 03:55:00 PM,Monday,15.55,3 Bor,A,502,6 Single Cwy,1 <= 20 MPH,7 Multi Jun,2 Auto Sig,A,502,1 Zebra,1 Daylight,1 Fine,1 Road-Dry,0 None,0 None,528160,184400,-0.153225,51.543955,,,Unknown,"(51.543955, -0.153225)",http://opendatacommunities.org/id/london-borough-council/camden,8402,21/12/2020 02:48:42 PM