Reference,London Borough Name,Casualty Class,Casualty Sex,Casualty Age Band,Casualty Age,Number Of Casualties,Casualty Severity,Pedestrian Location,Pedestrian Movement,Mode Of Travel,Attendant Location,Number Of Vehicles,Date,Day,Time,Highway,Road Class 1,Road Number 1,Road Type,Speed Limit,Junction Detail,Junction Control,Road Class 2,Road Number 2,Pedestrian Crossing,Light Condition Band,Weather,Road Surface,Special Conditions,Carriage Way Hazard,Easting,Northing,Longitude,Latitude,Ward Code,Ward Name,Spatial Accuracy,Location,Organisation URI,Socrata ID,Last Uploaded
0115EK40589,CAMDEN,1 Driver/Rider,1 Male,25-59,34,1,3 Slight,-2 Unknown,-2 N/A,4 Car,FINCHLEY ROAD 27M NW OF FAIRFAX ROAD,2,02/07/2015 11:10:00 AM,Thursday,11.10,1 TLRN,A,41,3 Dual Cwy,3 40 MPH,0 No Jun In 20m,-2 Not Applicable,-2 Not Applicable,0,0 No Xing Facility In 50m,1 Daylight,1 Fine,1 Road-Dry,0 None,0 None,526430,184530,-0.178112,51.545513,,,Unknown,"(51.545513, -0.178112)",http://opendatacommunities.org/id/london-borough-council/camden,5075,21/12/2020 02:48:36 PM
0116EK40560,CAMDEN,2 Passenger,2 Female,25-59,47,1,3 Slight,-2 Unknown,-2 N/A,6 Bus Or Coach,HAMPSTREAD ROAD 124M S OF J/W GRANBY TERRACE,1,13/07/2016 04:32:00 PM,Wednesday,16.32,1 TLRN,A,400,3 Dual Cwy,3 40 MPH,0 No Jun In 20m,-2 Not Applicable,-2 Not Applicable,0,0 No Xing Facility In 50m,1 Daylight,1 Fine,2 Road-Wet,0 None,0 None,529190,182960,-0.138908,51.530779,,,Unknown,"(51.530779, -0.138908)",http://opendatacommunities.org/id/london-borough-council/camden,6452,21/12/2020 02:48:38 PM
0116EO40140,CAMDEN,2 Passenger,2 Female,25-59,32,1,3 Slight,-2 Unknown,-2 N/A,4 Car,GREVILLE STREET J/W FARRINGDON ROAD,2,27/02/2016 08:38:00 AM,Saturday,8.38,1 TLRN,Unclassified,0,6 Single Cwy,2 30 MPH,6 Crossroads,2 Auto Sig,A,201,5 Pedn Phase At Ats,1 Daylight,1 Fine,1 Road-Dry,0 None,0 None,531520,181790,-0.105773,51.519728,,,Unknown,"(51.519728, -0.105773)",http://opendatacommunities.org/id/london-borough-council/camden,6522,21/12/2020 02:48:39 PM
0115EK40640,CAMDEN,1 Driver/Rider,1 Male,16-24,20,1,3 Slight,-2 Unknown,-2 N/A,3 Powered 2 Wheeler,CHALK FARM ROAD J/W BELMONT STREET.,2,30/07/2015 08:32:00 PM,Thursday,20.32,3 Bor,A,502,6 Single Cwy,2 30 MPH,3 T/Stag Jun,4 Give Way/Uncontrolled,Unclassified,0,0 No Xing Facility In 50m,1 Daylight,1 Fine,1 Road-Dry,0 None,0 None,528280,184340,-0.151517,51.543389,,,Unknown,"(51.543389, -0.151517)",http://opendatacommunities.org/id/london-borough-council/camden,5119,21/12/2020 02:48:36 PM
1170036262,CAMDEN,1 Driver/Rider,1 Male,25-59,50,1,3 Slight,-2 Unknown,-2 N/A,8 Other Vehicle,FINCHLEY ROAD J/W PARSIFAL ROAD,2,09/05/2017 08:35:00 AM,Tuesday,8.35,1 TLRN,A,41,6 Single Cwy,2 30 MPH,3 T/Stag Jun,4 Give Way/Uncontrolled,Unclassified,0,5 Pedn Phase At Ats,1 Daylight,1 Fine,1 Road-Dry,0 None,0 None,525400,185560,-0.192591,51.555,,,Unknown,"(51.555, -0.192591)",http://opendatacommunities.org/id/london-borough-council/camden,6948,21/12/2020 02:48:39 PM
1170047992,CAMDEN,3 Pedestrian,2 Female,16-24,17,1,3 Slight,01 Crossing Road On Ped Xing,3 From Drivers O/Side,1 Pedestrian,HIGHGATE ROAD J/W CROFTDOWN ROAD,1,12/07/2017 08:20:00 AM,Wednesday,8.20,3 Bor,C,0,6 Single Cwy,1 <= 20 MPH,3 T/Stag Jun,4 Give Way/Uncontrolled,Unclassified,0,1 Zebra,1 Daylight,1 Fine,1 Road-Dry,0 None,0 None,528390,186110,-0.149286,51.55927,,,Unknown,"(51.55927, -0.149286)",http://opendatacommunities.org/id/london-borough-council/camden,7145,21/12/2020 02:48:40 PM
1190187675,CAMDEN,3 PEDESTRIAN,2 FEMALE,16-24,23,1,2 SERIOUS,09 IN ROAD - NOT CROSSING,9 UNKNOWN OR OTHER,1 PEDESTRIAN,"On Harrington Square, near the junction with Lidlington Place.",1,17/06/2019 03:52:00 AM,Monday,3.52,1 TLRN,A,400,2 ONE-WAY ST,20,03 T/STAG JUN,4 GIVE WAY/UNCONTROLLED,A,400,0 NO XING FACILITY IN 50M,1 DARK,1 FINE,1 ROAD-DRY,0 NONE,0 NONE,529248,183185,-0.13799,51.532788,,,Unknown,"(51.532788, -0.13799)",http://opendatacommunities.org/id/london-borough-council/camden,9106,21/12/2020 02:48:44 PM
1170076307,CAMDEN,3 Pedestrian,2 Female,16-24,20,1,3 Slight,05 Crossing Road (Not On Xing),1 From Drivers N/Side,1 Pedestrian,TAVISTOCK SQUARE 21M N OF J/W ENDSLEIGH PLACE,1,08/12/2017 11:30:00 AM,Friday,11.30,3 Bor,Unclassified,0,6 Single Cwy,1 <= 20 MPH,0 No Jun In 20m,-2 Not Applicable,-2 Not Applicable,0,0 No Xing Facility In 50m,1 Daylight,1 Fine,1 Road-Dry,0 None,0 None,529840,182330,-0.129775,51.524969,,,Unknown,"(51.524969, -0.129775)",http://opendatacommunities.org/id/london-borough-council/camden,7595,21/12/2020 02:48:41 PM
1160023113,CAMDEN,2 Passenger,1 Male,60+,73,1,3 Slight,-2 Unknown,-2 N/A,6 Bus Or Coach,EVERSHOLT STREET J/W LIDLINGTON PLACE,1,26/10/2016 11:01:00 AM,Wednesday,11.01,1 TLRN,A,4200,6 Single Cwy,1 <= 20 MPH,6 Crossroads,2 Auto Sig,A,400,5 Pedn Phase At Ats,1 Daylight,1 Fine,1 Road-Dry,0 None,0 None,529310,183220,-0.137083,51.533089,,,Unknown,"(51.533089, -0.137083)",http://opendatacommunities.org/id/london-borough-council/camden,5871,21/12/2020 02:48:38 PM
1190168762,CAMDEN,1 DRIVER/RIDER,2 FEMALE,25-59,38,2,3 SLIGHT,'-2 NOT APPLICABLE,1 FROM DRIVERS N/SIDE,2 PEDAL CYCLE,"On Kentish Town Road, near the junction with Islip road.",1,13/03/2019 09:00:00 AM,Wednesday,9.00,3 BOR,A,400,6 SINGLE CWY,20,03 T/STAG JUN,4 GIVE WAY/UNCONTROLLED,6,0,4 PELICAN OR SIMILAR,2 DAYLIGHT,1 FINE,1 ROAD-DRY,0 NONE,0 NONE,529011,185076,-0.140712,51.549837,,,Unknown,"(51.549837, -0.140712)",http://opendatacommunities.org/id/london-borough-council/camden,8840,21/12/2020 02:48:43 PM
1170030986,CAMDEN,1 Driver/Rider,1 Male,25-59,53,1,3 Slight,-2 Unknown,-2 N/A,5 Taxi,HAMPSTEAD ROAD J/W GRANBY TERRACE,3,07/04/2017 08:30:00 PM,Friday,20.30,1 TLRN,A,400,6 Single Cwy,1 <= 20 MPH,3 T/Stag Jun,2 Auto Sig,C,0,5 Pedn Phase At Ats,2 Dark,1 Fine,1 Road-Dry,0 None,0 None,529160,183080,-0.139296,51.531865,,,Unknown,"(51.531865, -0.139296)",http://opendatacommunities.org/id/london-borough-council/camden,6858,21/12/2020 02:48:39 PM
1180110711,CAMDEN,1 Driver/Rider,1 Male,25-59,30,1,3 Slight,-2 Unknown,-2 N/A,3 Powered 2 Wheeler,FINCHLEY ROAD J/W BLACKBURN ROAD,2,27/05/2018 01:30:00 PM,Sunday,13.30,1 TLRN,A,41,3 Dual Cwy,2 30 MPH,6 Crossroads,2 Auto Sig,Unclassified,0,5 Pedn Phase At Ats,1 Daylight,1 Fine,1 Road-Dry,0 None,0 None,526220,184850,-0.181024,51.548436,,,Unknown,"(51.548436, -0.181024)",http://opendatacommunities.org/id/london-borough-council/camden,8028,21/12/2020 02:48:42 PM
0115EK41159,CAMDEN,3 Pedestrian,1 Male,Unknown,0,1,3 Slight,05 Crossing Road (Not On Xing),2 From Drivers N/Side Msk,1 Pedestrian,EUSTON ROAD 23M SW OF BIRKENHEAD STREET,1,15/08/2015 02:00:00 AM,Saturday,2.00,1 TLRN,A,501,3 Dual Cwy,2 30 MPH,0 No Jun In 20m,-2 Not Applicable,-2 Not Applicable,0,0 No Xing Facility In 50m,2 Dark,1 Fine,1 Road-Dry,0 None,0 None,530300,182950,-0.122918,51.530435,,,Unknown,"(51.530435, -0.122918)",http://opendatacommunities.org/id/london-borough-council/camden,5560,21/12/2020 02:48:37 PM
0116EK40517,CAMDEN,1 Driver/Rider,1 Male,25-59,33,1,3 Slight,-2 Unknown,-2 N/A,2 Pedal Cycle,BARTHOLOMEW ROAD J/W KENTISH TOWN ROAD,2,19/07/2016 01:05:00 PM,Tuesday,13.05,3 Bor,Unclassified,0,6 Single Cwy,2 30 MPH,6 Crossroads,4 Give Way/Uncontrolled,A,400,1 Zebra,1 Daylight,1 Fine,1 Road-Dry,0 None,0 None,528970,184610,-0.141474,51.545658,,,Unknown,"(51.545658, -0.141474)",http://opendatacommunities.org/id/london-borough-council/camden,6422,21/12/2020 02:48:38 PM
1190171050,CAMDEN,1 DRIVER/RIDER,1 MALE,25-59,34,1,3 SLIGHT,'-2 NOT APPLICABLE,'-2 NOT APPLICABLE,3 POWERED 2 WHEELER,"On Woburn Place, near the junction with Coram Street.",2,23/03/2019 02:30:00 PM,Saturday,14.30,3 BOR,A,4200,6 SINGLE CWY,20,03 T/STAG JUN,4 GIVE WAY/UNCONTROLLED,6,0,1 ZEBRA,2 DAYLIGHT,8 OTHER,1 ROAD-DRY,0 NONE,0 NONE,530041,182208,-0.126924,51.523826,,,Unknown,"(51.523826, -0.126924)",http://opendatacommunities.org/id/london-borough-council/camden,8871,21/12/2020 02:48:43 PM
1190223852,CAMDEN,1 DRIVER/RIDER,1 MALE,25-59,47,2,3 SLIGHT,'-2 NOT APPLICABLE,'-2 NOT APPLICABLE,2 PEDAL CYCLE,"On Charring Cross Road, near the junction with New Oxford Street.",1,09/12/2019 02:20:00 PM,Monday,14.20,3 BOR,A,400,6 SINGLE CWY,20,06 CROSSROADS,2 AUTO SIG,A,40,5 PEDN PHASE AT ATS,2 DAYLIGHT,1 FINE,1 ROAD-DRY,0 NONE,0 NONE,529826,181362,-0.130333,51.516273,,,Unknown,"(51.516273, -0.130333)",http://opendatacommunities.org/id/london-borough-council/camden,9605,21/12/2020 02:48:45 PM
1170065788,CAMDEN,2 Passenger,2 Female,25-59,36,1,3 Slight,-2 Unknown,-2 N/A,4 Car,ETON AVENUE J/W WINCHESTER ROAD,2,21/10/2017 11:00:00 AM,Saturday,11.00,3 Bor,Unclassified,0,6 Single Cwy,1 <= 20 MPH,6 Crossroads,4 Give Way/Uncontrolled,Unclassified,0,0 No Xing Facility In 50m,1 Daylight,1 Fine,1 Road-Dry,0 None,0 None,526780,184390,-0.173118,51.544177,,,Unknown,"(51.544177, -0.173118)",http://opendatacommunities.org/id/london-borough-council/camden,7447,21/12/2020 02:48:40 PM
0116EK40349,CAMDEN,1 Driver/Rider,2 Female,25-59,29,1,2 Serious,-2 Unknown,-2 N/A,2 Pedal Cycle,EUSTON RD SLIP RD J/W EUSTON RD,2,17/05/2016 08:10:00 AM,Tuesday,8.10,1 TLRN,A,501,7 Slip Rd,2 30 MPH,5 Slip Road,2 Auto Sig,A,501,5 Pedn Phase At Ats,1 Daylight,1 Fine,1 Road-Dry,0 None,0 None,529260,182340,-0.138127,51.525192,,,Unknown,"(51.525192, -0.138127)",http://opendatacommunities.org/id/london-borough-council/camden,6277,21/12/2020 02:48:38 PM
0115EK40692,CAMDEN,1 Driver/Rider,1 Male,25-59,28,1,3 Slight,-2 Unknown,-2 N/A,2 Pedal Cycle,CAMDEN ROAD J/W ST PANCRAS WAY,2,10/08/2015 09:03:00 AM,Monday,9.03,1 TLRN,A,503,6 Single Cwy,2 30 MPH,6 Crossroads,2 Auto Sig,A,5202,5 Pedn Phase At Ats,1 Daylight,1 Fine,1 Road-Dry,0 None,0 None,529250,184290,-0.137555,51.542718,,,Unknown,"(51.542718, -0.137555)",http://opendatacommunities.org/id/london-borough-council/camden,5166,21/12/2020 02:48:36 PM
1180095961,CAMDEN,1 Driver/Rider,1 Male,16-24,19,1,3 Slight,-2 Unknown,-2 N/A,3 Powered 2 Wheeler,CHALK FARM ROAD 100M N OF J/W BELMONT STREET,2,13/03/2018 03:20:00 PM,Tuesday,15.20,3 Bor,A,502,6 Single Cwy,1 <= 20 MPH,0 No Jun In 20m,-2 Not Applicable,-2 Not Applicable,0,0 No Xing Facility In 50m,1 Daylight,1 Fine,1 Road-Dry,0 None,2 Other Object In Cwy,528260,184360,-0.151798,51.543573,,,Unknown,"(51.543573, -0.151798)",http://opendatacommunities.org/id/london-borough-council/camden,7813,21/12/2020 02:48:41 PM
0116EK40441,CAMDEN,1 Driver/Rider,2 Female,25-59,29,1,3 Slight,-2 Unknown,-2 N/A,2 Pedal Cycle,CAMDEN HIGH STREET J/W PARKWAY,2,23/06/2016 01:33:00 AM,Thursday,1.33,1 TLRN,A,400,6 Single Cwy,1 <= 20 MPH,6 Crossroads,2 Auto Sig,A,4201,5 Pedn Phase At Ats,2 Dark,2 Raining,2 Road-Wet,0 None,0 None,528900,183860,-0.142757,51.538934,,,Unknown,"(51.538934, -0.142757)",http://opendatacommunities.org/id/london-borough-council/camden,6355,21/12/2020 02:48:38 PM
1170049091,CAMDEN,1 Driver/Rider,1 Male,25-59,37,1,3 Slight,-2 Unknown,-2 N/A,2 Pedal Cycle,KENTISH TOWN ROAD J/W PATSHULL ROAD,2,18/07/2017 05:50:00 PM,Tuesday,17.50,3 Bor,Unclassified,0,6 Single Cwy,2 30 MPH,3 T/Stag Jun,4 Give Way/Uncontrolled,Unclassified,0,0 No Xing Facility In 50m,1 Daylight,1 Fine,1 Road-Dry,0 None,0 None,529090,184800,-0.139674,51.547338,,,Unknown,"(51.547338, -0.139674)",http://opendatacommunities.org/id/london-borough-council/camden,7162,21/12/2020 02:48:40 PM
1170042745,CAMDEN,1 Driver/Rider,1 Male,25-59,26,1,3 Slight,-2 Unknown,-2 N/A,2 Pedal Cycle,YORK WAY J/W MARKET ROAD,2,14/06/2017 07:50:00 AM,Wednesday,7.50,3 Bor,A,5200,1 Roundabout,1 <= 20 MPH,3 T/Stag Jun,4 Give Way/Uncontrolled,Unclassified,0,1 Zebra,1 Daylight,1 Fine,1 Road-Dry,0 None,0 None,530030,184570,-0.12621,51.545056,,,Unknown,"(51.545056, -0.12621)",http://opendatacommunities.org/id/london-borough-council/camden,7039,21/12/2020 02:48:39 PM
0115EK40445,CAMDEN,2 Passenger,1 Male,25-59,38,1,3 Slight,-2 Unknown,-2 N/A,4 Car,IVERSON ROAD J/W KILBURN HIGH ROAD,2,06/06/2015 07:56:00 PM,Saturday,19.56,3 Bor,B,520,6 Single Cwy,2 30 MPH,0 No Jun In 20m,-2 Not Applicable,-2 Not Applicable,0,0 No Xing Facility In 50m,1 Daylight,1 Fine,1 Road-Dry,0 None,0 None,524920,184600,-0.199852,51.546478,,,Unknown,"(51.546478, -0.199852)",http://opendatacommunities.org/id/london-borough-council/camden,4938,21/12/2020 02:48:36 PM
0116EK40467,CAMDEN,2 Passenger,2 Female,16-24,20,1,3 Slight,-2 Unknown,-2 N/A,4 Car,HAVERSTOCK HILL J/W GLENLOCH ROAD,1,02/07/2016 02:40:00 AM,Saturday,2.40,3 Bor,A,502,6 Single Cwy,2 30 MPH,3 T/Stag Jun,4 Give Way/Uncontrolled,Unclassified,0,4 Pelican Or Similar,2 Dark,1 Fine,1 Road-Dry,0 None,0 None,527340,185090,-0.164794,51.550342,,,Unknown,"(51.550342, -0.164794)",http://opendatacommunities.org/id/london-borough-council/camden,6376,21/12/2020 02:48:38 PM
0115EK41110,CAMDEN,3 Pedestrian,2 Female,25-59,50,1,3 Slight,04 Crossing Road Within 50m Xing,1 From Drivers N/Side,1 Pedestrian,CHALK FARM ROAD J/W HAWLEY STREET,1,12/12/2015 11:30:00 AM,Saturday,11.30,3 Bor,A,502,6 Single Cwy,2 30 MPH,3 T/Stag Jun,4 Give Way/Uncontrolled,A,502,1 Zebra,1 Daylight,2 Raining,2 Road-Wet,0 None,0 None,528640,184200,-0.14638,51.542049,,,Unknown,"(51.542049, -0.14638)",http://opendatacommunities.org/id/london-borough-council/camden,5518,21/12/2020 02:48:37 PM
1180118018,CAMDEN,1 Driver/Rider,1 Male,25-59,25,1,3 Slight,-2 Unknown,-2 N/A,4 Car,HIGH HOLBORN WC1 J/W SHAFTESBURY AVENUE WC2,2,01/07/2018 08:40:00 PM,Sunday,20.40,3 Bor,A,401,3 Dual Cwy,1 <= 20 MPH,7 Multi Jun,2 Auto Sig,A,401,4 Pelican Or Similar,1 Daylight,1 Fine,1 Road-Dry,0 None,0 None,530090,181270,-0.126564,51.515385,,,Unknown,"(51.515385, -0.126564)",http://opendatacommunities.org/id/london-borough-council/camden,8136,21/12/2020 02:48:42 PM
1190176870,CAMDEN,2 PASSENGER,2 FEMALE,60+,72,2,2 SERIOUS,'-2 NOT APPLICABLE,'-2 NOT APPLICABLE,4 CAR,"On Lyndhurst Gardens, near the junction with Wedderburn Road.",1,24/04/2019 10:55:00 PM,Wednesday,22.55,3 BOR,6,0,6 SINGLE CWY,20,06 CROSSROADS,4 GIVE WAY/UNCONTROLLED,6,0,0 NO XING FACILITY IN 50M,1 DARK,1 FINE,1 ROAD-DRY,0 NONE,0 NONE,526886,185194,-0.1713,51.551378,,,Unknown,"(51.551378, -0.1713)",http://opendatacommunities.org/id/london-borough-council/camden,8944,21/12/2020 02:48:44 PM
1180152589,CAMDEN,1 Driver/Rider,2 Female,60+,76,1,3 Slight,-2 Unknown,-2 N/A,2 Pedal Cycle,PARKWAY 26M W OF J/W ARLINGTON STREET,2,06/12/2018 10:46:00 PM,Thursday,22.46,3 Bor,A,4201,9 Unknown,2 30 MPH,0 No Jun In 20m,-2 Not Applicable,-2 Not Applicable,0,9 Unknown (S/R),2 Dark,9 Unknown,9 Unknown (S/R),9 Unknown (S/R),9 Unknown (S/R),528780,183770,-0.144519,51.538152,,,Unknown,"(51.538152, -0.144519)",http://opendatacommunities.org/id/london-borough-council/camden,8618,21/12/2020 02:48:43 PM
1180148220,CAMDEN,3 Pedestrian,1 Male,60+,79,1,3 Slight,01 Crossing Road On Ped Xing,3 From Drivers O/Side,1 Pedestrian,ALBANY STREET J/W CHESTER GATE NW1,1,26/11/2018 05:58:00 PM,Monday,17.58,3 Bor,A,4201,6 Single Cwy,1 <= 20 MPH,3 T/Stag Jun,4 Give Way/Uncontrolled,Unclassified,0,4 Pelican Or Similar,2 Dark,1 Fine,1 Road-Dry,0 None,0 None,528820,182600,-0.144371,51.527629,,,Unknown,"(51.527629, -0.144371)",http://opendatacommunities.org/id/london-borough-council/camden,8561,21/12/2020 02:48:43 PM
0115EK40052,CAMDEN,1 Driver/Rider,1 Male,16-24,16,1,3 Slight,-2 Unknown,-2 N/A,3 Powered 2 Wheeler,LEIGHTON ROAD J/W LADY MARGARET ROAD,2,25/01/2015 07:57:00 PM,Sunday,19.57,3 Bor,C,0,6 Single Cwy,2 30 MPH,3 T/Stag Jun,4 Give Way/Uncontrolled,Unclassified,0,0 No Xing Facility In 50m,2 Dark,1 Fine,1 Road-Dry,0 None,0 None,529190,185190,-0.13809,51.55082,,,Unknown,"(51.55082, -0.13809)",http://opendatacommunities.org/id/london-borough-council/camden,4620,21/12/2020 02:48:35 PM
0115EK40505,CAMDEN,3 Pedestrian,2 Female,25-59,26,1,3 Slight,04 Crossing Road Within 50m Xing,2 From Drivers N/Side Msk,1 Pedestrian,HIGH HOLBORN 30M E OF J/W RED LION ROAD,1,24/06/2015 09:30:00 AM,Wednesday,9.30,3 Bor,A,40,6 Single Cwy,2 30 MPH,0 No Jun In 20m,-2 Not Applicable,-2 Not Applicable,0,4 Pelican Or Similar,1 Daylight,1 Fine,1 Road-Dry,0 None,0 None,530800,181580,-0.116223,51.518007,,,Unknown,"(51.518007, -0.116223)",http://opendatacommunities.org/id/london-borough-council/camden,4994,21/12/2020 02:48:36 PM
1190226134,CAMDEN,1 DRIVER/RIDER,1 MALE,25-59,30,1,3 SLIGHT,'-2 NOT APPLICABLE,9 UNKNOWN OR OTHER,3 POWERED 2 WHEELER,"On Finchley Road, 25 metres south of the junction with Frognal Lane.",2,19/12/2019 06:46:00 PM,Thursday,18.46,1 TLRN,A,41,3 DUAL CWY,30,00 NO JUN IN 20M,,0,0,5 PEDN PHASE AT ATS,1 DARK,2 RAINING,2 ROAD-WET,0 NONE,0 NONE,525618,185398,-0.189506,51.553495,,,Unknown,"(51.553495, -0.189506)",http://opendatacommunities.org/id/london-borough-council/camden,9639,21/12/2020 02:48:45 PM
0115EO49057,CAMDEN,3 Pedestrian,1 Male,60+,65,1,3 Slight,01 Crossing Road On Ped Xing,3 From Drivers O/Side,1 Pedestrian,"YORK WAY, J/W EUSTON ROAD",1,22/12/2015 06:45:00 PM,Tuesday,18.45,1 TLRN,A,5200,6 Single Cwy,2 30 MPH,9 Other Jun,2 Auto Sig,A,501,5 Pedn Phase At Ats,2 Dark,9 Unknown,1 Road-Dry,0 None,0 None,530320,182980,-0.122619,51.5307,,,Unknown,"(51.5307, -0.122619)",http://opendatacommunities.org/id/london-borough-council/camden,5611,21/12/2020 02:48:37 PM
1180115683,CAMDEN,1 Driver/Rider,1 Male,25-59,32,1,3 Slight,-2 Unknown,-2 N/A,3 Powered 2 Wheeler,KINGSWAY J/W HIGH HOLBORN,2,21/06/2018 07:45:00 AM,Thursday,7.45,3 Bor,A,4200,3 Dual Cwy,2 30 MPH,6 Crossroads,2 Auto Sig,A,40,5 Pedn Phase At Ats,1 Daylight,1 Fine,1 Road-Dry,0 None,0 None,530520,181510,-0.120282,51.517443,,,Unknown,"(51.517443, -0.120282)",http://opendatacommunities.org/id/london-borough-council/camden,8093,21/12/2020 02:48:42 PM
1180134034,CAMDEN,3 Pedestrian,1 Male,25-59,29,1,3 Slight,01 Crossing Road On Ped Xing,3 From Drivers O/Side,1 Pedestrian,HUNTER STREET J/W HANDEL STREET,1,21/09/2018 09:08:00 AM,Friday,9.08,3 Bor,B,504,6 Single Cwy,1 <= 20 MPH,6 Crossroads,4 Give Way/Uncontrolled,Unclassified,0,1 Zebra,1 Daylight,1 Fine,1 Road-Dry,0 None,0 None,530290,182380,-0.123273,51.525315,,,Unknown,"(51.525315, -0.123273)",http://opendatacommunities.org/id/london-borough-council/camden,8343,21/12/2020 02:48:42 PM
0115EK41139,CAMDEN,1 Driver/Rider,1 Male,25-59,32,1,3 Slight,-2 Unknown,-2 N/A,2 Pedal Cycle,MURRAY STREET J/W CAMDEN SQUARE,2,18/12/2015 07:04:00 PM,Friday,19.04,3 Bor,Unclassified,0,6 Single Cwy,2 30 MPH,6 Crossroads,4 Give Way/Uncontrolled,Unclassified,0,0 No Xing Facility In 50m,2 Dark,1 Fine,2 Road-Wet,0 None,0 None,529530,184450,-0.133461,51.544092,,,Unknown,"(51.544092, -0.133461)",http://opendatacommunities.org/id/london-borough-council/camden,5543,21/12/2020 02:48:37 PM
1170036223,CAMDEN,1 Driver/Rider,1 Male,25-59,50,1,3 Slight,-2 Unknown,-2 N/A,3 Powered 2 Wheeler,FITZJOHN'S AVENUE 25M S OF J/W PERRINS LANE,2,05/05/2017 04:20:00 PM,Friday,16.20,3 Bor,B,511,6 Single Cwy,2 30 MPH,0 No Jun In 20m,-2 Not Applicable,-2 Not Applicable,0,9 Unknown (S/R),1 Daylight,9 Unknown,9 Unknown (S/R),0 None,9 Unknown (S/R),526410,185580,-0.178024,51.554954,,,Unknown,"(51.554954, -0.178024)",http://opendatacommunities.org/id/london-borough-council/camden,6947,21/12/2020 02:48:39 PM
1170072835,CAMDEN,3 Pedestrian,2 Female,16-24,20,1,3 Slight,05 Crossing Road (Not On Xing),9 Unknown Or Other,1 Pedestrian,MIDLAND ROAD 30M N OF J/W EUSTON ROAD THE NEAREST CLASSIFIED ROAD,1,25/11/2017 09:30:00 AM,Saturday,9.30,3 Bor,C,0,2 One-Way St,2 30 MPH,0 No Jun In 20m,-2 Not Applicable,-2 Not Applicable,0,5 Pedn Phase At Ats,1 Daylight,1 Fine,1 Road-Dry,0 None,0 None,530058,182832,-0.126449,51.52943,,,Unknown,"(51.52943, -0.126449)",http://opendatacommunities.org/id/london-borough-council/camden,7547,21/12/2020 02:48:41 PM
1160024613,CAMDEN,1 Driver/Rider,1 Male,25-59,46,1,3 Slight,-2 Unknown,-2 N/A,3 Powered 2 Wheeler,FINCHLEY ROAD J/W ALVANLEY GARDENS,2,06/10/2016 02:40:00 PM,Thursday,14.40,1 TLRN,A,41,3 Dual Cwy,3 40 MPH,3 T/Stag Jun,2 Auto Sig,Unclassified,0,5 Pedn Phase At Ats,1 Daylight,1 Fine,1 Road-Dry,0 None,0 None,525710,185300,-0.188215,51.552594,,,Unknown,"(51.552594, -0.188215)",http://opendatacommunities.org/id/london-borough-council/camden,5922,21/12/2020 02:48:38 PM
1180094050,CAMDEN,3 Pedestrian,2 Female,16-24,22,1,3 Slight,10 Unknown,9 Unknown Or Other,1 Pedestrian,RED LION STREET 25M N OF J/W PRESTON STREET,1,04/03/2018 04:08:00 PM,Sunday,16.08,3 Bor,C,0,2 One-Way St,2 30 MPH,0 No Jun In 20m,-2 Not Applicable,-2 Not Applicable,0,9 Unknown (S/R),1 Daylight,1 Fine,1 Road-Dry,0 None,0 None,530720,181800,-0.117293,51.520003,,,Unknown,"(51.520003, -0.117293)",http://opendatacommunities.org/id/london-borough-council/camden,7789,21/12/2020 02:48:41 PM
1170048538,CAMDEN,1 Driver/Rider,1 Male,25-59,27,1,3 Slight,-2 Unknown,-2 N/A,3 Powered 2 Wheeler,CAMDEN STREET 30M S OF J/W KENTISH TOWN ROAD THE NEAREST CLASSIFIE,1,15/07/2017 02:50:00 PM,Saturday,14.50,3 Bor,A,400,2 One-Way St,1 <= 20 MPH,0 No Jun In 20m,-2 Not Applicable,-2 Not Applicable,0,0 No Xing Facility In 50m,1 Daylight,2 Raining,2 Road-Wet,0 None,0 None,529000,184200,-0.141191,51.541967,,,Unknown,"(51.541967, -0.141191)",http://opendatacommunities.org/id/london-borough-council/camden,7154,21/12/2020 02:48:40 PM
1170067895,CAMDEN,1 Driver/Rider,1 Male,25-59,42,1,3 Slight,-2 Unknown,-2 N/A,5 Taxi,SOUTHAMPTON ROW J/W GREAT RUSSELL STREET,2,02/11/2017 05:55:00 PM,Thursday,17.55,3 Bor,A,4200,6 Single Cwy,2 30 MPH,3 T/Stag Jun,2 Auto Sig,C,0,5 Pedn Phase At Ats,2 Dark,1 Fine,1 Road-Dry,0 None,0 None,530360,181790,-0.122483,51.519996,,,Unknown,"(51.519996, -0.122483)",http://opendatacommunities.org/id/london-borough-council/camden,7475,21/12/2020 02:48:40 PM
1180098668,CAMDEN,1 Driver/Rider,1 Male,25-59,35,1,3 Slight,-2 Unknown,-2 N/A,2 Pedal Cycle,EUSTON ROAD J/W CHALTON STREET,2,26/03/2018 06:30:00 AM,Monday,6.30,1 TLRN,A,501,6 Single Cwy,2 30 MPH,3 T/Stag Jun,9 Unknown (S/R),Unclassified,0,9 Unknown (S/R),1 Daylight,1 Fine,1 Road-Dry,0 None,0 None,529900,182690,-0.128777,51.52819,,,Unknown,"(51.52819, -0.128777)",http://opendatacommunities.org/id/london-borough-council/camden,7845,21/12/2020 02:48:41 PM