Reference,London Borough Name,Casualty Class,Casualty Sex,Casualty Age Band,Casualty Age,Number Of Casualties,Casualty Severity,Pedestrian Location,Pedestrian Movement,Mode Of Travel,Attendant Location,Number Of Vehicles,Date,Day,Time,Highway,Road Class 1,Road Number 1,Road Type,Speed Limit,Junction Detail,Junction Control,Road Class 2,Road Number 2,Pedestrian Crossing,Light Condition Band,Weather,Road Surface,Special Conditions,Carriage Way Hazard,Easting,Northing,Longitude,Latitude,Ward Code,Ward Name,Spatial Accuracy,Location,Organisation URI,Socrata ID,Last Uploaded
0116EK40027,CAMDEN,1 Driver/Rider,1 Male,16-24,21,1,3 Slight,-2 Unknown,-2 N/A,3 Powered 2 Wheeler,TOTTENHAM COURT ROAD J/W EUSTON ROAD,2,21/01/2016 01:05:00 AM,Thursday,1.05,1 TLRN,A,400,2 One-Way St,2 30 MPH,6 Crossroads,2 Auto Sig,A,501,5 Pedn Phase At Ats,2 Dark,1 Fine,4 Road-Frost/Ice,0 None,0 None,529240,182320,-0.138422,51.525016,,,Unknown,"(51.525016, -0.138422)",http://opendatacommunities.org/id/london-borough-council/camden,6004,21/12/2020 02:48:38 PM
1170063753,CAMDEN,1 Driver/Rider,1 Male,25-59,36,1,3 Slight,-2 Unknown,-2 N/A,7 Goods Vehicle,FINCHLEY ROAD 21M S OF J/W CANFIELD GARDENS,2,09/10/2017 06:30:00 AM,Monday,6.30,1 TLRN,A,41,3 Dual Cwy,2 30 MPH,0 No Jun In 20m,-2 Not Applicable,-2 Not Applicable,0,0 No Xing Facility In 50m,2 Dark,8 Other,9 Unknown (S/R),0 None,0 None,526340,184660,-0.179363,51.546702,,,Unknown,"(51.546702, -0.179363)",http://opendatacommunities.org/id/london-borough-council/camden,7399,21/12/2020 02:48:40 PM
0116EK40154,CAMDEN,3 Pedestrian,1 Male,25-59,30,1,3 Slight,09 In Road - Not Crossing,9 Unknown Or Other,1 Pedestrian,CAMLEY STREET 178M NORTH OF J/W CEDAR WAY,2,14/03/2016 04:25:00 PM,Monday,16.25,3 Bor,Unclassified,0,6 Single Cwy,1 <= 20 MPH,0 No Jun In 20m,-2 Not Applicable,-2 Not Applicable,0,0 No Xing Facility In 50m,1 Daylight,1 Fine,1 Road-Dry,0 None,0 None,529660,184230,-0.131668,51.542085,,,Unknown,"(51.542085, -0.131668)",http://opendatacommunities.org/id/london-borough-council/camden,6109,21/12/2020 02:48:38 PM
0116EK40496,CAMDEN,1 Driver/Rider,1 Male,25-59,29,1,3 Slight,-2 Unknown,-2 N/A,4 Car,EUSTON ROAD J/W EUSTON SQUARE,2,12/07/2016 01:30:00 PM,Tuesday,13.30,1 TLRN,A,501,3 Dual Cwy,3 40 MPH,6 Crossroads,2 Auto Sig,C,0,5 Pedn Phase At Ats,1 Daylight,1 Fine,1 Road-Dry,0 None,0 None,529580,182470,-0.133469,51.526287,,,Unknown,"(51.526287, -0.133469)",http://opendatacommunities.org/id/london-borough-council/camden,6407,21/12/2020 02:48:38 PM
1180099108,CAMDEN,2 Passenger,2 Female,0-15,0,1,3 Slight,-2 Unknown,-2 N/A,6 Bus Or Coach,PANCRAS ROAD 51M NW OF J/W CHENIES PLACE,1,29/03/2018 05:30:00 PM,Thursday,17.30,3 Bor,A,5202,6 Single Cwy,1 <= 20 MPH,0 No Jun In 20m,-2 Not Applicable,-2 Not Applicable,0,5 Pedn Phase At Ats,1 Daylight,2 Raining,2 Road-Wet,0 None,0 None,529740,183410,-0.130818,51.534698,,,Unknown,"(51.534698, -0.130818)",http://opendatacommunities.org/id/london-borough-council/camden,7854,21/12/2020 02:48:41 PM
1180102261,CAMDEN,1 Driver/Rider,1 Male,16-24,19,1,3 Slight,-2 Unknown,-2 N/A,3 Powered 2 Wheeler,UPPER WOBURN PLACE 50M S OF J/W ENDSLEIGH GARDENS,2,17/04/2018 06:15:00 PM,Tuesday,18.15,3 Bor,A,4200,6 Single Cwy,2 30 MPH,0 No Jun In 20m,-2 Not Applicable,-2 Not Applicable,0,1 Zebra,1 Daylight,1 Fine,1 Road-Dry,0 None,0 None,529840,182470,-0.129723,51.526227,,,Unknown,"(51.526227, -0.129723)",http://opendatacommunities.org/id/london-borough-council/camden,7898,21/12/2020 02:48:41 PM
0115EK40096,CAMDEN,1 Driver/Rider,2 Female,25-59,35,1,2 Serious,-2 Unknown,-2 N/A,2 Pedal Cycle,AVENUE ROAD 101M NW OF J/W ADELAIDE ROAD,2,09/01/2015 06:50:00 AM,Friday,6.50,1 TLRN,A,41,3 Dual Cwy,3 40 MPH,0 No Jun In 20m,-2 Not Applicable,-2 Not Applicable,0,0 No Xing Facility In 50m,2 Dark,1 Fine,1 Road-Dry,0 None,0 None,526720,184210,-0.174048,51.542572,,,Unknown,"(51.542572, -0.174048)",http://opendatacommunities.org/id/london-borough-council/camden,4656,21/12/2020 02:48:35 PM
1190189972,CAMDEN,1 DRIVER/RIDER,2 FEMALE,25-59,25,1,3 SLIGHT,'-2 NOT APPLICABLE,'-2 NOT APPLICABLE,2 PEDAL CYCLE,"On Shaftesbury Avenue, 20 metres south of the junction with Neal Street.",2,27/06/2019 02:54:00 PM,Thursday,14.54,3 BOR,A,401,3 DUAL CWY,30,03 T/STAG JUN,4 GIVE WAY/UNCONTROLLED,A,401,1 ZEBRA,2 DAYLIGHT,1 FINE,2 ROAD-WET,0 NONE,0 NONE,530059,181217,-0.12703,51.514916,,,Unknown,"(51.514916, -0.12703)",http://opendatacommunities.org/id/london-borough-council/camden,9138,21/12/2020 02:48:44 PM
0116EK40605,CAMDEN,1 Driver/Rider,1 Male,25-59,52,1,3 Slight,-2 Unknown,-2 N/A,4 Car,MIDLAND ROAD J/W EUSTON ROAD,2,04/08/2016 09:35:00 PM,Thursday,21.35,1 TLRN,C,0,6 Single Cwy,2 30 MPH,6 Crossroads,2 Auto Sig,A,501,5 Pedn Phase At Ats,2 Dark,9 Unknown,1 Road-Dry,0 None,0 None,530060,182810,-0.126428,51.529232,,,Unknown,"(51.529232, -0.126428)",http://opendatacommunities.org/id/london-borough-council/camden,6485,21/12/2020 02:48:39 PM
0115EK40613,CAMDEN,1 Driver/Rider,1 Male,25-59,40,1,3 Slight,-2 Unknown,-2 N/A,4 Car,CAMDEN ROAD J/W ROYAL COLLEGE STREET,2,15/07/2015 02:50:00 PM,Wednesday,14.50,1 TLRN,A,503,6 Single Cwy,2 30 MPH,6 Crossroads,2 Auto Sig,A,5202,5 Pedn Phase At Ats,1 Daylight,1 Fine,1 Road-Dry,0 None,0 None,529190,184170,-0.138464,51.541654,,,Unknown,"(51.541654, -0.138464)",http://opendatacommunities.org/id/london-borough-council/camden,5096,21/12/2020 02:48:36 PM
1180102272,CAMDEN,1 Driver/Rider,1 Male,25-59,42,1,2 Serious,-2 Unknown,-2 N/A,3 Powered 2 Wheeler,NORTH GOWER STREET J/W EUSTON STREET,2,17/04/2018 06:42:00 PM,Tuesday,18.42,3 Bor,B,522,6 Single Cwy,1 <= 20 MPH,3 T/Stag Jun,4 Give Way/Uncontrolled,Unclassified,0,0 No Xing Facility In 50m,1 Daylight,1 Fine,1 Road-Dry,0 None,0 None,529350,182470,-0.136782,51.526339,,,Unknown,"(51.526339, -0.136782)",http://opendatacommunities.org/id/london-borough-council/camden,7899,21/12/2020 02:48:41 PM
1170063793,CAMDEN,1 Driver/Rider,1 Male,16-24,24,1,3 Slight,-2 Unknown,-2 N/A,2 Pedal Cycle,LOUDOUN ROAD J/W BOUNDARY ROAD,1,28/09/2017 09:47:00 AM,Thursday,9.47,3 Bor,Unclassified,0,6 Single Cwy,2 30 MPH,9 Other Jun,2 Auto Sig,Unclassified,0,9 Unknown (S/R),1 Daylight,2 Raining,1 Road-Dry,0 None,0 None,526420,183920,-0.178475,51.540033,,,Unknown,"(51.540033, -0.178475)",http://opendatacommunities.org/id/london-borough-council/camden,7402,21/12/2020 02:48:40 PM
0115EK40594,CAMDEN,3 Pedestrian,2 Female,25-59,49,1,3 Slight,05 Crossing Road (Not On Xing),1 From Drivers N/Side,1 Pedestrian,"THEOBALD'S ROAD, 23 METRES NE OF JOHN STREET.",1,18/07/2015 12:59:00 PM,Saturday,12.59,3 Bor,A,401,6 Single Cwy,2 30 MPH,0 No Jun In 20m,-2 Not Applicable,-2 Not Applicable,0,0 No Xing Facility In 50m,1 Daylight,1 Fine,1 Road-Dry,0 None,0 None,530910,181930,-0.114508,51.521127,,,Unknown,"(51.521127, -0.114508)",http://opendatacommunities.org/id/london-borough-council/camden,5080,21/12/2020 02:48:36 PM
1170061040,CAMDEN,2 Passenger,1 Male,25-59,44,1,3 Slight,-2 Unknown,-2 N/A,8 Other Vehicle,WOBURN PLACE 25M S OF J/W TAVISTOCK SQUARE,6,26/09/2017 01:19:00 PM,Tuesday,13.19,3 Bor,A,4200,3 Dual Cwy,1 <= 20 MPH,0 No Jun In 20m,-2 Not Applicable,-2 Not Applicable,0,5 Pedn Phase At Ats,1 Daylight,1 Fine,1 Road-Dry,0 None,0 None,529988,182283,-0.12766,51.524512,,,Unknown,"(51.524512, -0.12766)",http://opendatacommunities.org/id/london-borough-council/camden,7346,21/12/2020 02:48:40 PM
1190215299,CAMDEN,3 PEDESTRIAN,1 MALE,16-24,24,1,3 SLIGHT,05 CROSSING ROAD (NOT ON XING),1 FROM DRIVERS N/SIDE,1 PEDESTRIAN,"On KILBURN HIGH ROAD, near the junction with PRIORY PARK ROAD.",1,31/10/2019 05:41:00 PM,Thursday,17.41,3 BOR,A,5,6 SINGLE CWY,20,03 T/STAG JUN,4 GIVE WAY/UNCONTROLLED,6,0,4 PELICAN OR SIMILAR,2 DAYLIGHT,1 FINE,1 ROAD-DRY,0 NONE,0 NONE,525203,183898,-0.196022,51.540107,,,Unknown,"(51.540107, -0.196022)",http://opendatacommunities.org/id/london-borough-council/camden,9481,21/12/2020 02:48:44 PM
1190222052,CAMDEN,3 PEDESTRIAN,2 FEMALE,0-15,5,1,3 SLIGHT,05 CROSSING ROAD (NOT ON XING),9 UNKNOWN OR OTHER,1 PEDESTRIAN,"On EAST HEATH, near the junction with DOWNSHIRE ROAD.",1,01/12/2019 03:40:00 PM,Sunday,15.40,3 BOR,5,0,6 SINGLE CWY,20,03 T/STAG JUN,4 GIVE WAY/UNCONTROLLED,6,0,1 ZEBRA,2 DAYLIGHT,1 FINE,1 ROAD-DRY,0 NONE,0 NONE,527078,185911,-0.168274,51.557779,,,Unknown,"(51.557779, -0.168274)",http://opendatacommunities.org/id/london-borough-council/camden,9569,21/12/2020 02:48:45 PM
1170044462,CAMDEN,3 Pedestrian,2 Female,0-15,7,1,3 Slight,05 Crossing Road (Not On Xing),4 From Drivers O/Side Msk,1 Pedestrian,BASSETT STREET J/W QUEEN'S CRESCENT,1,22/06/2017 05:52:00 PM,Thursday,17.52,3 Bor,Unclassified,0,6 Single Cwy,1 <= 20 MPH,3 T/Stag Jun,4 Give Way/Uncontrolled,Unclassified,0,0 No Xing Facility In 50m,1 Daylight,1 Fine,1 Road-Dry,0 None,0 None,528220,185030,-0.15213,51.549603,,,Unknown,"(51.549603, -0.15213)",http://opendatacommunities.org/id/london-borough-council/camden,7071,21/12/2020 02:48:40 PM
1170064483,CAMDEN,2 Passenger,2 Female,16-24,16,1,3 Slight,-2 Unknown,-2 N/A,6 Bus Or Coach,FINCHLEY ROAD J/W HILGROVE ROAD,2,14/10/2017 10:58:00 AM,Saturday,10.58,1 TLRN,A,41,2 One-Way St,2 30 MPH,6 Crossroads,2 Auto Sig,B,509,5 Pedn Phase At Ats,1 Daylight,1 Fine,1 Road-Dry,0 None,0 None,526630,184100,-0.175384,51.541604,,,Unknown,"(51.541604, -0.175384)",http://opendatacommunities.org/id/london-borough-council/camden,7418,21/12/2020 02:48:40 PM
1180116001,CAMDEN,1 Driver/Rider,1 Male,25-59,25,1,3 Slight,-2 Unknown,-2 N/A,2 Pedal Cycle,HIGHGATE WEST HILL J/W HOLLY LODGE GARDENS,2,22/06/2018 10:29:00 AM,Friday,10.29,3 Bor,C,0,6 Single Cwy,1 <= 20 MPH,3 T/Stag Jun,4 Give Way/Uncontrolled,Unclassified,0,1 Zebra,1 Daylight,1 Fine,2 Road-Wet,0 None,0 None,528058,186966,-0.153761,51.567038,,,Unknown,"(51.567038, -0.153761)",http://opendatacommunities.org/id/london-borough-council/camden,8100,21/12/2020 02:48:42 PM
1190173527,CAMDEN,3 PEDESTRIAN,2 FEMALE,25-59,32,1,2 SERIOUS,05 CROSSING ROAD (NOT ON XING),3 FROM DRIVERS O/SIDE,1 PEDESTRIAN,"On Camden Road, 98 metres west of the junction with Camden Street .. The nearest classified road was the A400",1,05/04/2019 02:45:00 PM,Friday,14.45,1 TLRN,A,503,3 DUAL CWY,20,00 NO JUN IN 20M,,0,0,1 ZEBRA,2 DAYLIGHT,1 FINE,1 ROAD-DRY,0 NONE,0 NONE,529005,183977,-0.141201,51.539961,,,Unknown,"(51.539961, -0.141201)",http://opendatacommunities.org/id/london-borough-council/camden,8910,21/12/2020 02:48:44 PM
0116EK40485,CAMDEN,1 Driver/Rider,1 Male,Unknown,0,1,3 Slight,-2 Unknown,-2 N/A,5 Taxi,FINCHLEY ROAD 67M N OF J/W HILLGORVE ROAD,2,10/07/2016 05:00:00 PM,Sunday,17.00,1 TLRN,A,41,6 Single Cwy,2 30 MPH,0 No Jun In 20m,-2 Not Applicable,-2 Not Applicable,0,0 No Xing Facility In 50m,1 Daylight,1 Fine,1 Road-Dry,0 None,0 None,526640,184170,-0.175215,51.542231,,,Unknown,"(51.542231, -0.175215)",http://opendatacommunities.org/id/london-borough-council/camden,6395,21/12/2020 02:48:38 PM
1180131553,CAMDEN,1 Driver/Rider,1 Male,25-59,28,1,3 Slight,-2 Unknown,-2 N/A,3 Powered 2 Wheeler,YORK WAY 50M N OF J/W EUSTON ROAD,2,09/09/2018 06:42:00 PM,Sunday,18.42,3 Bor,A,5200,2 One-Way St,1 <= 20 MPH,0 No Jun In 20m,-2 Not Applicable,-2 Not Applicable,0,0 No Xing Facility In 50m,1 Daylight,8 Other,1 Road-Dry,0 None,0 None,530330,183040,-0.122453,51.531237,,,Unknown,"(51.531237, -0.122453)",http://opendatacommunities.org/id/london-borough-council/camden,8312,21/12/2020 02:48:42 PM
1180120585,CAMDEN,1 Driver/Rider,1 Male,16-24,20,1,3 Slight,-2 Unknown,-2 N/A,2 Pedal Cycle,EAST HEATH ROAD J/W WELL WALK,2,12/07/2018 03:45:00 PM,Thursday,15.45,3 Bor,C,0,6 Single Cwy,1 <= 20 MPH,3 T/Stag Jun,4 Give Way/Uncontrolled,Unclassified,0,1 Zebra,1 Daylight,1 Fine,1 Road-Dry,0 None,0 None,526790,186140,-0.172344,51.559902,,,Unknown,"(51.559902, -0.172344)",http://opendatacommunities.org/id/london-borough-council/camden,8169,21/12/2020 02:48:42 PM
1180093878,CAMDEN,3 Pedestrian,2 Female,25-59,35,1,3 Slight,01 Crossing Road On Ped Xing,1 From Drivers N/Side,1 Pedestrian,OXFORD STREET J/W CHARING CROSS ROAD,1,03/03/2018 07:20:00 PM,Saturday,19.20,3 Bor,A,40,6 Single Cwy,2 30 MPH,6 Crossroads,2 Auto Sig,A,400,5 Pedn Phase At Ats,2 Dark,2 Raining,2 Road-Wet,0 None,0 None,529824,181376,-0.130356,51.516399,,,Unknown,"(51.516399, -0.130356)",http://opendatacommunities.org/id/london-borough-council/camden,7788,21/12/2020 02:48:41 PM
1190197243,CAMDEN,3 PEDESTRIAN,1 MALE,60+,60,1,3 SLIGHT,04 CROSSING ROAD WITHIN 50M XING,'-2 NOT APPLICABLE,1 PEDESTRIAN,"On Tottenham Court Road, 10 metres south of the junction with University Street.",1,01/08/2019 11:02:00 AM,Thursday,11.02,3 BOR,A,400,3 DUAL CWY,30,06 CROSSROADS,2 AUTO SIG,5,0,5 PEDN PHASE AT ATS,2 DAYLIGHT,1 FINE,1 ROAD-DRY,0 NONE,0 NONE,529380,182075,-0.136495,51.522783,,,Unknown,"(51.522783, -0.136495)",http://opendatacommunities.org/id/london-borough-council/camden,9247,21/12/2020 02:48:44 PM
1180119770,CAMDEN,1 Driver/Rider,1 Male,25-59,53,1,3 Slight,-2 Unknown,-2 N/A,4 Car,EUSTON ROAD 66M E OF J/W CHURCHWAY,2,11/06/2018 02:45:00 PM,Monday,14.45,1 TLRN,A,501,3 Dual Cwy,2 30 MPH,0 No Jun In 20m,-2 Not Applicable,-2 Not Applicable,0,9 Unknown (S/R),1 Daylight,1 Fine,1 Road-Dry,0 None,0 None,529870,182660,-0.129221,51.527928,,,Unknown,"(51.527928, -0.129221)",http://opendatacommunities.org/id/london-borough-council/camden,8155,21/12/2020 02:48:42 PM
0116EK40309,CAMDEN,1 Driver/Rider,1 Male,16-24,24,1,2 Serious,-2 Unknown,-2 N/A,2 Pedal Cycle,LEIGHTON ROAD J/W BARTHOLOMEW ROAD,2,04/05/2016 08:30:00 AM,Wednesday,8.30,3 Bor,C,0,6 Single Cwy,2 30 MPH,3 T/Stag Jun,4 Give Way/Uncontrolled,Unclassified,0,0 No Xing Facility In 50m,1 Daylight,1 Fine,1 Road-Dry,0 None,0 None,529410,185190,-0.134919,51.55077,,,Unknown,"(51.55077, -0.134919)",http://opendatacommunities.org/id/london-borough-council/camden,6244,21/12/2020 02:48:38 PM
1170020043,CAMDEN,3 Pedestrian,1 Male,25-59,36,1,3 Slight,09 In Road - Not Crossing,5 In Rd Not Crossing,1 Pedestrian,CHALK FARM ROAD 50M S OF J/W HAVERSTOCK  HILL NW1 THE NEAREST CLAS,1,21/02/2017 08:30:00 PM,Tuesday,20.30,3 Bor,A,502,6 Single Cwy,1 <= 20 MPH,0 No Jun In 20m,-2 Not Applicable,-2 Not Applicable,0,0 No Xing Facility In 50m,2 Dark,1 Fine,1 Road-Dry,0 None,0 None,528260,184350,-0.151802,51.543483,,,Unknown,"(51.543483, -0.151802)",http://opendatacommunities.org/id/london-borough-council/camden,6698,21/12/2020 02:48:39 PM
1180090170,CAMDEN,2 Passenger,2 Female,60+,70,1,3 Slight,-2 Unknown,-2 N/A,6 Bus Or Coach,KILBURN HIGH ROAD J/W COVENTRY CLOSE,1,14/02/2018 01:23:00 PM,Wednesday,13.23,3 Bor,A,5,3 Dual Cwy,2 30 MPH,3 T/Stag Jun,4 Give Way/Uncontrolled,A,5,0 No Xing Facility In 50m,1 Daylight,2 Raining,2 Road-Wet,0 None,0 None,525470,183550,-0.192299,51.53692,,,Unknown,"(51.53692, -0.192299)",http://opendatacommunities.org/id/london-borough-council/camden,7750,21/12/2020 02:48:41 PM
1180129200,CAMDEN,2 Passenger,1 Male,Unknown,0,1,3 Slight,-2 Unknown,-2 N/A,4 Car,CAMDEN ROAD J/W ST PANCRAS WAY,2,24/08/2018 05:32:00 PM,Friday,17.32,1 TLRN,A,503,6 Single Cwy,2 30 MPH,3 T/Stag Jun,2 Auto Sig,A,5202,5 Pedn Phase At Ats,1 Daylight,1 Fine,1 Road-Dry,0 None,0 None,529254,184302,-0.137493,51.542825,,,Unknown,"(51.542825, -0.137493)",http://opendatacommunities.org/id/london-borough-council/camden,8279,21/12/2020 02:48:42 PM
0115EK40308,CAMDEN,1 Driver/Rider,2 Female,25-59,36,1,3 Slight,-2 Unknown,-2 N/A,2 Pedal Cycle,HIGH HOLBORN J/W RED LION STREET,2,22/04/2015 07:00:00 PM,Wednesday,19.00,3 Bor,A,40,6 Single Cwy,2 30 MPH,3 T/Stag Jun,4 Give Way/Uncontrolled,C,0,4 Pelican Or Similar,1 Daylight,1 Fine,1 Road-Dry,0 None,0 None,530780,181570,-0.116514,51.517922,,,Unknown,"(51.517922, -0.116514)",http://opendatacommunities.org/id/london-borough-council/camden,4829,21/12/2020 02:48:36 PM
1170024772,CAMDEN,1 Driver/Rider,1 Male,25-59,29,1,3 Slight,-2 Unknown,-2 N/A,8 Other Vehicle,KILBURN PRIORY 21M S OF J/W MORTYMER PLACE NW6,2,12/03/2017 11:50:00 AM,Sunday,11.50,3 Bor,C,0,3 Dual Cwy,2 30 MPH,0 No Jun In 20m,-2 Not Applicable,-2 Not Applicable,0,0 No Xing Facility In 50m,1 Daylight,2 Raining,2 Road-Wet,0 None,0 None,525620,183570,-0.19013,51.537066,,,Unknown,"(51.537066, -0.19013)",http://opendatacommunities.org/id/london-borough-council/camden,6772,21/12/2020 02:48:39 PM
0116EK40314,CAMDEN,1 Driver/Rider,1 Male,25-59,36,1,3 Slight,-2 Unknown,-2 N/A,2 Pedal Cycle,CAMDEN ROAD 26M NE OF SANDALL ROAD,2,05/05/2016 10:00:00 AM,Thursday,10.00,1 TLRN,A,503,6 Single Cwy,1 <= 20 MPH,8 Priv Drive,4 Give Way/Uncontrolled,Unclassified,0,0 No Xing Facility In 50m,1 Daylight,1 Fine,1 Road-Dry,0 None,0 None,529530,184640,-0.133391,51.5458,,,Unknown,"(51.5458, -0.133391)",http://opendatacommunities.org/id/london-borough-council/camden,6247,21/12/2020 02:48:38 PM
1190199999,CAMDEN,1 DRIVER/RIDER,1 MALE,25-59,30,1,3 SLIGHT,'-2 NOT APPLICABLE,'-2 NOT APPLICABLE,5 TAXI,"On Upper Woburn Place, near the junction with Woburn Walk.",1,16/08/2019 11:39:00 PM,Friday,23.39,3 BOR,A,4200,3 DUAL CWY,20,06 CROSSROADS,4 GIVE WAY/UNCONTROLLED,6,0,9 UNKNOWN (S/R),2 DAYLIGHT,2 RAINING,2 ROAD-WET,9 UNKNOWN (S/R),9 UNKNOWN (S/R),529814,182522,-0.130078,51.5267,,,Unknown,"(51.5267, -0.130078)",http://opendatacommunities.org/id/london-borough-council/camden,9281,21/12/2020 02:48:44 PM
0115EK40394,CAMDEN,1 Driver/Rider,1 Male,60+,61,1,3 Slight,-2 Unknown,-2 N/A,2 Pedal Cycle,GLOUCESTER AVENUE 64M SE OF J/W PRINCESS ROAD,2,20/05/2015 11:29:00 AM,Wednesday,11.29,3 Bor,Unclassified,0,6 Single Cwy,2 30 MPH,0 No Jun In 20m,-2 Not Applicable,-2 Not Applicable,0,0 No Xing Facility In 50m,1 Daylight,1 Fine,1 Road-Dry,0 None,0 None,528380,183940,-0.150222,51.539771,,,Unknown,"(51.539771, -0.150222)",http://opendatacommunities.org/id/london-borough-council/camden,4894,21/12/2020 02:48:36 PM
0115EK40147,CAMDEN,3 Pedestrian,1 Male,25-59,31,1,3 Slight,04 Crossing Road Within 50m Xing,9 Unknown Or Other,1 Pedestrian,RED LION STREET J/W HIGH HOLBORN,1,01/01/2015 02:15:00 AM,Thursday,2.15,3 Bor,C,0,6 Single Cwy,2 30 MPH,3 T/Stag Jun,4 Give Way/Uncontrolled,A,40,4 Pelican Or Similar,2 Dark,1 Fine,1 Road-Dry,0 None,0 None,530770,181590,-0.116651,51.518104,,,Unknown,"(51.518104, -0.116651)",http://opendatacommunities.org/id/london-borough-council/camden,4694,21/12/2020 02:48:36 PM
1170013614,CAMDEN,3 Pedestrian,1 Male,16-24,24,1,2 Serious,01 Crossing Road On Ped Xing,1 From Drivers N/Side,1 Pedestrian,HEATH STREET J/W NEW END,1,22/01/2017 09:03:00 PM,Sunday,21.03,3 Bor,A,502,6 Single Cwy,1 <= 20 MPH,9 Other Jun,4 Give Way/Uncontrolled,Unclassified,0,4 Pelican Or Similar,2 Dark,1 Fine,1 Road-Dry,0 None,0 None,526360,186000,-0.178594,51.55874,,,Unknown,"(51.55874, -0.178594)",http://opendatacommunities.org/id/london-borough-council/camden,6608,21/12/2020 02:48:39 PM
1190178479,CAMDEN,1 DRIVER/RIDER,1 MALE,60+,68,1,3 SLIGHT,'-2 NOT APPLICABLE,'-2 NOT APPLICABLE,2 PEDAL CYCLE,"On Montague Street, 25 metres north of the junction with Great Russell Street.",2,01/05/2019 07:00:00 AM,Wednesday,7.00,3 BOR,5,0,6 SINGLE CWY,30,00 NO JUN IN 20M,,0,0,5 PEDN PHASE AT ATS,2 DAYLIGHT,1 FINE,1 ROAD-DRY,0 NONE,0 NONE,530155,181763,-0.125446,51.519801,,,Unknown,"(51.519801, -0.125446)",http://opendatacommunities.org/id/london-borough-council/camden,8970,21/12/2020 02:48:44 PM
1170065820,CAMDEN,3 Pedestrian,2 Female,16-24,17,1,2 Serious,05 Crossing Road (Not On Xing),2 From Drivers N/Side Msk,1 Pedestrian,CAMDEN HIGH STREET 100M S OF J/W PLENDER STREET NW1,1,21/10/2017 08:55:00 PM,Saturday,20.55,1 TLRN,A,502,2 One-Way St,1 <= 20 MPH,0 No Jun In 20m,-2 Not Applicable,-2 Not Applicable,0,0 No Xing Facility In 50m,2 Dark,1 Fine,1 Road-Dry,0 None,0 None,529159,183461,-0.139171,51.535289,,,Unknown,"(51.535289, -0.139171)",http://opendatacommunities.org/id/london-borough-council/camden,7448,21/12/2020 02:48:40 PM
1170057205,CAMDEN,1 Driver/Rider,1 Male,25-59,36,1,2 Serious,-2 Unknown,-2 N/A,3 Powered 2 Wheeler,CAMDEN HIGH STREET 5M S OF J/W PLENDER STREET,2,03/09/2017 02:13:00 PM,Sunday,14.13,1 TLRN,A,502,2 One-Way St,1 <= 20 MPH,3 T/Stag Jun,4 Give Way/Uncontrolled,Unclassified,0,0 No Xing Facility In 50m,1 Daylight,1 Fine,1 Road-Dry,0 None,0 None,529120,183510,-0.139715,51.535738,,,Unknown,"(51.535738, -0.139715)",http://opendatacommunities.org/id/london-borough-council/camden,7290,21/12/2020 02:48:40 PM
1190192575,CAMDEN,1 DRIVER/RIDER,1 MALE,16-24,22,1,3 SLIGHT,'-2 NOT APPLICABLE,'-2 NOT APPLICABLE,3 POWERED 2 WHEELER,"On Euston Road, near the junction with Conway St, Fitzrovia, London W1T 6BQ.",3,09/07/2019 06:00:00 PM,Tuesday,18.00,1 TLRN,A,501,3 DUAL CWY,30,09 OTHER JUN,2 AUTO SIG,6,0,0 NO XING FACILITY IN 50M,2 DAYLIGHT,1 FINE,1 ROAD-DRY,0 NONE,0 NONE,529019,182211,-0.141646,51.524087,,,Unknown,"(51.524087, -0.141646)",http://opendatacommunities.org/id/london-borough-council/camden,9173,21/12/2020 02:48:44 PM
1180116475,CAMDEN,3 Pedestrian,1 Male,0-15,3,1,2 Serious,05 Crossing Road (Not On Xing),1 From Drivers N/Side,1 Pedestrian,VERNON PLACE J/W BLOOMSBURY SQUARE,1,24/06/2018 03:30:00 PM,Sunday,15.30,3 Bor,A,401,6 Single Cwy,1 <= 20 MPH,3 T/Stag Jun,4 Give Way/Uncontrolled,Unclassified,0,0 No Xing Facility In 50m,1 Daylight,1 Fine,1 Road-Dry,0 None,0 None,530420,181650,-0.12167,51.518724,,,Unknown,"(51.518724, -0.12167)",http://opendatacommunities.org/id/london-borough-council/camden,8115,21/12/2020 02:48:42 PM
1190171273,CAMDEN,3 PEDESTRIAN,2 FEMALE,0-15,15,1,3 SLIGHT,10 UNKNOWN OR OTHER,9 UNKNOWN OR OTHER,1 PEDESTRIAN,"On Tottenham Court Road, near the junction with Tottenham Court Road.",1,22/03/2019 08:53:00 PM,Friday,20.53,3 BOR,A,40,3 DUAL CWY,20,09 OTHER JUN,2 AUTO SIG,A,400,0 NO XING FACILITY IN 50M,2 DAYLIGHT,9 UNKNOWN,1 ROAD-DRY,0 NONE,0 NONE,529816,181377,-0.130471,51.51641,,,Unknown,"(51.51641, -0.130471)",http://opendatacommunities.org/id/london-borough-council/camden,8873,21/12/2020 02:48:43 PM
1160024151,CAMDEN,1 Driver/Rider,2 Female,25-59,37,1,3 Slight,-2 Unknown,-2 N/A,3 Powered 2 Wheeler,HAVERSTOCK HILL J/W BELSIZE GROVE,2,31/10/2016 01:06:00 PM,Monday,13.06,3 Bor,A,502,6 Single Cwy,1 <= 20 MPH,3 T/Stag Jun,4 Give Way/Uncontrolled,Unclassified,0,0 No Xing Facility In 50m,1 Daylight,1 Fine,1 Road-Dry,0 None,0 None,527430,185010,-0.163525,51.549602,,,Unknown,"(51.549602, -0.163525)",http://opendatacommunities.org/id/london-borough-council/camden,5879,21/12/2020 02:48:38 PM