Reference,London Borough Name,Casualty Class,Casualty Sex,Casualty Age Band,Casualty Age,Number Of Casualties,Casualty Severity,Pedestrian Location,Pedestrian Movement,Mode Of Travel,Attendant Location,Number Of Vehicles,Date,Day,Time,Highway,Road Class 1,Road Number 1,Road Type,Speed Limit,Junction Detail,Junction Control,Road Class 2,Road Number 2,Pedestrian Crossing,Light Condition Band,Weather,Road Surface,Special Conditions,Carriage Way Hazard,Easting,Northing,Longitude,Latitude,Ward Code,Ward Name,Spatial Accuracy,Location,Organisation URI,Socrata ID,Last Uploaded
0115EK40887,CAMDEN,1 Driver/Rider,1 Male,25-59,35,1,3 Slight,-2 Unknown,-2 N/A,2 Pedal Cycle,ROYAL COLLEGE STREET J/W PLENDER STREET.,2,02/10/2015 11:28:00 PM,Friday,23.28,3 Bor,A,5202,2 One-Way St,1 <= 20 MPH,3 T/Stag Jun,4 Give Way/Uncontrolled,Unclassified,0,1 Zebra,2 Dark,1 Fine,2 Road-Wet,0 None,0 None,529450,183710,-0.134886,51.53746,,,Unknown,"(51.53746, -0.134886)",http://opendatacommunities.org/id/london-borough-council/camden,5330,21/12/2020 02:48:37 PM
0115EK40978,CAMDEN,2 Passenger,1 Male,16-24,18,1,3 Slight,-2 Unknown,-2 N/A,4 Car,CAMDEN ROAD J/W ST PANCRAS WAY.,2,04/11/2015 08:40:00 PM,Wednesday,20.40,1 TLRN,A,503,6 Single Cwy,2 30 MPH,6 Crossroads,2 Auto Sig,A,5202,5 Pedn Phase At Ats,2 Dark,1 Fine,2 Road-Wet,0 None,0 None,529260,184300,-0.137408,51.542806,,,Unknown,"(51.542806, -0.137408)",http://opendatacommunities.org/id/london-borough-council/camden,5407,21/12/2020 02:48:37 PM
1170054078,CAMDEN,1 Driver/Rider,1 Male,25-59,27,1,3 Slight,-2 Unknown,-2 N/A,3 Powered 2 Wheeler,SHAFTESBURY AVENUE J/W STACEY STREET,2,16/08/2017 10:09:00 AM,Wednesday,10.09,3 Bor,A,401,6 Single Cwy,1 <= 20 MPH,3 T/Stag Jun,4 Give Way/Uncontrolled,Unclassified,0,0 No Xing Facility In 50m,1 Daylight,1 Fine,1 Road-Dry,0 None,0 None,529980,181120,-0.128204,51.514063,,,Unknown,"(51.514063, -0.128204)",http://opendatacommunities.org/id/london-borough-council/camden,7252,21/12/2020 02:48:40 PM
1170057352,CAMDEN,3 Pedestrian,2 Female,60+,62,1,3 Slight,04 Crossing Road Within 50m Xing,3 From Drivers O/Side,1 Pedestrian,GRAFTON ROAD 25M N OF J/W PRINCE OF WALES ROAD,1,05/09/2017 11:40:00 AM,Tuesday,11.40,3 Bor,C,0,6 Single Cwy,1 <= 20 MPH,0 No Jun In 20m,-2 Not Applicable,-2 Not Applicable,0,5 Pedn Phase At Ats,1 Daylight,1 Fine,1 Road-Dry,0 None,0 None,528740,184800,-0.144719,51.547418,,,Unknown,"(51.547418, -0.144719)",http://opendatacommunities.org/id/london-borough-council/camden,7292,21/12/2020 02:48:40 PM
1180111192,CAMDEN,1 Driver/Rider,2 Female,25-59,25,1,3 Slight,-2 Unknown,-2 N/A,2 Pedal Cycle,GRAYS INN ROAD 23M S OF J/W GUILFORD STREET,2,30/05/2018 08:35:00 AM,Wednesday,8.35,3 Bor,A,5200,3 Dual Cwy,2 30 MPH,0 No Jun In 20m,-2 Not Applicable,-2 Not Applicable,0,5 Pedn Phase At Ats,1 Daylight,1 Fine,2 Road-Wet,0 None,0 None,530814,182270,-0.115765,51.524205,,,Unknown,"(51.524205, -0.115765)",http://opendatacommunities.org/id/london-borough-council/camden,8037,21/12/2020 02:48:42 PM
1180097554,CAMDEN,3 Pedestrian,2 Female,16-24,17,1,3 Slight,05 Crossing Road (Not On Xing),9 Unknown Or Other,1 Pedestrian,FITZJOHN'S AVENUE 50M S OF J/W NUTTLEY TERRACE THE NEAREST CLASSIF,1,21/03/2018 05:50:00 AM,Wednesday,5.50,3 Bor,B,511,6 Single Cwy,1 <= 20 MPH,0 No Jun In 20m,-2 Not Applicable,-2 Not Applicable,0,0 No Xing Facility In 50m,1 Daylight,1 Fine,1 Road-Dry,0 None,0 None,526570,185040,-0.175911,51.550065,,,Unknown,"(51.550065, -0.175911)",http://opendatacommunities.org/id/london-borough-council/camden,7828,21/12/2020 02:48:41 PM
1160024352,CAMDEN,1 Driver/Rider,1 Male,25-59,31,1,3 Slight,-2 Unknown,-2 N/A,2 Pedal Cycle,TAVISTOCK PLACE J/W HERBRAND STREET,2,19/10/2016 07:07:00 PM,Wednesday,19.07,3 Bor,C,0,2 One-Way St,1 <= 20 MPH,3 T/Stag Jun,4 Give Way/Uncontrolled,Unclassified,0,0 No Xing Facility In 50m,2 Dark,1 Fine,1 Road-Dry,0 None,0 None,530050,182360,-0.126738,51.52519,,,Unknown,"(51.52519, -0.126738)",http://opendatacommunities.org/id/london-borough-council/camden,5887,21/12/2020 02:48:38 PM
0115EK40201,CAMDEN,3 Pedestrian,1 Male,0-15,2,1,3 Slight,04 Crossing Road Within 50m Xing,1 From Drivers N/Side,1 Pedestrian,KENTISH TOWN ROAD J/W CAVERSHAM ROAD,1,13/03/2015 03:50:00 PM,Friday,15.50,3 Bor,A,400,6 Single Cwy,2 30 MPH,3 T/Stag Jun,4 Give Way/Uncontrolled,Unclassified,0,4 Pelican Or Similar,1 Daylight,1 Fine,1 Road-Dry,0 None,0 None,528980,184950,-0.141205,51.548711,,,Unknown,"(51.548711, -0.141205)",http://opendatacommunities.org/id/london-borough-council/camden,4739,21/12/2020 02:48:36 PM
1170018278,CAMDEN,1 Driver/Rider,2 Female,25-59,53,1,3 Slight,-2 Unknown,-2 N/A,4 Car,ARKWRIGHT ROAD 50M W OF J/W FROGNAL,2,14/02/2017 10:41:00 AM,Tuesday,10.41,3 Bor,Unclassified,0,6 Single Cwy,1 <= 20 MPH,0 No Jun In 20m,-2 Not Applicable,-2 Not Applicable,0,0 No Xing Facility In 50m,1 Daylight,1 Fine,1 Road-Dry,0 None,0 None,526200,185170,-0.181198,51.551316,,,Unknown,"(51.551316, -0.181198)",http://opendatacommunities.org/id/london-borough-council/camden,6669,21/12/2020 02:48:39 PM
1190201023,CAMDEN,1 DRIVER/RIDER,1 MALE,25-59,49,1,3 SLIGHT,'-2 NOT APPLICABLE,'-2 NOT APPLICABLE,3 POWERED 2 WHEELER,Location uncertain Shaftesbury Avenue,3,22/08/2019 06:40:00 PM,Thursday,18.40,3 BOR,A,401,9 UNKNOWN,30,05 SLIP ROAD,9 UNKNOWN (S/R),B,404,9 UNKNOWN (S/R),2 DAYLIGHT,9 UNKNOWN,9 UNKNOWN (S/R),9 UNKNOWN (S/R),9 UNKNOWN (S/R),530037,181239,-0.127339,51.515119,,,Unknown,"(51.515119, -0.127339)",http://opendatacommunities.org/id/london-borough-council/camden,9292,21/12/2020 02:48:44 PM
1170037058,CAMDEN,1 Driver/Rider,1 Male,25-59,31,1,3 Slight,-2 Unknown,-2 N/A,2 Pedal Cycle,HIGH HOLBORN J/W GRAPE STREET,2,08/05/2017 11:50:00 AM,Monday,11.50,3 Bor,B,401,9 Unknown,2 30 MPH,3 T/Stag Jun,9 Unknown (S/R),Unclassified,0,9 Unknown (S/R),1 Daylight,4 Fine/High Winds,9 Unknown (S/R),0 None,9 Unknown (S/R),530160,181340,-0.12553,51.515998,,,Unknown,"(51.515998, -0.12553)",http://opendatacommunities.org/id/london-borough-council/camden,6954,21/12/2020 02:48:39 PM
0115EK40971,CAMDEN,1 Driver/Rider,2 Female,16-24,23,1,3 Slight,-2 Unknown,-2 N/A,4 Car,"GREVILLE PLACE, 90 METRES SW OF GREVILLE ROAD.",3,31/10/2015 11:30:00 AM,Saturday,11.30,3 Bor,Unclassified,0,6 Single Cwy,2 30 MPH,0 No Jun In 20m,-2 Not Applicable,-2 Not Applicable,0,0 No Xing Facility In 50m,1 Daylight,1 Fine,1 Road-Dry,0 None,0 None,525800,183370,-0.187607,51.535229,,,Unknown,"(51.535229, -0.187607)",http://opendatacommunities.org/id/london-borough-council/camden,5397,21/12/2020 02:48:37 PM
1180112918,CAMDEN,1 Driver/Rider,1 Male,16-24,23,1,3 Slight,-2 Unknown,-2 N/A,2 Pedal Cycle,KILBURN HIGH ROAD 25M W OF J/W KILBURN PRIORY,2,08/06/2018 07:08:00 AM,Friday,7.08,3 Bor,A,5,6 Single Cwy,2 30 MPH,0 No Jun In 20m,-2 Not Applicable,-2 Not Applicable,0,0 No Xing Facility In 50m,1 Daylight,1 Fine,1 Road-Dry,0 None,0 None,525580,183420,-0.19076,51.535727,,,Unknown,"(51.535727, -0.19076)",http://opendatacommunities.org/id/london-borough-council/camden,8059,21/12/2020 02:48:42 PM
1180115839,CAMDEN,1 Driver/Rider,1 Male,16-24,22,1,3 Slight,-2 Unknown,-2 N/A,3 Powered 2 Wheeler,A41 J/W BURRARD ROAD NW6,2,21/06/2018 04:45:00 PM,Thursday,16.45,1 TLRN,A,41,3 Dual Cwy,3 40 MPH,3 T/Stag Jun,4 Give Way/Uncontrolled,Unclassified,0,0 No Xing Facility In 50m,1 Daylight,1 Fine,1 Road-Dry,0 None,0 None,525330,185620,-0.193579,51.555554,,,Unknown,"(51.555554, -0.193579)",http://opendatacommunities.org/id/london-borough-council/camden,8099,21/12/2020 02:48:42 PM
1180146758,CAMDEN,1 Driver/Rider,1 Male,25-59,38,1,2 Serious,-2 Unknown,-2 N/A,3 Powered 2 Wheeler,EVERSHOLT STREET J/W LIDLINGTON PLACE,2,19/11/2018 10:17:00 PM,Monday,22.17,1 TLRN,A,4200,6 Single Cwy,1 <= 20 MPH,6 Crossroads,2 Auto Sig,A,400,5 Pedn Phase At Ats,2 Dark,2 Raining,2 Road-Wet,0 None,1 Vehicle Load In Cwy,529310,183200,-0.137091,51.532909,,,Unknown,"(51.532909, -0.137091)",http://opendatacommunities.org/id/london-borough-council/camden,8537,21/12/2020 02:48:43 PM
0116EK40526,CAMDEN,2 Passenger,1 Male,25-59,57,1,3 Slight,-2 Unknown,-2 N/A,6 Bus Or Coach,KINGSWAY J/W HIGH HOLBORN,1,20/07/2016 03:46:00 PM,Wednesday,15.46,3 Bor,A,4200,6 Single Cwy,2 30 MPH,6 Crossroads,2 Auto Sig,A,40,5 Pedn Phase At Ats,1 Daylight,8 Other,1 Road-Dry,0 None,0 None,530510,181510,-0.120426,51.517445,,,Unknown,"(51.517445, -0.120426)",http://opendatacommunities.org/id/london-borough-council/camden,6427,21/12/2020 02:48:38 PM
0115EK40139,CAMDEN,3 Pedestrian,2 Female,25-59,38,1,3 Slight,01 Crossing Road On Ped Xing,3 From Drivers O/Side,1 Pedestrian,TOTTENHAM COURT ROAD J/W GOODGE STREET,1,04/01/2015 03:20:00 PM,Sunday,15.20,3 Bor,A,400,6 Single Cwy,2 30 MPH,3 T/Stag Jun,2 Auto Sig,B,506,5 Pedn Phase At Ats,1 Daylight,1 Fine,1 Road-Dry,0 None,0 None,529570,181780,-0.133866,51.520088,,,Unknown,"(51.520088, -0.133866)",http://opendatacommunities.org/id/london-borough-council/camden,4690,21/12/2020 02:48:36 PM
0115EK41130,CAMDEN,1 Driver/Rider,1 Male,25-59,30,1,3 Slight,-2 Unknown,-2 N/A,2 Pedal Cycle,SOUTHAMPTON ROW J/W BLOOMSBURY PLACE.,2,16/12/2015 10:50:00 PM,Wednesday,22.50,3 Bor,A,4200,6 Single Cwy,2 30 MPH,3 T/Stag Jun,4 Give Way/Uncontrolled,C,0,1 Zebra,2 Dark,1 Fine,2 Road-Wet,0 None,0 None,530380,181760,-0.122206,51.519722,,,Unknown,"(51.519722, -0.122206)",http://opendatacommunities.org/id/london-borough-council/camden,5540,21/12/2020 02:48:37 PM
0116EK40299,CAMDEN,1 Driver/Rider,1 Male,60+,65,1,3 Slight,-2 Unknown,-2 N/A,3 Powered 2 Wheeler,HAVERSTOCK HILL J/W ASPERN GROVE,2,29/04/2016 04:08:00 PM,Friday,16.08,3 Bor,A,502,6 Single Cwy,2 30 MPH,3 T/Stag Jun,4 Give Way/Uncontrolled,C,0,1 Zebra,1 Daylight,1 Fine,2 Road-Wet,0 None,0 None,527240,185190,-0.166199,51.551263,,,Unknown,"(51.551263, -0.166199)",http://opendatacommunities.org/id/london-borough-council/camden,6235,21/12/2020 02:48:38 PM
1170051948,CAMDEN,3 Pedestrian,2 Female,25-59,29,1,3 Slight,10 Unknown,9 Unknown Or Other,1 Pedestrian,TAVISTOCK PLACE J/W JUDD STREET,1,03/08/2017 09:03:00 AM,Thursday,9.03,3 Bor,C,0,6 Single Cwy,2 30 MPH,6 Crossroads,2 Auto Sig,B,504,4 Pelican Or Similar,1 Daylight,1 Fine,1 Road-Dry,0 None,0 None,530260,182470,-0.123672,51.52613,,,Unknown,"(51.52613, -0.123672)",http://opendatacommunities.org/id/london-borough-council/camden,7218,21/12/2020 02:48:40 PM
1170042307,CAMDEN,3 Pedestrian,1 Male,16-24,24,1,2 Serious,05 Crossing Road (Not On Xing),9 Unknown Or Other,1 Pedestrian,KINGSWAY J/W PARKER STREET,1,09/06/2017 08:40:00 PM,Friday,20.40,3 Bor,A,4200,3 Dual Cwy,2 30 MPH,3 T/Stag Jun,4 Give Way/Uncontrolled,Unclassified,0,0 No Xing Facility In 50m,1 Daylight,1 Fine,1 Road-Dry,0 None,0 None,530550,181410,-0.119887,51.516537,,,Unknown,"(51.516537, -0.119887)",http://opendatacommunities.org/id/london-borough-council/camden,7030,21/12/2020 02:48:39 PM
1160024716,CAMDEN,3 Pedestrian,1 Male,25-59,27,1,3 Slight,05 Crossing Road (Not On Xing),1 From Drivers N/Side,1 Pedestrian,WINCHESTER ROAD 46M N OF J/W ADELAIDE ROAD,1,12/10/2016 05:05:00 PM,Wednesday,17.05,3 Bor,Unclassified,0,6 Single Cwy,1 <= 20 MPH,0 No Jun In 20m,-2 Not Applicable,-2 Not Applicable,0,0 No Xing Facility In 50m,1 Daylight,1 Fine,1 Road-Dry,0 None,0 None,526880,184200,-0.171745,51.542447,,,Unknown,"(51.542447, -0.171745)",http://opendatacommunities.org/id/london-borough-council/camden,5929,21/12/2020 02:48:38 PM
1180125779,CAMDEN,3 Pedestrian,2 Female,16-24,20,1,2 Serious,01 Crossing Road On Ped Xing,1 From Drivers N/Side,1 Pedestrian,MONTAGUE STREET J/W RUSSELL SQUARE,1,08/08/2018 09:34:00 AM,Wednesday,9.34,3 Bor,C,0,6 Single Cwy,1 <= 20 MPH,3 T/Stag Jun,2 Auto Sig,A,4200,5 Pedn Phase At Ats,1 Daylight,1 Fine,1 Road-Dry,0 None,0 None,530090,181840,-0.126354,51.520508,,,Unknown,"(51.520508, -0.126354)",http://opendatacommunities.org/id/london-borough-council/camden,8228,21/12/2020 02:48:42 PM
1180105811,CAMDEN,2 Passenger,1 Male,25-59,40,1,3 Slight,-2 Unknown,-2 N/A,7 Goods Vehicle,CAMDEN ROAD J/W ROCHESTER SQUARE NW1,2,04/05/2018 11:02:00 AM,Friday,11.02,1 TLRN,A,503,6 Single Cwy,1 <= 20 MPH,3 T/Stag Jun,4 Give Way/Uncontrolled,Unclassified,0,5 Pedn Phase At Ats,1 Daylight,1 Fine,1 Road-Dry,0 None,0 None,529330,184380,-0.136369,51.543509,,,Unknown,"(51.543509, -0.136369)",http://opendatacommunities.org/id/london-borough-council/camden,7956,21/12/2020 02:48:41 PM
1180138517,CAMDEN,1 Driver/Rider,1 Male,25-59,34,1,2 Serious,-2 Unknown,-2 N/A,2 Pedal Cycle,"HAVERSTOCK HILL 92M N OF J/W ADELAIDE ROAD,NW3 THE NEAREST CLASSIF",2,12/10/2018 06:45:00 AM,Friday,6.45,3 Bor,A,502,6 Single Cwy,1 <= 20 MPH,0 No Jun In 20m,-2 Not Applicable,-2 Not Applicable,0,5 Pedn Phase At Ats,2 Dark,1 Fine,1 Road-Dry,0 None,0 None,528130,184430,-0.153646,51.544232,,,Unknown,"(51.544232, -0.153646)",http://opendatacommunities.org/id/london-borough-council/camden,8417,21/12/2020 02:48:43 PM
1190223270,CAMDEN,1 DRIVER/RIDER,2 FEMALE,60+,61,1,2 SERIOUS,'-2 NOT APPLICABLE,'-2 NOT APPLICABLE,2 PEDAL CYCLE,"On Parkhill Road, 30 metres west of the junction with Haverstock Hill .",2,06/12/2019 10:00:00 AM,Friday,10.00,3 BOR,5,0,6 SINGLE CWY,30,00 NO JUN IN 20M,,0,0,0 NO XING FACILITY IN 50M,2 DAYLIGHT,1 FINE,2 ROAD-WET,0 NONE,0 NONE,527769,184953,-0.158659,51.549013,,,Unknown,"(51.549013, -0.158659)",http://opendatacommunities.org/id/london-borough-council/camden,9596,21/12/2020 02:48:45 PM
0116EK40358,CAMDEN,1 Driver/Rider,1 Male,25-59,51,1,3 Slight,-2 Unknown,-2 N/A,3 Powered 2 Wheeler,WOBURN PLACE J/W CORAM STREET,2,22/05/2016 06:00:00 AM,Sunday,6.00,3 Bor,A,4200,6 Single Cwy,2 30 MPH,3 T/Stag Jun,4 Give Way/Uncontrolled,Unclassified,0,0 No Xing Facility In 50m,1 Daylight,1 Fine,1 Road-Dry,0 None,0 None,530040,182210,-0.126937,51.523844,,,Unknown,"(51.523844, -0.126937)",http://opendatacommunities.org/id/london-borough-council/camden,6284,21/12/2020 02:48:38 PM
1180083383,CAMDEN,1 Driver/Rider,1 Male,25-59,31,1,3 Slight,-2 Unknown,-2 N/A,3 Powered 2 Wheeler,SAINT CHAD'S STREET J/W GRAYS INN ROAD,2,13/01/2018 06:40:00 PM,Saturday,18.40,1 TLRN,A,501,7 Slip Rd,2 30 MPH,6 Crossroads,2 Auto Sig,A,501,5 Pedn Phase At Ats,2 Dark,1 Fine,1 Road-Dry,0 None,0 None,530440,182920,-0.120912,51.530133,,,Unknown,"(51.530133, -0.120912)",http://opendatacommunities.org/id/london-borough-council/camden,7665,21/12/2020 02:48:41 PM
0115EK41017,CAMDEN,1 Driver/Rider,1 Male,25-59,47,1,3 Slight,-2 Unknown,-2 N/A,2 Pedal Cycle,GRAY'S INN ROAD J/W COLEY STREET.,2,16/11/2015 06:50:00 AM,Monday,6.50,3 Bor,A,5200,6 Single Cwy,1 <= 20 MPH,3 T/Stag Jun,4 Give Way/Uncontrolled,Unclassified,0,0 No Xing Facility In 50m,1 Daylight,2 Raining,2 Road-Wet,0 None,0 None,530870,182190,-0.114988,51.523473,,,Unknown,"(51.523473, -0.114988)",http://opendatacommunities.org/id/london-borough-council/camden,5439,21/12/2020 02:48:37 PM
1180107136,CAMDEN,1 Driver/Rider,1 Male,25-59,40,1,3 Slight,-2 Unknown,-2 N/A,2 Pedal Cycle,FINCHLEY ROAD J/W HENDON WAY,2,10/05/2018 08:00:00 PM,Thursday,20.00,1 TLRN,A,41,3 Dual Cwy,2 30 MPH,7 Multi Jun,2 Auto Sig,A,598,5 Pedn Phase At Ats,1 Daylight,1 Fine,1 Road-Dry,0 None,0 None,525080,186040,-0.197034,51.559384,,,Unknown,"(51.559384, -0.197034)",http://opendatacommunities.org/id/london-borough-council/camden,7983,21/12/2020 02:48:42 PM
1180138364,CAMDEN,2 Passenger,2 Female,25-59,59,1,3 Slight,-2 Unknown,-2 N/A,6 Bus Or Coach,GRAYS INN ROAD 10M N OF J/W PORTPOOL LANE,1,11/10/2018 01:30:00 PM,Thursday,13.30,3 Bor,A,5200,6 Single Cwy,1 <= 20 MPH,3 T/Stag Jun,4 Give Way/Uncontrolled,Unclassified,0,0 No Xing Facility In 50m,1 Daylight,1 Fine,1 Road-Dry,0 None,0 None,531026,181899,-0.112849,51.520822,,,Unknown,"(51.520822, -0.112849)",http://opendatacommunities.org/id/london-borough-council/camden,8412,21/12/2020 02:48:42 PM
1170033748,CAMDEN,1 Driver/Rider,2 Female,16-24,23,1,3 Slight,-2 Unknown,-2 N/A,4 Car,CAMDEN STREET J/W PENDER STREET,2,23/04/2017 06:10:00 PM,Sunday,18.10,1 TLRN,A,400,6 Single Cwy,1 <= 20 MPH,3 T/Stag Jun,9 Unknown (S/R),Unclassified,0,1 Zebra,1 Daylight,1 Fine,1 Road-Dry,9 Unknown (S/R),9 Unknown (S/R),529320,183620,-0.136792,51.536681,,,Unknown,"(51.536681, -0.136792)",http://opendatacommunities.org/id/london-borough-council/camden,6908,21/12/2020 02:48:39 PM
0115EK40348,CAMDEN,1 Driver/Rider,1 Male,25-59,56,1,2 Serious,-2 Unknown,-2 N/A,5 Taxi,WOBURN PLACE J/W TAVISTOCK SQUARE,3,06/05/2015 04:15:00 PM,Wednesday,16.15,3 Bor,A,4200,6 Single Cwy,2 30 MPH,6 Crossroads,2 Auto Sig,C,0,5 Pedn Phase At Ats,1 Daylight,2 Raining,2 Road-Wet,0 None,0 None,529970,182290,-0.127916,51.524579,,,Unknown,"(51.524579, -0.127916)",http://opendatacommunities.org/id/london-borough-council/camden,4859,21/12/2020 02:48:36 PM
1170032460,CAMDEN,1 Driver/Rider,2 Female,25-59,27,1,3 Slight,-2 Unknown,-2 N/A,4 Car,QUEEN'S CRESCENT J/W MALDEN ROAD,2,14/04/2017 05:15:00 PM,Friday,17.15,3 Bor,Unclassified,0,6 Single Cwy,1 <= 20 MPH,99 Unknown (S/R),9 Unknown (S/R),B,517,0 No Xing Facility In 50m,1 Daylight,1 Fine,1 Road-Dry,0 None,0 None,528140,184970,-0.153305,51.549082,,,Unknown,"(51.549082, -0.153305)",http://opendatacommunities.org/id/london-borough-council/camden,6889,21/12/2020 02:48:39 PM
1180087636,CAMDEN,1 Driver/Rider,2 Female,16-24,20,1,3 Slight,-2 Unknown,-2 N/A,4 Car,HAVERSTOCK HILL 25M N OF J/W HAVERSTOCK HILL THE NEAREST CLASSIFIE,1,02/02/2018 09:02:00 AM,Friday,9.02,3 Bor,A,502,9 Unknown,2 30 MPH,0 No Jun In 20m,-2 Not Applicable,-2 Not Applicable,0,9 Unknown (S/R),1 Daylight,1 Fine,1 Road-Dry,0 None,0 None,527340,185100,-0.16479,51.550431,,,Unknown,"(51.550431, -0.16479)",http://opendatacommunities.org/id/london-borough-council/camden,7719,21/12/2020 02:48:41 PM
1180147562,CAMDEN,1 Driver/Rider,1 Male,25-59,38,1,3 Slight,-2 Unknown,-2 N/A,2 Pedal Cycle,PANCRAS ROAD J/W KINGS BLVD,2,19/11/2018 06:15:00 PM,Monday,18.15,3 Bor,A,5202,6 Single Cwy,2 30 MPH,3 T/Stag Jun,2 Auto Sig,Unclassified,0,5 Pedn Phase At Ats,2 Dark,2 Raining,2 Road-Wet,0 None,0 None,530100,183150,-0.125726,51.532278,,,Unknown,"(51.532278, -0.125726)",http://opendatacommunities.org/id/london-borough-council/camden,8548,21/12/2020 02:48:43 PM
1190156854,CAMDEN,1 DRIVER/RIDER,2 FEMALE,16-24,22,2,3 SLIGHT,'-2 NOT APPLICABLE,'-2 NOT APPLICABLE,9 PRIVATE HIRE,"On CAMDEN ROAD, LONDON NW1, near the junction with ROYAL COLLEGE STREET, LONDON NW1.",1,10/01/2019 02:11:00 AM,Thursday,2.11,1 TLRN,A,503,6 SINGLE CWY,30,06 CROSSROADS,2 AUTO SIG,A,5202,5 PEDN PHASE AT ATS,1 DARK,1 FINE,2 ROAD-WET,0 NONE,0 NONE,529195,184182,-0.138388,51.54176,,,Unknown,"(51.54176, -0.138388)",http://opendatacommunities.org/id/london-borough-council/camden,8682,21/12/2020 02:48:43 PM
0115EK40860,CAMDEN,2 Passenger,2 Female,60+,66,1,3 Slight,-2 Unknown,-2 N/A,4 Car,CROWNDALE ROAD J/W EVERSHOLT STREET,2,22/09/2015 05:15:00 PM,Tuesday,17.15,3 Bor,B,512,6 Single Cwy,2 30 MPH,6 Crossroads,2 Auto Sig,A,4200,5 Pedn Phase At Ats,1 Daylight,1 Fine,2 Road-Wet,0 None,0 None,529200,183370,-0.138613,51.534462,,,Unknown,"(51.534462, -0.138613)",http://opendatacommunities.org/id/london-borough-council/camden,5308,21/12/2020 02:48:37 PM
1190182127,CAMDEN,1 DRIVER/RIDER,1 MALE,16-24,20,1,3 SLIGHT,'-2 NOT APPLICABLE,'-2 NOT APPLICABLE,3 POWERED 2 WHEELER,"On Euston Road, near the junction with York Way.",1,21/05/2019 03:30:00 AM,Tuesday,3.30,1 TLRN,A,501,2 ONE-WAY ST,20,05 SLIP ROAD,2 AUTO SIG,A,5200,0 NO XING FACILITY IN 50M,1 DARK,1 FINE,1 ROAD-DRY,0 NONE,0 NONE,530342,182983,-0.122301,51.530722,,,Unknown,"(51.530722, -0.122301)",http://opendatacommunities.org/id/london-borough-council/camden,9026,21/12/2020 02:48:44 PM
1180106118,CAMDEN,3 Pedestrian,1 Male,25-59,33,1,2 Serious,04 Crossing Road Within 50m Xing,4 From Drivers O/Side Msk,1 Pedestrian,CAMDEN ROAD NW1 5M W OF J/W BAYHAM STREET NW1,1,05/05/2018 06:05:00 PM,Saturday,18.05,1 TLRN,A,503,2 One-Way St,1 <= 20 MPH,3 T/Stag Jun,2 Auto Sig,Unclassified,0,1 Zebra,1 Daylight,1 Fine,1 Road-Dry,0 None,0 None,528955,183926,-0.14194,51.539514,,,Unknown,"(51.539514, -0.14194)",http://opendatacommunities.org/id/london-borough-council/camden,7963,21/12/2020 02:48:42 PM
1190159701,CAMDEN,1 DRIVER/RIDER,1 MALE,25-59,31,1,3 SLIGHT,'-2 NOT APPLICABLE,'-2 NOT APPLICABLE,3 POWERED 2 WHEELER,Blackburn Rd 26m West of Finchley Rd,2,26/01/2019 04:00:00 PM,Saturday,16.00,1 TLRN,A,41,6 SINGLE CWY,20,09 OTHER JUN,2 AUTO SIG,6,0,5 PEDN PHASE AT ATS,1 DARK,2 RAINING,2 ROAD-WET,0 NONE,0 NONE,526167,184851,-0.181788,51.548457,,,Unknown,"(51.548457, -0.181788)",http://opendatacommunities.org/id/london-borough-council/camden,8730,21/12/2020 02:48:43 PM
1170053870,CAMDEN,3 Pedestrian,1 Male,25-59,28,1,3 Slight,01 Crossing Road On Ped Xing,1 From Drivers N/Side,1 Pedestrian,GRAYS INN ROAD J/W COLEY STREET,1,28/07/2017 07:40:00 PM,Friday,19.40,3 Bor,A,5200,6 Single Cwy,1 <= 20 MPH,3 T/Stag Jun,4 Give Way/Uncontrolled,Unclassified,0,1 Zebra,1 Daylight,2 Raining,2 Road-Wet,0 None,0 None,530880,182180,-0.114848,51.523381,,,Unknown,"(51.523381, -0.114848)",http://opendatacommunities.org/id/london-borough-council/camden,7246,21/12/2020 02:48:40 PM
1180089431,CAMDEN,2 Passenger,2 Female,60+,67,1,3 Slight,-2 Unknown,-2 N/A,6 Bus Or Coach,HARTLAND ROAD 66M N OF J/W CHALK FARM ROAD,1,11/02/2018 12:30:00 PM,Sunday,12.30,3 Bor,Unclassified,0,6 Single Cwy,1 <= 20 MPH,0 No Jun In 20m,-2 Not Applicable,-2 Not Applicable,0,1 Zebra,1 Daylight,1 Fine,1 Road-Dry,0 None,0 None,528606,184292,-0.146836,51.542883,,,Unknown,"(51.542883, -0.146836)",http://opendatacommunities.org/id/london-borough-council/camden,7738,21/12/2020 02:48:41 PM
1160006064,CAMDEN,1 Driver/Rider,2 Female,16-24,23,1,3 Slight,-2 Unknown,-2 N/A,2 Pedal Cycle,BAYHAM STREET J/W CROWNDALE ROAD,2,09/12/2016 12:54:00 PM,Friday,12.54,3 Bor,B,512,2 One-Way St,1 <= 20 MPH,3 T/Stag Jun,1 Auth Person,B,512,1 Zebra,1 Daylight,1 Fine,1 Road-Dry,0 None,0 None,529280,183400,-0.13745,51.534713,,,Unknown,"(51.534713, -0.13745)",http://opendatacommunities.org/id/london-borough-council/camden,5753,21/12/2020 02:48:37 PM