Reference,London Borough Name,Casualty Class,Casualty Sex,Casualty Age Band,Casualty Age,Number Of Casualties,Casualty Severity,Pedestrian Location,Pedestrian Movement,Mode Of Travel,Attendant Location,Number Of Vehicles,Date,Day,Time,Highway,Road Class 1,Road Number 1,Road Type,Speed Limit,Junction Detail,Junction Control,Road Class 2,Road Number 2,Pedestrian Crossing,Light Condition Band,Weather,Road Surface,Special Conditions,Carriage Way Hazard,Easting,Northing,Longitude,Latitude,Ward Code,Ward Name,Spatial Accuracy,Location,Organisation URI,Socrata ID,Last Uploaded
1190224806,CAMDEN,1 DRIVER/RIDER,1 MALE,25-59,29,1,3 SLIGHT,'-2 NOT APPLICABLE,'-2 NOT APPLICABLE,3 POWERED 2 WHEELER,"On Broadhurst Gardens, 25 metres west of the junction with Canfields Gardens .",2,12/12/2019 06:11:00 PM,Thursday,18.11,3 BOR,5,0,2 ONE-WAY ST,30,00 NO JUN IN 20M,,0,0,1 ZEBRA,1 DARK,2 RAINING,2 ROAD-WET,0 NONE,0 NONE,526207,184657,-0.181281,51.546704,,,Unknown,"(51.546704, -0.181281)",http://opendatacommunities.org/id/london-borough-council/camden,9617,21/12/2020 02:48:45 PM
0116EK40030,CAMDEN,1 Driver/Rider,1 Male,25-59,54,1,3 Slight,-2 Unknown,-2 N/A,2 Pedal Cycle,GRAY'S INN ROAD J/W BIRKENHEAD STREET,1,19/01/2016 05:23:00 PM,Tuesday,17.23,1 TLRN,A,5200,6 Single Cwy,2 30 MPH,3 T/Stag Jun,4 Give Way/Uncontrolled,A,501,0 No Xing Facility In 50m,2 Dark,1 Fine,1 Road-Dry,0 None,0 None,530330,182960,-0.122482,51.530518,,,Unknown,"(51.530518, -0.122482)",http://opendatacommunities.org/id/london-borough-council/camden,6007,21/12/2020 02:48:38 PM
0115EK40556,CAMDEN,1 Driver/Rider,2 Female,25-59,47,1,3 Slight,-2 Unknown,-2 N/A,2 Pedal Cycle,RED LION SQUARE J/W PRINCETON STREET,2,08/07/2015 09:18:00 AM,Wednesday,9.18,3 Bor,Unclassified,0,2 One-Way St,2 30 MPH,3 T/Stag Jun,4 Give Way/Uncontrolled,Unclassified,0,0 No Xing Facility In 50m,1 Daylight,1 Fine,1 Road-Dry,0 None,0 None,530660,181710,-0.118191,51.519208,,,Unknown,"(51.519208, -0.118191)",http://opendatacommunities.org/id/london-borough-council/camden,5044,21/12/2020 02:48:36 PM
1170021511,CAMDEN,1 Driver/Rider,1 Male,16-24,23,1,2 Serious,-2 Unknown,-2 N/A,3 Powered 2 Wheeler,WEST END LANE J/W WEST HAMPSTEAD MEWS,3,27/02/2017 04:25:00 PM,Monday,16.25,3 Bor,B,510,6 Single Cwy,1 <= 20 MPH,3 T/Stag Jun,4 Give Way/Uncontrolled,Unclassified,0,0 No Xing Facility In 50m,1 Daylight,2 Raining,2 Road-Wet,0 None,0 None,525510,184540,-0.191369,51.545808,,,Unknown,"(51.545808, -0.191369)",http://opendatacommunities.org/id/london-borough-council/camden,6726,21/12/2020 02:48:39 PM
0115EK40566,CAMDEN,1 Driver/Rider,1 Male,25-59,55,1,3 Slight,-2 Unknown,-2 N/A,4 Car,NFL SOUTHAMPTON ROW 50M SE J.W BLOOMSBURY PLACE,5,11/07/2015 05:15:00 PM,Saturday,17.15,3 Bor,A,4200,6 Single Cwy,2 30 MPH,0 No Jun In 20m,-2 Not Applicable,-2 Not Applicable,0,0 No Xing Facility In 50m,1 Daylight,1 Fine,1 Road-Dry,0 None,0 None,530400,181730,-0.121929,51.519448,,,Unknown,"(51.519448, -0.121929)",http://opendatacommunities.org/id/london-borough-council/camden,5054,21/12/2020 02:48:36 PM
1180120622,CAMDEN,2 Passenger,1 Male,25-59,54,1,2 Serious,-2 Unknown,-2 N/A,6 Bus Or Coach,BAYHAM STREET 60M S OF J/W PRATT STREET,1,12/07/2018 04:22:00 PM,Thursday,16.22,3 Bor,C,0,2 One-Way St,1 <= 20 MPH,0 No Jun In 20m,-2 Not Applicable,-2 Not Applicable,0,1 Zebra,1 Daylight,1 Fine,1 Road-Dry,0 None,0 None,529110,183680,-0.139797,51.537268,,,Unknown,"(51.537268, -0.139797)",http://opendatacommunities.org/id/london-borough-council/camden,8171,21/12/2020 02:48:42 PM
0115EK40743,CAMDEN,1 Driver/Rider,1 Male,25-59,26,1,3 Slight,-2 Unknown,-2 N/A,2 Pedal Cycle,N.F.L LEATHER LANE 22M S OF BALDWIN'S GARDENS,2,18/08/2015 05:45:00 PM,Tuesday,17.45,3 Bor,Unclassified,0,2 One-Way St,2 30 MPH,0 No Jun In 20m,-2 Not Applicable,-2 Not Applicable,0,0 No Xing Facility In 50m,1 Daylight,1 Fine,1 Road-Dry,0 None,0 None,531260,181820,-0.109507,51.520058,,,Unknown,"(51.520058, -0.109507)",http://opendatacommunities.org/id/london-borough-council/camden,5211,21/12/2020 02:48:37 PM
1170044986,CAMDEN,3 Pedestrian,2 Female,25-59,29,1,3 Slight,01 Crossing Road On Ped Xing,1 From Drivers N/Side,1 Pedestrian,KEELEY STREET J/W KINGSWAY,1,26/06/2017 01:43:00 PM,Monday,13.43,3 Bor,A,4200,3 Dual Cwy,2 30 MPH,3 T/Stag Jun,2 Auto Sig,Unclassified,0,5 Pedn Phase At Ats,1 Daylight,1 Fine,1 Road-Dry,0 None,0 None,530600,181270,-0.119218,51.515268,,,Unknown,"(51.515268, -0.119218)",http://opendatacommunities.org/id/london-borough-council/camden,7082,21/12/2020 02:48:40 PM
1180116367,CAMDEN,1 Driver/Rider,1 Male,25-59,44,1,3 Slight,-2 Unknown,-2 N/A,4 Car,CHALTON STREET 50M S OF J/W PHOINIX ROAD NW1,3,24/06/2018 01:15:00 AM,Sunday,1.15,3 Bor,Unclassified,0,6 Single Cwy,1 <= 20 MPH,0 No Jun In 20m,-2 Not Applicable,-2 Not Applicable,0,0 No Xing Facility In 50m,2 Dark,1 Fine,1 Road-Dry,0 None,0 None,529730,182950,-0.131131,51.530566,,,Unknown,"(51.530566, -0.131131)",http://opendatacommunities.org/id/london-borough-council/camden,8112,21/12/2020 02:48:42 PM
1170011837,CAMDEN,2 Passenger,1 Male,0-15,15,1,3 Slight,-2 Unknown,-2 N/A,4 Car,TOTTENHAM COURT ROAD J/W UNIVERSITY STREET,2,14/01/2017 09:14:00 PM,Saturday,21.14,3 Bor,A,400,6 Single Cwy,2 30 MPH,9 Other Jun,2 Auto Sig,A,400,0 No Xing Facility In 50m,2 Dark,8 Other,4 Road-Frost/Ice,0 None,0 None,529370,182090,-0.136634,51.52292,,,Unknown,"(51.52292, -0.136634)",http://opendatacommunities.org/id/london-borough-council/camden,6585,21/12/2020 02:48:39 PM
1180094338,CAMDEN,1 Driver/Rider,1 Male,25-59,31,1,3 Slight,-2 Unknown,-2 N/A,3 Powered 2 Wheeler,SWINTON STREET 53M E OF J/W SWINTON PLACE,1,06/03/2018 09:28:00 AM,Tuesday,9.28,1 TLRN,A,501,6 Single Cwy,2 30 MPH,0 No Jun In 20m,-2 Not Applicable,-2 Not Applicable,0,0 No Xing Facility In 50m,1 Daylight,1 Fine,1 Road-Dry,0 None,0 None,530715,182819,-0.116988,51.529162,,,Unknown,"(51.529162, -0.116988)",http://opendatacommunities.org/id/london-borough-council/camden,7794,21/12/2020 02:48:41 PM
1180128081,CAMDEN,1 Driver/Rider,1 Male,25-59,49,1,2 Serious,-2 Unknown,-2 N/A,2 Pedal Cycle,GRAFTON ROAD J/W QUEEN STREET,2,07/08/2018 08:30:00 AM,Tuesday,8.30,3 Bor,C,0,6 Single Cwy,1 <= 20 MPH,3 T/Stag Jun,4 Give Way/Uncontrolled,Unclassified,0,9 Unknown (S/R),1 Daylight,1 Fine,1 Road-Dry,0 None,0 None,528380,185170,-0.149773,51.550825,,,Unknown,"(51.550825, -0.149773)",http://opendatacommunities.org/id/london-borough-council/camden,8261,21/12/2020 02:48:42 PM
0115EK40261,CAMDEN,1 Driver/Rider,2 Female,25-59,35,1,3 Slight,-2 Unknown,-2 N/A,4 Car,JUDD STREET J/W TAVISTOCK PLACE,2,09/04/2015 09:36:00 PM,Thursday,21.36,3 Bor,B,504,6 Single Cwy,2 30 MPH,6 Crossroads,2 Auto Sig,C,0,5 Pedn Phase At Ats,2 Dark,1 Fine,1 Road-Dry,0 None,0 None,530250,182460,-0.12382,51.526043,,,Unknown,"(51.526043, -0.12382)",http://opendatacommunities.org/id/london-borough-council/camden,4791,21/12/2020 02:48:36 PM
0115EK40620,CAMDEN,2 Passenger,2 Female,25-59,34,1,3 Slight,-2 Unknown,-2 N/A,6 Bus Or Coach,SOUTHAMPTON ROW J/W BLOOMSBURY PLACE.,1,23/07/2015 08:30:00 AM,Thursday,8.30,3 Bor,A,4200,6 Single Cwy,2 30 MPH,3 T/Stag Jun,4 Give Way/Uncontrolled,C,0,1 Zebra,1 Daylight,1 Fine,1 Road-Dry,0 None,0 None,530380,181770,-0.122202,51.519812,,,Unknown,"(51.519812, -0.122202)",http://opendatacommunities.org/id/london-borough-council/camden,5101,21/12/2020 02:48:36 PM
0115EK40004,CAMDEN,1 Driver/Rider,1 Male,25-59,35,1,3 Slight,-2 Unknown,-2 N/A,2 Pedal Cycle,WILLES ROAD J/W ANGLERS LANE,2,06/01/2015 03:30:00 PM,Tuesday,15.30,3 Bor,C,0,6 Single Cwy,2 30 MPH,3 T/Stag Jun,4 Give Way/Uncontrolled,Unclassified,0,0 No Xing Facility In 50m,1 Daylight,1 Fine,2 Road-Wet,0 None,0 None,528820,184720,-0.143595,51.546681,,,Unknown,"(51.546681, -0.143595)",http://opendatacommunities.org/id/london-borough-council/camden,4588,21/12/2020 02:48:35 PM
1180101976,CAMDEN,3 Pedestrian,2 Female,25-59,39,1,3 Slight,10 Unknown,3 From Drivers O/Side,1 Pedestrian,KINGSGATE ROAD 25M N OF J/W DYNHAM ROAD,1,13/04/2018 08:15:00 PM,Friday,20.15,3 Bor,Unclassified,0,6 Single Cwy,2 30 MPH,0 No Jun In 20m,-2 Not Applicable,-2 Not Applicable,0,9 Unknown (S/R),2 Dark,1 Fine,1 Road-Dry,0 None,0 None,525160,184350,-0.196482,51.544178,,,Unknown,"(51.544178, -0.196482)",http://opendatacommunities.org/id/london-borough-council/camden,7895,21/12/2020 02:48:41 PM
1170058200,CAMDEN,1 Driver/Rider,1 Male,25-59,25,1,3 Slight,-2 Unknown,-2 N/A,4 Car,KILBURN HIGH ROAD 20M E OF J/W BRONDESBURY ROAD,2,11/09/2017 12:15:00 AM,Monday,0.15,3 Bor,A,5,6 Single Cwy,2 30 MPH,3 T/Stag Jun,2 Auto Sig,Unclassified,0,0 No Xing Facility In 50m,2 Dark,1 Fine,1 Road-Dry,0 None,0 None,525350,183690,-0.193978,51.538205,,,Unknown,"(51.538205, -0.193978)",http://opendatacommunities.org/id/london-borough-council/camden,7315,21/12/2020 02:48:40 PM
0116EK40448,CAMDEN,3 Pedestrian,2 Female,0-15,11,1,3 Slight,05 Crossing Road (Not On Xing),1 From Drivers N/Side,1 Pedestrian,FAIRFAX PLACE J/W FAIRFAX ROAD.,1,26/06/2016 05:15:00 PM,Sunday,17.15,3 Bor,C,0,6 Single Cwy,2 30 MPH,3 T/Stag Jun,4 Give Way/Uncontrolled,Unclassified,0,0 No Xing Facility In 50m,1 Daylight,1 Fine,1 Road-Dry,0 None,0 None,526340,184230,-0.179517,51.542837,,,Unknown,"(51.542837, -0.179517)",http://opendatacommunities.org/id/london-borough-council/camden,6359,21/12/2020 02:48:38 PM
1190215351,CAMDEN,1 DRIVER/RIDER,1 MALE,60+,61,2,3 SLIGHT,'-2 NOT APPLICABLE,3 FROM DRIVERS O/SIDE,9 PRIVATE HIRE,"On Avenue Road, 60 metres north of the junction with St Edmund Terrace.",3,01/11/2019 07:45:00 AM,Friday,7.45,3 BOR,B,525,6 SINGLE CWY,20,00 NO JUN IN 20M,,0,0,0 NO XING FACILITY IN 50M,2 DAYLIGHT,2 RAINING,2 ROAD-WET,0 NONE,0 NONE,527277,183571,-0.166251,51.536704,,,Unknown,"(51.536704, -0.166251)",http://opendatacommunities.org/id/london-borough-council/camden,9485,21/12/2020 02:48:44 PM
0115EK40550,CAMDEN,1 Driver/Rider,1 Male,25-59,41,1,3 Slight,-2 Unknown,-2 N/A,2 Pedal Cycle,HAMPSTEAD ROAD J/W EUSTON ROAD,2,26/06/2015 08:30:00 PM,Friday,20.30,1 TLRN,A,400,6 Single Cwy,2 30 MPH,6 Crossroads,2 Auto Sig,A,501,5 Pedn Phase At Ats,2 Dark,1 Fine,1 Road-Dry,0 None,0 None,529250,182350,-0.138267,51.525284,,,Unknown,"(51.525284, -0.138267)",http://opendatacommunities.org/id/london-borough-council/camden,5037,21/12/2020 02:48:36 PM
0115EK40216,CAMDEN,1 Driver/Rider,1 Male,25-59,53,1,3 Slight,-2 Unknown,-2 N/A,2 Pedal Cycle,NFL- RUSSELL SQUARE J/W BEDFORD PLADE,2,19/03/2015 05:45:00 PM,Thursday,17.45,3 Bor,A,4200,6 Single Cwy,2 30 MPH,3 T/Stag Jun,4 Give Way/Uncontrolled,Unclassified,0,0 No Xing Facility In 50m,1 Daylight,1 Fine,1 Road-Dry,0 None,0 None,530170,181910,-0.125175,51.521118,,,Unknown,"(51.521118, -0.125175)",http://opendatacommunities.org/id/london-borough-council/camden,4748,21/12/2020 02:48:36 PM
1160001303,CAMDEN,1 Driver/Rider,1 Male,25-59,56,1,3 Slight,-2 Unknown,-2 N/A,2 Pedal Cycle,CARDINGTON STREET 25M N OF J/W DRUMMOND STREET,2,11/11/2016 09:12:00 AM,Friday,9.12,3 Bor,C,0,6 Single Cwy,1 <= 20 MPH,0 No Jun In 20m,-2 Not Applicable,-2 Not Applicable,0,0 No Xing Facility In 50m,1 Daylight,1 Fine,2 Road-Wet,0 None,0 None,529450,182650,-0.135276,51.527934,,,Unknown,"(51.527934, -0.135276)",http://opendatacommunities.org/id/london-borough-council/camden,5664,21/12/2020 02:48:37 PM
0115EK40435,CAMDEN,1 Driver/Rider,1 Male,25-59,47,1,2 Serious,-2 Unknown,-2 N/A,3 Powered 2 Wheeler,FITZJOHN'S AVENUE J/W NETHERHALL GARDENS,2,22/05/2015 08:30:00 AM,Friday,8.30,3 Bor,B,511,6 Single Cwy,2 30 MPH,3 T/Stag Jun,4 Give Way/Uncontrolled,Unclassified,0,0 No Xing Facility In 50m,1 Daylight,1 Fine,1 Road-Dry,0 None,0 None,526560,185290,-0.175965,51.552314,,,Unknown,"(51.552314, -0.175965)",http://opendatacommunities.org/id/london-borough-council/camden,4927,21/12/2020 02:48:36 PM
1190200481,CAMDEN,2 PASSENGER,1 MALE,U,,1,3 SLIGHT,'-2 NOT APPLICABLE,'-2 NOT APPLICABLE,4 CAR,"On Finchley road nw6, near the junction with Hilgrove road nw6.",2,20/08/2019 12:40:00 AM,Tuesday,0.40,1 TLRN,A,41,6 SINGLE CWY,30,06 CROSSROADS,2 AUTO SIG,B,509,5 PEDN PHASE AT ATS,1 DARK,1 FINE,1 ROAD-DRY,0 NONE,0 NONE,526634,184111,-0.175323,51.541702,,,Unknown,"(51.541702, -0.175323)",http://opendatacommunities.org/id/london-borough-council/camden,9289,21/12/2020 02:48:44 PM
0115EK40239,CAMDEN,1 Driver/Rider,1 Male,25-59,45,1,3 Slight,-2 Unknown,-2 N/A,5 Taxi,CHENIES STREET J/W RIDGMOUNT STREET,2,28/03/2015 06:20:00 PM,Saturday,18.20,3 Bor,B,506,2 One-Way St,2 30 MPH,6 Crossroads,4 Give Way/Uncontrolled,Unclassified,0,0 No Xing Facility In 50m,1 Daylight,1 Fine,1 Road-Dry,0 None,0 None,529690,181890,-0.132097,51.521049,,,Unknown,"(51.521049, -0.132097)",http://opendatacommunities.org/id/london-borough-council/camden,4767,21/12/2020 02:48:36 PM
1160000891,CAMDEN,3 Pedestrian,1 Male,25-59,49,1,3 Slight,09 In Road - Not Crossing,9 Unknown Or Other,1 Pedestrian,PANCRAS ROAD 10M N OF J/W KINGS BOULEVARD,1,07/11/2016 07:00:00 PM,Monday,19.00,3 Bor,A,5202,2 One-Way St,2 30 MPH,99 Unknown (S/R),9 Unknown (S/R),Unclassified,0,0 No Xing Facility In 50m,2 Dark,8 Other,2 Road-Wet,0 None,9 Unknown (S/R),530100,183150,-0.125726,51.532278,,,Unknown,"(51.532278, -0.125726)",http://opendatacommunities.org/id/london-borough-council/camden,5653,21/12/2020 02:48:37 PM
1170010841,CAMDEN,1 Driver/Rider,2 Female,25-59,33,1,3 Slight,-2 Unknown,-2 N/A,2 Pedal Cycle,KENTISH TOWN ROAD J/W ISLIP STREET,2,10/01/2017 07:50:00 PM,Tuesday,19.50,3 Bor,A,400,6 Single Cwy,1 <= 20 MPH,3 T/Stag Jun,4 Give Way/Uncontrolled,Unclassified,0,5 Pedn Phase At Ats,2 Dark,2 Raining,2 Road-Wet,0 None,0 None,528990,184990,-0.141046,51.549069,,,Unknown,"(51.549069, -0.141046)",http://opendatacommunities.org/id/london-borough-council/camden,6570,21/12/2020 02:48:39 PM
1180143161,CAMDEN,1 Driver/Rider,2 Female,25-59,28,1,2 Serious,-2 Unknown,-2 N/A,2 Pedal Cycle,JAMESTOWN ROAD 20M W OF J/W CAMDEN HIGH ROAD,3,03/11/2018 04:20:00 PM,Saturday,16.20,3 Bor,C,0,6 Single Cwy,1 <= 20 MPH,6 Crossroads,2 Auto Sig,A,502,5 Pedn Phase At Ats,1 Daylight,1 Fine,1 Road-Dry,0 None,0 None,528750,184030,-0.144856,51.540496,,,Unknown,"(51.540496, -0.144856)",http://opendatacommunities.org/id/london-borough-council/camden,8490,21/12/2020 02:48:43 PM
0115EK40413,CAMDEN,1 Driver/Rider,1 Male,25-59,55,1,3 Slight,-2 Unknown,-2 N/A,4 Car,ELM STREET 34M NE OF J/W GRAY'S INN ROAD,2,26/05/2015 11:50:00 AM,Tuesday,11.50,3 Bor,Unclassified,0,6 Single Cwy,2 30 MPH,0 No Jun In 20m,-2 Not Applicable,-2 Not Applicable,0,1 Zebra,1 Daylight,1 Fine,1 Road-Dry,0 None,0 None,530950,182110,-0.113865,51.522736,,,Unknown,"(51.522736, -0.113865)",http://opendatacommunities.org/id/london-borough-council/camden,4908,21/12/2020 02:48:36 PM
1170061084,CAMDEN,3 Pedestrian,2 Female,25-59,56,1,3 Slight,01 Crossing Road On Ped Xing,9 Unknown Or Other,1 Pedestrian,GRAYS INN ROAD J/W BIRKENHEAD STREET,1,26/09/2017 11:03:00 PM,Tuesday,23.03,1 TLRN,A,501,3 Dual Cwy,2 30 MPH,7 Multi Jun,4 Give Way/Uncontrolled,A,501,4 Pelican Or Similar,2 Dark,1 Fine,1 Road-Dry,0 None,0 None,530330,182960,-0.122482,51.530518,,,Unknown,"(51.530518, -0.122482)",http://opendatacommunities.org/id/london-borough-council/camden,7350,21/12/2020 02:48:40 PM
1180153084,CAMDEN,1 Driver/Rider,1 Male,16-24,21,1,3 Slight,-2 Unknown,-2 N/A,4 Car,FINCHLEY ROAD 33M N OF J/W PLATT'S LANE,3,19/12/2018 04:42:00 AM,Wednesday,4.42,1 TLRN,A,41,3 Dual Cwy,2 30 MPH,0 No Jun In 20m,-2 Not Applicable,-2 Not Applicable,0,4 Pelican Or Similar,2 Dark,2 Raining,2 Road-Wet,0 None,0 None,525160,185900,-0.195931,51.558108,,,Unknown,"(51.558108, -0.195931)",http://opendatacommunities.org/id/london-borough-council/camden,8628,21/12/2020 02:48:43 PM
1180116700,CAMDEN,1 Driver/Rider,2 Female,25-59,29,1,2 Serious,-2 Unknown,-2 N/A,2 Pedal Cycle,AVENUE ROAD J/W ST EDMUNDS TERRACE,2,25/06/2018 07:04:00 PM,Monday,19.04,3 Bor,B,525,6 Single Cwy,2 30 MPH,6 Crossroads,4 Give Way/Uncontrolled,B,525,0 No Xing Facility In 50m,1 Daylight,8 Other,1 Road-Dry,0 None,0 None,527360,183480,-0.165088,51.535868,,,Unknown,"(51.535868, -0.165088)",http://opendatacommunities.org/id/london-borough-council/camden,8120,21/12/2020 02:48:42 PM
0115EK40685,CAMDEN,2 Passenger,1 Male,Unknown,0,1,3 Slight,-2 Unknown,-2 N/A,4 Car,THEOBALD'S ROAD J/W GRAY'S INN ROAD,2,09/08/2015 05:50:00 AM,Sunday,5.50,3 Bor,A,401,6 Single Cwy,2 30 MPH,6 Crossroads,2 Auto Sig,A,5200,5 Pedn Phase At Ats,1 Daylight,1 Fine,1 Road-Dry,0 None,0 None,530980,181970,-0.113485,51.521471,,,Unknown,"(51.521471, -0.113485)",http://opendatacommunities.org/id/london-borough-council/camden,5160,21/12/2020 02:48:36 PM
1190221132,CAMDEN,1 DRIVER/RIDER,1 MALE,25-59,31,1,3 SLIGHT,'-2 NOT APPLICABLE,'-2 NOT APPLICABLE,9 PRIVATE HIRE,"On Tottenham Court Road, near the junction with Oxford Street.",2,27/11/2019 01:29:00 PM,Wednesday,13.29,3 BOR,A,400,6 SINGLE CWY,20,06 CROSSROADS,2 AUTO SIG,A,40,4 PELICAN OR SIMILAR,2 DAYLIGHT,2 RAINING,2 ROAD-WET,0 NONE,0 NONE,529820,181381,-0.130412,51.516445,,,Unknown,"(51.516445, -0.130412)",http://opendatacommunities.org/id/london-borough-council/camden,9554,21/12/2020 02:48:45 PM
1160015048,CAMDEN,1 Driver/Rider,1 Male,25-59,53,1,3 Slight,-2 Unknown,-2 N/A,4 Car,GUILFORD STREET J/W DOUGHTY STREET,2,19/11/2016 05:00:00 PM,Saturday,17.00,3 Bor,B,502,6 Single Cwy,2 30 MPH,6 Crossroads,4 Give Way/Uncontrolled,Unclassified,0,1 Zebra,2 Dark,9 Unknown,9 Unknown (S/R),9 Unknown (S/R),9 Unknown (S/R),530730,182260,-0.116979,51.524135,,,Unknown,"(51.524135, -0.116979)",http://opendatacommunities.org/id/london-borough-council/camden,5868,21/12/2020 02:48:38 PM
1180149291,CAMDEN,3 Pedestrian,1 Male,25-59,52,1,3 Slight,04 Crossing Road Within 50m Xing,3 From Drivers O/Side,1 Pedestrian,NEW OXFORD STREET 20M W OF J/W COPTIC STREET,1,01/12/2018 04:30:00 PM,Saturday,16.30,3 Bor,A,40,6 Single Cwy,1 <= 20 MPH,7 Multi Jun,2 Auto Sig,C,0,5 Pedn Phase At Ats,2 Dark,1 Fine,2 Road-Wet,0 None,0 None,530114,181456,-0.12615,51.517051,,,Unknown,"(51.517051, -0.12615)",http://opendatacommunities.org/id/london-borough-council/camden,8577,21/12/2020 02:48:43 PM
1190215334,CAMDEN,1 DRIVER/RIDER,1 MALE,25-59,54,1,3 SLIGHT,'-2 NOT APPLICABLE,'-2 NOT APPLICABLE,4 CAR,"On Tottenham Court Road, 100 metres north of the junction with Torrington Place.",2,01/11/2019 03:46:00 AM,Friday,3.46,3 BOR,A,400,6 SINGLE CWY,30,00 NO JUN IN 20M,,0,0,0 NO XING FACILITY IN 50M,1 DARK,2 RAINING,2 ROAD-WET,4 ROADWORKS,0 NONE,529459,181952,-0.135402,51.521659,,,Unknown,"(51.521659, -0.135402)",http://opendatacommunities.org/id/london-borough-council/camden,9483,21/12/2020 02:48:44 PM
1180090122,CAMDEN,1 Driver/Rider,1 Male,25-59,45,1,3 Slight,-2 Unknown,-2 N/A,4 Car,EUSTON ROAD J/W EVERSHOLT STREET,2,10/02/2018 11:16:00 PM,Saturday,23.16,1 TLRN,A,501,9 Unknown,1 <= 20 MPH,6 Crossroads,9 Unknown (S/R),A,4200,9 Unknown (S/R),1 Daylight,2 Raining,9 Unknown (S/R),9 Unknown (S/R),9 Unknown (S/R),529758,182594,-0.130859,51.52736,,,Unknown,"(51.52736, -0.130859)",http://opendatacommunities.org/id/london-borough-council/camden,7748,21/12/2020 02:48:41 PM
0115EK40184,CAMDEN,2 Passenger,2 Female,25-59,30,1,3 Slight,-2 Unknown,-2 N/A,6 Bus Or Coach,CHESTER ROAD J/W RAYDON STREET,1,05/03/2015 08:28:00 AM,Thursday,8.28,3 Bor,Unclassified,0,6 Single Cwy,2 30 MPH,3 T/Stag Jun,4 Give Way/Uncontrolled,Unclassified,0,0 No Xing Facility In 50m,1 Daylight,1 Fine,1 Road-Dry,0 None,0 None,528740,186640,-0.144046,51.563954,,,Unknown,"(51.563954, -0.144046)",http://opendatacommunities.org/id/london-borough-council/camden,4726,21/12/2020 02:48:36 PM
1190178835,CAMDEN,3 PEDESTRIAN,1 MALE,60+,65,1,3 SLIGHT,01 CROSSING ROAD ON PED XING,1 FROM DRIVERS N/SIDE,1 PEDESTRIAN,"On Whitestone Lane, near the junction with East Heath Road.",1,04/05/2019 12:25:00 PM,Saturday,12.25,3 BOR,A,502,6 SINGLE CWY,20,03 T/STAG JUN,4 GIVE WAY/UNCONTROLLED,5,0,5 PEDN PHASE AT ATS,2 DAYLIGHT,1 FINE,1 ROAD-DRY,0 NONE,0 NONE,526324,186250,-0.179023,51.560995,,,Unknown,"(51.560995, -0.179023)",http://opendatacommunities.org/id/london-borough-council/camden,8979,21/12/2020 02:48:44 PM
0116EK40248,CAMDEN,1 Driver/Rider,2 Female,25-59,32,1,3 Slight,-2 Unknown,-2 N/A,4 Car,MILL LANE J/W FORDWYCH ROAD,3,13/01/2016 08:42:00 AM,Wednesday,8.42,3 Bor,C,0,6 Single Cwy,2 30 MPH,6 Crossroads,4 Give Way/Uncontrolled,Unclassified,0,0 No Xing Facility In 50m,1 Daylight,1 Fine,1 Road-Dry,0 None,0 None,524490,185060,-0.205887,51.550707,,,Unknown,"(51.550707, -0.205887)",http://opendatacommunities.org/id/london-borough-council/camden,6187,21/12/2020 02:48:38 PM
1170026015,CAMDEN,3 Pedestrian,1 Male,25-59,46,1,3 Slight,09 In Road - Not Crossing,8 In Rd Back To Traffic,1 Pedestrian,PARKWAY NW1 50M W OF J/W ALBERT STREET NW1,2,17/03/2017 10:40:00 AM,Friday,10.40,3 Bor,A,4201,2 One-Way St,1 <= 20 MPH,0 No Jun In 20m,-2 Not Applicable,-2 Not Applicable,0,0 No Xing Facility In 50m,1 Daylight,1 Fine,1 Road-Dry,0 None,0 None,528710,183680,-0.145561,51.53736,,,Unknown,"(51.53736, -0.145561)",http://opendatacommunities.org/id/london-borough-council/camden,6789,21/12/2020 02:48:39 PM
1170053544,CAMDEN,3 Pedestrian,1 Male,25-59,28,1,3 Slight,01 Crossing Road On Ped Xing,3 From Drivers O/Side,1 Pedestrian,FITZJOHN'S AVENUE 10M E OF J/W LYNDHURST ROAD,1,13/08/2017 05:43:00 PM,Sunday,17.43,3 Bor,B,511,6 Single Cwy,1 <= 20 MPH,3 T/Stag Jun,4 Give Way/Uncontrolled,Unclassified,0,1 Zebra,1 Daylight,1 Fine,1 Road-Dry,0 None,0 None,526560,185220,-0.17599,51.551685,,,Unknown,"(51.551685, -0.17599)",http://opendatacommunities.org/id/london-borough-council/camden,7239,21/12/2020 02:48:40 PM
1190164429,CAMDEN,1 DRIVER/RIDER,1 MALE,16-24,19,1,3 SLIGHT,'-2 NOT APPLICABLE,'-2 NOT APPLICABLE,3 POWERED 2 WHEELER,"On Plender Street, near the junction with Bayham Street.",2,19/02/2019 07:50:00 PM,Tuesday,19.50,3 BOR,5,0,2 ONE-WAY ST,20,06 CROSSROADS,3 STOP SIGN,6,0,1 ZEBRA,1 DARK,1 FINE,1 ROAD-DRY,0 NONE,0 NONE,529192,183562,-0.138658,51.536189,,,Unknown,"(51.536189, -0.138658)",http://opendatacommunities.org/id/london-borough-council/camden,8793,21/12/2020 02:48:43 PM