Reference,London Borough Name,Casualty Class,Casualty Sex,Casualty Age Band,Casualty Age,Number Of Casualties,Casualty Severity,Pedestrian Location,Pedestrian Movement,Mode Of Travel,Attendant Location,Number Of Vehicles,Date,Day,Time,Highway,Road Class 1,Road Number 1,Road Type,Speed Limit,Junction Detail,Junction Control,Road Class 2,Road Number 2,Pedestrian Crossing,Light Condition Band,Weather,Road Surface,Special Conditions,Carriage Way Hazard,Easting,Northing,Longitude,Latitude,Ward Code,Ward Name,Spatial Accuracy,Location,Organisation URI,Socrata ID,Last Uploaded
0115EK40155,CAMDEN,1 Driver/Rider,1 Male,25-59,32,1,3 Slight,-2 Unknown,-2 N/A,3 Powered 2 Wheeler,CAMDEN STREET J/W PLENDER STREET,2,09/01/2015 08:13:00 AM,Friday,8.13,1 TLRN,A,400,2 One-Way St,2 30 MPH,6 Crossroads,2 Auto Sig,Unclassified,0,5 Pedn Phase At Ats,1 Daylight,1 Fine,2 Road-Wet,0 None,0 None,529320,183630,-0.136789,51.536771,,,Unknown,"(51.536771, -0.136789)",http://opendatacommunities.org/id/london-borough-council/camden,4702,21/12/2020 02:48:36 PM
1190180168,CAMDEN,1 DRIVER/RIDER,1 MALE,25-59,29,1,3 SLIGHT,'-2 NOT APPLICABLE,'-2 NOT APPLICABLE,3 POWERED 2 WHEELER,"On Camden Road, near the junction with Royal College Street.",2,04/05/2019 10:38:00 PM,Saturday,22.38,1 TLRN,A,503,6 SINGLE CWY,30,06 CROSSROADS,2 AUTO SIG,A,5202,5 PEDN PHASE AT ATS,1 DARK,1 FINE,2 ROAD-WET,0 NONE,0 NONE,529205,184187,-0.138242,51.541803,,,Unknown,"(51.541803, -0.138242)",http://opendatacommunities.org/id/london-borough-council/camden,8990,21/12/2020 02:48:44 PM
1180146699,CAMDEN,3 Pedestrian,2 Female,16-24,17,1,2 Serious,01 Crossing Road On Ped Xing,1 From Drivers N/Side,1 Pedestrian,FITZJOHN'S AVENUE J/W BELSIZE LANE,1,19/11/2018 06:50:00 PM,Monday,18.50,3 Bor,B,511,6 Single Cwy,1 <= 20 MPH,3 T/Stag Jun,4 Give Way/Uncontrolled,Unclassified,0,1 Zebra,2 Dark,2 Raining,2 Road-Wet,9 Unknown (S/R),0 None,526590,184600,-0.175781,51.546106,,,Unknown,"(51.546106, -0.175781)",http://opendatacommunities.org/id/london-borough-council/camden,8535,21/12/2020 02:48:43 PM
0116EK40553,CAMDEN,1 Driver/Rider,1 Male,16-24,22,1,3 Slight,-2 Unknown,-2 N/A,4 Car,WICKLOW STREET J/W BRITANNIA STRET,3,31/07/2016 05:00:00 PM,Sunday,17.00,3 Bor,Unclassified,0,2 One-Way St,1 <= 20 MPH,6 Crossroads,4 Give Way/Uncontrolled,Unclassified,0,0 No Xing Facility In 50m,1 Daylight,1 Fine,1 Road-Dry,0 None,0 None,530550,182860,-0.11935,51.529568,,,Unknown,"(51.529568, -0.11935)",http://opendatacommunities.org/id/london-borough-council/camden,6447,21/12/2020 02:48:38 PM
0115EK40965,CAMDEN,1 Driver/Rider,1 Male,16-24,23,1,2 Serious,-2 Unknown,-2 N/A,3 Powered 2 Wheeler,EUSTON ROAD J/W JUDD STREET.,2,31/10/2015 09:29:00 PM,Saturday,21.29,1 TLRN,A,501,3 Dual Cwy,2 30 MPH,6 Crossroads,2 Auto Sig,B,504,0 No Xing Facility In 50m,2 Dark,1 Fine,1 Road-Dry,0 None,0 None,530080,182790,-0.126147,51.529048,,,Unknown,"(51.529048, -0.126147)",http://opendatacommunities.org/id/london-borough-council/camden,5391,21/12/2020 02:48:37 PM
0116EK40098,CAMDEN,1 Driver/Rider,2 Female,25-59,32,1,3 Slight,-2 Unknown,-2 N/A,2 Pedal Cycle,CALTHORPE STREET J/W PHOENIX PLACE,2,22/02/2016 10:00:00 AM,Monday,10.00,3 Bor,B,502,6 Single Cwy,1 <= 20 MPH,6 Crossroads,4 Give Way/Uncontrolled,C,0,0 No Xing Facility In 50m,1 Daylight,2 Raining,2 Road-Wet,0 None,0 None,530910,182410,-0.11433,51.525441,,,Unknown,"(51.525441, -0.11433)",http://opendatacommunities.org/id/london-borough-council/camden,6056,21/12/2020 02:48:38 PM
1170069912,CAMDEN,1 Driver/Rider,2 Female,25-59,28,1,3 Slight,-2 Unknown,-2 N/A,4 Car,JAMESTOWN ROAD 30M E OF J/W OVAL ROAD,1,10/11/2017 12:15:00 AM,Friday,0.15,3 Bor,C,0,9 Unknown,1 <= 20 MPH,0 No Jun In 20m,-2 Not Applicable,-2 Not Applicable,0,0 No Xing Facility In 50m,2 Dark,2 Raining,2 Road-Wet,0 None,0 None,528600,183970,-0.14704,51.539991,,,Unknown,"(51.539991, -0.14704)",http://opendatacommunities.org/id/london-borough-council/camden,7509,21/12/2020 02:48:41 PM
1160000526,CAMDEN,1 Driver/Rider,1 Male,16-24,24,1,3 Slight,-2 Unknown,-2 N/A,3 Powered 2 Wheeler,FINCHLEY ROAD 55M NW OF NETERHALL GARDENS,2,05/11/2016 08:45:00 PM,Saturday,20.45,1 TLRN,A,41,3 Dual Cwy,3 40 MPH,0 No Jun In 20m,-2 Not Applicable,-2 Not Applicable,0,0 No Xing Facility In 50m,2 Dark,1 Fine,1 Road-Dry,0 None,0 None,526230,184800,-0.180898,51.547984,,,Unknown,"(51.547984, -0.180898)",http://opendatacommunities.org/id/london-borough-council/camden,5645,21/12/2020 02:48:37 PM
1190161817,CAMDEN,2 PASSENGER,2 FEMALE,U,,2,3 SLIGHT,'-2 NOT APPLICABLE,'-2 NOT APPLICABLE,4 CAR,"On Finchley Road, 50 metres south of the junction with College Crescent.",1,05/02/2019 06:20:00 PM,Tuesday,18.20,1 TLRN,A,41,1 ROUNDABOUT,30,00 NO JUN IN 20M,,0,0,5 PEDN PHASE AT ATS,1 DARK,2 RAINING,2 ROAD-WET,4 ROADWORKS,0 NONE,526653,184287,-0.174986,51.543279,,,Unknown,"(51.543279, -0.174986)",http://opendatacommunities.org/id/london-borough-council/camden,8763,21/12/2020 02:48:43 PM
0116EK40261,CAMDEN,1 Driver/Rider,1 Male,25-59,26,1,2 Serious,-2 Unknown,-2 N/A,3 Powered 2 Wheeler,CHALK FARM ROAD J/W FERDINAND STREET,2,07/01/2016 12:20:00 AM,Thursday,0.20,3 Bor,A,502,6 Single Cwy,2 30 MPH,3 T/Stag Jun,2 Auto Sig,B,517,5 Pedn Phase At Ats,2 Dark,1 Fine,1 Road-Dry,0 None,0 None,528450,184290,-0.149085,51.542901,,,Unknown,"(51.542901, -0.149085)",http://opendatacommunities.org/id/london-borough-council/camden,6201,21/12/2020 02:48:38 PM
1190182965,CAMDEN,2 PASSENGER,2 FEMALE,60+,75,3,2 SERIOUS,'-2 NOT APPLICABLE,'-2 NOT APPLICABLE,6 BUS OR COACH,"On Kilburn High Road, near the junction with Brondesbury Road.",1,24/05/2019 10:05:00 AM,Friday,10.05,3 BOR,A,5,6 SINGLE CWY,20,03 T/STAG JUN,1 AUTH PERSON,B,451,5 PEDN PHASE AT ATS,2 DAYLIGHT,1 FINE,1 ROAD-DRY,0 NONE,0 NONE,525355,183694,-0.193905,51.53824,,,Unknown,"(51.53824, -0.193905)",http://opendatacommunities.org/id/london-borough-council/camden,9038,21/12/2020 02:48:44 PM
1180154322,CAMDEN,1 Driver/Rider,1 Male,25-59,31,1,3 Slight,-2 Unknown,-2 N/A,4 Car,FINCHLEY ROAD J/W PLATTS LANE,2,25/12/2018 04:01:00 PM,Tuesday,16.01,1 TLRN,A,41,3 Dual Cwy,2 30 MPH,7 Multi Jun,2 Auto Sig,C,0,5 Pedn Phase At Ats,2 Dark,1 Fine,1 Road-Dry,1 Traf Sig Out,0 None,525170,185860,-0.195801,51.557747,,,Unknown,"(51.557747, -0.195801)",http://opendatacommunities.org/id/london-borough-council/camden,8641,21/12/2020 02:48:43 PM
0116EK40013,CAMDEN,2 Passenger,1 Male,60+,69,1,3 Slight,-2 Unknown,-2 N/A,4 Car,FINCHLEY ROAD J/W HILGROVE ROAD,2,23/01/2016 01:10:00 PM,Saturday,13.10,1 TLRN,A,41,3 Dual Cwy,2 30 MPH,6 Crossroads,2 Auto Sig,B,509,5 Pedn Phase At Ats,1 Daylight,1 Fine,1 Road-Dry,0 None,0 None,526630,184100,-0.175384,51.541604,,,Unknown,"(51.541604, -0.175384)",http://opendatacommunities.org/id/london-borough-council/camden,5990,21/12/2020 02:48:38 PM
0115EK41073,CAMDEN,1 Driver/Rider,2 Female,25-59,26,1,3 Slight,-2 Unknown,-2 N/A,4 Car,ROSSLYN HILL J/W POND STREET.,2,29/10/2015 09:33:00 PM,Thursday,21.33,3 Bor,A,502,6 Single Cwy,2 30 MPH,6 Crossroads,2 Auto Sig,B,518,5 Pedn Phase At Ats,2 Dark,1 Fine,1 Road-Dry,0 None,0 None,527030,185400,-0.16915,51.553197,,,Unknown,"(51.553197, -0.16915)",http://opendatacommunities.org/id/london-borough-council/camden,5483,21/12/2020 02:48:37 PM
0115EK41026,CAMDEN,1 Driver/Rider,1 Male,25-59,25,1,3 Slight,-2 Unknown,-2 N/A,7 Goods Vehicle,BLOOMSBURY STREET J/W GREAT RUSSELL STREET.,2,18/11/2015 04:45:00 PM,Wednesday,16.45,3 Bor,A,400,2 One-Way St,2 30 MPH,6 Crossroads,2 Auto Sig,C,0,5 Pedn Phase At Ats,2 Dark,1 Fine,2 Road-Wet,0 None,0 None,530010,181530,-0.12762,51.51774,,,Unknown,"(51.51774, -0.12762)",http://opendatacommunities.org/id/london-borough-council/camden,5447,21/12/2020 02:48:37 PM
0115EK40079,CAMDEN,1 Driver/Rider,1 Male,16-24,21,1,3 Slight,-2 Unknown,-2 N/A,3 Powered 2 Wheeler,WEST END LANE J/W MUTRIX ROAD,2,03/02/2015 10:05:00 PM,Tuesday,22.05,3 Bor,Unclassified,0,6 Single Cwy,2 30 MPH,3 T/Stag Jun,4 Give Way/Uncontrolled,Unclassified,0,0 No Xing Facility In 50m,2 Dark,1 Fine,1 Road-Dry,0 None,0 None,525470,183810,-0.192206,51.539257,,,Unknown,"(51.539257, -0.192206)",http://opendatacommunities.org/id/london-borough-council/camden,4644,21/12/2020 02:48:35 PM
1180148212,CAMDEN,1 Driver/Rider,1 Male,25-59,51,1,3 Slight,-2 Unknown,-2 N/A,2 Pedal Cycle,MORNINGTON PLACE J/W MORNINGTON CRESCENT NW1,2,26/11/2018 05:45:00 PM,Monday,17.45,3 Bor,Unclassified,0,6 Single Cwy,2 30 MPH,9 Other Jun,4 Give Way/Uncontrolled,Unclassified,0,0 No Xing Facility In 50m,2 Dark,1 Fine,1 Road-Dry,0 None,0 None,529070,183270,-0.140523,51.533593,,,Unknown,"(51.533593, -0.140523)",http://opendatacommunities.org/id/london-borough-council/camden,8559,21/12/2020 02:48:43 PM
1180167142,CAMDEN,2 Passenger,1 Male,Unknown,0,1,3 Slight,-2 Unknown,-2 N/A,7 Goods Vehicle,ROYAL COLLEGE ST J/W CROWNDALE ROAD,1,07/11/2018 05:30:00 PM,Wednesday,17.30,3 Bor,A,5202,6 Single Cwy,1 <= 20 MPH,7 Multi Jun,9 Unknown (S/R),B,512,9 Unknown (S/R),2 Dark,1 Fine,1 Road-Dry,0 None,0 None,529567,183501,-0.133277,51.535555,,,Unknown,"(51.535555, -0.133277)",http://opendatacommunities.org/id/london-borough-council/camden,8662,21/12/2020 02:48:43 PM
1190166570,CAMDEN,1 DRIVER/RIDER,1 MALE,0-15,11,1,2 SERIOUS,'-2 NOT APPLICABLE,'-2 NOT APPLICABLE,2 PEDAL CYCLE,"On Bedford Square, near the junction with Gower Street.",2,03/03/2019 12:30:00 PM,Sunday,12.30,3 BOR,A,400,2 ONE-WAY ST,20,09 OTHER JUN,2 AUTO SIG,A,400,5 PEDN PHASE AT ATS,2 DAYLIGHT,2 RAINING,2 ROAD-WET,0 NONE,0 NONE,529866,181749,-0.129614,51.519741,,,Unknown,"(51.519741, -0.129614)",http://opendatacommunities.org/id/london-borough-council/camden,8817,21/12/2020 02:48:43 PM
0115EK40676,CAMDEN,1 Driver/Rider,1 Male,25-59,46,1,3 Slight,-2 Unknown,-2 N/A,2 Pedal Cycle,AVENUE ROAD 100M NW OF ADELAIDE ROAD,2,06/08/2015 09:55:00 AM,Thursday,9.55,1 TLRN,A,41,6 Single Cwy,2 30 MPH,0 No Jun In 20m,-2 Not Applicable,-2 Not Applicable,0,0 No Xing Facility In 50m,1 Daylight,1 Fine,1 Road-Dry,0 None,0 None,526730,184210,-0.173903,51.54257,,,Unknown,"(51.54257, -0.173903)",http://opendatacommunities.org/id/london-borough-council/camden,5149,21/12/2020 02:48:36 PM
1170061609,CAMDEN,3 Pedestrian,1 Male,25-59,32,1,3 Slight,01 Crossing Road On Ped Xing,1 From Drivers N/Side,1 Pedestrian,OXFORD STREET J/W TOTTENHAM COURT ROAD,1,29/09/2017 12:55:00 AM,Friday,0.55,3 Bor,A,40,6 Single Cwy,1 <= 20 MPH,6 Crossroads,2 Auto Sig,A,400,5 Pedn Phase At Ats,2 Dark,1 Fine,1 Road-Dry,0 None,0 None,529800,181370,-0.130704,51.516351,,,Unknown,"(51.516351, -0.130704)",http://opendatacommunities.org/id/london-borough-council/camden,7358,21/12/2020 02:48:40 PM
1170053853,CAMDEN,3 Pedestrian,1 Male,25-59,26,1,3 Slight,01 Crossing Road On Ped Xing,1 From Drivers N/Side,1 Pedestrian,JUDD STREET J/W EUSTON ROAD,1,14/08/2017 09:48:00 AM,Monday,9.48,1 TLRN,B,504,6 Single Cwy,2 30 MPH,9 Other Jun,2 Auto Sig,A,501,5 Pedn Phase At Ats,1 Daylight,1 Fine,1 Road-Dry,9 Unknown (S/R),0 None,530080,182780,-0.126151,51.528958,,,Unknown,"(51.528958, -0.126151)",http://opendatacommunities.org/id/london-borough-council/camden,7245,21/12/2020 02:48:40 PM
0116EK40447,CAMDEN,1 Driver/Rider,1 Male,Unknown,0,1,3 Slight,-2 Unknown,-2 N/A,2 Pedal Cycle,WILD STREET J/W GREAT QUEEN STREET.,2,23/06/2016 08:12:00 AM,Thursday,8.12,3 Bor,Unclassified,0,6 Single Cwy,2 30 MPH,3 T/Stag Jun,4 Give Way/Uncontrolled,B,402,0 No Xing Facility In 50m,1 Daylight,1 Fine,1 Road-Dry,0 None,0 None,530430,181210,-0.121689,51.514768,,,Unknown,"(51.514768, -0.121689)",http://opendatacommunities.org/id/london-borough-council/camden,6358,21/12/2020 02:48:38 PM
1170028203,CAMDEN,1 Driver/Rider,1 Male,25-59,40,1,3 Slight,-2 Unknown,-2 N/A,4 Car,FINCHLEY ROAD J/W HILGROVE ROAD NW8,2,27/03/2017 06:20:00 AM,Monday,6.20,1 TLRN,A,41,3 Dual Cwy,2 30 MPH,6 Crossroads,2 Auto Sig,B,509,4 Pelican Or Similar,2 Dark,1 Fine,1 Road-Dry,0 None,0 None,526630,184100,-0.175384,51.541604,,,Unknown,"(51.541604, -0.175384)",http://opendatacommunities.org/id/london-borough-council/camden,6820,21/12/2020 02:48:39 PM
1170034398,CAMDEN,1 Driver/Rider,1 Male,25-59,40,1,3 Slight,-2 Unknown,-2 N/A,3 Powered 2 Wheeler,EUSTON ROAD J/W MELTON STREET,2,26/04/2017 08:40:00 AM,Wednesday,8.40,1 TLRN,A,501,2 One-Way St,2 30 MPH,3 T/Stag Jun,2 Auto Sig,C,0,5 Pedn Phase At Ats,1 Daylight,1 Fine,1 Road-Dry,0 None,0 None,529560,182460,-0.133761,51.526201,,,Unknown,"(51.526201, -0.133761)",http://opendatacommunities.org/id/london-borough-council/camden,6923,21/12/2020 02:48:39 PM
1160012513,CAMDEN,1 Driver/Rider,1 Male,25-59,36,1,3 Slight,-2 Unknown,-2 N/A,4 Car,"ON EUSTON STREET, 25 METRES NORTH OF THE JUNCTION WITH GOWER STREE",2,03/09/2016 05:15:00 PM,Saturday,17.15,1 TLRN,A,501,6 Single Cwy,2 30 MPH,0 No Jun In 20m,-2 Not Applicable,-2 Not Applicable,0,5 Pedn Phase At Ats,1 Daylight,1 Fine,2 Road-Wet,0 None,0 None,529440,182390,-0.135515,51.5256,,,Unknown,"(51.5256, -0.135515)",http://opendatacommunities.org/id/london-borough-council/camden,5841,21/12/2020 02:48:38 PM
1190196258,CAMDEN,3 PEDESTRIAN,2 FEMALE,25-59,35,1,3 SLIGHT,01 CROSSING ROAD ON PED XING,'-2 NOT APPLICABLE,1 PEDESTRIAN,"On Finchley Road, near the junction with Boundry Road.",1,27/07/2019 02:50:00 PM,Saturday,14.50,1 TLRN,A,41,3 DUAL CWY,30,03 T/STAG JUN,2 AUTO SIG,5,0,5 PEDN PHASE AT ATS,2 DAYLIGHT,1 FINE,2 ROAD-WET,0 NONE,0 NONE,526604,183874,-0.17584,51.539579,,,Unknown,"(51.539579, -0.17584)",http://opendatacommunities.org/id/london-borough-council/camden,9234,21/12/2020 02:48:44 PM
0115EK40064,CAMDEN,3 Pedestrian,2 Female,25-59,25,1,3 Slight,04 Crossing Road Within 50m Xing,3 From Drivers O/Side,1 Pedestrian,BLOOMSBURY WAY J/W BLOOMSBURY SQUARE,1,29/01/2015 11:20:00 PM,Thursday,23.20,3 Bor,A,40,2 One-Way St,2 30 MPH,3 T/Stag Jun,4 Give Way/Uncontrolled,Unclassified,0,4 Pelican Or Similar,2 Dark,1 Fine,3 Road-Snow,0 None,0 None,530340,181590,-0.122845,51.518203,,,Unknown,"(51.518203, -0.122845)",http://opendatacommunities.org/id/london-borough-council/camden,4629,21/12/2020 02:48:35 PM
0115QK50238,CAMDEN,1 Driver/Rider,1 Male,25-59,45,1,3 Slight,-2 Unknown,-2 N/A,3 Powered 2 Wheeler,"KILBURN HIGH ROAD, J/W WILLESDEN LANE",2,30/03/2015 05:56:00 PM,Monday,17.56,3 Bor,A,5,6 Single Cwy,2 30 MPH,3 T/Stag Jun,2 Auto Sig,A,4003,5 Pedn Phase At Ats,1 Daylight,1 Fine,2 Road-Wet,0 None,0 None,525060,184080,-0.198019,51.541774,,,Unknown,"(51.541774, -0.198019)",http://opendatacommunities.org/id/london-borough-council/camden,5618,21/12/2020 02:48:37 PM
1170041930,CAMDEN,1 Driver/Rider,1 Male,25-59,25,1,3 Slight,-2 Unknown,-2 N/A,2 Pedal Cycle,DELANCEY STREET 25M E OF J/W MORNINGTON TERRACE,2,18/05/2017 03:53:00 PM,Thursday,15.53,3 Bor,A,503,6 Single Cwy,2 30 MPH,0 No Jun In 20m,-2 Not Applicable,-2 Not Applicable,0,9 Unknown (S/R),1 Daylight,1 Fine,9 Unknown (S/R),0 None,0 None,528740,183570,-0.145169,51.536364,,,Unknown,"(51.536364, -0.145169)",http://opendatacommunities.org/id/london-borough-council/camden,7024,21/12/2020 02:48:39 PM
1170077822,CAMDEN,1 Driver/Rider,1 Male,25-59,56,1,3 Slight,-2 Unknown,-2 N/A,4 Car,TOTTENHAM COURT ROAD J/W EUSTON ROAD,2,07/12/2017 10:15:00 PM,Thursday,22.15,1 TLRN,A,400,2 One-Way St,2 30 MPH,5 Slip Road,2 Auto Sig,A,501,0 No Xing Facility In 50m,2 Dark,1 Fine,1 Road-Dry,0 None,0 None,529270,182280,-0.138005,51.52465,,,Unknown,"(51.52465, -0.138005)",http://opendatacommunities.org/id/london-borough-council/camden,7610,21/12/2020 02:48:41 PM
1170044896,CAMDEN,1 Driver/Rider,2 Female,25-59,26,1,3 Slight,-2 Unknown,-2 N/A,2 Pedal Cycle,HOWLAND STREET 25M SW OF J/W FITZROY STREET,2,19/06/2017 07:30:00 PM,Monday,19.30,3 Bor,C,0,6 Single Cwy,2 30 MPH,0 No Jun In 20m,-2 Not Applicable,-2 Not Applicable,0,0 No Xing Facility In 50m,1 Daylight,1 Fine,1 Road-Dry,0 None,0 None,529273,181899,-0.138101,51.521225,,,Unknown,"(51.521225, -0.138101)",http://opendatacommunities.org/id/london-borough-council/camden,7079,21/12/2020 02:48:40 PM
1180139058,CAMDEN,1 Driver/Rider,1 Male,16-24,20,1,3 Slight,-2 Unknown,-2 N/A,2 Pedal Cycle,PRIMROSE HILL ROAD J/W ADELAIDE ROAD,2,14/10/2018 10:30:00 PM,Sunday,22.30,3 Bor,C,0,6 Single Cwy,2 30 MPH,6 Crossroads,2 Auto Sig,B,509,4 Pelican Or Similar,2 Dark,2 Raining,2 Road-Wet,0 None,0 None,527510,184340,-0.162615,51.543563,,,Unknown,"(51.543563, -0.162615)",http://opendatacommunities.org/id/london-borough-council/camden,8431,21/12/2020 02:48:43 PM
1180109998,CAMDEN,1 Driver/Rider,1 Male,25-59,26,1,3 Slight,-2 Unknown,-2 N/A,2 Pedal Cycle,CAMDEN HIGH STREET 25M S OF J/W GREENLAND ROAD,2,23/05/2018 07:12:00 AM,Wednesday,7.12,1 TLRN,A,502,6 Single Cwy,2 30 MPH,0 No Jun In 20m,-2 Not Applicable,-2 Not Applicable,0,5 Pedn Phase At Ats,1 Daylight,1 Fine,1 Road-Dry,0 None,0 None,528920,183830,-0.14248,51.53866,,,Unknown,"(51.53866, -0.14248)",http://opendatacommunities.org/id/london-borough-council/camden,8017,21/12/2020 02:48:42 PM
1160005078,CAMDEN,3 Pedestrian,2 Female,25-59,25,1,3 Slight,06 On Footpath - Verge,9 Unknown Or Other,1 Pedestrian,BLOOMSBURY SQUARE J/W BEDFORD PLACE,1,05/12/2016 12:20:00 AM,Monday,0.20,3 Bor,C,0,6 Single Cwy,2 30 MPH,3 T/Stag Jun,4 Give Way/Uncontrolled,Unclassified,0,8 Central Refuge,2 Dark,1 Fine,2 Road-Wet,0 None,0 None,530310,181730,-0.123225,51.519469,,,Unknown,"(51.519469, -0.123225)",http://opendatacommunities.org/id/london-borough-council/camden,5734,21/12/2020 02:48:37 PM
0115EK40234,CAMDEN,3 Pedestrian,2 Female,16-24,23,1,3 Slight,04 Crossing Road Within 50m Xing,4 From Drivers O/Side Msk,1 Pedestrian,FINCHLEY ROAD J/W BURRARD ROAD,1,18/03/2015 07:59:00 AM,Wednesday,7.59,1 TLRN,A,41,6 Single Cwy,2 30 MPH,3 T/Stag Jun,4 Give Way/Uncontrolled,Unclassified,0,4 Pelican Or Similar,1 Daylight,1 Fine,1 Road-Dry,0 None,0 None,525320,185630,-0.19372,51.555646,,,Unknown,"(51.555646, -0.19372)",http://opendatacommunities.org/id/london-borough-council/camden,4763,21/12/2020 02:48:36 PM
1190218351,CAMDEN,1 DRIVER/RIDER,1 MALE,25-59,56,2,3 SLIGHT,'-2 NOT APPLICABLE,'-2 NOT APPLICABLE,4 CAR,"On Langland Gardens (Stop FS), 100 metres south of the junction with Langland Gardens.",2,23/07/2019 07:23:00 AM,Tuesday,7.23,1 TLRN,A,41,6 SINGLE CWY,30,00 NO JUN IN 20M,,0,0,9 UNKNOWN (S/R),2 DAYLIGHT,8 OTHER,1 ROAD-DRY,0 NONE,0 NONE,525947,185199,-0.184835,51.551633,,,Unknown,"(51.551633, -0.184835)",http://opendatacommunities.org/id/london-borough-council/camden,9516,21/12/2020 02:48:44 PM
1170055311,CAMDEN,1 Driver/Rider,1 Male,25-59,49,1,3 Slight,-2 Unknown,-2 N/A,3 Powered 2 Wheeler,WINCHESTER ROAD NW3 J/W FELLOWS ROAD NW3,2,21/08/2017 05:45:00 PM,Monday,17.45,3 Bor,Unclassified,0,6 Single Cwy,1 <= 20 MPH,3 T/Stag Jun,4 Give Way/Uncontrolled,Unclassified,0,4 Pelican Or Similar,1 Daylight,1 Fine,1 Road-Dry,0 None,0 None,526850,184260,-0.172156,51.542993,,,Unknown,"(51.542993, -0.172156)",http://opendatacommunities.org/id/london-borough-council/camden,7262,21/12/2020 02:48:40 PM
1180116094,CAMDEN,1 Driver/Rider,1 Male,25-59,33,1,3 Slight,-2 Unknown,-2 N/A,2 Pedal Cycle,COLLEGE CRESCENT J/W FINCHLEY ROAD,2,22/06/2018 05:28:00 PM,Friday,17.28,1 TLRN,B,511,6 Single Cwy,2 30 MPH,7 Multi Jun,2 Auto Sig,A,41,4 Pelican Or Similar,1 Daylight,1 Fine,1 Road-Dry,0 None,0 None,526650,184330,-0.175013,51.543667,,,Unknown,"(51.543667, -0.175013)",http://opendatacommunities.org/id/london-borough-council/camden,8104,21/12/2020 02:48:42 PM
1170047469,CAMDEN,3 Pedestrian,2 Female,60+,74,1,3 Slight,05 Crossing Road (Not On Xing),9 Unknown Or Other,1 Pedestrian,DYOTT STREET J/W NEW OXFORD STREET,2,10/07/2017 12:06:00 PM,Monday,12.06,3 Bor,Unclassified,0,2 One-Way St,2 30 MPH,3 T/Stag Jun,4 Give Way/Uncontrolled,A,40,0 No Xing Facility In 50m,1 Daylight,1 Fine,1 Road-Dry,0 None,0 None,530020,181420,-0.127517,51.516749,,,Unknown,"(51.516749, -0.127517)",http://opendatacommunities.org/id/london-borough-council/camden,7136,21/12/2020 02:48:40 PM
1180136692,CAMDEN,1 Driver/Rider,1 Male,25-59,30,1,3 Slight,-2 Unknown,-2 N/A,3 Powered 2 Wheeler,TOTTENHAM COURT ROAD 5M N OF J/W MAPLE STREET,2,03/10/2018 10:00:00 PM,Wednesday,22.00,3 Bor,A,400,3 Dual Cwy,1 <= 20 MPH,6 Crossroads,2 Auto Sig,C,0,5 Pedn Phase At Ats,2 Dark,1 Fine,1 Road-Dry,0 None,0 None,529360,182100,-0.136774,51.523012,,,Unknown,"(51.523012, -0.136774)",http://opendatacommunities.org/id/london-borough-council/camden,8375,21/12/2020 02:48:42 PM
1190213842,CAMDEN,1 DRIVER/RIDER,1 MALE,25-59,44,1,3 SLIGHT,'-2 NOT APPLICABLE,'-2 NOT APPLICABLE,2 PEDAL CYCLE,"On Pentonville Road, near the junction with Pentonville Road.",2,24/10/2019 03:29:00 PM,Thursday,15.29,1 TLRN,A,501,7 SLIP RD,30,05 SLIP ROAD,2 AUTO SIG,A,501,9 UNKNOWN (S/R),2 DAYLIGHT,2 RAINING,2 ROAD-WET,0 NONE,0 NONE,530499,183015,-0.120027,51.530973,,,Unknown,"(51.530973, -0.120027)",http://opendatacommunities.org/id/london-borough-council/camden,9466,21/12/2020 02:48:44 PM
1190222634,CAMDEN,1 DRIVER/RIDER,2 FEMALE,25-59,49,1,3 SLIGHT,'-2 NOT APPLICABLE,'-2 NOT APPLICABLE,2 PEDAL CYCLE,"On Ridgmount Gardens, 25 metres north of the junction with Torrington Place.",2,03/12/2019 02:00:00 PM,Tuesday,14.00,3 BOR,5,0,2 ONE-WAY ST,30,00 NO JUN IN 20M,,0,0,0 NO XING FACILITY IN 50M,2 DAYLIGHT,1 FINE,1 ROAD-DRY,0 NONE,0 NONE,529582,181994,-0.133615,51.522008,,,Unknown,"(51.522008, -0.133615)",http://opendatacommunities.org/id/london-borough-council/camden,9581,21/12/2020 02:48:45 PM
0115EK40934,CAMDEN,1 Driver/Rider,1 Male,25-59,43,1,3 Slight,-2 Unknown,-2 N/A,3 Powered 2 Wheeler,TAVISTOCK SQUARE J/W TAVISTOCK PLACE.,2,21/10/2015 04:15:00 PM,Wednesday,16.15,3 Bor,A,4200,6 Single Cwy,1 <= 20 MPH,6 Crossroads,2 Auto Sig,C,0,5 Pedn Phase At Ats,1 Daylight,2 Raining,2 Road-Wet,0 None,0 None,529960,182310,-0.128053,51.524761,,,Unknown,"(51.524761, -0.128053)",http://opendatacommunities.org/id/london-borough-council/camden,5365,21/12/2020 02:48:37 PM
1170024388,CAMDEN,1 Driver/Rider,1 Male,25-59,41,1,3 Slight,-2 Unknown,-2 N/A,3 Powered 2 Wheeler,FINCHLEY ROAD J/W ARKWRIGHT ROAD,2,10/03/2017 11:00:00 AM,Friday,11.00,1 TLRN,A,41,3 Dual Cwy,2 30 MPH,3 T/Stag Jun,2 Auto Sig,C,0,5 Pedn Phase At Ats,1 Daylight,1 Fine,1 Road-Dry,0 None,0 None,526040,185100,-0.183529,51.550723,,,Unknown,"(51.550723, -0.183529)",http://opendatacommunities.org/id/london-borough-council/camden,6766,21/12/2020 02:48:39 PM