Reference,London Borough Name,Casualty Class,Casualty Sex,Casualty Age Band,Casualty Age,Number Of Casualties,Casualty Severity,Pedestrian Location,Pedestrian Movement,Mode Of Travel,Attendant Location,Number Of Vehicles,Date,Day,Time,Highway,Road Class 1,Road Number 1,Road Type,Speed Limit,Junction Detail,Junction Control,Road Class 2,Road Number 2,Pedestrian Crossing,Light Condition Band,Weather,Road Surface,Special Conditions,Carriage Way Hazard,Easting,Northing,Longitude,Latitude,Ward Code,Ward Name,Spatial Accuracy,Location,Organisation URI,Socrata ID,Last Uploaded
1180108534,CAMDEN,1 Driver/Rider,1 Male,25-59,32,1,3 Slight,-2 Unknown,-2 N/A,2 Pedal Cycle,FORTESS ROAD J/W FALKLAND ROAD,2,17/05/2018 08:05:00 AM,Thursday,8.05,3 Bor,A,400,6 Single Cwy,1 <= 20 MPH,3 T/Stag Jun,4 Give Way/Uncontrolled,A,400,5 Pedn Phase At Ats,1 Daylight,1 Fine,1 Road-Dry,0 None,0 None,528980,185340,-0.141062,51.552216,,,Unknown,"(51.552216, -0.141062)",http://opendatacommunities.org/id/london-borough-council/camden,8001,21/12/2020 02:48:42 PM
0115EK40943,CAMDEN,2 Passenger,2 Female,25-59,54,1,3 Slight,-2 Unknown,-2 N/A,4 Car,HEATH STREET J/W SPANIARDS ROAD.,3,25/10/2015 03:30:00 PM,Sunday,15.30,3 Bor,A,502,6 Single Cwy,2 30 MPH,1 Roundabout,4 Give Way/Uncontrolled,B,519,1 Zebra,1 Daylight,1 Fine,1 Road-Dry,0 None,0 None,526270,186420,-0.179741,51.562534,,,Unknown,"(51.562534, -0.179741)",http://opendatacommunities.org/id/london-borough-council/camden,5375,21/12/2020 02:48:37 PM
0116EK40136,CAMDEN,1 Driver/Rider,1 Male,25-59,43,1,2 Serious,-2 Unknown,-2 N/A,2 Pedal Cycle,WEST END LANE 40M SOUTH J/W SUMATRA ROAD,2,10/03/2016 10:20:00 AM,Thursday,10.20,3 Bor,B,510,6 Single Cwy,1 <= 20 MPH,0 No Jun In 20m,-2 Not Applicable,-2 Not Applicable,0,0 No Xing Facility In 50m,1 Daylight,1 Fine,1 Road-Dry,0 None,0 None,525520,184860,-0.191111,51.548682,,,Unknown,"(51.548682, -0.191111)",http://opendatacommunities.org/id/london-borough-council/camden,6094,21/12/2020 02:48:38 PM
0116EK40589,CAMDEN,1 Driver/Rider,1 Male,25-59,43,1,3 Slight,-2 Unknown,-2 N/A,3 Powered 2 Wheeler,BLOOMSBURY WAY J/W BURY PLACE.,3,14/08/2016 05:00:00 PM,Sunday,17.00,3 Bor,A,40,6 Single Cwy,2 30 MPH,3 T/Stag Jun,2 Auto Sig,Unclassified,0,5 Pedn Phase At Ats,1 Daylight,1 Fine,1 Road-Dry,0 None,0 None,530270,181540,-0.123872,51.51777,,,Unknown,"(51.51777, -0.123872)",http://opendatacommunities.org/id/london-borough-council/camden,6471,21/12/2020 02:48:39 PM
1170075255,CAMDEN,1 Driver/Rider,1 Male,16-24,17,1,3 Slight,-2 Unknown,-2 N/A,3 Powered 2 Wheeler,ROSENDALE WAY 20M S OF J/W BARKER DRIVE,1,04/12/2017 02:55:00 PM,Monday,14.55,3 Bor,Unclassified,0,7 Slip Rd,1 <= 20 MPH,8 Priv Drive,4 Give Way/Uncontrolled,Unclassified,0,0 No Xing Facility In 50m,1 Daylight,1 Fine,2 Road-Wet,0 None,0 None,529510,183960,-0.13393,51.539693,,,Unknown,"(51.539693, -0.13393)",http://opendatacommunities.org/id/london-borough-council/camden,7580,21/12/2020 02:48:41 PM
1170053923,CAMDEN,1 Driver/Rider,2 Female,25-59,44,1,3 Slight,-2 Unknown,-2 N/A,2 Pedal Cycle,EUSTON ROAD J/W CHURCHWAY,2,15/08/2017 04:39:00 PM,Tuesday,16.39,1 TLRN,A,501,6 Single Cwy,2 30 MPH,6 Crossroads,2 Auto Sig,Unclassified,0,5 Pedn Phase At Ats,1 Daylight,1 Fine,1 Road-Dry,0 None,0 None,529830,182640,-0.129804,51.527757,,,Unknown,"(51.527757, -0.129804)",http://opendatacommunities.org/id/london-borough-council/camden,7249,21/12/2020 02:48:40 PM
1180135164,CAMDEN,2 Passenger,2 Female,25-59,43,1,3 Slight,-2 Unknown,-2 N/A,6 Bus Or Coach,CAMDEN ROAD J/W CAMDEN ST,1,26/09/2018 07:10:00 PM,Wednesday,19.10,1 TLRN,A,503,3 Dual Cwy,1 <= 20 MPH,3 T/Stag Jun,2 Auto Sig,A,400,5 Pedn Phase At Ats,2 Dark,1 Fine,1 Road-Dry,0 None,0 None,529080,184020,-0.140104,51.540331,,,Unknown,"(51.540331, -0.140104)",http://opendatacommunities.org/id/london-borough-council/camden,8357,21/12/2020 02:48:42 PM
1190185572,CAMDEN,3 PEDESTRIAN,1 MALE,60+,67,1,3 SLIGHT,05 CROSSING ROAD (NOT ON XING),3 FROM DRIVERS O/SIDE,1 PEDESTRIAN,"On Bisham Gardens, near the junction with Highgate Hill .",1,06/06/2019 02:15:00 PM,Thursday,14.15,3 BOR,B,519,6 SINGLE CWY,20,03 T/STAG JUN,4 GIVE WAY/UNCONTROLLED,6,0,0 NO XING FACILITY IN 50M,2 DAYLIGHT,1 FINE,1 ROAD-DRY,0 NONE,0 NONE,528565,187356,-0.146308,51.570428,,,Unknown,"(51.570428, -0.146308)",http://opendatacommunities.org/id/london-borough-council/camden,9071,21/12/2020 02:48:44 PM
1170026678,CAMDEN,3 Pedestrian,1 Male,0-15,15,1,3 Slight,08 In Centre Of Carriageway,3 From Drivers O/Side,1 Pedestrian,WOODCHURCH ROAD J/W PRIORY ROAD,1,20/03/2017 04:40:00 PM,Monday,16.40,3 Bor,Unclassified,0,6 Single Cwy,1 <= 20 MPH,3 T/Stag Jun,4 Give Way/Uncontrolled,Unclassified,0,0 No Xing Facility In 50m,1 Daylight,1 Fine,1 Road-Dry,0 None,0 None,525660,184230,-0.189318,51.542989,,,Unknown,"(51.542989, -0.189318)",http://opendatacommunities.org/id/london-borough-council/camden,6797,21/12/2020 02:48:39 PM
0115EK40084,CAMDEN,3 Pedestrian,2 Female,25-59,36,1,3 Slight,04 Crossing Road Within 50m Xing,9 Unknown Or Other,1 Pedestrian,NFL- KENTISH TOWN ROAD 38M N OF J/W BARTHOLOMEW ROAD,1,04/02/2015 08:13:00 PM,Wednesday,20.13,3 Bor,A,400,6 Single Cwy,2 30 MPH,0 No Jun In 20m,-2 Not Applicable,-2 Not Applicable,0,1 Zebra,2 Dark,1 Fine,1 Road-Dry,0 None,0 None,528940,184650,-0.141891,51.546024,,,Unknown,"(51.546024, -0.141891)",http://opendatacommunities.org/id/london-borough-council/camden,4648,21/12/2020 02:48:35 PM
1180155704,CAMDEN,1 Driver/Rider,1 Male,25-59,59,1,3 Slight,-2 Unknown,-2 N/A,4 Car,PANCRAS ROAD J/W EUSTON ROAD,2,23/12/2018 12:15:00 PM,Sunday,12.15,1 TLRN,A,5202,3 Dual Cwy,2 30 MPH,7 Multi Jun,2 Auto Sig,A,501,9 Unknown (S/R),1 Daylight,1 Fine,1 Road-Dry,0 None,0 None,530220,182910,-0.124086,51.530094,,,Unknown,"(51.530094, -0.124086)",http://opendatacommunities.org/id/london-borough-council/camden,8657,21/12/2020 02:48:43 PM
1160025004,CAMDEN,1 Driver/Rider,1 Male,Unknown,0,1,3 Slight,-2 Unknown,-2 N/A,5 Taxi,FINCHLEY ROAD 40M S OF J/W PARSIFAL ROAD,2,29/10/2016 09:11:00 PM,Saturday,21.11,1 TLRN,A,41,6 Single Cwy,2 30 MPH,0 No Jun In 20m,-2 Not Applicable,-2 Not Applicable,0,0 No Xing Facility In 50m,2 Dark,1 Fine,1 Road-Dry,0 None,0 None,525430,185540,-0.192166,51.554813,,,Unknown,"(51.554813, -0.192166)",http://opendatacommunities.org/id/london-borough-council/camden,5941,21/12/2020 02:48:38 PM
1170037135,CAMDEN,1 Driver/Rider,1 Male,25-59,32,1,3 Slight,-2 Unknown,-2 N/A,3 Powered 2 Wheeler,CHALK FARM ROAD J/W HARTLAND ROAD,2,12/05/2017 08:20:00 PM,Friday,20.20,3 Bor,A,502,6 Single Cwy,1 <= 20 MPH,3 T/Stag Jun,4 Give Way/Uncontrolled,Unclassified,0,8 Central Refuge,1 Daylight,1 Fine,1 Road-Dry,0 None,0 None,528520,184220,-0.148102,51.542256,,,Unknown,"(51.542256, -0.148102)",http://opendatacommunities.org/id/london-borough-council/camden,6957,21/12/2020 02:48:39 PM
1170034922,CAMDEN,1 Driver/Rider,1 Male,25-59,37,1,3 Slight,-2 Unknown,-2 N/A,3 Powered 2 Wheeler,GOODGE STREET J/W GOODGE PLACE,2,30/04/2017 09:41:00 PM,Sunday,21.41,3 Bor,B,506,6 Single Cwy,1 <= 20 MPH,3 T/Stag Jun,4 Give Way/Uncontrolled,Unclassified,0,0 No Xing Facility In 50m,2 Dark,1 Fine,2 Road-Wet,0 None,0 None,529400,181670,-0.136356,51.519138,,,Unknown,"(51.519138, -0.136356)",http://opendatacommunities.org/id/london-borough-council/camden,6930,21/12/2020 02:48:39 PM
1170056000,CAMDEN,3 Pedestrian,1 Male,60+,61,1,3 Slight,10 Unknown,9 Unknown Or Other,1 Pedestrian,BERNARD STREET J/W MARCHMONT STREET,1,25/08/2017 02:15:00 PM,Friday,14.15,3 Bor,B,504,2 One-Way St,1 <= 20 MPH,3 T/Stag Jun,4 Give Way/Uncontrolled,Unclassified,0,4 Pelican Or Similar,1 Daylight,1 Fine,1 Road-Dry,0 None,0 None,530260,182160,-0.123787,51.523344,,,Unknown,"(51.523344, -0.123787)",http://opendatacommunities.org/id/london-borough-council/camden,7275,21/12/2020 02:48:40 PM
1180125717,CAMDEN,1 Driver/Rider,2 Female,16-24,22,1,3 Slight,-2 Unknown,-2 N/A,2 Pedal Cycle,CALTHORPE STREET J/W PHOENIX PLACE,2,07/08/2018 08:45:00 AM,Tuesday,8.45,3 Bor,B,502,6 Single Cwy,1 <= 20 MPH,7 Multi Jun,4 Give Way/Uncontrolled,C,0,1 Zebra,1 Daylight,1 Fine,1 Road-Dry,3 Road Sign Def,9 Unknown (S/R),530920,182410,-0.114186,51.525439,,,Unknown,"(51.525439, -0.114186)",http://opendatacommunities.org/id/london-borough-council/camden,8227,21/12/2020 02:48:42 PM
0116EK40499,CAMDEN,1 Driver/Rider,1 Male,25-59,37,1,3 Slight,-2 Unknown,-2 N/A,3 Powered 2 Wheeler,GUILFORD STREET J/W GILFORD PLACE,2,13/07/2016 03:14:00 PM,Wednesday,15.14,3 Bor,B,502,6 Single Cwy,2 30 MPH,3 T/Stag Jun,4 Give Way/Uncontrolled,C,0,1 Zebra,1 Daylight,1 Fine,1 Road-Dry,0 None,0 None,530590,182200,-0.119018,51.523628,,,Unknown,"(51.523628, -0.119018)",http://opendatacommunities.org/id/london-borough-council/camden,6410,21/12/2020 02:48:38 PM
1190221155,CAMDEN,3 PEDESTRIAN,2 FEMALE,25-59,26,1,3 SLIGHT,04 CROSSING ROAD WITHIN 50M XING,3 FROM DRIVERS O/SIDE,1 PEDESTRIAN,"On Pentonville Road, near the junction with Kings Cross Road.",1,27/11/2019 02:21:00 PM,Wednesday,14.21,1 TLRN,A,501,2 ONE-WAY ST,20,06 CROSSROADS,2 AUTO SIG,A,501,5 PEDN PHASE AT ATS,2 DAYLIGHT,1 FINE,2 ROAD-WET,0 NONE,0 NONE,530533,183018,-0.119536,51.530992,,,Unknown,"(51.530992, -0.119536)",http://opendatacommunities.org/id/london-borough-council/camden,9555,21/12/2020 02:48:45 PM
0116EK40228,CAMDEN,1 Driver/Rider,1 Male,25-59,50,1,3 Slight,-2 Unknown,-2 N/A,2 Pedal Cycle,OUTER CIRCLE J/W PARK SQUARE EAST,2,19/04/2016 06:10:00 PM,Tuesday,18.10,3 Bor,Unclassified,0,6 Single Cwy,2 30 MPH,6 Crossroads,4 Give Way/Uncontrolled,Unclassified,0,0 No Xing Facility In 50m,1 Daylight,1 Fine,1 Road-Dry,0 None,0 None,528720,182330,-0.14591,51.525225,,,Unknown,"(51.525225, -0.14591)",http://opendatacommunities.org/id/london-borough-council/camden,6171,21/12/2020 02:48:38 PM
1180141423,CAMDEN,1 Driver/Rider,1 Male,25-59,38,1,2 Serious,-2 Unknown,-2 N/A,4 Car,FITZJOHN'S AVENUE 60M S OF J/W NUTLEY TERRACE,5,26/10/2018 10:54:00 AM,Friday,10.54,3 Bor,B,511,3 Dual Cwy,1 <= 20 MPH,0 No Jun In 20m,-2 Not Applicable,-2 Not Applicable,0,0 No Xing Facility In 50m,1 Daylight,8 Other,2 Road-Wet,0 None,0 None,526577,184916,-0.175855,51.548949,,,Unknown,"(51.548949, -0.175855)",http://opendatacommunities.org/id/london-borough-council/camden,8474,21/12/2020 02:48:43 PM
0115EK40073,CAMDEN,1 Driver/Rider,2 Female,25-59,27,1,3 Slight,-2 Unknown,-2 N/A,4 Car,FINCHLEY ROAD J/W ARKWRIGHT ROAD,2,30/01/2015 09:55:00 AM,Friday,9.55,1 TLRN,A,41,6 Single Cwy,2 30 MPH,3 T/Stag Jun,2 Auto Sig,C,0,5 Pedn Phase At Ats,1 Daylight,1 Fine,2 Road-Wet,0 None,0 None,526040,185090,-0.183533,51.550633,,,Unknown,"(51.550633, -0.183533)",http://opendatacommunities.org/id/london-borough-council/camden,4639,21/12/2020 02:48:35 PM
1170053756,CAMDEN,3 Pedestrian,2 Female,60+,65,1,3 Slight,01 Crossing Road On Ped Xing,1 From Drivers N/Side,1 Pedestrian,KENTISH TOWN ROAD 10M S OF J/W ANGLERS LANE,1,14/08/2017 03:50:00 PM,Monday,15.50,3 Bor,A,400,2 One-Way St,1 <= 20 MPH,9 Other Jun,2 Auto Sig,Unclassified,0,5 Pedn Phase At Ats,1 Daylight,1 Fine,1 Road-Dry,0 None,0 None,528960,184800,-0.141548,51.547368,,,Unknown,"(51.547368, -0.141548)",http://opendatacommunities.org/id/london-borough-council/camden,7243,21/12/2020 02:48:40 PM
1170079092,CAMDEN,1 Driver/Rider,1 Male,25-59,35,1,3 Slight,-2 Unknown,-2 N/A,4 Car,SOUTHAMPTON ROW 25M S OF J/W COSMO PLACE,1,17/12/2017 03:15:00 PM,Sunday,15.15,3 Bor,Unclassified,0,6 Single Cwy,1 <= 20 MPH,0 No Jun In 20m,-2 Not Applicable,-2 Not Applicable,0,9 Unknown (S/R),1 Daylight,2 Raining,2 Road-Wet,0 None,0 None,530320,181859,-0.123034,51.520626,,,Unknown,"(51.520626, -0.123034)",http://opendatacommunities.org/id/london-borough-council/camden,7622,21/12/2020 02:48:41 PM
0115EK40421,CAMDEN,1 Driver/Rider,1 Male,25-59,28,1,3 Slight,-2 Unknown,-2 N/A,2 Pedal Cycle,POND STREET J/W HAMPSTEAD HILL GARDENS,2,28/05/2015 08:36:00 AM,Thursday,8.36,3 Bor,B,518,6 Single Cwy,2 30 MPH,3 T/Stag Jun,4 Give Way/Uncontrolled,Unclassified,0,0 No Xing Facility In 50m,1 Daylight,1 Fine,1 Road-Dry,0 None,0 None,527100,185440,-0.168127,51.553541,,,Unknown,"(51.553541, -0.168127)",http://opendatacommunities.org/id/london-borough-council/camden,4914,21/12/2020 02:48:36 PM
0115EK40342,CAMDEN,3 Pedestrian,1 Male,0-15,12,1,3 Slight,01 Crossing Road On Ped Xing,3 From Drivers O/Side,1 Pedestrian,HAMPSTEAD ROAD J/W EUSTON ROAD,1,05/05/2015 04:15:00 PM,Tuesday,16.15,1 TLRN,A,400,3 Dual Cwy,3 40 MPH,6 Crossroads,2 Auto Sig,A,501,5 Pedn Phase At Ats,1 Daylight,4 Fine/High Winds,1 Road-Dry,0 None,0 None,529250,182330,-0.138274,51.525104,,,Unknown,"(51.525104, -0.138274)",http://opendatacommunities.org/id/london-borough-council/camden,4851,21/12/2020 02:48:36 PM
0115EK40564,CAMDEN,1 Driver/Rider,1 Male,Unknown,0,1,3 Slight,-2 Unknown,-2 N/A,4 Car,REGENT'S PARK ROAD J.W FITZROY ROAD,2,17/09/2015 10:55:00 AM,Thursday,10.55,3 Bor,C,0,6 Single Cwy,2 30 MPH,3 T/Stag Jun,4 Give Way/Uncontrolled,Unclassified,0,0 No Xing Facility In 50m,1 Daylight,1 Fine,1 Road-Dry,0 None,0 None,527980,183820,-0.15603,51.538783,,,Unknown,"(51.538783, -0.15603)",http://opendatacommunities.org/id/london-borough-council/camden,5050,21/12/2020 02:48:36 PM
0116EK40555,CAMDEN,1 Driver/Rider,1 Male,25-59,28,1,3 Slight,-2 Unknown,-2 N/A,3 Powered 2 Wheeler,PRINCE OF WALES ROAD J/W CRADDOCK STREET,2,02/08/2016 12:28:00 PM,Tuesday,12.28,3 Bor,C,0,6 Single Cwy,2 30 MPH,3 T/Stag Jun,4 Give Way/Uncontrolled,Unclassified,0,8 Central Refuge,1 Daylight,2 Raining,2 Road-Wet,0 None,0 None,528110,184600,-0.153873,51.545764,,,Unknown,"(51.545764, -0.153873)",http://opendatacommunities.org/id/london-borough-council/camden,6448,21/12/2020 02:48:38 PM
1180146864,CAMDEN,1 Driver/Rider,1 Male,25-59,33,1,3 Slight,-2 Unknown,-2 N/A,3 Powered 2 Wheeler,SHAFTESBURY AVENUE J/W GRAPE STREET,2,20/11/2018 12:45:00 PM,Tuesday,12.45,3 Bor,A,401,2 One-Way St,2 30 MPH,3 T/Stag Jun,4 Give Way/Uncontrolled,Unclassified,0,0 No Xing Facility In 50m,1 Daylight,2 Raining,2 Road-Wet,0 None,0 None,530120,181410,-0.12608,51.516637,,,Unknown,"(51.516637, -0.12608)",http://opendatacommunities.org/id/london-borough-council/camden,8539,21/12/2020 02:48:43 PM
1180102100,CAMDEN,1 Driver/Rider,1 Male,25-59,34,1,3 Slight,-2 Unknown,-2 N/A,3 Powered 2 Wheeler,WEST END LANE J/W WEST END LANE,2,16/04/2018 02:30:00 PM,Monday,14.30,3 Bor,Unclassified,0,6 Single Cwy,1 <= 20 MPH,3 T/Stag Jun,4 Give Way/Uncontrolled,Unclassified,0,1 Zebra,1 Daylight,1 Fine,1 Road-Dry,0 None,0 None,525440,185200,-0.192143,51.551755,,,Unknown,"(51.551755, -0.192143)",http://opendatacommunities.org/id/london-borough-council/camden,7897,21/12/2020 02:48:41 PM
1180122513,CAMDEN,1 Driver/Rider,1 Male,25-59,53,1,2 Serious,-2 Unknown,-2 N/A,2 Pedal Cycle,OUTER CIRCLE 25M N OF J/W CUMBERLAND PLACE,2,22/07/2018 08:10:00 AM,Sunday,8.10,3 Bor,Unclassified,0,6 Single Cwy,2 30 MPH,0 No Jun In 20m,-2 Not Applicable,-2 Not Applicable,0,1 Zebra,1 Daylight,1 Fine,1 Road-Dry,0 None,0 None,528660,182980,-0.146537,51.53108,,,Unknown,"(51.53108, -0.146537)",http://opendatacommunities.org/id/london-borough-council/camden,8192,21/12/2020 02:48:42 PM
1170057495,CAMDEN,1 Driver/Rider,2 Female,25-59,36,1,3 Slight,-2 Unknown,-2 N/A,2 Pedal Cycle,CLERKENWELL ROAD 25M E OF J/W HERBALL HILL,2,30/08/2017 08:30:00 AM,Wednesday,8.30,3 Bor,A,5201,6 Single Cwy,1 <= 20 MPH,0 No Jun In 20m,-2 Not Applicable,-2 Not Applicable,0,1 Zebra,1 Daylight,1 Fine,1 Road-Dry,0 None,0 None,531300,182040,-0.108849,51.522025,,,Unknown,"(51.522025, -0.108849)",http://opendatacommunities.org/id/london-borough-council/camden,7295,21/12/2020 02:48:40 PM
1190198526,CAMDEN,1 DRIVER/RIDER,1 MALE,25-59,54,1,3 SLIGHT,'-2 NOT APPLICABLE,'-2 NOT APPLICABLE,2 PEDAL CYCLE,"On Spaniards Road, 30 metres north of the junction with NORTH END WAY.",2,08/08/2019 04:30:00 PM,Thursday,16.30,3 BOR,B,519,6 SINGLE CWY,30,00 NO JUN IN 20M,,0,0,0 NO XING FACILITY IN 50M,2 DAYLIGHT,1 FINE,1 ROAD-DRY,0 NONE,0 NONE,526501,186943,-0.176222,51.567183,,,Unknown,"(51.567183, -0.176222)",http://opendatacommunities.org/id/london-borough-council/camden,9262,21/12/2020 02:48:44 PM
1190203288,CAMDEN,1 DRIVER/RIDER,1 MALE,25-59,33,3,3 SLIGHT,'-2 NOT APPLICABLE,'-2 NOT APPLICABLE,5 TAXI,Location uncertain Arkwright Road jw Finchley Rd,2,04/09/2019 02:40:00 PM,Wednesday,14.40,1 TLRN,A,41,3 DUAL CWY,30,07 MULTI JUN,2 AUTO SIG,5,0,0 NO XING FACILITY IN 50M,2 DAYLIGHT,1 FINE,1 ROAD-DRY,0 NONE,0 NONE,526020,185119,-0.183811,51.550898,,,Unknown,"(51.550898, -0.183811)",http://opendatacommunities.org/id/london-borough-council/camden,9330,21/12/2020 02:48:44 PM
1180135977,CAMDEN,1 Driver/Rider,1 Male,25-59,39,1,2 Serious,-2 Unknown,-2 N/A,2 Pedal Cycle,TOTTENHAM COURT ROAD J/W CHENIES STREET,2,18/09/2018 09:08:00 AM,Tuesday,9.08,3 Bor,A,400,2 One-Way St,2 30 MPH,99 Unknown (S/R),9 Unknown (S/R),Unclassified,0,5 Pedn Phase At Ats,1 Daylight,1 Fine,1 Road-Dry,0 None,0 None,529540,181820,-0.134284,51.520454,,,Unknown,"(51.520454, -0.134284)",http://opendatacommunities.org/id/london-borough-council/camden,8369,21/12/2020 02:48:42 PM
1190216419,CAMDEN,3 PEDESTRIAN,2 FEMALE,25-59,32,1,3 SLIGHT,01 CROSSING ROAD ON PED XING,'-2 NOT APPLICABLE,1 PEDESTRIAN,"On Euston Road, 20 metres north of the junction with Chalton Street.",1,20/10/2019 07:20:00 AM,Sunday,7.20,3 BOR,6,0,6 SINGLE CWY,30,06 CROSSROADS,9 UNKNOWN (S/R),6,0,9 UNKNOWN (S/R),2 DAYLIGHT,1 FINE,1 ROAD-DRY,0 NONE,0 NONE,529909,182698,-0.128645,51.52826,,,Unknown,"(51.52826, -0.128645)",http://opendatacommunities.org/id/london-borough-council/camden,9497,21/12/2020 02:48:44 PM
1160001299,CAMDEN,1 Driver/Rider,2 Female,25-59,45,1,2 Serious,-2 Unknown,-2 N/A,2 Pedal Cycle,SOUTH VILLAS J/W CAMDEN SQUARE,2,11/11/2016 12:25:00 PM,Friday,12.25,3 Bor,Unclassified,0,3 Dual Cwy,2 30 MPH,3 T/Stag Jun,4 Give Way/Uncontrolled,Unclassified,0,0 No Xing Facility In 50m,1 Daylight,1 Fine,1 Road-Dry,0 None,0 None,529760,184630,-0.13008,51.545657,,,Unknown,"(51.545657, -0.13008)",http://opendatacommunities.org/id/london-borough-council/camden,5663,21/12/2020 02:48:37 PM
1180109119,CAMDEN,2 Passenger,2 Female,16-24,20,1,3 Slight,-2 Unknown,-2 N/A,4 Car,MORNINGTON STREET J/W MORNINGTON TERRACE,2,20/05/2018 12:40:00 AM,Sunday,0.40,3 Bor,Unclassified,0,6 Single Cwy,1 <= 20 MPH,9 Other Jun,4 Give Way/Uncontrolled,Unclassified,0,0 No Xing Facility In 50m,2 Dark,1 Fine,1 Road-Dry,0 None,0 None,528900,183370,-0.142936,51.53453,,,Unknown,"(51.53453, -0.142936)",http://opendatacommunities.org/id/london-borough-council/camden,8008,21/12/2020 02:48:42 PM
1170049060,CAMDEN,1 Driver/Rider,2 Female,60+,65,1,2 Serious,-2 Unknown,-2 N/A,2 Pedal Cycle,GLOUCESTER GATE BRIDGE J/W PRINCE ALBERT STREET,2,18/07/2017 08:46:00 AM,Tuesday,8.46,3 Bor,A,4201,6 Single Cwy,1 <= 20 MPH,9 Other Jun,2 Auto Sig,A,5205,5 Pedn Phase At Ats,1 Daylight,1 Fine,1 Road-Dry,0 None,0 None,528620,183530,-0.146913,51.536032,,,Unknown,"(51.536032, -0.146913)",http://opendatacommunities.org/id/london-borough-council/camden,7161,21/12/2020 02:48:40 PM
0116EK40295,CAMDEN,3 Pedestrian,1 Male,25-59,51,1,3 Slight,05 Crossing Road (Not On Xing),2 From Drivers N/Side Msk,1 Pedestrian,CLEVELAND STREET 43M NW OF GOODGE STREET,1,28/04/2016 02:16:00 PM,Thursday,14.16,3 Bor,Unclassified,0,6 Single Cwy,2 30 MPH,0 No Jun In 20m,-2 Not Applicable,-2 Not Applicable,0,0 No Xing Facility In 50m,1 Daylight,1 Fine,1 Road-Dry,0 None,0 None,529330,181670,-0.137364,51.519154,,,Unknown,"(51.519154, -0.137364)",http://opendatacommunities.org/id/london-borough-council/camden,6231,21/12/2020 02:48:38 PM
1180081429,CAMDEN,3 Pedestrian,2 Female,60+,75,1,3 Slight,06 On Footpath - Verge,9 Unknown Or Other,1 Pedestrian,PANCRAS ROAD 50M N OF J/W EUSTON ROAD THE NEAREST CLASSIFIED ROAD,1,01/01/2018 04:45:00 PM,Monday,16.45,3 Bor,A,5202,2 One-Way St,1 <= 20 MPH,0 No Jun In 20m,-2 Not Applicable,-2 Not Applicable,0,9 Unknown (S/R),2 Dark,9 Unknown,9 Unknown (S/R),9 Unknown (S/R),9 Unknown (S/R),530160,183000,-0.124917,51.530916,,,Unknown,"(51.530916, -0.124917)",http://opendatacommunities.org/id/london-borough-council/camden,7648,21/12/2020 02:48:41 PM
1170054081,CAMDEN,1 Driver/Rider,1 Male,25-59,25,1,3 Slight,-2 Unknown,-2 N/A,3 Powered 2 Wheeler,NORTHDOWN STREET J/W NORTHDOWN ROAD,2,16/08/2017 01:10:00 PM,Wednesday,13.10,1 TLRN,A,501,6 Single Cwy,1 <= 20 MPH,9 Other Jun,4 Give Way/Uncontrolled,A,501,0 No Xing Facility In 50m,1 Daylight,1 Fine,1 Road-Dry,0 None,0 None,530540,183010,-0.119438,51.530919,,,Unknown,"(51.530919, -0.119438)",http://opendatacommunities.org/id/london-borough-council/camden,7253,21/12/2020 02:48:40 PM
1160024400,CAMDEN,3 Pedestrian,2 Female,25-59,29,1,3 Slight,05 Crossing Road (Not On Xing),1 From Drivers N/Side,1 Pedestrian,MERCER STREET J/W MONMOUTH STREET,1,18/10/2016 07:50:00 AM,Tuesday,7.50,3 Bor,B,404,2 One-Way St,2 30 MPH,1 Roundabout,4 Give Way/Uncontrolled,Unclassified,0,0 No Xing Facility In 50m,1 Daylight,1 Fine,1 Road-Dry,0 None,0 None,530070,181070,-0.126926,51.513592,,,Unknown,"(51.513592, -0.126926)",http://opendatacommunities.org/id/london-borough-council/camden,5901,21/12/2020 02:48:38 PM
1170011528,CAMDEN,2 Passenger,2 Female,16-24,16,1,2 Serious,-2 Unknown,-2 N/A,6 Bus Or Coach,HAMPSTEAD HIGH STREET J/W OLD BREWERY MEWS,1,13/01/2017 04:37:00 PM,Friday,16.37,3 Bor,A,502,6 Single Cwy,1 <= 20 MPH,6 Crossroads,4 Give Way/Uncontrolled,Unclassified,0,1 Zebra,2 Dark,1 Fine,1 Road-Dry,0 None,0 None,526600,185630,-0.175266,51.555361,,,Unknown,"(51.555361, -0.175266)",http://opendatacommunities.org/id/london-borough-council/camden,6582,21/12/2020 02:48:39 PM
0115EK40658,CAMDEN,1 Driver/Rider,1 Male,60+,75,1,3 Slight,-2 Unknown,-2 N/A,2 Pedal Cycle,ADELAIDE ROAD J/W PRIMROSE HILL ROAD,2,02/08/2015 09:22:00 AM,Sunday,9.22,3 Bor,B,509,6 Single Cwy,2 30 MPH,6 Crossroads,2 Auto Sig,C,0,5 Pedn Phase At Ats,1 Daylight,1 Fine,1 Road-Dry,0 None,0 None,527510,184340,-0.162615,51.543563,,,Unknown,"(51.543563, -0.162615)",http://opendatacommunities.org/id/london-borough-council/camden,5129,21/12/2020 02:48:36 PM