Reference,London Borough Name,Casualty Class,Casualty Sex,Casualty Age Band,Casualty Age,Number Of Casualties,Casualty Severity,Pedestrian Location,Pedestrian Movement,Mode Of Travel,Attendant Location,Number Of Vehicles,Date,Day,Time,Highway,Road Class 1,Road Number 1,Road Type,Speed Limit,Junction Detail,Junction Control,Road Class 2,Road Number 2,Pedestrian Crossing,Light Condition Band,Weather,Road Surface,Special Conditions,Carriage Way Hazard,Easting,Northing,Longitude,Latitude,Ward Code,Ward Name,Spatial Accuracy,Location,Organisation URI,Socrata ID,Last Uploaded
1190217477,CAMDEN,3 PEDESTRIAN,1 MALE,25-59,40,1,3 SLIGHT,04 CROSSING ROAD WITHIN 50M XING,'-2 NOT APPLICABLE,1 PEDESTRIAN,"On Camden Road, 30 metres north of the junction with royal collage street.",1,10/11/2019 08:02:00 PM,Sunday,20.02,1 TLRN,A,503,6 SINGLE CWY,30,00 NO JUN IN 20M,,0,0,5 PEDN PHASE AT ATS,1 DARK,1 FINE,1 ROAD-DRY,0 NONE,0 NONE,529207,184214,-0.138203,51.542045,,,Unknown,"(51.542045, -0.138203)",http://opendatacommunities.org/id/london-borough-council/camden,9508,21/12/2020 02:48:44 PM
1170036633,CAMDEN,3 Pedestrian,2 Female,25-59,41,1,3 Slight,05 Crossing Road (Not On Xing),9 Unknown Or Other,1 Pedestrian,WOBURN PLACE J/W CORAM STREET,1,03/05/2017 06:00:00 PM,Wednesday,18.00,3 Bor,A,4200,3 Dual Cwy,2 30 MPH,3 T/Stag Jun,9 Unknown (S/R),Unclassified,0,8 Central Refuge,1 Daylight,9 Unknown,9 Unknown (S/R),9 Unknown (S/R),9 Unknown (S/R),530043,182207,-0.126895,51.523817,,,Unknown,"(51.523817, -0.126895)",http://opendatacommunities.org/id/london-borough-council/camden,6952,21/12/2020 02:48:39 PM
0115EK40950,CAMDEN,1 Driver/Rider,1 Male,25-59,50,1,3 Slight,-2 Unknown,-2 N/A,3 Powered 2 Wheeler,CAMDEN ROAD 26M NE OF SANDALL ROAD,2,08/09/2015 04:55:00 PM,Tuesday,16.55,1 TLRN,A,503,6 Single Cwy,2 30 MPH,8 Priv Drive,4 Give Way/Uncontrolled,Unclassified,0,0 No Xing Facility In 50m,1 Daylight,1 Fine,1 Road-Dry,0 None,0 None,529530,184640,-0.133391,51.5458,,,Unknown,"(51.5458, -0.133391)",http://opendatacommunities.org/id/london-borough-council/camden,5379,21/12/2020 02:48:37 PM
1180102891,CAMDEN,3 Pedestrian,1 Male,60+,85,1,3 Slight,04 Crossing Road Within 50m Xing,4 From Drivers O/Side Msk,1 Pedestrian,GRAYS INN ROAD J/W CCALTHORPE ROAD,1,20/04/2018 11:45:00 AM,Friday,11.45,3 Bor,A,5200,6 Single Cwy,1 <= 20 MPH,6 Crossroads,2 Auto Sig,B,502,4 Pelican Or Similar,1 Daylight,1 Fine,1 Road-Dry,0 None,0 None,530790,182300,-0.1161,51.52448,,,Unknown,"(51.52448, -0.1161)",http://opendatacommunities.org/id/london-borough-council/camden,7911,21/12/2020 02:48:41 PM
1170022507,CAMDEN,1 Driver/Rider,1 Male,25-59,29,1,3 Slight,-2 Unknown,-2 N/A,3 Powered 2 Wheeler,CHALK FARM ROAD 20M N OF J/W HARTLAND RD,2,25/02/2017 10:49:00 PM,Saturday,22.49,3 Bor,A,502,6 Single Cwy,1 <= 20 MPH,3 T/Stag Jun,4 Give Way/Uncontrolled,Unclassified,0,1 Zebra,2 Dark,8 Other,2 Road-Wet,0 None,0 None,528570,184240,-0.147374,51.542424,,,Unknown,"(51.542424, -0.147374)",http://opendatacommunities.org/id/london-borough-council/camden,6735,21/12/2020 02:48:39 PM
1190209479,CAMDEN,1 DRIVER/RIDER,1 MALE,25-59,31,1,3 SLIGHT,'-2 NOT APPLICABLE,'-2 NOT APPLICABLE,3 POWERED 2 WHEELER,"On Highgate High Street, near the junction with Southwood Lane.",1,03/10/2019 09:40:00 PM,Thursday,21.40,3 BOR,B,519,1 ROUNDABOUT,20,01 ROUNDABOUT,4 GIVE WAY/UNCONTROLLED,B,550,0 NO XING FACILITY IN 50M,1 DARK,8 OTHER,2 ROAD-WET,0 NONE,0 NONE,528364,187423,-0.149182,51.571076,,,Unknown,"(51.571076, -0.149182)",http://opendatacommunities.org/id/london-borough-council/camden,9404,21/12/2020 02:48:44 PM
1190213082,CAMDEN,1 DRIVER/RIDER,1 MALE,25-59,41,1,3 SLIGHT,'-2 NOT APPLICABLE,'-2 NOT APPLICABLE,3 POWERED 2 WHEELER,"On Finchley Road, 20 metres east of the junction with Cannon Hill.",2,09/10/2019 03:40:00 PM,Wednesday,15.40,1 TLRN,A,41,9 UNKNOWN,30,06 CROSSROADS,2 AUTO SIG,6,0,5 PEDN PHASE AT ATS,2 DAYLIGHT,1 FINE,1 ROAD-DRY,0 NONE,0 NONE,525515,185466,-0.190967,51.554129,,,Unknown,"(51.554129, -0.190967)",http://opendatacommunities.org/id/london-borough-council/camden,9456,21/12/2020 02:48:44 PM
1170032286,CAMDEN,1 Driver/Rider,1 Male,16-24,18,1,3 Slight,-2 Unknown,-2 N/A,3 Powered 2 Wheeler,WILLESDEN LANE J/W KILBURN HIGH ROAD,2,15/04/2017 12:35:00 PM,Saturday,12.35,3 Bor,A,4003,6 Single Cwy,2 30 MPH,9 Other Jun,2 Auto Sig,A,5,0 No Xing Facility In 50m,1 Daylight,1 Fine,1 Road-Dry,0 None,0 None,525060,184090,-0.198015,51.541864,,,Unknown,"(51.541864, -0.198015)",http://opendatacommunities.org/id/london-borough-council/camden,6884,21/12/2020 02:48:39 PM
1180137188,CAMDEN,3 Pedestrian,2 Female,25-59,51,1,2 Serious,04 Crossing Road Within 50m Xing,1 From Drivers N/Side,1 Pedestrian,KENTISH TOWN ROAD J/W HAWLEY ROAD,1,06/10/2018 09:37:00 AM,Saturday,9.37,3 Bor,Unclassified,0,3 Dual Cwy,1 <= 20 MPH,3 T/Stag Jun,2 Auto Sig,Unclassified,0,5 Pedn Phase At Ats,1 Daylight,1 Fine,1 Road-Dry,0 None,0 None,528930,184270,-0.142175,51.542612,,,Unknown,"(51.542612, -0.142175)",http://opendatacommunities.org/id/london-borough-council/camden,8389,21/12/2020 02:48:42 PM
1190172205,CAMDEN,1 DRIVER/RIDER,1 MALE,25-59,42,2,3 SLIGHT,'-2 NOT APPLICABLE,'-2 NOT APPLICABLE,2 PEDAL CYCLE,"On Outer Circle, 209 metres east of the junction with Gloucester Gate.",3,30/03/2019 08:33:00 AM,Saturday,8.33,3 BOR,6,0,6 SINGLE CWY,30,00 NO JUN IN 20M,,0,0,0 NO XING FACILITY IN 50M,2 DAYLIGHT,1 FINE,1 ROAD-DRY,0 NONE,0 NONE,528388,183566,-0.150243,51.536408,,,Unknown,"(51.536408, -0.150243)",http://opendatacommunities.org/id/london-borough-council/camden,8893,21/12/2020 02:48:44 PM
0115EK40622,CAMDEN,3 Pedestrian,1 Male,25-59,53,1,3 Slight,04 Crossing Road Within 50m Xing,1 From Drivers N/Side,1 Pedestrian,GRAY'S INN ROAD J/W FREDERICK STREET.,1,24/07/2015 02:25:00 PM,Friday,14.25,3 Bor,A,5200,6 Single Cwy,2 30 MPH,3 T/Stag Jun,4 Give Way/Uncontrolled,Unclassified,0,1 Zebra,1 Daylight,2 Raining,2 Road-Wet,0 None,0 None,530590,182660,-0.118847,51.527762,,,Unknown,"(51.527762, -0.118847)",http://opendatacommunities.org/id/london-borough-council/camden,5103,21/12/2020 02:48:36 PM
1180138990,CAMDEN,1 Driver/Rider,1 Male,25-59,49,1,3 Slight,-2 Unknown,-2 N/A,6 Bus Or Coach,TOTTENHAM COURT ROAD J/W BEAUMONT PLACE,2,14/10/2018 04:50:00 PM,Sunday,16.50,3 Bor,A,400,2 One-Way St,2 30 MPH,5 Slip Road,4 Give Way/Uncontrolled,Unclassified,0,5 Pedn Phase At Ats,1 Daylight,2 Raining,2 Road-Wet,0 None,0 None,529290,182250,-0.137727,51.524376,,,Unknown,"(51.524376, -0.137727)",http://opendatacommunities.org/id/london-borough-council/camden,8428,21/12/2020 02:48:43 PM
1170045541,CAMDEN,3 Pedestrian,1 Male,25-59,39,1,2 Serious,06 On Footpath - Verge,9 Unknown Or Other,1 Pedestrian,PENTONVILLE ROAD 30M E OF J/W YORK WAY,2,28/06/2017 06:55:00 PM,Wednesday,18.55,1 TLRN,A,501,3 Dual Cwy,1 <= 20 MPH,0 No Jun In 20m,-2 Not Applicable,-2 Not Applicable,0,5 Pedn Phase At Ats,1 Daylight,1 Fine,1 Road-Dry,4 Roadworks,0 None,530360,182990,-0.122039,51.53078,,,Unknown,"(51.53078, -0.122039)",http://opendatacommunities.org/id/london-borough-council/camden,7091,21/12/2020 02:48:40 PM
1190225450,CAMDEN,2 PASSENGER,'-1 UNKNOWN,U,,3,3 SLIGHT,'-2 NOT APPLICABLE,4 FROM DRIVERS O/SIDE MSK,4 CAR,"On Robert Street, near the junction with Stanhope Street.",1,13/12/2019 10:15:00 PM,Friday,22.15,3 BOR,6,0,6 SINGLE CWY,20,06 CROSSROADS,4 GIVE WAY/UNCONTROLLED,6,0,9 UNKNOWN (S/R),2 DAYLIGHT,5 RAINING/HIGH WINDS,2 ROAD-WET,9 UNKNOWN (S/R),0 NONE,529063,182711,-0.140829,51.528571,,,Unknown,"(51.528571, -0.140829)",http://opendatacommunities.org/id/london-borough-council/camden,9625,21/12/2020 02:48:45 PM
0115CP00288,CAMDEN,1 Driver/Rider,1 Male,25-59,33,1,2 Serious,-2 Unknown,-2 N/A,2 Pedal Cycle,HIGH HOLBORN J.W GRAY'S INN ROAD,2,29/09/2015 12:10:00 PM,Tuesday,12.10,3 Bor,A,40,6 Single Cwy,2 30 MPH,3 T/Stag Jun,4 Give Way/Uncontrolled,A,5200,0 No Xing Facility In 50m,1 Daylight,1 Fine,1 Road-Dry,0 None,0 None,531120,181600,-0.111606,51.518113,,,Unknown,"(51.518113, -0.111606)",http://opendatacommunities.org/id/london-borough-council/camden,4553,21/12/2020 02:48:35 PM
1170068943,CAMDEN,1 Driver/Rider,2 Female,25-59,42,1,3 Slight,-2 Unknown,-2 N/A,2 Pedal Cycle,KENTISH TOWN ROAD J/W PRINCE OF WALES ROAD,2,08/11/2017 05:20:00 PM,Wednesday,17.20,3 Bor,A,400,6 Single Cwy,2 30 MPH,3 T/Stag Jun,2 Auto Sig,C,0,5 Pedn Phase At Ats,2 Dark,1 Fine,1 Road-Dry,0 None,0 None,528950,184700,-0.141729,51.546471,,,Unknown,"(51.546471, -0.141729)",http://opendatacommunities.org/id/london-borough-council/camden,7492,21/12/2020 02:48:41 PM
1170015515,CAMDEN,1 Driver/Rider,2 Female,25-59,34,1,3 Slight,-2 Unknown,-2 N/A,3 Powered 2 Wheeler,AVENUE ROAD NW3 100M N OF J/W ST EDMUNDS  TERRACE,2,01/02/2017 08:42:00 AM,Wednesday,8.42,3 Bor,B,525,6 Single Cwy,2 30 MPH,0 No Jun In 20m,-2 Not Applicable,-2 Not Applicable,0,0 No Xing Facility In 50m,1 Daylight,2 Raining,2 Road-Wet,0 None,0 None,527270,183560,-0.166356,51.536607,,,Unknown,"(51.536607, -0.166356)",http://opendatacommunities.org/id/london-borough-council/camden,6636,21/12/2020 02:48:39 PM
1160002536,CAMDEN,1 Driver/Rider,2 Female,25-59,41,1,3 Slight,-2 Unknown,-2 N/A,2 Pedal Cycle,BAYHAM STREET J/W GREENLAND ROAD,2,03/11/2016 10:45:00 AM,Thursday,10.45,3 Bor,A,503,2 One-Way St,2 30 MPH,3 T/Stag Jun,9 Unknown (S/R),Unclassified,0,9 Unknown (S/R),1 Daylight,9 Unknown,1 Road-Dry,9 Unknown (S/R),9 Unknown (S/R),528990,183885,-0.141451,51.539138,,,Unknown,"(51.539138, -0.141451)",http://opendatacommunities.org/id/london-borough-council/camden,5686,21/12/2020 02:48:37 PM
1190171673,CAMDEN,1 DRIVER/RIDER,1 MALE,25-59,48,2,3 SLIGHT,'-2 NOT APPLICABLE,'-2 NOT APPLICABLE,9 PRIVATE HIRE,"On finchley road, 5 metres north of the junction with Heath Drive.",2,28/03/2019 03:09:00 AM,Thursday,3.09,1 TLRN,A,41,3 DUAL CWY,30,03 T/STAG JUN,2 AUTO SIG,6,0,0 NO XING FACILITY IN 50M,1 DARK,1 FINE,1 ROAD-DRY,0 NONE,0 NONE,525487,185501,-0.191358,51.55445,,,Unknown,"(51.55445, -0.191358)",http://opendatacommunities.org/id/london-borough-council/camden,8884,21/12/2020 02:48:43 PM
1170072813,CAMDEN,3 Pedestrian,1 Male,Unknown,0,1,3 Slight,01 Crossing Road On Ped Xing,1 From Drivers N/Side,1 Pedestrian,EUSTON SQUARE J/W EUSTON RD,1,25/11/2017 09:10:00 PM,Saturday,21.10,1 TLRN,C,0,3 Dual Cwy,2 30 MPH,6 Crossroads,2 Auto Sig,A,501,5 Pedn Phase At Ats,2 Dark,1 Fine,1 Road-Dry,0 None,0 None,529560,182480,-0.133753,51.526381,,,Unknown,"(51.526381, -0.133753)",http://opendatacommunities.org/id/london-borough-council/camden,7546,21/12/2020 02:48:41 PM
0115EK40905,CAMDEN,1 Driver/Rider,1 Male,25-59,43,1,3 Slight,-2 Unknown,-2 N/A,3 Powered 2 Wheeler,ADELINE PLACE J/W BEDFORD AVENUE.,2,09/10/2015 03:10:00 PM,Friday,15.10,3 Bor,Unclassified,0,6 Single Cwy,2 30 MPH,6 Crossroads,4 Give Way/Uncontrolled,Unclassified,0,0 No Xing Facility In 50m,1 Daylight,1 Fine,1 Road-Dry,0 None,0 None,529820,181550,-0.13035,51.517964,,,Unknown,"(51.517964, -0.13035)",http://opendatacommunities.org/id/london-borough-council/camden,5344,21/12/2020 02:48:37 PM
1180096585,CAMDEN,3 Pedestrian,2 Female,25-59,30,1,3 Slight,01 Crossing Road On Ped Xing,1 From Drivers N/Side,1 Pedestrian,HAWLEY ROAD 25M N OF J/W KENTISH TOWN ROAD,1,12/03/2018 01:31:00 PM,Monday,13.31,3 Bor,C,0,2 One-Way St,1 <= 20 MPH,0 No Jun In 20m,-2 Not Applicable,-2 Not Applicable,0,1 Zebra,1 Daylight,1 Fine,1 Road-Dry,0 None,0 None,528870,184290,-0.143032,51.542805,,,Unknown,"(51.542805, -0.143032)",http://opendatacommunities.org/id/london-borough-council/camden,7818,21/12/2020 02:48:41 PM
1180116442,CAMDEN,3 Pedestrian,1 Male,25-59,29,1,2 Serious,01 Crossing Road On Ped Xing,3 From Drivers O/Side,1 Pedestrian,BLOOMSBURY WAY 20M W OF J/W BLOOMSBURY SQUARE,1,24/06/2018 02:55:00 PM,Sunday,14.55,3 Bor,A,40,3 Dual Cwy,1 <= 20 MPH,3 T/Stag Jun,2 Auto Sig,Unclassified,0,4 Pelican Or Similar,1 Daylight,1 Fine,1 Road-Dry,0 None,0 None,530330,181580,-0.122993,51.518116,,,Unknown,"(51.518116, -0.122993)",http://opendatacommunities.org/id/london-borough-council/camden,8114,21/12/2020 02:48:42 PM
1180138027,CAMDEN,2 Passenger,1 Male,60+,64,1,3 Slight,-2 Unknown,-2 N/A,6 Bus Or Coach,HIGH HOLBORN J/W SOUTHAMPTON ROW,1,06/10/2018 05:53:00 AM,Saturday,5.53,3 Bor,A,40,2 One-Way St,1 <= 20 MPH,6 Crossroads,2 Auto Sig,A,4200,0 No Xing Facility In 50m,1 Daylight,1 Fine,1 Road-Dry,0 None,0 None,530530,181530,-0.12013,51.51762,,,Unknown,"(51.51762, -0.12013)",http://opendatacommunities.org/id/london-borough-council/camden,8410,21/12/2020 02:48:42 PM
1190185751,CAMDEN,1 DRIVER/RIDER,2 FEMALE,25-59,46,1,3 SLIGHT,'-2 NOT APPLICABLE,'-2 NOT APPLICABLE,2 PEDAL CYCLE,"On Great Russell Street, 20 metres west of the junction with BLOOMSBURY STREET.",2,07/06/2019 11:16:00 AM,Friday,11.16,3 BOR,5,0,6 SINGLE CWY,20,06 CROSSROADS,1 AUTH PERSON,5,0,1 ZEBRA,2 DAYLIGHT,2 RAINING,2 ROAD-WET,0 NONE,1 VEHICLE LOAD IN CWY,530040,181549,-0.127181,51.517904,,,Unknown,"(51.517904, -0.127181)",http://opendatacommunities.org/id/london-borough-council/camden,9075,21/12/2020 02:48:44 PM
0116EK40026,CAMDEN,1 Driver/Rider,1 Male,25-59,49,1,3 Slight,-2 Unknown,-2 N/A,2 Pedal Cycle,WEST END LANE 25M NE OF MUTRIX ROAD,2,22/01/2016 01:00:00 PM,Friday,13.00,3 Bor,Unclassified,0,6 Single Cwy,2 30 MPH,0 No Jun In 20m,-2 Not Applicable,-2 Not Applicable,0,0 No Xing Facility In 50m,1 Daylight,1 Fine,1 Road-Dry,0 None,0 None,525480,183810,-0.192062,51.539254,,,Unknown,"(51.539254, -0.192062)",http://opendatacommunities.org/id/london-borough-council/camden,6003,21/12/2020 02:48:38 PM
1170077354,CAMDEN,1 Driver/Rider,1 Male,25-59,37,1,3 Slight,-2 Unknown,-2 N/A,3 Powered 2 Wheeler,EUSTON ROAD J/W EUSTON SQUARE,2,12/12/2017 04:40:00 PM,Tuesday,16.40,1 TLRN,A,501,3 Dual Cwy,2 30 MPH,6 Crossroads,2 Auto Sig,C,0,4 Pelican Or Similar,2 Dark,1 Fine,2 Road-Wet,0 None,0 None,529560,182480,-0.133753,51.526381,,,Unknown,"(51.526381, -0.133753)",http://opendatacommunities.org/id/london-borough-council/camden,7604,21/12/2020 02:48:41 PM
1180125390,CAMDEN,1 Driver/Rider,1 Male,25-59,51,1,3 Slight,-2 Unknown,-2 N/A,3 Powered 2 Wheeler,CAMDEN ROAD 35M N OF J/W MURRAY STREET,2,02/08/2018 08:00:00 PM,Thursday,20.00,1 TLRN,A,503,9 Unknown,2 30 MPH,0 No Jun In 20m,-2 Not Applicable,-2 Not Applicable,0,0 No Xing Facility In 50m,1 Daylight,1 Fine,1 Road-Dry,0 None,0 None,529520,184590,-0.133554,51.545353,,,Unknown,"(51.545353, -0.133554)",http://opendatacommunities.org/id/london-borough-council/camden,8224,21/12/2020 02:48:42 PM
0115EK40716,CAMDEN,1 Driver/Rider,1 Male,25-59,32,1,3 Slight,-2 Unknown,-2 N/A,4 Car,HAMPSTEAD ROAD J/W NETLEY STREET,2,15/08/2015 05:45:00 PM,Saturday,17.45,1 TLRN,A,400,6 Single Cwy,2 30 MPH,3 T/Stag Jun,4 Give Way/Uncontrolled,Unclassified,0,0 No Xing Facility In 50m,1 Daylight,1 Fine,1 Road-Dry,0 None,0 None,529210,182630,-0.138741,51.527809,,,Unknown,"(51.527809, -0.138741)",http://opendatacommunities.org/id/london-borough-council/camden,5187,21/12/2020 02:48:37 PM
1180116057,CAMDEN,1 Driver/Rider,2 Female,25-59,41,1,3 Slight,-2 Unknown,-2 N/A,3 Powered 2 Wheeler,GOODGE STREET J/W GOODGE PLACE,2,22/06/2018 10:43:00 AM,Friday,10.43,3 Bor,B,506,6 Single Cwy,1 <= 20 MPH,3 T/Stag Jun,4 Give Way/Uncontrolled,Unclassified,0,0 No Xing Facility In 50m,1 Daylight,1 Fine,1 Road-Dry,0 None,0 None,529400,181670,-0.136356,51.519138,,,Unknown,"(51.519138, -0.136356)",http://opendatacommunities.org/id/london-borough-council/camden,8103,21/12/2020 02:48:42 PM
0115EK41112,CAMDEN,2 Passenger,1 Male,16-24,22,1,3 Slight,-2 Unknown,-2 N/A,4 Car,CAMDEN STREET J/W CAMDEN ROAD.,3,12/12/2015 10:30:00 PM,Saturday,22.30,1 TLRN,A,400,2 One-Way St,2 30 MPH,6 Crossroads,2 Auto Sig,A,503,5 Pedn Phase At Ats,2 Dark,1 Fine,1 Road-Dry,0 None,0 None,529080,184050,-0.140093,51.5406,,,Unknown,"(51.5406, -0.140093)",http://opendatacommunities.org/id/london-borough-council/camden,5520,21/12/2020 02:48:37 PM
1160008652,CAMDEN,3 Pedestrian,1 Male,25-59,43,1,3 Slight,09 In Road - Not Crossing,5 In Rd Not Crossing,1 Pedestrian,HILGROVE ROAD 34M E OF J/W BELSIZE ROAD,1,23/12/2016 08:00:00 PM,Friday,20.00,3 Bor,B,509,6 Single Cwy,1 <= 20 MPH,0 No Jun In 20m,-2 Not Applicable,-2 Not Applicable,0,0 No Xing Facility In 50m,2 Dark,1 Fine,1 Road-Dry,0 None,0 None,526390,184120,-0.178836,51.541837,,,Unknown,"(51.541837, -0.178836)",http://opendatacommunities.org/id/london-borough-council/camden,5802,21/12/2020 02:48:37 PM
0115EK41108,CAMDEN,3 Pedestrian,2 Female,25-59,46,1,2 Serious,01 Crossing Road On Ped Xing,1 From Drivers N/Side,1 Pedestrian,EUSTON ROAD 22M NE OF CONWAY STREET,1,09/12/2015 06:42:00 PM,Wednesday,18.42,1 TLRN,A,501,3 Dual Cwy,2 30 MPH,0 No Jun In 20m,-2 Not Applicable,-2 Not Applicable,0,4 Pelican Or Similar,2 Dark,1 Fine,2 Road-Wet,0 None,0 None,529010,182220,-0.141772,51.52417,,,Unknown,"(51.52417, -0.141772)",http://opendatacommunities.org/id/london-borough-council/camden,5514,21/12/2020 02:48:37 PM
0115EK41101,CAMDEN,1 Driver/Rider,1 Male,25-59,46,1,3 Slight,-2 Unknown,-2 N/A,4 Car,LADY MARGARET ROAD J/W ASCHAM STREET.,3,09/12/2015 07:55:00 AM,Wednesday,7.55,3 Bor,Unclassified,0,6 Single Cwy,2 30 MPH,6 Crossroads,4 Give Way/Uncontrolled,Unclassified,0,0 No Xing Facility In 50m,1 Daylight,1 Fine,1 Road-Dry,0 None,0 None,529210,185400,-0.137724,51.552703,,,Unknown,"(51.552703, -0.137724)",http://opendatacommunities.org/id/london-borough-council/camden,5508,21/12/2020 02:48:37 PM
1190209174,CAMDEN,1 DRIVER/RIDER,2 FEMALE,25-59,49,1,3 SLIGHT,'-2 NOT APPLICABLE,'-2 NOT APPLICABLE,3 POWERED 2 WHEELER,"On Outer Circle, near the junction with Cumberland Terrace.",2,02/10/2019 06:20:00 PM,Wednesday,18.20,3 BOR,6,0,6 SINGLE CWY,30,03 T/STAG JUN,4 GIVE WAY/UNCONTROLLED,6,0,0 NO XING FACILITY IN 50M,2 DAYLIGHT,1 FINE,1 ROAD-DRY,0 NONE,0 NONE,528681,182971,-0.146238,51.530994,,,Unknown,"(51.530994, -0.146238)",http://opendatacommunities.org/id/london-borough-council/camden,9401,21/12/2020 02:48:44 PM
1190222348,CAMDEN,1 DRIVER/RIDER,1 MALE,25-59,31,1,3 SLIGHT,'-2 NOT APPLICABLE,1 FROM DRIVERS N/SIDE,3 POWERED 2 WHEELER,"On Hatton Garden, 50 metres south of the junction with St Cross street.",2,30/11/2019 09:40:00 PM,Saturday,21.40,3 BOR,B,521,6 SINGLE CWY,20,00 NO JUN IN 20M,,0,0,1 ZEBRA,1 DARK,1 FINE,1 ROAD-DRY,4 ROADWORKS,0 NONE,531340,181824,-0.108353,51.520075,,,Unknown,"(51.520075, -0.108353)",http://opendatacommunities.org/id/london-borough-council/camden,9575,21/12/2020 02:48:45 PM
1180131420,CAMDEN,3 Pedestrian,1 Male,25-59,46,1,3 Slight,08 In Centre Of Carriageway,9 Unknown Or Other,1 Pedestrian,A501 EUSTON ROAD J/W PANCRAS ROAD,1,08/09/2018 08:13:00 PM,Saturday,20.13,1 TLRN,A,501,3 Dual Cwy,2 30 MPH,3 T/Stag Jun,4 Give Way/Uncontrolled,A,5202,5 Pedn Phase At Ats,1 Daylight,1 Fine,1 Road-Dry,0 None,0 None,530198,182879,-0.124414,51.52982,,,Unknown,"(51.52982, -0.124414)",http://opendatacommunities.org/id/london-borough-council/camden,8310,21/12/2020 02:48:42 PM
1170020492,CAMDEN,1 Driver/Rider,1 Male,25-59,28,1,3 Slight,-2 Unknown,-2 N/A,3 Powered 2 Wheeler,MORNINGTON TERRACE J/W MORNINGTON  STREET,2,23/02/2017 08:20:00 AM,Thursday,8.20,3 Bor,Unclassified,0,2 One-Way St,1 <= 20 MPH,6 Crossroads,4 Give Way/Uncontrolled,Unclassified,0,0 No Xing Facility In 50m,1 Daylight,5 Raining/High Winds,2 Road-Wet,0 None,0 None,528900,183370,-0.142936,51.53453,,,Unknown,"(51.53453, -0.142936)",http://opendatacommunities.org/id/london-borough-council/camden,6704,21/12/2020 02:48:39 PM
1180103832,CAMDEN,3 Pedestrian,2 Female,25-59,40,1,3 Slight,06 On Footpath - Verge,9 Unknown Or Other,1 Pedestrian,FINCHLEY ROAD J/W BT EXCHANGE SIDE ROAD,1,30/04/2018 11:20:00 AM,Monday,11.20,1 TLRN,A,41,3 Dual Cwy,2 30 MPH,3 T/Stag Jun,4 Give Way/Uncontrolled,Unclassified,0,0 No Xing Facility In 50m,1 Daylight,2 Raining,2 Road-Wet,0 None,0 None,525930,185160,-0.185094,51.551287,,,Unknown,"(51.551287, -0.185094)",http://opendatacommunities.org/id/london-borough-council/camden,7927,21/12/2020 02:48:41 PM
0115EO40131,CAMDEN,1 Driver/Rider,1 Male,25-59,26,1,3 Slight,-2 Unknown,-2 N/A,4 Car,NFL YORK WAY J/W BINGFIELD,2,16/02/2015 08:20:00 AM,Monday,8.20,3 Bor,A,5200,6 Single Cwy,2 30 MPH,3 T/Stag Jun,4 Give Way/Uncontrolled,Unclassified,0,0 No Xing Facility In 50m,1 Daylight,1 Fine,1 Road-Dry,0 None,0 None,530270,183830,-0.123025,51.53835,,,Unknown,"(51.53835, -0.123025)",http://opendatacommunities.org/id/london-borough-council/camden,5589,21/12/2020 02:48:37 PM
0115EK41040,CAMDEN,1 Driver/Rider,1 Male,25-59,50,1,3 Slight,-2 Unknown,-2 N/A,2 Pedal Cycle,RUSSELL SQUARE J/W MONTAGUE PLACE.,2,24/11/2015 10:45:00 AM,Tuesday,10.45,3 Bor,A,4200,1 Roundabout,2 30 MPH,1 Roundabout,4 Give Way/Uncontrolled,B,506,1 Zebra,1 Daylight,1 Fine,2 Road-Wet,0 None,0 None,530030,181900,-0.127196,51.521061,,,Unknown,"(51.521061, -0.127196)",http://opendatacommunities.org/id/london-borough-council/camden,5457,21/12/2020 02:48:37 PM
1170062701,CAMDEN,1 Driver/Rider,1 Male,25-59,28,1,3 Slight,-2 Unknown,-2 N/A,4 Car,GATE STREET 21M S OF J/W HIGH HOLBORN THE NEAREST CLASSIFIED ROAD,2,08/09/2017 10:28:00 PM,Friday,22.28,3 Bor,Unclassified,0,6 Single Cwy,2 30 MPH,0 No Jun In 20m,-2 Not Applicable,-2 Not Applicable,0,9 Unknown (S/R),2 Dark,1 Fine,9 Unknown (S/R),0 None,0 None,530610,181470,-0.119,51.517063,,,Unknown,"(51.517063, -0.119)",http://opendatacommunities.org/id/london-borough-council/camden,7380,21/12/2020 02:48:40 PM
1170021316,CAMDEN,2 Passenger,2 Female,25-59,48,1,3 Slight,-2 Unknown,-2 N/A,6 Bus Or Coach,ROYAL COLLEGE STREET 21M S OF J/W CAMDEN ROAD THE NEAREST CLASSIFI,1,27/02/2017 09:05:00 AM,Monday,9.05,3 Bor,A,5202,2 One-Way St,1 <= 20 MPH,0 No Jun In 20m,-2 Not Applicable,-2 Not Applicable,0,1 Zebra,1 Daylight,1 Fine,1 Road-Dry,0 None,0 None,529220,184130,-0.138046,51.541287,,,Unknown,"(51.541287, -0.138046)",http://opendatacommunities.org/id/london-borough-council/camden,6718,21/12/2020 02:48:39 PM
1180166327,CAMDEN,1 Driver/Rider,2 Female,25-59,49,1,3 Slight,-2 Unknown,-2 N/A,2 Pedal Cycle,HILGROVE ROAD 30M E OF J/W ALEXANDRA ROAD,2,12/12/2018 07:30:00 AM,Wednesday,7.30,3 Bor,B,509,2 One-Way St,2 30 MPH,0 No Jun In 20m,-2 Not Applicable,-2 Not Applicable,0,9 Unknown (S/R),1 Daylight,1 Fine,1 Road-Dry,9 Unknown (S/R),0 None,526560,184090,-0.176397,51.54153,,,Unknown,"(51.54153, -0.176397)",http://opendatacommunities.org/id/london-borough-council/camden,8660,21/12/2020 02:48:43 PM