Reference,London Borough Name,Casualty Class,Casualty Sex,Casualty Age Band,Casualty Age,Number Of Casualties,Casualty Severity,Pedestrian Location,Pedestrian Movement,Mode Of Travel,Attendant Location,Number Of Vehicles,Date,Day,Time,Highway,Road Class 1,Road Number 1,Road Type,Speed Limit,Junction Detail,Junction Control,Road Class 2,Road Number 2,Pedestrian Crossing,Light Condition Band,Weather,Road Surface,Special Conditions,Carriage Way Hazard,Easting,Northing,Longitude,Latitude,Ward Code,Ward Name,Spatial Accuracy,Location,Organisation URI,Socrata ID,Last Uploaded
1180152860,CAMDEN,1 Driver/Rider,1 Male,16-24,17,1,3 Slight,-2 Unknown,-2 N/A,4 Car,YORK WAY J/W BROADFIELD LANE,2,18/12/2018 09:30:00 AM,Tuesday,9.30,3 Bor,A,5200,6 Single Cwy,2 30 MPH,9 Other Jun,4 Give Way/Uncontrolled,Unclassified,0,1 Zebra,1 Daylight,1 Fine,1 Road-Dry,0 None,0 None,530070,184250,-0.125752,51.542171,,,Unknown,"(51.542171, -0.125752)",http://opendatacommunities.org/id/london-borough-council/camden,8624,21/12/2020 02:48:43 PM
0115EK40782,CAMDEN,1 Driver/Rider,2 Female,Unknown,0,1,3 Slight,-2 Unknown,-2 N/A,4 Car,PARLIAMENT HILL 62M N OF NASSINGTON ROAD,2,08/09/2015 08:04:00 AM,Tuesday,8.04,3 Bor,Unclassified,0,6 Single Cwy,2 30 MPH,0 No Jun In 20m,-2 Not Applicable,-2 Not Applicable,0,0 No Xing Facility In 50m,1 Daylight,1 Fine,1 Road-Dry,0 None,0 None,527450,185830,-0.16294,51.556967,,,Unknown,"(51.556967, -0.16294)",http://opendatacommunities.org/id/london-borough-council/camden,5248,21/12/2020 02:48:37 PM
0115EK40518,CAMDEN,1 Driver/Rider,1 Male,25-59,43,1,3 Slight,-2 Unknown,-2 N/A,3 Powered 2 Wheeler,FINCHLEY ROAD J/W INGHAM ROAD,2,09/06/2015 04:50:00 PM,Tuesday,16.50,1 TLRN,A,41,6 Single Cwy,2 30 MPH,3 T/Stag Jun,4 Give Way/Uncontrolled,Unclassified,0,4 Pelican Or Similar,1 Daylight,1 Fine,1 Road-Dry,0 None,0 None,525330,185620,-0.193579,51.555554,,,Unknown,"(51.555554, -0.193579)",http://opendatacommunities.org/id/london-borough-council/camden,5008,21/12/2020 02:48:36 PM
1170069610,CAMDEN,1 Driver/Rider,1 Male,16-24,19,1,3 Slight,-2 Unknown,-2 N/A,3 Powered 2 Wheeler,FARRINGDON ROAD 30M S OF J/W ST CROSS STREET,1,25/10/2017 06:56:00 PM,Wednesday,18.56,1 TLRN,A,201,3 Dual Cwy,2 30 MPH,0 No Jun In 20m,-2 Not Applicable,-2 Not Applicable,0,9 Unknown (S/R),2 Dark,1 Fine,1 Road-Dry,0 None,0 None,531490,181910,-0.106161,51.520813,,,Unknown,"(51.520813, -0.106161)",http://opendatacommunities.org/id/london-borough-council/camden,7508,21/12/2020 02:48:41 PM
1180114372,CAMDEN,1 Driver/Rider,1 Male,25-59,34,1,3 Slight,-2 Unknown,-2 N/A,2 Pedal Cycle,KENTISH TOWN ROAD 50M S OF J/W ST PANCRAS WAY THE NEAREST CLASSIFI,2,14/06/2018 06:25:00 PM,Thursday,18.25,3 Bor,A,400,6 Single Cwy,1 <= 20 MPH,0 No Jun In 20m,-2 Not Applicable,-2 Not Applicable,0,5 Pedn Phase At Ats,1 Daylight,8 Other,1 Road-Dry,0 None,0 None,528970,184470,-0.141525,51.5444,,,Unknown,"(51.5444, -0.141525)",http://opendatacommunities.org/id/london-borough-council/camden,8073,21/12/2020 02:48:42 PM
0115EK40668,CAMDEN,2 Passenger,2 Female,25-59,36,1,3 Slight,-2 Unknown,-2 N/A,6 Bus Or Coach,NEW OXFORD STREET 21M E OF BAINBRIDGE STREET,1,04/08/2015 05:07:00 PM,Tuesday,17.07,3 Bor,A,40,3 Dual Cwy,2 30 MPH,0 No Jun In 20m,-2 Not Applicable,-2 Not Applicable,0,0 No Xing Facility In 50m,1 Daylight,1 Fine,1 Road-Dry,0 None,0 None,529900,181390,-0.129256,51.516507,,,Unknown,"(51.516507, -0.129256)",http://opendatacommunities.org/id/london-borough-council/camden,5142,21/12/2020 02:48:36 PM
0115EK40375,CAMDEN,1 Driver/Rider,1 Male,25-59,31,1,3 Slight,-2 Unknown,-2 N/A,2 Pedal Cycle,EUSTON ROAD J/W CHALTON STREET,2,05/05/2015 08:15:00 AM,Tuesday,8.15,1 TLRN,A,501,6 Single Cwy,2 30 MPH,3 T/Stag Jun,4 Give Way/Uncontrolled,Unclassified,0,0 No Xing Facility In 50m,1 Daylight,1 Fine,1 Road-Dry,0 None,0 None,529900,182680,-0.128781,51.5281,,,Unknown,"(51.5281, -0.128781)",http://opendatacommunities.org/id/london-borough-council/camden,4877,21/12/2020 02:48:36 PM
1170077073,CAMDEN,1 Driver/Rider,1 Male,16-24,23,1,3 Slight,-2 Unknown,-2 N/A,5 Taxi,GOODS WAY 35M E OF J/W CAMLEY STREET,2,11/12/2017 11:30:00 PM,Monday,23.30,3 Bor,Unclassified,0,6 Single Cwy,1 <= 20 MPH,0 No Jun In 20m,-2 Not Applicable,-2 Not Applicable,0,0 No Xing Facility In 50m,2 Dark,8 Other,1 Road-Dry,0 None,0 None,530040,183360,-0.126513,51.534179,,,Unknown,"(51.534179, -0.126513)",http://opendatacommunities.org/id/london-borough-council/camden,7603,21/12/2020 02:48:41 PM
1160024189,CAMDEN,1 Driver/Rider,1 Male,16-24,22,1,3 Slight,-2 Unknown,-2 N/A,2 Pedal Cycle,LAMB'S CONDUIT STREET J/W RICHELL PLACE,2,08/10/2016 11:10:00 AM,Saturday,11.10,3 Bor,C,0,6 Single Cwy,1 <= 20 MPH,3 T/Stag Jun,4 Give Way/Uncontrolled,Unclassified,0,0 No Xing Facility In 50m,1 Daylight,1 Fine,1 Road-Dry,0 None,0 None,530670,181890,-0.11798,51.520823,,,Unknown,"(51.520823, -0.11798)",http://opendatacommunities.org/id/london-borough-council/camden,5881,21/12/2020 02:48:38 PM
1180141183,CAMDEN,1 Driver/Rider,1 Male,25-59,36,1,3 Slight,-2 Unknown,-2 N/A,4 Car,BLOOMSBURY WAY 20M S OF J/W BURY PLACE,2,04/10/2018 08:39:00 AM,Thursday,8.39,3 Bor,A,40,9 Unknown,2 30 MPH,99 Unknown (S/R),9 Unknown (S/R),Unclassified,0,9 Unknown (S/R),1 Daylight,1 Fine,9 Unknown (S/R),9 Unknown (S/R),9 Unknown (S/R),530280,181550,-0.123724,51.517858,,,Unknown,"(51.517858, -0.123724)",http://opendatacommunities.org/id/london-borough-council/camden,8469,21/12/2020 02:48:43 PM
1170048292,CAMDEN,1 Driver/Rider,2 Female,25-59,32,1,3 Slight,-2 Unknown,-2 N/A,3 Powered 2 Wheeler,UPPER WOBURN PLACE J/W ENDSLEIGH PLACE,2,13/07/2017 06:18:00 PM,Thursday,18.18,3 Bor,A,4200,6 Single Cwy,1 <= 20 MPH,3 T/Stag Jun,4 Give Way/Uncontrolled,Unclassified,0,1 Zebra,1 Daylight,1 Fine,1 Road-Dry,0 None,0 None,529890,182420,-0.129021,51.525766,,,Unknown,"(51.525766, -0.129021)",http://opendatacommunities.org/id/london-borough-council/camden,7148,21/12/2020 02:48:40 PM
1190221156,CAMDEN,1 DRIVER/RIDER,1 MALE,25-59,30,1,3 SLIGHT,'-2 NOT APPLICABLE,'-2 NOT APPLICABLE,3 POWERED 2 WHEELER,"On charlotte street, near the junction with howard street.",2,27/11/2019 04:10:00 PM,Wednesday,16.10,3 BOR,5,0,6 SINGLE CWY,30,06 CROSSROADS,4 GIVE WAY/UNCONTROLLED,6,0,0 NO XING FACILITY IN 50M,1 DARK,2 RAINING,2 ROAD-WET,0 NONE,0 NONE,529297,181927,-0.137745,51.521472,,,Unknown,"(51.521472, -0.137745)",http://opendatacommunities.org/id/london-borough-council/camden,9556,21/12/2020 02:48:45 PM
0116EK40353,CAMDEN,3 Pedestrian,2 Female,25-59,43,1,3 Slight,05 Crossing Road (Not On Xing),2 From Drivers N/Side Msk,1 Pedestrian,WEST END LANE 30M SOUTH OF J/W BLACKBURN RD,1,21/05/2016 04:30:00 PM,Saturday,16.30,3 Bor,B,510,6 Single Cwy,2 30 MPH,0 No Jun In 20m,-2 Not Applicable,-2 Not Applicable,0,0 No Xing Facility In 50m,1 Daylight,1 Fine,1 Road-Dry,0 None,0 None,525520,184640,-0.191189,51.546705,,,Unknown,"(51.546705, -0.191189)",http://opendatacommunities.org/id/london-borough-council/camden,6281,21/12/2020 02:48:38 PM
1190200303,CAMDEN,2 PASSENGER,2 FEMALE,25-59,53,1,3 SLIGHT,'-2 NOT APPLICABLE,'-2 NOT APPLICABLE,6 BUS OR COACH,"On Bloomsbury Way, 50 metres north of the junction with Museum St.",1,19/08/2019 05:33:00 AM,Monday,5.33,3 BOR,A,40,6 SINGLE CWY,30,00 NO JUN IN 20M,,0,0,4 PELICAN OR SIMILAR,2 DAYLIGHT,1 FINE,2 ROAD-WET,0 NONE,0 NONE,530300,181559,-0.123433,51.517934,,,Unknown,"(51.517934, -0.123433)",http://opendatacommunities.org/id/london-borough-council/camden,9283,21/12/2020 02:48:44 PM
1180089724,CAMDEN,2 Passenger,2 Female,25-59,59,1,3 Slight,-2 Unknown,-2 N/A,6 Bus Or Coach,KINGSWAY J/W PARKER STREET,1,12/02/2018 05:55:00 PM,Monday,17.55,3 Bor,A,4200,3 Dual Cwy,1 <= 20 MPH,6 Crossroads,2 Auto Sig,Unclassified,0,4 Pelican Or Similar,2 Dark,1 Fine,1 Road-Dry,0 None,0 None,530552,181420,-0.119854,51.516627,,,Unknown,"(51.516627, -0.119854)",http://opendatacommunities.org/id/london-borough-council/camden,7742,21/12/2020 02:48:41 PM
1180128541,CAMDEN,1 Driver/Rider,1 Male,25-59,32,1,3 Slight,-2 Unknown,-2 N/A,3 Powered 2 Wheeler,A400 25M N OF J/W A40 THE NEAREST CLASSIFIED ROAD WAS THE A40,2,22/08/2018 02:00:00 AM,Wednesday,2.00,3 Bor,A,400,2 One-Way St,2 30 MPH,0 No Jun In 20m,-2 Not Applicable,-2 Not Applicable,0,5 Pedn Phase At Ats,1 Daylight,1 Fine,1 Road-Dry,0 None,0 None,530050,181466,-0.127068,51.517156,,,Unknown,"(51.517156, -0.127068)",http://opendatacommunities.org/id/london-borough-council/camden,8268,21/12/2020 02:48:42 PM
1180132731,CAMDEN,1 Driver/Rider,2 Female,25-59,31,1,3 Slight,-2 Unknown,-2 N/A,2 Pedal Cycle,BLOOMSBURY WAY J/W BLOOMESBURY SQUARE,2,14/09/2018 06:25:00 PM,Friday,18.25,3 Bor,A,40,2 One-Way St,2 30 MPH,3 T/Stag Jun,9 Unknown (S/R),C,0,1 Zebra,1 Daylight,1 Fine,1 Road-Dry,0 None,0 None,530390,181640,-0.122106,51.518641,,,Unknown,"(51.518641, -0.122106)",http://opendatacommunities.org/id/london-borough-council/camden,8327,21/12/2020 02:48:42 PM
1190187044,CAMDEN,1 DRIVER/RIDER,1 MALE,25-59,51,1,3 SLIGHT,'-2 NOT APPLICABLE,'-2 NOT APPLICABLE,5 TAXI,"On Akenside Road, 50 metres north of the junction with Wedderburn Road.",1,13/06/2019 03:00:00 PM,Thursday,15.00,3 BOR,6,0,6 SINGLE CWY,20,00 NO JUN IN 20M,,0,0,0 NO XING FACILITY IN 50M,2 DAYLIGHT,5 RAINING/HIGH WINDS,2 ROAD-WET,0 NONE,0 NONE,526663,185131,-0.174538,51.550862,,,Unknown,"(51.550862, -0.174538)",http://opendatacommunities.org/id/london-borough-council/camden,9090,21/12/2020 02:48:44 PM
1170073870,CAMDEN,1 Driver/Rider,2 Female,25-59,32,1,3 Slight,-2 Unknown,-2 N/A,2 Pedal Cycle,GOODS WAY 25M W OF J/W KING'S BLVD,2,23/11/2017 08:30:00 AM,Thursday,8.30,3 Bor,C,0,3 Dual Cwy,4 50 MPH,0 No Jun In 20m,-2 Not Applicable,-2 Not Applicable,0,1 Zebra,1 Daylight,8 Other,2 Road-Wet,0 None,0 None,530150,183410,-0.12491,51.534603,,,Unknown,"(51.534603, -0.12491)",http://opendatacommunities.org/id/london-borough-council/camden,7566,21/12/2020 02:48:41 PM
1190219027,CAMDEN,2 PASSENGER,1 MALE,16-24,18,2,3 SLIGHT,'-2 NOT APPLICABLE,3 FROM DRIVERS O/SIDE,4 CAR,"On Finchley Road, near the junction with Hendon Way.",3,17/11/2019 05:25:00 PM,Sunday,17.25,1 TLRN,A,41,3 DUAL CWY,30,07 MULTI JUN,2 AUTO SIG,A,41,5 PEDN PHASE AT ATS,1 DARK,1 FINE,1 ROAD-DRY,0 NONE,0 NONE,525085,186033,-0.196965,51.55932,,,Unknown,"(51.55932, -0.196965)",http://opendatacommunities.org/id/london-borough-council/camden,9527,21/12/2020 02:48:44 PM
0116EK40207,CAMDEN,1 Driver/Rider,1 Male,25-59,47,1,3 Slight,-2 Unknown,-2 N/A,3 Powered 2 Wheeler,EUSTON ROAD J/W CRESTFIELD STREET,2,07/04/2016 05:30:00 PM,Thursday,17.30,1 TLRN,A,501,3 Dual Cwy,2 30 MPH,3 T/Stag Jun,4 Give Way/Uncontrolled,Unclassified,0,0 No Xing Facility In 50m,1 Daylight,1 Fine,1 Road-Dry,0 None,0 None,530280,182940,-0.12321,51.53035,,,Unknown,"(51.53035, -0.12321)",http://opendatacommunities.org/id/london-borough-council/camden,6154,21/12/2020 02:48:38 PM
0116EK40005,CAMDEN,1 Driver/Rider,2 Female,60+,68,1,3 Slight,-2 Unknown,-2 N/A,4 Car,FITZJOHN'S AVENUE J/W PRINCE ARTHUR ROAD,2,07/01/2016 07:00:00 PM,Thursday,19.00,3 Bor,B,511,6 Single Cwy,2 30 MPH,6 Crossroads,4 Give Way/Uncontrolled,Unclassified,0,0 No Xing Facility In 50m,2 Dark,2 Raining,2 Road-Wet,0 None,0 None,526450,185520,-0.177468,51.554406,,,Unknown,"(51.554406, -0.177468)",http://opendatacommunities.org/id/london-borough-council/camden,5980,21/12/2020 02:48:38 PM
1190195283,CAMDEN,2 PASSENGER,1 MALE,16-24,21,6,3 SLIGHT,'-2 NOT APPLICABLE,'-2 NOT APPLICABLE,4 CAR,"On Finchley Road, 300 metres south of the junction with Alvanley Gardens.. The nearest classified road was the B1",2,22/07/2019 11:36:00 PM,Monday,23.36,1 TLRN,A,41,3 DUAL CWY,40,00 NO JUN IN 20M,,0,0,8 CENTRAL REFUGE,1 DARK,1 FINE,1 ROAD-DRY,0 NONE,0 NONE,525814,185288,-0.18672,51.552463,,,Unknown,"(51.552463, -0.18672)",http://opendatacommunities.org/id/london-borough-council/camden,9213,21/12/2020 02:48:44 PM
1190202607,CAMDEN,2 PASSENGER,2 FEMALE,0-15,15,1,3 SLIGHT,'-2 NOT APPLICABLE,'-2 NOT APPLICABLE,4 CAR,"On Euston Road, 60 metres west of the junction with Eversholt Street.. The nearest classified road was the A4200. The nearest classified road was the A4200",2,31/08/2019 10:18:00 PM,Saturday,22.18,1 TLRN,A,501,3 DUAL CWY,30,00 NO JUN IN 20M,,0,0,5 PEDN PHASE AT ATS,1 DARK,1 FINE,1 ROAD-DRY,0 NONE,0 NONE,529646,182519,-0.1325,51.526712,,,Unknown,"(51.526712, -0.1325)",http://opendatacommunities.org/id/london-borough-council/camden,9319,21/12/2020 02:48:44 PM
1180086461,CAMDEN,3 Pedestrian,2 Female,16-24,20,1,3 Slight,01 Crossing Road On Ped Xing,9 Unknown Or Other,1 Pedestrian,TOTTENHAM COURT ROAD J/W TORRINGTON PLACE,1,29/01/2018 01:05:00 PM,Monday,13.05,3 Bor,A,400,3 Dual Cwy,1 <= 20 MPH,3 T/Stag Jun,2 Auto Sig,C,0,5 Pedn Phase At Ats,1 Daylight,1 Fine,1 Road-Dry,0 None,0 None,529470,181920,-0.135256,51.521369,,,Unknown,"(51.521369, -0.135256)",http://opendatacommunities.org/id/london-borough-council/camden,7700,21/12/2020 02:48:41 PM
0116EK40567,CAMDEN,2 Passenger,2 Female,60+,80,1,3 Slight,-2 Unknown,-2 N/A,6 Bus Or Coach,BEDFORD PLACE 49M SE OF J/W RUSSELL SQUARE,1,05/08/2016 12:25:00 PM,Friday,12.25,3 Bor,Unclassified,0,6 Single Cwy,2 30 MPH,0 No Jun In 20m,-2 Not Applicable,-2 Not Applicable,0,0 No Xing Facility In 50m,1 Daylight,1 Fine,1 Road-Dry,0 None,0 None,530203,181853,-0.124721,51.520599,,,Unknown,"(51.520599, -0.124721)",http://opendatacommunities.org/id/london-borough-council/camden,6459,21/12/2020 02:48:39 PM
1170042704,CAMDEN,1 Driver/Rider,1 Male,25-59,34,1,3 Slight,-2 Unknown,-2 N/A,3 Powered 2 Wheeler,CAMDEN ROAD J/W SANDALL ROAD,2,13/06/2017 04:46:00 PM,Tuesday,16.46,1 TLRN,A,503,6 Single Cwy,2 30 MPH,3 T/Stag Jun,4 Give Way/Uncontrolled,Unclassified,0,4 Pelican Or Similar,1 Daylight,1 Fine,1 Road-Dry,0 None,0 None,529520,184620,-0.133543,51.545622,,,Unknown,"(51.545622, -0.133543)",http://opendatacommunities.org/id/london-borough-council/camden,7038,21/12/2020 02:48:39 PM
0115EK41024,CAMDEN,3 Pedestrian,1 Male,60+,75,1,3 Slight,04 Crossing Road Within 50m Xing,1 From Drivers N/Side,1 Pedestrian,CAMDEN ROAD J/W SANDALL ROAD.,1,18/11/2015 02:41:00 PM,Wednesday,14.41,1 TLRN,A,503,6 Single Cwy,2 30 MPH,3 T/Stag Jun,4 Give Way/Uncontrolled,Unclassified,0,4 Pelican Or Similar,1 Daylight,1 Fine,2 Road-Wet,0 None,0 None,529530,184630,-0.133395,51.54571,,,Unknown,"(51.54571, -0.133395)",http://opendatacommunities.org/id/london-borough-council/camden,5444,21/12/2020 02:48:37 PM
1170015017,CAMDEN,2 Passenger,2 Female,16-24,22,1,3 Slight,-2 Unknown,-2 N/A,5 Taxi,CAMDEN PARK ROAD J/W NORTH VILLAS,1,29/01/2017 08:25:00 PM,Sunday,20.25,3 Bor,A,5200,6 Single Cwy,1 <= 20 MPH,7 Multi Jun,4 Give Way/Uncontrolled,Unclassified,0,0 No Xing Facility In 50m,2 Dark,2 Raining,2 Road-Wet,0 None,0 None,529790,184800,-0.129585,51.547178,,,Unknown,"(51.547178, -0.129585)",http://opendatacommunities.org/id/london-borough-council/camden,6622,21/12/2020 02:48:39 PM
0115EK41113,CAMDEN,3 Pedestrian,1 Male,25-59,26,1,3 Slight,07 On Refuge,5 In Rd Not Crossing,1 Pedestrian,TAVISTOCK PLACE J/W TAVISTOCK SQUARE.,1,10/12/2015 06:55:00 PM,Thursday,18.55,3 Bor,C,0,6 Single Cwy,2 30 MPH,6 Crossroads,2 Auto Sig,A,4200,5 Pedn Phase At Ats,2 Dark,2 Raining,2 Road-Wet,0 None,0 None,529980,182310,-0.127765,51.524757,,,Unknown,"(51.524757, -0.127765)",http://opendatacommunities.org/id/london-borough-council/camden,5525,21/12/2020 02:48:37 PM
0116EK40590,CAMDEN,3 Pedestrian,2 Female,16-24,17,1,3 Slight,06 On Footpath - Verge,9 Unknown Or Other,1 Pedestrian,HIGH HOLBORN 30M SW OF J/W DRURY LANE,1,26/07/2016 12:40:00 PM,Tuesday,12.40,3 Bor,B,401,2 One-Way St,2 30 MPH,0 No Jun In 20m,-2 Not Applicable,-2 Not Applicable,0,0 No Xing Facility In 50m,1 Daylight,9 Unknown,1 Road-Dry,0 None,0 None,530200,181350,-0.12495,51.516079,,,Unknown,"(51.516079, -0.12495)",http://opendatacommunities.org/id/london-borough-council/camden,6472,21/12/2020 02:48:39 PM
0115EK40026,CAMDEN,1 Driver/Rider,1 Male,25-59,29,1,3 Slight,-2 Unknown,-2 N/A,3 Powered 2 Wheeler,WEST END LANE J/W WEST HAMPSTEAD MEWS,2,16/01/2015 07:35:00 PM,Friday,19.35,3 Bor,B,510,6 Single Cwy,2 30 MPH,3 T/Stag Jun,4 Give Way/Uncontrolled,Unclassified,0,0 No Xing Facility In 50m,2 Dark,8 Other,2 Road-Wet,0 None,0 None,525510,184540,-0.191369,51.545808,,,Unknown,"(51.545808, -0.191369)",http://opendatacommunities.org/id/london-borough-council/camden,4601,21/12/2020 02:48:35 PM
1190157803,CAMDEN,1 DRIVER/RIDER,1 MALE,25-59,38,1,3 SLIGHT,'-2 NOT APPLICABLE,'-2 NOT APPLICABLE,3 POWERED 2 WHEELER,West End Lane 55M S Sumatra Rd,2,16/01/2019 01:15:00 PM,Wednesday,13.15,3 BOR,B,510,6 SINGLE CWY,20,08 PRIV DRIVE,4 GIVE WAY/UNCONTROLLED,6,0,0 NO XING FACILITY IN 50M,2 DAYLIGHT,2 RAINING,2 ROAD-WET,0 NONE,0 NONE,525528,184849,-0.191,51.548581,,,Unknown,"(51.548581, -0.191)",http://opendatacommunities.org/id/london-borough-council/camden,8692,21/12/2020 02:48:43 PM
1180144530,CAMDEN,1 Driver/Rider,2 Female,25-59,46,1,3 Slight,-2 Unknown,-2 N/A,4 Car,EUSTON ROAD J/W EVERSHOLT STREET,2,03/07/2018 11:30:00 AM,Tuesday,11.30,1 TLRN,A,501,3 Dual Cwy,2 30 MPH,6 Crossroads,9 Unknown (S/R),A,4200,9 Unknown (S/R),1 Daylight,1 Fine,1 Road-Dry,9 Unknown (S/R),0 None,529759,182591,-0.130845,51.527333,,,Unknown,"(51.527333, -0.130845)",http://opendatacommunities.org/id/london-borough-council/camden,8508,21/12/2020 02:48:43 PM
0115EK40126,CAMDEN,1 Driver/Rider,1 Male,25-59,26,1,3 Slight,-2 Unknown,-2 N/A,3 Powered 2 Wheeler,CROWNDALE ROAD 57M SW OF J/W ROYAL COLLEGE STREET,2,18/02/2015 03:50:00 PM,Wednesday,15.50,3 Bor,B,512,6 Single Cwy,2 30 MPH,0 No Jun In 20m,-2 Not Applicable,-2 Not Applicable,0,1 Zebra,1 Daylight,1 Fine,1 Road-Dry,0 None,0 None,529510,183480,-0.134106,51.535379,,,Unknown,"(51.535379, -0.134106)",http://opendatacommunities.org/id/london-borough-council/camden,4678,21/12/2020 02:48:36 PM
0115EK40164,CAMDEN,1 Driver/Rider,1 Male,25-59,41,1,3 Slight,-2 Unknown,-2 N/A,3 Powered 2 Wheeler,EUSTON ROAD J/W TOTTENHAM COURT ROAD,2,22/01/2015 09:12:00 AM,Thursday,9.12,1 TLRN,A,501,6 Single Cwy,2 30 MPH,6 Crossroads,2 Auto Sig,A,400,5 Pedn Phase At Ats,1 Daylight,1 Fine,1 Road-Dry,0 None,0 None,529240,182330,-0.138418,51.525106,,,Unknown,"(51.525106, -0.138418)",http://opendatacommunities.org/id/london-borough-council/camden,4706,21/12/2020 02:48:36 PM
0115EK40966,CAMDEN,2 Passenger,1 Male,60+,65,1,3 Slight,-2 Unknown,-2 N/A,6 Bus Or Coach,TOTTENHAM COURT ROAD J/W OXFORD STREET.,1,30/10/2015 07:35:00 PM,Friday,19.35,3 Bor,A,400,6 Single Cwy,2 30 MPH,6 Crossroads,2 Auto Sig,A,40,5 Pedn Phase At Ats,2 Dark,1 Fine,1 Road-Dry,0 None,0 None,529810,181390,-0.130553,51.516528,,,Unknown,"(51.516528, -0.130553)",http://opendatacommunities.org/id/london-borough-council/camden,5392,21/12/2020 02:48:37 PM
1170029933,CAMDEN,3 Pedestrian,2 Female,25-59,56,1,3 Slight,01 Crossing Road On Ped Xing,1 From Drivers N/Side,1 Pedestrian,HAMPSTEAD HIGH STREET J/W HEATH STREET,1,15/03/2017 08:02:00 AM,Wednesday,8.02,3 Bor,A,502,6 Single Cwy,1 <= 20 MPH,3 T/Stag Jun,2 Auto Sig,A,502,5 Pedn Phase At Ats,1 Daylight,1 Fine,1 Road-Dry,0 None,0 None,526370,185760,-0.178536,51.556581,,,Unknown,"(51.556581, -0.178536)",http://opendatacommunities.org/id/london-borough-council/camden,6844,21/12/2020 02:48:39 PM
1170062920,CAMDEN,1 Driver/Rider,2 Female,25-59,58,1,3 Slight,-2 Unknown,-2 N/A,2 Pedal Cycle,HAMPSTEAD ROAD J/W DRUMMOND STREET,2,03/10/2017 09:50:00 AM,Tuesday,9.50,1 TLRN,A,400,6 Single Cwy,1 <= 20 MPH,3 T/Stag Jun,2 Auto Sig,C,0,9 Unknown (S/R),1 Daylight,8 Other,1 Road-Dry,0 None,0 None,529220,182470,-0.138655,51.526369,,,Unknown,"(51.526369, -0.138655)",http://opendatacommunities.org/id/london-borough-council/camden,7384,21/12/2020 02:48:40 PM
1190172950,CAMDEN,3 PEDESTRIAN,2 FEMALE,25-59,44,1,3 SLIGHT,10 UNKNOWN OR OTHER,9 UNKNOWN OR OTHER,1 PEDESTRIAN,"On Southampton Place, 25 metres north of the junction with High Holborn.. The nearest classified road was the A40",1,02/04/2019 05:07:00 PM,Tuesday,17.07,3 BOR,5,0,2 ONE-WAY ST,30,00 NO JUN IN 20M,,0,0,0 NO XING FACILITY IN 50M,2 DAYLIGHT,1 FINE,1 ROAD-DRY,0 NONE,0 NONE,530422,181557,-0.121676,51.517888,,,Unknown,"(51.517888, -0.121676)",http://opendatacommunities.org/id/london-borough-council/camden,8900,21/12/2020 02:48:44 PM
1190171519,CAMDEN,1 DRIVER/RIDER,1 MALE,25-59,43,1,3 SLIGHT,'-2 NOT APPLICABLE,'-2 NOT APPLICABLE,3 POWERED 2 WHEELER,"On Arlington Road, 30 metres west of the junction with Camden High Street .",2,26/03/2019 02:52:00 PM,Tuesday,14.52,3 BOR,6,0,6 SINGLE CWY,20,00 NO JUN IN 20M,,0,0,0 NO XING FACILITY IN 50M,2 DAYLIGHT,1 FINE,1 ROAD-DRY,0 NONE,0 NONE,528884,183723,-0.143038,51.537706,,,Unknown,"(51.537706, -0.143038)",http://opendatacommunities.org/id/london-borough-council/camden,8875,21/12/2020 02:48:43 PM
1170015043,CAMDEN,1 Driver/Rider,2 Female,25-59,54,1,3 Slight,-2 Unknown,-2 N/A,4 Car,GRAFTON ROAD J/W INKERMAN ROAD,2,16/01/2017 02:00:00 PM,Monday,14.00,3 Bor,C,0,6 Single Cwy,1 <= 20 MPH,3 T/Stag Jun,4 Give Way/Uncontrolled,Unclassified,0,0 No Xing Facility In 50m,1 Daylight,1 Fine,1 Road-Dry,0 None,0 None,528700,184830,-0.145285,51.547697,,,Unknown,"(51.547697, -0.145285)",http://opendatacommunities.org/id/london-borough-council/camden,6623,21/12/2020 02:48:39 PM
0116EK40671,CAMDEN,2 Passenger,2 Female,60+,88,1,3 Slight,-2 Unknown,-2 N/A,6 Bus Or Coach,"FINCHLEY ROAD, 55 METRES NW OF AVENUE ROAD.",1,31/08/2016 10:28:00 AM,Wednesday,10.28,1 TLRN,A,41,3 Dual Cwy,2 30 MPH,0 No Jun In 20m,-2 Not Applicable,-2 Not Applicable,0,0 No Xing Facility In 50m,1 Daylight,1 Fine,1 Road-Dry,0 None,0 None,526619,184380,-0.175442,51.544123,,,Unknown,"(51.544123, -0.175442)",http://opendatacommunities.org/id/london-borough-council/camden,6514,21/12/2020 02:48:39 PM
0115EK40311,CAMDEN,2 Passenger,2 Female,16-24,23,1,3 Slight,-2 Unknown,-2 N/A,4 Car,AGINCOURT ROAD 43M W OF J/W CRESSY ROAD,4,22/03/2015 03:00:00 AM,Sunday,3.00,3 Bor,C,0,6 Single Cwy,2 30 MPH,0 No Jun In 20m,-2 Not Applicable,-2 Not Applicable,0,0 No Xing Facility In 50m,2 Dark,1 Fine,1 Road-Dry,0 None,0 None,527540,185560,-0.16174,51.55452,,,Unknown,"(51.55452, -0.16174)",http://opendatacommunities.org/id/london-borough-council/camden,4833,21/12/2020 02:48:36 PM