Reference,London Borough Name,Casualty Class,Casualty Sex,Casualty Age Band,Casualty Age,Number Of Casualties,Casualty Severity,Pedestrian Location,Pedestrian Movement,Mode Of Travel,Attendant Location,Number Of Vehicles,Date,Day,Time,Highway,Road Class 1,Road Number 1,Road Type,Speed Limit,Junction Detail,Junction Control,Road Class 2,Road Number 2,Pedestrian Crossing,Light Condition Band,Weather,Road Surface,Special Conditions,Carriage Way Hazard,Easting,Northing,Longitude,Latitude,Ward Code,Ward Name,Spatial Accuracy,Location,Organisation URI,Socrata ID,Last Uploaded
1170030575,CAMDEN,1 Driver/Rider,1 Male,25-59,25,1,2 Serious,-2 Unknown,-2 N/A,3 Powered 2 Wheeler,FITZJOHN'S AVENUE J/W BELSIZE LANE,2,31/03/2017 02:00:00 PM,Friday,14.00,3 Bor,B,511,6 Single Cwy,2 30 MPH,3 T/Stag Jun,4 Give Way/Uncontrolled,Unclassified,0,0 No Xing Facility In 50m,1 Daylight,1 Fine,1 Road-Dry,0 None,0 None,526580,184590,-0.175929,51.546019,,,Unknown,"(51.546019, -0.175929)",http://opendatacommunities.org/id/london-borough-council/camden,6850,21/12/2020 02:48:39 PM
1190178764,CAMDEN,1 DRIVER/RIDER,1 MALE,25-59,32,1,3 SLIGHT,'-2 NOT APPLICABLE,'-2 NOT APPLICABLE,3 POWERED 2 WHEELER,"On Maida Vale, near the junction with KILBURN PARK ROAD.",3,03/05/2019 06:45:00 PM,Friday,18.45,3 BOR,A,5,6 SINGLE CWY,30,03 T/STAG JUN,4 GIVE WAY/UNCONTROLLED,B,414,0 NO XING FACILITY IN 50M,2 DAYLIGHT,2 RAINING,2 ROAD-WET,0 NONE,0 NONE,525680,183341,-0.189347,51.534995,,,Unknown,"(51.534995, -0.189347)",http://opendatacommunities.org/id/london-borough-council/camden,8978,21/12/2020 02:48:44 PM
0115EK40307,CAMDEN,1 Driver/Rider,1 Male,25-59,34,1,3 Slight,-2 Unknown,-2 N/A,3 Powered 2 Wheeler,GORDON STREET J/W EUSTON ROAD,2,22/04/2015 09:17:00 AM,Wednesday,9.17,1 TLRN,C,0,6 Single Cwy,2 30 MPH,3 T/Stag Jun,2 Auto Sig,A,501,5 Pedn Phase At Ats,1 Daylight,1 Fine,1 Road-Dry,0 None,0 None,529560,182470,-0.133757,51.526291,,,Unknown,"(51.526291, -0.133757)",http://opendatacommunities.org/id/london-borough-council/camden,4828,21/12/2020 02:48:36 PM
0116EK40004,CAMDEN,1 Driver/Rider,1 Male,25-59,25,1,3 Slight,-2 Unknown,-2 N/A,2 Pedal Cycle,CAMDEN STREET J/W ST MARTIN'S CLOSE,2,19/01/2016 08:56:00 AM,Tuesday,8.56,1 TLRN,A,400,6 Single Cwy,1 <= 20 MPH,8 Priv Drive,4 Give Way/Uncontrolled,Unclassified,0,0 No Xing Facility In 50m,1 Daylight,1 Fine,2 Road-Wet,0 None,0 None,529200,183840,-0.138441,51.538686,,,Unknown,"(51.538686, -0.138441)",http://opendatacommunities.org/id/london-borough-council/camden,5979,21/12/2020 02:48:38 PM
1180124084,CAMDEN,1 Driver/Rider,1 Male,25-59,54,1,3 Slight,-2 Unknown,-2 N/A,4 Car,ETON ROAD NW3 J/W PROVOST ROAD  NW3,2,30/07/2018 11:45:00 AM,Monday,11.45,3 Bor,Unclassified,0,6 Single Cwy,1 <= 20 MPH,9 Other Jun,4 Give Way/Uncontrolled,Unclassified,0,0 No Xing Facility In 50m,1 Daylight,1 Fine,1 Road-Dry,0 None,0 None,527770,184450,-0.158828,51.544493,,,Unknown,"(51.544493, -0.158828)",http://opendatacommunities.org/id/london-borough-council/camden,8209,21/12/2020 02:48:42 PM
0115EK40618,CAMDEN,1 Driver/Rider,1 Male,25-59,30,1,3 Slight,-2 Unknown,-2 N/A,2 Pedal Cycle,EUSTON ROAD 50M NE OF PANCRAS ROAD,2,22/07/2015 05:40:00 PM,Wednesday,17.40,1 TLRN,A,501,3 Dual Cwy,2 30 MPH,0 No Jun In 20m,-2 Not Applicable,-2 Not Applicable,0,0 No Xing Facility In 50m,1 Daylight,1 Fine,1 Road-Dry,0 None,0 None,530270,182940,-0.123354,51.530352,,,Unknown,"(51.530352, -0.123354)",http://opendatacommunities.org/id/london-borough-council/camden,5099,21/12/2020 02:48:36 PM
0116EK40070,CAMDEN,1 Driver/Rider,1 Male,25-59,57,1,3 Slight,-2 Unknown,-2 N/A,4 Car,HIGH HOLBORN J/W SOUTHAMPTON ROW.,2,13/02/2016 09:10:00 PM,Saturday,21.10,3 Bor,A,40,6 Single Cwy,1 <= 20 MPH,6 Crossroads,2 Auto Sig,A,4200,5 Pedn Phase At Ats,2 Dark,2 Raining,2 Road-Wet,0 None,0 None,530510,181530,-0.120418,51.517625,,,Unknown,"(51.517625, -0.120418)",http://opendatacommunities.org/id/london-borough-council/camden,6034,21/12/2020 02:48:38 PM
0115CW10412,CAMDEN,1 Driver/Rider,1 Male,25-59,28,1,3 Slight,-2 Unknown,-2 N/A,2 Pedal Cycle,OXFORD STREET/NEW OXFORD ST J/W CHARING X RD & TOTTENHAM CT RD,2,04/04/2015 08:55:00 AM,Saturday,8.55,3 Bor,A,40,6 Single Cwy,2 30 MPH,6 Crossroads,2 Auto Sig,A,400,5 Pedn Phase At Ats,1 Daylight,1 Fine,1 Road-Dry,0 None,0 None,529820,181370,-0.130416,51.516346,,,Unknown,"(51.516346, -0.130416)",http://opendatacommunities.org/id/london-borough-council/camden,4556,21/12/2020 02:48:35 PM
1170058200,CAMDEN,2 Passenger,2 Female,16-24,23,1,3 Slight,-2 Unknown,-2 N/A,4 Car,KILBURN HIGH ROAD 20M E OF J/W BRONDESBURY ROAD,2,11/09/2017 12:15:00 AM,Monday,0.15,3 Bor,A,5,6 Single Cwy,2 30 MPH,3 T/Stag Jun,2 Auto Sig,Unclassified,0,0 No Xing Facility In 50m,2 Dark,1 Fine,1 Road-Dry,0 None,0 None,525350,183690,-0.193978,51.538205,,,Unknown,"(51.538205, -0.193978)",http://opendatacommunities.org/id/london-borough-council/camden,7314,21/12/2020 02:48:40 PM
1170047096,CAMDEN,1 Driver/Rider,1 Male,25-59,46,1,3 Slight,-2 Unknown,-2 N/A,2 Pedal Cycle,MALET STREET J/W TORRINGTON SQUARE,2,11/06/2017 12:30:00 PM,Sunday,12.30,3 Bor,Unclassified,0,2 One-Way St,1 <= 20 MPH,3 T/Stag Jun,4 Give Way/Uncontrolled,Unclassified,0,0 No Xing Facility In 50m,1 Daylight,1 Fine,1 Road-Dry,9 Unknown (S/R),0 None,529830,181910,-0.130073,51.521197,,,Unknown,"(51.521197, -0.130073)",http://opendatacommunities.org/id/london-borough-council/camden,7124,21/12/2020 02:48:40 PM
0116EK40511,CAMDEN,3 Pedestrian,2 Female,25-59,27,1,2 Serious,05 Crossing Road (Not On Xing),3 From Drivers O/Side,1 Pedestrian,KENTISH TOWN ROAD J/W HOLMES ROAD,1,16/07/2016 01:02:00 AM,Saturday,1.02,3 Bor,A,400,6 Single Cwy,1 <= 20 MPH,3 T/Stag Jun,4 Give Way/Uncontrolled,Unclassified,0,0 No Xing Facility In 50m,2 Dark,8 Other,1 Road-Dry,0 None,0 None,528990,185010,-0.141039,51.549248,,,Unknown,"(51.549248, -0.141039)",http://opendatacommunities.org/id/london-borough-council/camden,6418,21/12/2020 02:48:38 PM
1190174161,CAMDEN,1 DRIVER/RIDER,1 MALE,25-59,35,1,3 SLIGHT,'-2 NOT APPLICABLE,'-2 NOT APPLICABLE,3 POWERED 2 WHEELER,"On Ellerdale Road, 25 metres north of the junction with Arkwright Road.",2,08/04/2019 08:10:00 PM,Monday,20.10,3 BOR,6,0,6 SINGLE CWY,20,00 NO JUN IN 20M,,0,0,9 UNKNOWN (S/R),2 DAYLIGHT,8 OTHER,1 ROAD-DRY,0 NONE,0 NONE,526381,185329,-0.178532,51.552705,,,Unknown,"(51.552705, -0.178532)",http://opendatacommunities.org/id/london-borough-council/camden,8915,21/12/2020 02:48:44 PM
1170020814,CAMDEN,1 Driver/Rider,2 Female,25-59,27,1,3 Slight,-2 Unknown,-2 N/A,2 Pedal Cycle,PLENDER STREET J/W BAYHAM STREET,2,24/02/2017 08:29:00 PM,Friday,20.29,3 Bor,C,0,2 One-Way St,1 <= 20 MPH,6 Crossroads,4 Give Way/Uncontrolled,Unclassified,0,1 Zebra,2 Dark,1 Fine,1 Road-Dry,0 None,0 None,529190,183560,-0.138688,51.536172,,,Unknown,"(51.536172, -0.138688)",http://opendatacommunities.org/id/london-borough-council/camden,6713,21/12/2020 02:48:39 PM
1180098461,CAMDEN,2 Passenger,1 Male,60+,60,1,3 Slight,-2 Unknown,-2 N/A,6 Bus Or Coach,HIGH HOLBORN J/W BROWNLOW STREET,1,26/03/2018 07:10:00 PM,Monday,19.10,3 Bor,A,40,3 Dual Cwy,1 <= 20 MPH,5 Slip Road,3 Stop Sign,Unclassified,0,0 No Xing Facility In 50m,2 Dark,1 Fine,1 Road-Dry,0 None,0 None,530906,181602,-0.114688,51.518181,,,Unknown,"(51.518181, -0.114688)",http://opendatacommunities.org/id/london-borough-council/camden,7843,21/12/2020 02:48:41 PM
1170061434,CAMDEN,1 Driver/Rider,1 Male,25-59,37,1,3 Slight,-2 Unknown,-2 N/A,3 Powered 2 Wheeler,HAVERSTOCK HILL J/W ADELAIDE ROAD,2,08/09/2017 07:03:00 PM,Friday,19.03,3 Bor,A,502,9 Unknown,2 30 MPH,6 Crossroads,2 Auto Sig,B,509,9 Unknown (S/R),1 Daylight,9 Unknown,9 Unknown (S/R),9 Unknown (S/R),9 Unknown (S/R),528180,184400,-0.152936,51.543951,,,Unknown,"(51.543951, -0.152936)",http://opendatacommunities.org/id/london-borough-council/camden,7353,21/12/2020 02:48:40 PM
1180100918,CAMDEN,1 Driver/Rider,1 Male,25-59,25,1,3 Slight,-2 Unknown,-2 N/A,3 Powered 2 Wheeler,CHALK FARM ROAD 20M N OF J/W HARTLAND ROAD,2,09/04/2018 08:55:00 PM,Monday,20.55,3 Bor,A,502,9 Unknown,1 <= 20 MPH,3 T/Stag Jun,9 Unknown (S/R),Unclassified,0,1 Zebra,2 Dark,2 Raining,2 Road-Wet,0 None,0 None,528561,184255,-0.147498,51.542561,,,Unknown,"(51.542561, -0.147498)",http://opendatacommunities.org/id/london-borough-council/camden,7874,21/12/2020 02:48:41 PM
1190180441,CAMDEN,1 DRIVER/RIDER,1 MALE,25-59,41,1,3 SLIGHT,'-2 NOT APPLICABLE,'-2 NOT APPLICABLE,4 CAR,"On Buckland Crescent, near the junction with Lancaster Grove.",2,18/04/2019 05:20:00 PM,Thursday,17.20,3 BOR,5,0,6 SINGLE CWY,20,03 T/STAG JUN,9 UNKNOWN (S/R),6,0,1 ZEBRA,2 DAYLIGHT,1 FINE,1 ROAD-DRY,0 NONE,0 NONE,526807,184637,-0.17264,51.54639,,,Unknown,"(51.54639, -0.17264)",http://opendatacommunities.org/id/london-borough-council/camden,8995,21/12/2020 02:48:44 PM
1170075360,CAMDEN,1 Driver/Rider,2 Female,25-59,25,1,3 Slight,-2 Unknown,-2 N/A,2 Pedal Cycle,A5202 25M N OF J/W KINGS CROSS THE NEAREST CLASSIFIED ROAD WAS THE,2,05/12/2017 07:20:00 AM,Tuesday,7.20,3 Bor,A,5202,3 Dual Cwy,2 30 MPH,0 No Jun In 20m,-2 Not Applicable,-2 Not Applicable,0,9 Unknown (S/R),1 Daylight,1 Fine,1 Road-Dry,0 None,0 None,530100,183150,-0.125726,51.532278,,,Unknown,"(51.532278, -0.125726)",http://opendatacommunities.org/id/london-borough-council/camden,7581,21/12/2020 02:48:41 PM
1170070220,CAMDEN,1 Driver/Rider,1 Male,25-59,51,1,3 Slight,-2 Unknown,-2 N/A,2 Pedal Cycle,EUSTON ROAD 25M E OF J/W ARGYLE STREET,2,22/10/2017 07:45:00 PM,Sunday,19.45,1 TLRN,A,501,9 Unknown,2 30 MPH,0 No Jun In 20m,-2 Not Applicable,-2 Not Applicable,0,9 Unknown (S/R),2 Dark,9 Unknown,9 Unknown (S/R),9 Unknown (S/R),9 Unknown (S/R),530190,182870,-0.124533,51.529741,,,Unknown,"(51.529741, -0.124533)",http://opendatacommunities.org/id/london-borough-council/camden,7512,21/12/2020 02:48:41 PM
0115EK40116,CAMDEN,3 Pedestrian,1 Male,25-59,35,1,3 Slight,05 Crossing Road (Not On Xing),1 From Drivers N/Side,1 Pedestrian,ST PANCRAS WAY 85M N OF J/W ROYAL COLLEGE STREET,1,13/02/2015 04:44:00 PM,Friday,16.44,3 Bor,A,5202,6 Single Cwy,2 30 MPH,0 No Jun In 20m,-2 Not Applicable,-2 Not Applicable,0,0 No Xing Facility In 50m,1 Daylight,1 Fine,1 Road-Dry,0 None,0 None,529600,183580,-0.132772,51.536257,,,Unknown,"(51.536257, -0.132772)",http://opendatacommunities.org/id/london-borough-council/camden,4672,21/12/2020 02:48:36 PM
1170012083,CAMDEN,1 Driver/Rider,1 Male,25-59,51,1,3 Slight,-2 Unknown,-2 N/A,2 Pedal Cycle,KINGSWAY J/W REMNANT STREET,2,17/01/2017 12:01:00 AM,Tuesday,0.01,3 Bor,A,4200,3 Dual Cwy,1 <= 20 MPH,6 Crossroads,2 Auto Sig,A,4200,4 Pelican Or Similar,2 Dark,1 Fine,1 Road-Dry,0 None,0 None,530550,181390,-0.119894,51.516358,,,Unknown,"(51.516358, -0.119894)",http://opendatacommunities.org/id/london-borough-council/camden,6587,21/12/2020 02:48:39 PM
1190195347,CAMDEN,3 PEDESTRIAN,2 FEMALE,16-24,16,4,3 SLIGHT,04 CROSSING ROAD WITHIN 50M XING,'-2 NOT APPLICABLE,1 PEDESTRIAN,"On Gower Street, near the junction with Kepple  St.",1,23/07/2019 10:55:00 AM,Tuesday,10.55,3 BOR,A,400,6 SINGLE CWY,20,06 CROSSROADS,2 AUTO SIG,A,400,4 PELICAN OR SIMILAR,2 DAYLIGHT,1 FINE,1 ROAD-DRY,4 ROADWORKS,0 NONE,529825,181825,-0.130177,51.520434,,,Unknown,"(51.520434, -0.130177)",http://opendatacommunities.org/id/london-borough-council/camden,9221,21/12/2020 02:48:44 PM
1190178061,CAMDEN,1 DRIVER/RIDER,1 MALE,25-59,45,1,3 SLIGHT,'-2 NOT APPLICABLE,'-2 NOT APPLICABLE,2 PEDAL CYCLE,"On Crowndale Road, 30 metres west of the junction with Camden Street.",2,30/04/2019 06:32:00 PM,Tuesday,18.32,3 BOR,B,512,6 SINGLE CWY,20,00 NO JUN IN 20M,,0,0,5 PEDN PHASE AT ATS,2 DAYLIGHT,1 FINE,1 ROAD-DRY,0 NONE,0 NONE,529388,183451,-0.135875,51.535147,,,Unknown,"(51.535147, -0.135875)",http://opendatacommunities.org/id/london-borough-council/camden,8960,21/12/2020 02:48:44 PM
1190168564,CAMDEN,1 DRIVER/RIDER,1 MALE,25-59,48,1,3 SLIGHT,'-2 NOT APPLICABLE,'-2 NOT APPLICABLE,3 POWERED 2 WHEELER,"On Camden Road, near the junction with St Pancras Way.",2,12/03/2019 09:05:00 AM,Tuesday,9.05,1 TLRN,A,503,6 SINGLE CWY,30,07 MULTI JUN,2 AUTO SIG,A,5202,4 PELICAN OR SIMILAR,2 DAYLIGHT,1 FINE,2 ROAD-WET,0 NONE,0 NONE,529252,184307,-0.13752,51.542871,,,Unknown,"(51.542871, -0.13752)",http://opendatacommunities.org/id/london-borough-council/camden,8836,21/12/2020 02:48:43 PM
0115EK40815,CAMDEN,1 Driver/Rider,1 Male,25-59,28,1,3 Slight,-2 Unknown,-2 N/A,4 Car,PARKWAY J/W ARLINGTON ROAD.,2,19/09/2015 06:46:00 PM,Saturday,18.46,3 Bor,A,4201,2 One-Way St,2 30 MPH,6 Crossroads,2 Auto Sig,Unclassified,0,5 Pedn Phase At Ats,1 Daylight,1 Fine,1 Road-Dry,0 None,0 None,528810,183810,-0.144072,51.538505,,,Unknown,"(51.538505, -0.144072)",http://opendatacommunities.org/id/london-borough-council/camden,5274,21/12/2020 02:48:37 PM
0116EK40075,CAMDEN,3 Pedestrian,2 Female,25-59,33,1,3 Slight,05 Crossing Road (Not On Xing),1 From Drivers N/Side,1 Pedestrian,KENTISH TOWN ROAD J/W ANGLERS LANE,1,15/02/2016 12:40:00 PM,Monday,12.40,3 Bor,A,400,6 Single Cwy,2 30 MPH,3 T/Stag Jun,4 Give Way/Uncontrolled,Unclassified,0,0 No Xing Facility In 50m,1 Daylight,1 Fine,1 Road-Dry,0 None,0 None,528970,184850,-0.141386,51.547815,,,Unknown,"(51.547815, -0.141386)",http://opendatacommunities.org/id/london-borough-council/camden,6040,21/12/2020 02:48:38 PM
0115EK41066,CAMDEN,1 Driver/Rider,1 Male,25-59,25,1,3 Slight,-2 Unknown,-2 N/A,3 Powered 2 Wheeler,"FINCHLEY ROAD, 68 METRES SE OF ALVANLEY GARDENS.",2,30/11/2015 11:55:00 AM,Monday,11.55,1 TLRN,A,41,3 Dual Cwy,2 30 MPH,0 No Jun In 20m,-2 Not Applicable,-2 Not Applicable,0,0 No Xing Facility In 50m,1 Daylight,1 Fine,1 Road-Dry,4 Roadworks,0 None,525780,185300,-0.187206,51.552578,,,Unknown,"(51.552578, -0.187206)",http://opendatacommunities.org/id/london-borough-council/camden,5478,21/12/2020 02:48:37 PM
1170080367,CAMDEN,3 Pedestrian,1 Male,25-59,43,1,2 Serious,01 Crossing Road On Ped Xing,3 From Drivers O/Side,1 Pedestrian,NEW OXFORD STREET J/W MUSEUM ST,1,27/12/2017 02:55:00 PM,Wednesday,14.55,3 Bor,A,40,2 One-Way St,1 <= 20 MPH,3 T/Stag Jun,2 Auto Sig,C,0,5 Pedn Phase At Ats,1 Daylight,1 Fine,2 Road-Wet,0 None,0 None,530170,181470,-0.125338,51.517164,,,Unknown,"(51.517164, -0.125338)",http://opendatacommunities.org/id/london-borough-council/camden,7632,21/12/2020 02:48:41 PM
1180122749,CAMDEN,3 Pedestrian,2 Female,25-59,26,1,2 Serious,04 Crossing Road Within 50m Xing,2 From Drivers N/Side Msk,1 Pedestrian,KENTISH TOWN ROAD J/W HOLMES ROAD,1,23/07/2018 04:05:00 PM,Monday,16.05,3 Bor,A,400,6 Single Cwy,1 <= 20 MPH,3 T/Stag Jun,4 Give Way/Uncontrolled,Unclassified,0,4 Pelican Or Similar,1 Daylight,1 Fine,1 Road-Dry,0 None,0 None,528990,185020,-0.141035,51.549338,,,Unknown,"(51.549338, -0.141035)",http://opendatacommunities.org/id/london-borough-council/camden,8197,21/12/2020 02:48:42 PM
1170032208,CAMDEN,1 Driver/Rider,1 Male,25-59,30,1,3 Slight,-2 Unknown,-2 N/A,2 Pedal Cycle,GREENLAND ROAD J/W CAMDEN HIGH STREET,2,14/04/2017 04:58:00 PM,Friday,16.58,1 TLRN,A,400,2 One-Way St,1 <= 20 MPH,6 Crossroads,2 Auto Sig,A,4201,5 Pedn Phase At Ats,1 Daylight,1 Fine,1 Road-Dry,0 None,0 None,528920,183870,-0.142465,51.539019,,,Unknown,"(51.539019, -0.142465)",http://opendatacommunities.org/id/london-borough-council/camden,6882,21/12/2020 02:48:39 PM
1190187477,CAMDEN,1 DRIVER/RIDER,1 MALE,16-24,23,1,3 SLIGHT,'-2 NOT APPLICABLE,'-2 NOT APPLICABLE,2 PEDAL CYCLE,"On Prince Albert Road, near the junction with ALBERT TERRACE.",2,15/06/2019 09:45:00 PM,Saturday,21.45,3 BOR,A,5205,3 DUAL CWY,20,03 T/STAG JUN,2 AUTO SIG,5,0,0 NO XING FACILITY IN 50M,1 DARK,1 FINE,2 ROAD-WET,0 NONE,0 NONE,528081,183656,-0.154634,51.537287,,,Unknown,"(51.537287, -0.154634)",http://opendatacommunities.org/id/london-borough-council/camden,9100,21/12/2020 02:48:44 PM
1170050269,CAMDEN,3 Pedestrian,1 Male,16-24,21,1,3 Slight,01 Crossing Road On Ped Xing,9 Unknown Or Other,1 Pedestrian,JUDD STREET 25M S OF J/W EUSTON ROAD THE NEAREST CLASSIFIED ROAD W,1,18/07/2017 09:19:00 AM,Tuesday,9.19,3 Bor,B,504,6 Single Cwy,1 <= 20 MPH,0 No Jun In 20m,-2 Not Applicable,-2 Not Applicable,0,9 Unknown (S/R),1 Daylight,1 Fine,1 Road-Dry,9 Unknown (S/R),9 Unknown (S/R),530110,182755,-0.125728,51.528726,,,Unknown,"(51.528726, -0.125728)",http://opendatacommunities.org/id/london-borough-council/camden,7188,21/12/2020 02:48:40 PM
1190171673,CAMDEN,1 DRIVER/RIDER,1 MALE,25-59,42,2,3 SLIGHT,'-2 NOT APPLICABLE,'-2 NOT APPLICABLE,9 PRIVATE HIRE,"On finchley road, 5 metres north of the junction with Heath Drive.",2,28/03/2019 03:09:00 AM,Thursday,3.09,1 TLRN,A,41,3 DUAL CWY,30,03 T/STAG JUN,2 AUTO SIG,6,0,0 NO XING FACILITY IN 50M,1 DARK,1 FINE,1 ROAD-DRY,0 NONE,0 NONE,525487,185501,-0.191358,51.55445,,,Unknown,"(51.55445, -0.191358)",http://opendatacommunities.org/id/london-borough-council/camden,8885,21/12/2020 02:48:43 PM
1170033130,CAMDEN,2 Passenger,2 Female,60+,66,1,3 Slight,-2 Unknown,-2 N/A,6 Bus Or Coach,SHAFTESBURY AVENUE J/W EARLHAM STREET,1,21/04/2017 10:00:00 AM,Friday,10.00,3 Bor,A,401,3 Dual Cwy,1 <= 20 MPH,9 Other Jun,4 Give Way/Uncontrolled,Unclassified,0,0 No Xing Facility In 50m,1 Daylight,1 Fine,1 Road-Dry,0 None,0 None,529950,181070,-0.128654,51.51362,,,Unknown,"(51.51362, -0.128654)",http://opendatacommunities.org/id/london-borough-council/camden,6901,21/12/2020 02:48:39 PM
0115EK40036,CAMDEN,1 Driver/Rider,1 Male,25-59,26,1,3 Slight,-2 Unknown,-2 N/A,2 Pedal Cycle,YORK WAY J/W FREIGHT LANE,2,12/01/2015 06:45:00 PM,Monday,18.45,3 Bor,A,5200,6 Single Cwy,2 30 MPH,3 T/Stag Jun,4 Give Way/Uncontrolled,Unclassified,0,0 No Xing Facility In 50m,2 Dark,2 Raining,2 Road-Wet,0 None,0 None,530120,184090,-0.125091,51.540721,,,Unknown,"(51.540721, -0.125091)",http://opendatacommunities.org/id/london-borough-council/camden,4607,21/12/2020 02:48:35 PM
0115EK40527,CAMDEN,1 Driver/Rider,1 Male,25-59,41,1,3 Slight,-2 Unknown,-2 N/A,3 Powered 2 Wheeler,DUKE'S ROAD 32M SE OF EUSTON ROAD,2,01/07/2015 12:35:00 PM,Wednesday,12.35,3 Bor,Unclassified,0,6 Single Cwy,2 30 MPH,8 Priv Drive,4 Give Way/Uncontrolled,Unclassified,0,0 No Xing Facility In 50m,1 Daylight,1 Fine,1 Road-Dry,0 None,0 None,529850,182610,-0.129527,51.527483,,,Unknown,"(51.527483, -0.129527)",http://opendatacommunities.org/id/london-borough-council/camden,5016,21/12/2020 02:48:36 PM
1170010327,CAMDEN,3 Pedestrian,1 Male,25-59,48,1,3 Slight,05 Crossing Road (Not On Xing),2 From Drivers N/Side Msk,1 Pedestrian,HAMPSTEAD ROAD J/W WILLIAM ROAD,1,08/01/2017 06:15:00 PM,Sunday,18.15,1 TLRN,A,400,3 Dual Cwy,1 <= 20 MPH,3 T/Stag Jun,4 Give Way/Uncontrolled,Unclassified,0,0 No Xing Facility In 50m,2 Dark,1 Fine,2 Road-Wet,0 None,2 Other Object In Cwy,529220,182560,-0.138622,51.527178,,,Unknown,"(51.527178, -0.138622)",http://opendatacommunities.org/id/london-borough-council/camden,6561,21/12/2020 02:48:39 PM
1170059005,CAMDEN,1 Driver/Rider,1 Male,25-59,44,1,3 Slight,-2 Unknown,-2 N/A,3 Powered 2 Wheeler,HAWLEY ROAD 40M E CASTLEHAVEN RD,2,14/09/2017 08:40:00 AM,Thursday,8.40,3 Bor,C,0,2 One-Way St,1 <= 20 MPH,0 No Jun In 20m,-2 Not Applicable,-2 Not Applicable,0,0 No Xing Facility In 50m,1 Daylight,1 Fine,1 Road-Dry,4 Roadworks,2 Other Object In Cwy,528835,184300,-0.143533,51.542903,,,Unknown,"(51.542903, -0.143533)",http://opendatacommunities.org/id/london-borough-council/camden,7320,21/12/2020 02:48:40 PM
0116EK40061,CAMDEN,1 Driver/Rider,1 Male,25-59,52,1,3 Slight,-2 Unknown,-2 N/A,2 Pedal Cycle,ROYAL COLLEGE STREET J/W IVOR STREET,2,14/01/2016 06:15:00 PM,Thursday,18.15,3 Bor,A,5202,6 Single Cwy,2 30 MPH,3 T/Stag Jun,4 Give Way/Uncontrolled,Unclassified,0,0 No Xing Facility In 50m,2 Dark,1 Fine,1 Road-Dry,0 None,0 None,529130,184290,-0.139285,51.542746,,,Unknown,"(51.542746, -0.139285)",http://opendatacommunities.org/id/london-borough-council/camden,6029,21/12/2020 02:48:38 PM
1190159603,CAMDEN,1 DRIVER/RIDER,1 MALE,60+,82,2,3 SLIGHT,'-2 NOT APPLICABLE,'-2 NOT APPLICABLE,4 CAR,"On Well Road, near the junction with Cannon Place.",2,25/01/2019 05:21:00 PM,Friday,17.21,3 BOR,6,0,6 SINGLE CWY,20,03 T/STAG JUN,4 GIVE WAY/UNCONTROLLED,6,0,0 NO XING FACILITY IN 50M,1 DARK,1 FINE,2 ROAD-WET,0 NONE,0 NONE,526663,186100,-0.174189,51.559571,,,Unknown,"(51.559571, -0.174189)",http://opendatacommunities.org/id/london-borough-council/camden,8723,21/12/2020 02:48:43 PM
1190222978,CAMDEN,1 DRIVER/RIDER,1 MALE,25-59,45,1,3 SLIGHT,'-2 NOT APPLICABLE,9 UNKNOWN OR OTHER,3 POWERED 2 WHEELER,"On Flask Walk, near the junction with Lakis Close.",2,04/12/2019 02:40:00 PM,Wednesday,14.40,3 BOR,6,0,2 ONE-WAY ST,20,03 T/STAG JUN,9 UNKNOWN (S/R),6,0,0 NO XING FACILITY IN 50M,2 DAYLIGHT,1 FINE,1 ROAD-DRY,0 NONE,0 NONE,526537,185858,-0.176093,51.557424,,,Unknown,"(51.557424, -0.176093)",http://opendatacommunities.org/id/london-borough-council/camden,9587,21/12/2020 02:48:45 PM
1180081025,CAMDEN,2 Passenger,2 Female,25-59,27,1,3 Slight,-2 Unknown,-2 N/A,4 Car,THEOBALDS ROAD J/W RED LION STREET,2,01/01/2018 12:45:00 PM,Monday,12.45,3 Bor,A,401,6 Single Cwy,1 <= 20 MPH,6 Crossroads,2 Auto Sig,C,0,4 Pelican Or Similar,1 Daylight,1 Fine,1 Road-Dry,0 None,0 None,530690,181840,-0.117711,51.520369,,,Unknown,"(51.520369, -0.117711)",http://opendatacommunities.org/id/london-borough-council/camden,7645,21/12/2020 02:48:41 PM
1180120831,CAMDEN,1 Driver/Rider,1 Male,16-24,20,1,2 Serious,-2 Unknown,-2 N/A,2 Pedal Cycle,PRIMROSE HILL ROAD J/W KING HENRYS ROAD,2,13/07/2018 05:30:00 PM,Friday,17.30,3 Bor,C,0,6 Single Cwy,1 <= 20 MPH,3 T/Stag Jun,4 Give Way/Uncontrolled,Unclassified,0,0 No Xing Facility In 50m,1 Daylight,1 Fine,1 Road-Dry,0 None,0 None,527530,184200,-0.162377,51.5423,,,Unknown,"(51.5423, -0.162377)",http://opendatacommunities.org/id/london-borough-council/camden,8175,21/12/2020 02:48:42 PM
0115EK40059,CAMDEN,2 Passenger,2 Female,60+,88,1,3 Slight,-2 Unknown,-2 N/A,6 Bus Or Coach,BLOOMSBURY STREET J/W BEDFORD AVENUE,1,28/01/2015 05:41:00 PM,Wednesday,17.41,3 Bor,A,400,6 Single Cwy,2 30 MPH,3 T/Stag Jun,4 Give Way/Uncontrolled,Unclassified,0,0 No Xing Facility In 50m,2 Dark,1 Fine,1 Road-Dry,0 None,0 None,529950,181610,-0.128455,51.518473,,,Unknown,"(51.518473, -0.128455)",http://opendatacommunities.org/id/london-borough-council/camden,4626,21/12/2020 02:48:35 PM