Reference,London Borough Name,Casualty Class,Casualty Sex,Casualty Age Band,Casualty Age,Number Of Casualties,Casualty Severity,Pedestrian Location,Pedestrian Movement,Mode Of Travel,Attendant Location,Number Of Vehicles,Date,Day,Time,Highway,Road Class 1,Road Number 1,Road Type,Speed Limit,Junction Detail,Junction Control,Road Class 2,Road Number 2,Pedestrian Crossing,Light Condition Band,Weather,Road Surface,Special Conditions,Carriage Way Hazard,Easting,Northing,Longitude,Latitude,Ward Code,Ward Name,Spatial Accuracy,Location,Organisation URI,Socrata ID,Last Uploaded
1170066300,CAMDEN,3 Pedestrian,1 Male,25-59,26,1,3 Slight,04 Crossing Road Within 50m Xing,1 From Drivers N/Side,1 Pedestrian,OXFORD STREET J/W TOTTENHAM COURT ROAD,1,25/10/2017 05:14:00 AM,Wednesday,5.14,3 Bor,A,40,3 Dual Cwy,2 30 MPH,6 Crossroads,2 Auto Sig,A,40,5 Pedn Phase At Ats,2 Dark,1 Fine,1 Road-Dry,0 None,0 None,529812,181377,-0.130529,51.516411,,,Unknown,"(51.516411, -0.130529)",http://opendatacommunities.org/id/london-borough-council/camden,7454,21/12/2020 02:48:40 PM
0115EK40547,CAMDEN,1 Driver/Rider,1 Male,25-59,35,1,3 Slight,-2 Unknown,-2 N/A,3 Powered 2 Wheeler,ADELAIDE ROAD 36M W OF HAVERSTOCK HILL,2,06/07/2015 07:09:00 PM,Monday,19.09,3 Bor,B,509,6 Single Cwy,2 30 MPH,0 No Jun In 20m,-2 Not Applicable,-2 Not Applicable,0,0 No Xing Facility In 50m,1 Daylight,1 Fine,1 Road-Dry,0 None,0 None,528120,184390,-0.153805,51.543874,,,Unknown,"(51.543874, -0.153805)",http://opendatacommunities.org/id/london-borough-council/camden,5035,21/12/2020 02:48:36 PM
1170036093,CAMDEN,1 Driver/Rider,1 Male,25-59,43,1,3 Slight,-2 Unknown,-2 N/A,2 Pedal Cycle,SHAFTESBURY AVENUE J/W STACEY STREET,2,08/05/2017 04:30:00 PM,Monday,16.30,3 Bor,A,401,6 Single Cwy,1 <= 20 MPH,3 T/Stag Jun,4 Give Way/Uncontrolled,Unclassified,0,0 No Xing Facility In 50m,1 Daylight,1 Fine,1 Road-Dry,0 None,0 None,529980,181100,-0.128211,51.513883,,,Unknown,"(51.513883, -0.128211)",http://opendatacommunities.org/id/london-borough-council/camden,6944,21/12/2020 02:48:39 PM
1170010444,CAMDEN,3 Pedestrian,2 Female,25-59,25,1,3 Slight,01 Crossing Road On Ped Xing,9 Unknown Or Other,1 Pedestrian,EUSTON ROAD NW1 J/W PANCRAS ROAD NW1,1,09/01/2017 09:30:00 AM,Monday,9.30,1 TLRN,A,501,6 Single Cwy,1 <= 20 MPH,7 Multi Jun,2 Auto Sig,A,5202,5 Pedn Phase At Ats,1 Daylight,1 Fine,2 Road-Wet,0 None,0 None,530190,182920,-0.124514,51.530191,,,Unknown,"(51.530191, -0.124514)",http://opendatacommunities.org/id/london-borough-council/camden,6563,21/12/2020 02:48:39 PM
0116EK40430,CAMDEN,1 Driver/Rider,2 Female,16-24,22,1,3 Slight,-2 Unknown,-2 N/A,2 Pedal Cycle,FINCHLEY ROAD 100M N OF HILGROVE ROAD,2,20/06/2016 06:25:00 AM,Monday,6.25,1 TLRN,A,41,2 One-Way St,2 30 MPH,0 No Jun In 20m,-2 Not Applicable,-2 Not Applicable,0,0 No Xing Facility In 50m,1 Daylight,2 Raining,2 Road-Wet,0 None,0 None,526640,184200,-0.175204,51.5425,,,Unknown,"(51.5425, -0.175204)",http://opendatacommunities.org/id/london-borough-council/camden,6347,21/12/2020 02:48:38 PM
0116EK40618,CAMDEN,1 Driver/Rider,1 Male,60+,72,1,3 Slight,-2 Unknown,-2 N/A,3 Powered 2 Wheeler,CAMDEN STREET J/W CAMDEN GARDENS,2,26/08/2016 02:38:00 PM,Friday,14.38,3 Bor,A,400,2 One-Way St,2 30 MPH,3 T/Stag Jun,4 Give Way/Uncontrolled,Unclassified,0,0 No Xing Facility In 50m,1 Daylight,1 Fine,1 Road-Dry,0 None,0 None,529010,184170,-0.141058,51.541695,,,Unknown,"(51.541695, -0.141058)",http://opendatacommunities.org/id/london-borough-council/camden,6497,21/12/2020 02:48:39 PM
0115EK40775,CAMDEN,1 Driver/Rider,2 Female,25-59,41,1,3 Slight,-2 Unknown,-2 N/A,2 Pedal Cycle,OUTER CIRCLE 28M S OF CAMBRIDGE TERRACE,2,06/09/2015 10:05:00 AM,Sunday,10.05,3 Bor,Unclassified,0,6 Single Cwy,2 30 MPH,0 No Jun In 20m,-2 Not Applicable,-2 Not Applicable,0,0 No Xing Facility In 50m,1 Daylight,1 Fine,1 Road-Dry,0 None,0 None,528720,182550,-0.14583,51.527202,,,Unknown,"(51.527202, -0.14583)",http://opendatacommunities.org/id/london-borough-council/camden,5243,21/12/2020 02:48:37 PM
1160012714,CAMDEN,3 Pedestrian,2 Female,25-59,27,1,3 Slight,01 Crossing Road On Ped Xing,1 From Drivers N/Side,1 Pedestrian,"ON FLEET ROAD, NEAR THE JUNCTION WITH CRESSY ROAD .",1,01/09/2016 09:15:00 AM,Thursday,9.15,3 Bor,B,518,2 One-Way St,2 30 MPH,3 T/Stag Jun,4 Give Way/Uncontrolled,Unclassified,0,1 Zebra,1 Daylight,1 Fine,1 Road-Dry,0 None,0 None,527530,185450,-0.161924,51.553534,,,Unknown,"(51.553534, -0.161924)",http://opendatacommunities.org/id/london-borough-council/camden,5851,21/12/2020 02:48:38 PM
1170027557,CAMDEN,3 Pedestrian,2 Female,25-59,50,1,3 Slight,08 In Centre Of Carriageway,3 From Drivers O/Side,1 Pedestrian,GOWER STREET 150M S OF J/W EUSTON ROAD THE NEAREST CLASSIFIED ROAD,1,22/03/2017 01:40:00 PM,Wednesday,13.40,3 Bor,A,400,6 Single Cwy,1 <= 20 MPH,0 No Jun In 20m,-2 Not Applicable,-2 Not Applicable,0,0 No Xing Facility In 50m,1 Daylight,2 Raining,2 Road-Wet,0 None,0 None,529500,182240,-0.134706,51.524238,,,Unknown,"(51.524238, -0.134706)",http://opendatacommunities.org/id/london-borough-council/camden,6809,21/12/2020 02:48:39 PM
1180132421,CAMDEN,1 Driver/Rider,2 Female,25-59,51,1,3 Slight,-2 Unknown,-2 N/A,2 Pedal Cycle,CLEVELAND MEWS 25M N OF J/W HOWLAND STREET,2,11/09/2018 11:00:00 AM,Tuesday,11.00,3 Bor,Unclassified,0,2 One-Way St,2 30 MPH,0 No Jun In 20m,-2 Not Applicable,-2 Not Applicable,0,0 No Xing Facility In 50m,1 Daylight,1 Fine,1 Road-Dry,0 None,0 None,529240,181910,-0.138572,51.521332,,,Unknown,"(51.521332, -0.138572)",http://opendatacommunities.org/id/london-borough-council/camden,8322,21/12/2020 02:48:42 PM
1170017302,CAMDEN,1 Driver/Rider,1 Male,25-59,27,1,3 Slight,-2 Unknown,-2 N/A,3 Powered 2 Wheeler,SHAFTESBURY AVENUE J/W NEW OXFORD STREET,2,03/02/2017 06:00:00 PM,Friday,18.00,3 Bor,A,401,6 Single Cwy,1 <= 20 MPH,9 Other Jun,2 Auto Sig,A,40,0 No Xing Facility In 50m,2 Dark,2 Raining,2 Road-Wet,0 None,0 None,530120,181430,-0.126073,51.516816,,,Unknown,"(51.516816, -0.126073)",http://opendatacommunities.org/id/london-borough-council/camden,6660,21/12/2020 02:48:39 PM
1180101891,CAMDEN,2 Passenger,2 Female,25-59,58,1,3 Slight,-2 Unknown,-2 N/A,4 Car,HENDON WAY J/W FINCHLEY ROAD,4,15/04/2018 03:30:00 PM,Sunday,15.30,1 TLRN,A,41,3 Dual Cwy,3 40 MPH,3 T/Stag Jun,2 Auto Sig,A,598,5 Pedn Phase At Ats,1 Daylight,2 Raining,2 Road-Wet,0 None,0 None,525081,186057,-0.197014,51.559537,,,Unknown,"(51.559537, -0.197014)",http://opendatacommunities.org/id/london-borough-council/camden,7888,21/12/2020 02:48:41 PM
1170020691,CAMDEN,1 Driver/Rider,1 Male,16-24,18,1,3 Slight,-2 Unknown,-2 N/A,3 Powered 2 Wheeler,BROADHURST GARDENS NW6 21M N OF J/W WEST HAMPSTEAD MEWS  NW6,2,23/02/2017 08:35:00 PM,Thursday,20.35,3 Bor,C,0,2 One-Way St,2 30 MPH,0 No Jun In 20m,-2 Not Applicable,-2 Not Applicable,0,0 No Xing Facility In 50m,2 Dark,1 Fine,1 Road-Dry,0 None,0 None,525630,184610,-0.189615,51.546411,,,Unknown,"(51.546411, -0.189615)",http://opendatacommunities.org/id/london-borough-council/camden,6711,21/12/2020 02:48:39 PM
0115EK41097,CAMDEN,1 Driver/Rider,2 Female,25-59,50,1,3 Slight,-2 Unknown,-2 N/A,2 Pedal Cycle,SOUTHAMPTON ROW J/W THEOBALDS ROAD,2,09/12/2015 05:25:00 PM,Wednesday,17.25,3 Bor,A,4200,6 Single Cwy,2 30 MPH,6 Crossroads,2 Auto Sig,A,401,5 Pedn Phase At Ats,2 Dark,1 Fine,2 Road-Wet,0 None,0 None,530460,181670,-0.121087,51.518895,,,Unknown,"(51.518895, -0.121087)",http://opendatacommunities.org/id/london-borough-council/camden,5502,21/12/2020 02:48:37 PM
1180142124,CAMDEN,1 Driver/Rider,1 Male,25-59,55,1,3 Slight,-2 Unknown,-2 N/A,3 Powered 2 Wheeler,PARK SQUARE EAST J/W OUTER CIRCLE,2,30/10/2018 07:00:00 AM,Tuesday,7.00,3 Bor,Unclassified,0,6 Single Cwy,1 <= 20 MPH,3 T/Stag Jun,4 Give Way/Uncontrolled,Unclassified,0,0 No Xing Facility In 50m,1 Daylight,1 Fine,1 Road-Dry,0 None,0 None,528730,182330,-0.145766,51.525223,,,Unknown,"(51.525223, -0.145766)",http://opendatacommunities.org/id/london-borough-council/camden,8478,21/12/2020 02:48:43 PM
1180154059,CAMDEN,3 Pedestrian,2 Female,60+,69,1,3 Slight,07 On Refuge,9 Unknown Or Other,1 Pedestrian,FINCHLEY ROAD J/W ESTATE EXIT ONTO FINCHLEY ROAD,1,23/12/2018 09:55:00 PM,Sunday,21.55,1 TLRN,A,41,3 Dual Cwy,2 30 MPH,8 Priv Drive,4 Give Way/Uncontrolled,Unclassified,0,8 Central Refuge,2 Dark,2 Raining,2 Road-Wet,0 None,0 None,525410,185550,-0.192451,51.554907,,,Unknown,"(51.554907, -0.192451)",http://opendatacommunities.org/id/london-borough-council/camden,8639,21/12/2020 02:48:43 PM
0115EK40265,CAMDEN,1 Driver/Rider,1 Male,60+,69,1,3 Slight,-2 Unknown,-2 N/A,2 Pedal Cycle,PARKWAY J/W ALBERT STREET,2,09/04/2015 03:00:00 PM,Thursday,15.00,3 Bor,A,4201,6 Single Cwy,2 30 MPH,3 T/Stag Jun,4 Give Way/Uncontrolled,Unclassified,0,0 No Xing Facility In 50m,1 Daylight,1 Fine,1 Road-Dry,0 None,0 None,528750,183730,-0.144966,51.5378,,,Unknown,"(51.5378, -0.144966)",http://opendatacommunities.org/id/london-borough-council/camden,4794,21/12/2020 02:48:36 PM
1170044234,CAMDEN,1 Driver/Rider,1 Male,25-59,32,1,3 Slight,-2 Unknown,-2 N/A,3 Powered 2 Wheeler,FINCHLEY ROAD 75M S OF J/W CANFIELD GARDENS,2,21/06/2017 03:18:00 PM,Wednesday,15.18,1 TLRN,A,41,3 Dual Cwy,6 70 MPH,0 No Jun In 20m,-2 Not Applicable,-2 Not Applicable,0,0 No Xing Facility In 50m,1 Daylight,1 Fine,1 Road-Dry,0 None,0 None,526340,184640,-0.17937,51.546522,,,Unknown,"(51.546522, -0.17937)",http://opendatacommunities.org/id/london-borough-council/camden,7067,21/12/2020 02:48:40 PM
1170061313,CAMDEN,1 Driver/Rider,1 Male,25-59,48,1,3 Slight,-2 Unknown,-2 N/A,3 Powered 2 Wheeler,THEOBALDS ROAD J/W BOSWELL STREET,2,27/09/2017 09:00:00 PM,Wednesday,21.00,3 Bor,A,401,2 One-Way St,1 <= 20 MPH,3 T/Stag Jun,4 Give Way/Uncontrolled,A,40,4 Pelican Or Similar,2 Dark,2 Raining,2 Road-Wet,0 None,0 None,530530,181750,-0.120049,51.519598,,,Unknown,"(51.519598, -0.120049)",http://opendatacommunities.org/id/london-borough-council/camden,7352,21/12/2020 02:48:40 PM
1180139180,CAMDEN,1 Driver/Rider,1 Male,25-59,26,1,3 Slight,-2 Unknown,-2 N/A,3 Powered 2 Wheeler,NFL PRINCE OF WALES ROAD 30M E OF J/W RYLAND ROAD,1,15/10/2018 02:00:00 PM,Monday,14.00,3 Bor,C,0,6 Single Cwy,2 30 MPH,0 No Jun In 20m,-2 Not Applicable,-2 Not Applicable,0,4 Pelican Or Similar,1 Daylight,1 Fine,2 Road-Wet,6 Oil Or Diesel,0 None,528730,184710,-0.144896,51.546611,,,Unknown,"(51.546611, -0.144896)",http://opendatacommunities.org/id/london-borough-council/camden,8435,21/12/2020 02:48:43 PM
0116EK40541,CAMDEN,1 Driver/Rider,1 Male,16-24,22,1,2 Serious,-2 Unknown,-2 N/A,2 Pedal Cycle,CAMDEN ROAD J/W CAMDEN PARK ROAD,2,27/07/2016 07:00:00 AM,Wednesday,7.00,1 TLRN,A,503,6 Single Cwy,2 30 MPH,6 Crossroads,2 Auto Sig,A,5200,5 Pedn Phase At Ats,1 Daylight,9 Unknown,1 Road-Dry,0 None,0 None,529720,184870,-0.130568,51.547823,,,Unknown,"(51.547823, -0.130568)",http://opendatacommunities.org/id/london-borough-council/camden,6438,21/12/2020 02:48:38 PM
0115EK40422,CAMDEN,3 Pedestrian,2 Female,60+,67,1,3 Slight,05 Crossing Road (Not On Xing),3 From Drivers O/Side,1 Pedestrian,CANFIELD GARDENS J/W COMPAYNE GARDENS,1,29/05/2015 09:00:00 AM,Friday,9.00,3 Bor,Unclassified,0,6 Single Cwy,2 30 MPH,3 T/Stag Jun,4 Give Way/Uncontrolled,Unclassified,0,0 No Xing Facility In 50m,1 Daylight,1 Fine,1 Road-Dry,0 None,0 None,526180,184570,-0.181701,51.545929,,,Unknown,"(51.545929, -0.181701)",http://opendatacommunities.org/id/london-borough-council/camden,4915,21/12/2020 02:48:36 PM
1160006549,CAMDEN,1 Driver/Rider,1 Male,25-59,40,1,3 Slight,-2 Unknown,-2 N/A,4 Car,PRIMROSE HILL ROAD 21M S OF J/W SOUTH FELLOWS ROAD,2,27/11/2016 01:15:00 PM,Sunday,13.15,3 Bor,C,0,6 Single Cwy,2 30 MPH,0 No Jun In 20m,-2 Not Applicable,-2 Not Applicable,0,5 Pedn Phase At Ats,1 Daylight,1 Fine,1 Road-Dry,0 None,0 None,527500,184410,-0.162733,51.544194,,,Unknown,"(51.544194, -0.162733)",http://opendatacommunities.org/id/london-borough-council/camden,5768,21/12/2020 02:48:37 PM
1180141073,CAMDEN,1 Driver/Rider,1 Male,25-59,46,1,3 Slight,-2 Unknown,-2 N/A,4 Car,PLATT'S LANE J/W FINCHLEY ROAD,2,24/10/2018 03:53:00 PM,Wednesday,15.53,1 TLRN,C,0,3 Dual Cwy,3 40 MPH,6 Crossroads,2 Auto Sig,A,41,0 No Xing Facility In 50m,1 Daylight,1 Fine,1 Road-Dry,0 None,0 None,525170,185870,-0.195797,51.557837,,,Unknown,"(51.557837, -0.195797)",http://opendatacommunities.org/id/london-borough-council/camden,8465,21/12/2020 02:48:43 PM
1190158856,CAMDEN,1 DRIVER/RIDER,1 MALE,60+,66,2,3 SLIGHT,'-2 NOT APPLICABLE,'-2 NOT APPLICABLE,7 GOODS VEHICLE,"On Bloomsbury Street, near the junction with streatham street.",2,22/01/2019 10:05:00 AM,Tuesday,10.05,3 BOR,A,400,2 ONE-WAY ST,20,06 CROSSROADS,4 GIVE WAY/UNCONTROLLED,6,0,5 PEDN PHASE AT ATS,2 DAYLIGHT,1 FINE,1 ROAD-DRY,0 NONE,0 NONE,530036,181481,-0.127264,51.517294,,,Unknown,"(51.517294, -0.127264)",http://opendatacommunities.org/id/london-borough-council/camden,8713,21/12/2020 02:48:43 PM
1170068075,CAMDEN,3 Pedestrian,1 Male,25-59,50,1,3 Slight,04 Crossing Road Within 50m Xing,3 From Drivers O/Side,1 Pedestrian,KILBURN HIGH ROAD NW6 J/W PRIORY PARK ROAD NW6,1,03/11/2017 06:00:00 PM,Friday,18.00,3 Bor,A,5,6 Single Cwy,2 30 MPH,3 T/Stag Jun,4 Give Way/Uncontrolled,Unclassified,0,4 Pelican Or Similar,2 Dark,1 Fine,1 Road-Dry,0 None,0 None,525178,183945,-0.196366,51.540535,,,Unknown,"(51.540535, -0.196366)",http://opendatacommunities.org/id/london-borough-council/camden,7480,21/12/2020 02:48:40 PM
1180087892,CAMDEN,2 Passenger,1 Male,25-59,54,1,3 Slight,-2 Unknown,-2 N/A,6 Bus Or Coach,RUSSELL SQUARE J/W WOBURN ROAD,1,31/01/2018 06:31:00 PM,Wednesday,18.31,3 Bor,A,4200,6 Single Cwy,2 30 MPH,6 Crossroads,2 Auto Sig,A,4200,5 Pedn Phase At Ats,2 Dark,2 Raining,2 Road-Wet,0 None,0 None,530140,182060,-0.125552,51.522473,,,Unknown,"(51.522473, -0.125552)",http://opendatacommunities.org/id/london-borough-council/camden,7722,21/12/2020 02:48:41 PM
1190217817,CAMDEN,1 DRIVER/RIDER,1 MALE,25-59,53,1,3 SLIGHT,'-2 NOT APPLICABLE,'-2 NOT APPLICABLE,3 POWERED 2 WHEELER,"On Pentonville Road, near the junction with YORK WAY.",2,12/11/2019 11:25:00 AM,Tuesday,11.25,1 TLRN,A,501,2 ONE-WAY ST,20,03 T/STAG JUN,2 AUTO SIG,A,5200,4 PELICAN OR SIMILAR,2 DAYLIGHT,2 RAINING,2 ROAD-WET,0 NONE,2 OTHER OBJECT IN CWY,530351,182992,-0.122168,51.5308,,,Unknown,"(51.5308, -0.122168)",http://opendatacommunities.org/id/london-borough-council/camden,9511,21/12/2020 02:48:44 PM
0115CW11317,CAMDEN,3 Pedestrian,1 Male,25-59,53,1,3 Slight,05 Crossing Road (Not On Xing),3 From Drivers O/Side,1 Pedestrian,HANWAY STREET 20M SOUTH WEST J/W TOTTENHAM COURT ROAD,1,03/09/2015 08:23:00 AM,Thursday,8.23,3 Bor,A,400,6 Single Cwy,2 30 MPH,3 T/Stag Jun,4 Give Way/Uncontrolled,A,400,0 No Xing Facility In 50m,1 Daylight,1 Fine,1 Road-Dry,0 None,0 None,529770,181440,-0.131111,51.516987,,,Unknown,"(51.516987, -0.131111)",http://opendatacommunities.org/id/london-borough-council/camden,4572,21/12/2020 02:48:35 PM
1180146664,CAMDEN,1 Driver/Rider,1 Male,60+,67,1,3 Slight,-2 Unknown,-2 N/A,4 Car,FINCHLEY ROAD J/W BLACKBURN ROAD,2,19/11/2018 08:20:00 PM,Monday,20.20,1 TLRN,A,41,3 Dual Cwy,2 30 MPH,7 Multi Jun,2 Auto Sig,Unclassified,0,5 Pedn Phase At Ats,2 Dark,8 Other,2 Road-Wet,0 None,0 None,526225,184841,-0.180956,51.548354,,,Unknown,"(51.548354, -0.180956)",http://opendatacommunities.org/id/london-borough-council/camden,8534,21/12/2020 02:48:43 PM
0116EK40003,CAMDEN,1 Driver/Rider,1 Male,25-59,40,1,3 Slight,-2 Unknown,-2 N/A,2 Pedal Cycle,WOBURN PLACE J/W CORAM STREET,2,11/01/2016 06:55:00 AM,Monday,6.55,3 Bor,A,4200,6 Single Cwy,2 30 MPH,3 T/Stag Jun,4 Give Way/Uncontrolled,Unclassified,0,0 No Xing Facility In 50m,2 Dark,1 Fine,1 Road-Dry,0 None,0 None,530040,182200,-0.126941,51.523755,,,Unknown,"(51.523755, -0.126941)",http://opendatacommunities.org/id/london-borough-council/camden,5978,21/12/2020 02:48:38 PM
0115EK41082,CAMDEN,1 Driver/Rider,1 Male,25-59,32,1,3 Slight,-2 Unknown,-2 N/A,4 Car,ADELAIDE ROAD J/W WINCHESTER ROAD.,3,06/12/2015 01:05:00 PM,Sunday,13.05,3 Bor,B,509,6 Single Cwy,1 <= 20 MPH,6 Crossroads,2 Auto Sig,Unclassified,0,5 Pedn Phase At Ats,1 Daylight,1 Fine,1 Road-Dry,0 None,0 None,526890,184150,-0.171619,51.541995,,,Unknown,"(51.541995, -0.171619)",http://opendatacommunities.org/id/london-borough-council/camden,5490,21/12/2020 02:48:37 PM
0115EK40494,CAMDEN,3 Pedestrian,1 Male,16-24,21,1,3 Slight,09 In Road - Not Crossing,9 Unknown Or Other,1 Pedestrian,CAMDEN HIGH STREET J/W JAMESTOWN ROAD,1,21/06/2015 04:00:00 PM,Sunday,16.00,3 Bor,A,502,2 One-Way St,2 30 MPH,3 T/Stag Jun,2 Auto Sig,C,0,5 Pedn Phase At Ats,1 Daylight,1 Fine,1 Road-Dry,0 None,0 None,528790,184060,-0.144269,51.540756,,,Unknown,"(51.540756, -0.144269)",http://opendatacommunities.org/id/london-borough-council/camden,4985,21/12/2020 02:48:36 PM
0116EK40410,CAMDEN,2 Passenger,2 Female,60+,73,1,3 Slight,-2 Unknown,-2 N/A,6 Bus Or Coach,KILBURN HIGH ROAD 24M SE OF BRONDESBURY VILLAS,1,13/06/2016 04:38:00 PM,Monday,16.38,3 Bor,A,5,6 Single Cwy,2 30 MPH,0 No Jun In 20m,-2 Not Applicable,-2 Not Applicable,0,0 No Xing Facility In 50m,1 Daylight,1 Fine,1 Road-Dry,0 None,0 None,525410,183620,-0.193138,51.537562,,,Unknown,"(51.537562, -0.193138)",http://opendatacommunities.org/id/london-borough-council/camden,6328,21/12/2020 02:48:38 PM
1180089370,CAMDEN,1 Driver/Rider,1 Male,16-24,24,1,3 Slight,-2 Unknown,-2 N/A,5 Taxi,OXFORD STREET J/W CHARING CROSS ROAD,2,10/02/2018 07:29:00 PM,Saturday,19.29,3 Bor,A,40,6 Single Cwy,1 <= 20 MPH,7 Multi Jun,2 Auto Sig,A,400,5 Pedn Phase At Ats,2 Dark,2 Raining,2 Road-Wet,0 None,0 None,529809,181376,-0.130572,51.516402,,,Unknown,"(51.516402, -0.130572)",http://opendatacommunities.org/id/london-borough-council/camden,7736,21/12/2020 02:48:41 PM
1190188180,CAMDEN,1 DRIVER/RIDER,1 MALE,16-24,17,1,3 SLIGHT,'-2 NOT APPLICABLE,'-2 NOT APPLICABLE,3 POWERED 2 WHEELER,"On Delancey Street, near the junction with Arlington road.",2,01/06/2019 09:30:00 PM,Saturday,21.30,3 BOR,A,503,2 ONE-WAY ST,20,06 CROSSROADS,9 UNKNOWN (S/R),6,0,5 PEDN PHASE AT ATS,1 DARK,1 FINE,1 ROAD-DRY,0 NONE,0 NONE,528928,183620,-0.142441,51.536771,,,Unknown,"(51.536771, -0.142441)",http://opendatacommunities.org/id/london-borough-council/camden,9113,21/12/2020 02:48:44 PM
0116EK40557,CAMDEN,1 Driver/Rider,1 Male,16-24,22,1,3 Slight,-2 Unknown,-2 N/A,3 Powered 2 Wheeler,CHALK FARM ROAD 35M SE OF J/W FERDINAND STREET,2,01/08/2016 03:15:00 PM,Monday,15.15,3 Bor,A,502,6 Single Cwy,2 30 MPH,0 No Jun In 20m,-2 Not Applicable,-2 Not Applicable,0,5 Pedn Phase At Ats,1 Daylight,9 Unknown,1 Road-Dry,0 None,0 None,528480,184280,-0.148656,51.542804,,,Unknown,"(51.542804, -0.148656)",http://opendatacommunities.org/id/london-borough-council/camden,6450,21/12/2020 02:48:38 PM
0115EK40648,CAMDEN,1 Driver/Rider,1 Male,25-59,43,1,3 Slight,-2 Unknown,-2 N/A,3 Powered 2 Wheeler,ROYAL COLLEGE STREET J/W PRATT STREET,2,30/07/2015 03:18:00 PM,Thursday,15.18,3 Bor,A,5202,6 Single Cwy,2 30 MPH,6 Crossroads,4 Give Way/Uncontrolled,C,0,1 Zebra,1 Daylight,1 Fine,1 Road-Dry,0 None,0 None,529360,183890,-0.136117,51.539098,,,Unknown,"(51.539098, -0.136117)",http://opendatacommunities.org/id/london-borough-council/camden,5123,21/12/2020 02:48:36 PM
1170013310,CAMDEN,3 Pedestrian,1 Male,Unknown,0,1,3 Slight,01 Crossing Road On Ped Xing,1 From Drivers N/Side,1 Pedestrian,PRINCESS ROAD J/W REGENTS PARK ROAD,1,09/01/2017 07:20:00 PM,Monday,19.20,3 Bor,C,0,6 Single Cwy,2 30 MPH,3 T/Stag Jun,9 Unknown (S/R),C,0,1 Zebra,2 Dark,1 Fine,1 Road-Dry,0 None,0 None,528210,183760,-0.152737,51.538192,,,Unknown,"(51.538192, -0.152737)",http://opendatacommunities.org/id/london-borough-council/camden,6603,21/12/2020 02:48:39 PM
0116EO40407,CAMDEN,1 Driver/Rider,1 Male,16-24,21,1,3 Slight,-2 Unknown,-2 N/A,3 Powered 2 Wheeler,COPENHAGEN STREET 21M EAST OF J/W YORK WAY,2,12/06/2016 07:20:00 PM,Sunday,19.20,3 Bor,B,154,6 Single Cwy,2 30 MPH,5 Slip Road,4 Give Way/Uncontrolled,A,5200,0 No Xing Facility In 50m,1 Daylight,1 Fine,1 Road-Dry,0 None,0 None,530330,183670,-0.12222,51.536898,,,Unknown,"(51.536898, -0.12222)",http://opendatacommunities.org/id/london-borough-council/camden,6534,21/12/2020 02:48:39 PM
1170048737,CAMDEN,1 Driver/Rider,1 Male,25-59,27,1,3 Slight,-2 Unknown,-2 N/A,3 Powered 2 Wheeler,ACACIA ROAD J/W AVENUE ROAD,2,17/07/2017 06:50:00 AM,Monday,6.50,3 Bor,C,0,6 Single Cwy,2 30 MPH,3 T/Stag Jun,4 Give Way/Uncontrolled,B,525,0 No Xing Facility In 50m,1 Daylight,1 Fine,1 Road-Dry,0 None,0 None,527140,183700,-0.168179,51.537895,,,Unknown,"(51.537895, -0.168179)",http://opendatacommunities.org/id/london-borough-council/camden,7158,21/12/2020 02:48:40 PM
0115EK41155,CAMDEN,1 Driver/Rider,1 Male,25-59,41,1,3 Slight,-2 Unknown,-2 N/A,5 Taxi,NFL - RUSSELL SQUARE J/W BERNARD STREET.,2,25/12/2015 07:10:00 AM,Friday,7.10,3 Bor,A,4200,6 Single Cwy,2 30 MPH,6 Crossroads,2 Auto Sig,B,504,5 Pedn Phase At Ats,2 Dark,1 Fine,1 Road-Dry,0 None,0 None,530120,182080,-0.125833,51.522658,,,Unknown,"(51.522658, -0.125833)",http://opendatacommunities.org/id/london-borough-council/camden,5556,21/12/2020 02:48:37 PM
1190227010,CAMDEN,3 PEDESTRIAN,1 MALE,25-59,55,1,3 SLIGHT,01 CROSSING ROAD ON PED XING,'-2 NOT APPLICABLE,1 PEDESTRIAN,"On Rackstraw House, 20 metres east of the junction with Primrose Hill Road Adelaine Road",1,23/12/2019 07:05:00 AM,Monday,7.05,3 BOR,B,509,6 SINGLE CWY,30,06 CROSSROADS,9 UNKNOWN (S/R),5,0,5 PEDN PHASE AT ATS,2 DAYLIGHT,1 FINE,1 ROAD-DRY,0 NONE,0 NONE,527513,184355,-0.162566,51.543697,,,Unknown,"(51.543697, -0.162566)",http://opendatacommunities.org/id/london-borough-council/camden,9649,21/12/2020 02:48:45 PM
1190172960,CAMDEN,1 DRIVER/RIDER,1 MALE,25-59,26,1,3 SLIGHT,'-2 NOT APPLICABLE,'-2 NOT APPLICABLE,2 PEDAL CYCLE,"On Camden Road, near the junction with Sandell Road.",2,02/04/2019 09:10:00 AM,Tuesday,9.10,1 TLRN,A,503,6 SINGLE CWY,30,03 T/STAG JUN,9 UNKNOWN (S/R),6,0,9 UNKNOWN (S/R),2 DAYLIGHT,1 FINE,2 ROAD-WET,0 NONE,0 NONE,529517,184623,-0.133585,51.54565,,,Unknown,"(51.54565, -0.133585)",http://opendatacommunities.org/id/london-borough-council/camden,8901,21/12/2020 02:48:44 PM