Reference,London Borough Name,Casualty Class,Casualty Sex,Casualty Age Band,Casualty Age,Number Of Casualties,Casualty Severity,Pedestrian Location,Pedestrian Movement,Mode Of Travel,Attendant Location,Number Of Vehicles,Date,Day,Time,Highway,Road Class 1,Road Number 1,Road Type,Speed Limit,Junction Detail,Junction Control,Road Class 2,Road Number 2,Pedestrian Crossing,Light Condition Band,Weather,Road Surface,Special Conditions,Carriage Way Hazard,Easting,Northing,Longitude,Latitude,Ward Code,Ward Name,Spatial Accuracy,Location,Organisation URI,Socrata ID,Last Uploaded
1190159937,CAMDEN,1 DRIVER/RIDER,1 MALE,25-59,37,1,3 SLIGHT,'-2 NOT APPLICABLE,'-2 NOT APPLICABLE,2 PEDAL CYCLE,"On Pond Street, near the junction with South End road.",2,28/01/2019 06:18:00 AM,Monday,6.18,3 BOR,B,518,6 SINGLE CWY,30,06 CROSSROADS,3 STOP SIGN,5,0,1 ZEBRA,1 DARK,1 FINE,1 ROAD-DRY,0 NONE,0 NONE,527306,185515,-0.16513,51.554169,,,Unknown,"(51.554169, -0.16513)",http://opendatacommunities.org/id/london-borough-council/camden,8732,21/12/2020 02:48:43 PM
0115EK41140,CAMDEN,1 Driver/Rider,1 Male,25-59,42,1,3 Slight,-2 Unknown,-2 N/A,3 Powered 2 Wheeler,CHALK FARM ROAD 30M SE OF BELMONT STREET,2,18/12/2015 09:59:00 AM,Friday,9.59,3 Bor,A,502,6 Single Cwy,1 <= 20 MPH,0 No Jun In 20m,-2 Not Applicable,-2 Not Applicable,0,0 No Xing Facility In 50m,1 Daylight,1 Fine,1 Road-Dry,0 None,0 None,528310,184330,-0.151088,51.543292,,,Unknown,"(51.543292, -0.151088)",http://opendatacommunities.org/id/london-borough-council/camden,5544,21/12/2020 02:48:37 PM
0116EK40189,CAMDEN,3 Pedestrian,2 Female,25-59,26,1,3 Slight,05 Crossing Road (Not On Xing),2 From Drivers N/Side Msk,1 Pedestrian,"NFL - PANCRAS ROAD, 100 METRES NW OF EUSTON ROAD.",1,29/03/2016 05:05:00 PM,Tuesday,17.05,3 Bor,A,5202,6 Single Cwy,2 30 MPH,0 No Jun In 20m,-2 Not Applicable,-2 Not Applicable,0,0 No Xing Facility In 50m,1 Daylight,2 Raining,2 Road-Wet,0 None,0 None,530160,182980,-0.124924,51.530737,,,Unknown,"(51.530737, -0.124924)",http://opendatacommunities.org/id/london-borough-council/camden,6134,21/12/2020 02:48:38 PM
0115EK40395,CAMDEN,3 Pedestrian,1 Male,25-59,44,1,3 Slight,05 Crossing Road (Not On Xing),1 From Drivers N/Side,1 Pedestrian,RAGLAN STREET J/W HOLMES ROAD,1,20/05/2015 03:10:00 PM,Wednesday,15.10,3 Bor,Unclassified,0,6 Single Cwy,2 30 MPH,3 T/Stag Jun,4 Give Way/Uncontrolled,Unclassified,0,0 No Xing Facility In 50m,1 Daylight,1 Fine,1 Road-Dry,0 None,0 None,528910,185020,-0.142188,51.549356,,,Unknown,"(51.549356, -0.142188)",http://opendatacommunities.org/id/london-borough-council/camden,4895,21/12/2020 02:48:36 PM
1180128520,CAMDEN,3 Pedestrian,1 Male,16-24,24,1,2 Serious,06 On Footpath - Verge,9 Unknown Or Other,1 Pedestrian,PLENDER STREET 15M W OF J/W CAMDEN ST NW1,1,22/08/2018 09:52:00 PM,Wednesday,21.52,1 TLRN,Unclassified,0,6 Single Cwy,2 30 MPH,6 Crossroads,4 Give Way/Uncontrolled,A,400,0 No Xing Facility In 50m,2 Dark,1 Fine,1 Road-Dry,0 None,0 None,529311,183663,-0.136906,51.53707,,,Unknown,"(51.53707, -0.136906)",http://opendatacommunities.org/id/london-borough-council/camden,8265,21/12/2020 02:48:42 PM
1170054411,CAMDEN,1 Driver/Rider,1 Male,25-59,45,1,3 Slight,-2 Unknown,-2 N/A,3 Powered 2 Wheeler,GRAYS INN ROAD 30M W OF J/W EUSTON ROAD THE NEAREST CLASSIFIED ROA,2,18/08/2017 08:30:00 AM,Friday,8.30,1 TLRN,A,501,2 One-Way St,1 <= 20 MPH,0 No Jun In 20m,-2 Not Applicable,-2 Not Applicable,0,0 No Xing Facility In 50m,1 Daylight,1 Fine,1 Road-Dry,0 None,0 None,530390,182940,-0.121625,51.530324,,,Unknown,"(51.530324, -0.121625)",http://opendatacommunities.org/id/london-borough-council/camden,7254,21/12/2020 02:48:40 PM
1170080934,CAMDEN,2 Passenger,2 Female,Unknown,0,1,3 Slight,-2 Unknown,-2 N/A,4 Car,CAMDEN ROAD 50M W OF J/W CANAL BOULEVARD,2,31/12/2017 01:00:00 PM,Sunday,13.00,1 TLRN,A,503,6 Single Cwy,2 30 MPH,0 No Jun In 20m,-2 Not Applicable,-2 Not Applicable,0,8 Central Refuge,1 Daylight,1 Fine,2 Road-Wet,0 None,0 None,529650,184770,-0.131614,51.54694,,,Unknown,"(51.54694, -0.131614)",http://opendatacommunities.org/id/london-borough-council/camden,7637,21/12/2020 02:48:41 PM
1190182610,CAMDEN,1 DRIVER/RIDER,1 MALE,25-59,37,1,2 SERIOUS,'-2 NOT APPLICABLE,'-2 NOT APPLICABLE,2 PEDAL CYCLE,"On Castlehaven Road, 33 metres south of the junction with Hawley road.",1,22/05/2019 09:10:00 PM,Wednesday,21.10,3 BOR,5,0,2 ONE-WAY ST,20,00 NO JUN IN 20M,,0,0,0 NO XING FACILITY IN 50M,1 DARK,1 FINE,1 ROAD-DRY,0 NONE,0 NONE,528757,184266,-0.144669,51.542615,,,Unknown,"(51.542615, -0.144669)",http://opendatacommunities.org/id/london-borough-council/camden,9032,21/12/2020 02:48:44 PM
0115EK40710,CAMDEN,1 Driver/Rider,1 Male,25-59,33,1,3 Slight,-2 Unknown,-2 N/A,3 Powered 2 Wheeler,PRINCE OF WALES ROAD J/W GRAFTON ROAD,2,13/08/2015 04:00:00 PM,Thursday,16.00,3 Bor,C,0,6 Single Cwy,2 30 MPH,3 T/Stag Jun,4 Give Way/Uncontrolled,C,0,4 Pelican Or Similar,1 Daylight,2 Raining,2 Road-Wet,0 None,0 None,528760,184710,-0.144464,51.546605,,,Unknown,"(51.546605, -0.144464)",http://opendatacommunities.org/id/london-borough-council/camden,5182,21/12/2020 02:48:37 PM
1160003514,CAMDEN,1 Driver/Rider,1 Male,25-59,30,1,3 Slight,-2 Unknown,-2 N/A,5 Taxi,OAKLEY SQUARE NW1 J/W CROWNDALE ROAD NW1,2,26/11/2016 02:40:00 AM,Saturday,2.40,1 TLRN,A,400,6 Single Cwy,2 30 MPH,9 Other Jun,2 Auto Sig,B,512,0 No Xing Facility In 50m,2 Dark,1 Fine,1 Road-Dry,0 None,0 None,529420,183460,-0.13541,51.53522,,,Unknown,"(51.53522, -0.13541)",http://opendatacommunities.org/id/london-borough-council/camden,5701,21/12/2020 02:48:37 PM
1160012757,CAMDEN,1 Driver/Rider,1 Male,25-59,37,1,3 Slight,-2 Unknown,-2 N/A,3 Powered 2 Wheeler,"ON CAMDEN ROAD , NEAR THE JUNCTION WITH BAYHAM STREET .",2,13/09/2016 06:30:00 PM,Tuesday,18.30,1 TLRN,A,503,6 Single Cwy,2 30 MPH,3 T/Stag Jun,2 Auto Sig,A,503,0 No Xing Facility In 50m,1 Daylight,1 Fine,1 Road-Dry,0 None,0 None,528960,183940,-0.141863,51.539639,,,Unknown,"(51.539639, -0.141863)",http://opendatacommunities.org/id/london-borough-council/camden,5857,21/12/2020 02:48:38 PM
1190204104,CAMDEN,1 DRIVER/RIDER,1 MALE,25-59,46,4,3 SLIGHT,'-2 NOT APPLICABLE,'-2 NOT APPLICABLE,4 CAR,"On Vernon Place , near the junction with Southampton place.",3,08/09/2019 08:00:00 PM,Sunday,20.00,3 BOR,A,40,2 ONE-WAY ST,20,03 T/STAG JUN,4 GIVE WAY/UNCONTROLLED,5,0,4 PELICAN OR SIMILAR,1 DARK,1 FINE,1 ROAD-DRY,0 NONE,0 NONE,530372,181613,-0.122375,51.518403,,,Unknown,"(51.518403, -0.122375)",http://opendatacommunities.org/id/london-borough-council/camden,9344,21/12/2020 02:48:44 PM
1180105883,CAMDEN,3 Pedestrian,1 Male,25-59,46,1,3 Slight,04 Crossing Road Within 50m Xing,3 From Drivers O/Side,1 Pedestrian,CAMDEN HIGH STREET 50M S OF J/W PARKWAY,1,04/05/2018 02:55:00 PM,Friday,14.55,1 TLRN,A,502,6 Single Cwy,1 <= 20 MPH,0 No Jun In 20m,-2 Not Applicable,-2 Not Applicable,0,5 Pedn Phase At Ats,1 Daylight,1 Fine,1 Road-Dry,0 None,0 None,528930,183810,-0.142343,51.538478,,,Unknown,"(51.538478, -0.142343)",http://opendatacommunities.org/id/london-borough-council/camden,7960,21/12/2020 02:48:42 PM
1180116219,CAMDEN,3 Pedestrian,2 Female,25-59,39,1,3 Slight,01 Crossing Road On Ped Xing,3 From Drivers O/Side,1 Pedestrian,MELTON STREET 96M N OF J/W EUSTON ROAD,1,22/06/2018 01:45:00 PM,Friday,13.45,3 Bor,C,0,6 Single Cwy,2 30 MPH,0 No Jun In 20m,-2 Not Applicable,-2 Not Applicable,0,1 Zebra,1 Daylight,1 Fine,1 Road-Dry,0 None,0 None,529520,182530,-0.134311,51.52684,,,Unknown,"(51.52684, -0.134311)",http://opendatacommunities.org/id/london-borough-council/camden,8106,21/12/2020 02:48:42 PM
1190191789,CAMDEN,2 PASSENGER,2 FEMALE,25-59,45,2,3 SLIGHT,'-2 NOT APPLICABLE,'-2 NOT APPLICABLE,4 CAR,"On Bramshill Gardens, near the junction with DARTMOUTH PARK AVENUE, NW5.",1,05/07/2019 11:16:00 PM,Friday,23.16,3 BOR,6,0,6 SINGLE CWY,20,03 T/STAG JUN,4 GIVE WAY/UNCONTROLLED,6,0,0 NO XING FACILITY IN 50M,1 DARK,1 FINE,1 ROAD-DRY,0 NONE,0 NONE,528879,186381,-0.142137,51.561594,,,Unknown,"(51.561594, -0.142137)",http://opendatacommunities.org/id/london-borough-council/camden,9168,21/12/2020 02:48:44 PM
0116EK40330,CAMDEN,1 Driver/Rider,2 Female,25-59,31,1,3 Slight,-2 Unknown,-2 N/A,2 Pedal Cycle,CALTHORPE STREET J/W PHOENIX PLACE,2,09/05/2016 10:20:00 AM,Monday,10.20,3 Bor,B,502,6 Single Cwy,1 <= 20 MPH,6 Crossroads,4 Give Way/Uncontrolled,C,0,0 No Xing Facility In 50m,1 Daylight,1 Fine,1 Road-Dry,0 None,0 None,530910,182410,-0.11433,51.525441,,,Unknown,"(51.525441, -0.11433)",http://opendatacommunities.org/id/london-borough-council/camden,6263,21/12/2020 02:48:38 PM
1170026813,CAMDEN,3 Pedestrian,2 Female,25-59,25,1,3 Slight,06 On Footpath - Verge,9 Unknown Or Other,1 Pedestrian,HOLMES ROAD 25M E OF J/W KENTISH TOWN ROAD THE NEAREST CLASSIFIED,1,17/03/2017 08:37:00 AM,Friday,8.37,3 Bor,Unclassified,0,9 Unknown,2 30 MPH,0 No Jun In 20m,-2 Not Applicable,-2 Not Applicable,0,9 Unknown (S/R),1 Daylight,1 Fine,1 Road-Dry,0 None,0 None,528940,185010,-0.141759,51.54926,,,Unknown,"(51.54926, -0.141759)",http://opendatacommunities.org/id/london-borough-council/camden,6801,21/12/2020 02:48:39 PM
0115EK40850,CAMDEN,1 Driver/Rider,1 Male,25-59,38,1,3 Slight,-2 Unknown,-2 N/A,3 Powered 2 Wheeler,UPPER WOBURN PLACE J/W ENDSLEIGH PLACE,2,28/09/2015 07:20:00 AM,Monday,7.20,3 Bor,A,4200,6 Single Cwy,2 30 MPH,3 T/Stag Jun,4 Give Way/Uncontrolled,Unclassified,0,0 No Xing Facility In 50m,1 Daylight,1 Fine,1 Road-Dry,0 None,0 None,529880,182420,-0.129165,51.525768,,,Unknown,"(51.525768, -0.129165)",http://opendatacommunities.org/id/london-borough-council/camden,5299,21/12/2020 02:48:37 PM
0116EK40682,CAMDEN,1 Driver/Rider,1 Male,25-59,42,1,2 Serious,-2 Unknown,-2 N/A,3 Powered 2 Wheeler,CHALK FARM ROAD J/W CASTLEHAVEN ROAD.,2,27/08/2016 10:00:00 AM,Saturday,10.00,3 Bor,A,502,2 One-Way St,1 <= 20 MPH,8 Priv Drive,4 Give Way/Uncontrolled,A,502,4 Pelican Or Similar,1 Daylight,1 Fine,1 Road-Dry,0 None,0 None,528670,184160,-0.145962,51.541682,,,Unknown,"(51.541682, -0.145962)",http://opendatacommunities.org/id/london-borough-council/camden,6515,21/12/2020 02:48:39 PM
1170064483,CAMDEN,2 Passenger,2 Female,16-24,16,1,3 Slight,-2 Unknown,-2 N/A,6 Bus Or Coach,FINCHLEY ROAD J/W HILGROVE ROAD,2,14/10/2017 10:58:00 AM,Saturday,10.58,1 TLRN,A,41,2 One-Way St,2 30 MPH,6 Crossroads,2 Auto Sig,B,509,5 Pedn Phase At Ats,1 Daylight,1 Fine,1 Road-Dry,0 None,0 None,526630,184100,-0.175384,51.541604,,,Unknown,"(51.541604, -0.175384)",http://opendatacommunities.org/id/london-borough-council/camden,7416,21/12/2020 02:48:40 PM
0116EK40060,CAMDEN,1 Driver/Rider,2 Female,25-59,31,1,3 Slight,-2 Unknown,-2 N/A,2 Pedal Cycle,EUSTON ROAD J/W CHURCHWAY.,2,08/02/2016 08:05:00 AM,Monday,8.05,1 TLRN,A,501,3 Dual Cwy,2 30 MPH,6 Crossroads,2 Auto Sig,Unclassified,0,5 Pedn Phase At Ats,1 Daylight,1 Fine,1 Road-Dry,0 None,0 None,529820,182640,-0.129948,51.527759,,,Unknown,"(51.527759, -0.129948)",http://opendatacommunities.org/id/london-borough-council/camden,6028,21/12/2020 02:48:38 PM
1180125954,CAMDEN,3 Pedestrian,2 Female,60+,75,1,3 Slight,06 On Footpath - Verge,9 Unknown Or Other,1 Pedestrian,CAMDEN ROAD J/W ST PANCRAS WAY,2,08/08/2018 07:30:00 PM,Wednesday,19.30,1 TLRN,A,503,3 Dual Cwy,1 <= 20 MPH,6 Crossroads,2 Auto Sig,A,5202,5 Pedn Phase At Ats,1 Daylight,1 Fine,1 Road-Dry,0 None,0 None,529250,184290,-0.137555,51.542718,,,Unknown,"(51.542718, -0.137555)",http://opendatacommunities.org/id/london-borough-council/camden,8233,21/12/2020 02:48:42 PM
0116EO40448,CAMDEN,2 Passenger,2 Female,25-59,35,1,3 Slight,-2 Unknown,-2 N/A,6 Bus Or Coach,PENTONVILLE RD J/W KING'S CROSS RD,1,06/05/2016 07:00:00 PM,Friday,19.00,1 TLRN,A,501,6 Single Cwy,1 <= 20 MPH,9 Other Jun,2 Auto Sig,A,501,0 No Xing Facility In 50m,1 Daylight,1 Fine,1 Road-Dry,0 None,6 Ped In Cwy (Not Inj),530530,183010,-0.119582,51.530921,,,Unknown,"(51.530921, -0.119582)",http://opendatacommunities.org/id/london-borough-council/camden,6537,21/12/2020 02:48:39 PM
1170044823,CAMDEN,1 Driver/Rider,1 Male,25-59,53,1,3 Slight,-2 Unknown,-2 N/A,4 Car,DELANCEY STREET J/W ARLINGTON ROAD,2,25/06/2017 03:45:00 PM,Sunday,15.45,3 Bor,A,503,6 Single Cwy,1 <= 20 MPH,6 Crossroads,4 Give Way/Uncontrolled,Unclassified,0,0 No Xing Facility In 50m,1 Daylight,1 Fine,1 Road-Dry,0 None,0 None,528920,183610,-0.14256,51.536683,,,Unknown,"(51.536683, -0.14256)",http://opendatacommunities.org/id/london-borough-council/camden,7075,21/12/2020 02:48:40 PM
1190179280,CAMDEN,3 PEDESTRIAN,1 MALE,25-59,31,1,3 SLIGHT,10 UNKNOWN OR OTHER,9 UNKNOWN OR OTHER,1 PEDESTRIAN,"On Euston Road, near the junction with Pancras Road.",1,07/05/2019 08:28:00 AM,Tuesday,8.28,1 TLRN,A,501,6 SINGLE CWY,20,99 UNKNOWN (S/R),2 AUTO SIG,A,5202,5 PEDN PHASE AT ATS,2 DAYLIGHT,1 FINE,1 ROAD-DRY,0 NONE,0 NONE,530209,182895,-0.12425,51.529961,,,Unknown,"(51.529961, -0.12425)",http://opendatacommunities.org/id/london-borough-council/camden,8985,21/12/2020 02:48:44 PM
1180149082,CAMDEN,1 Driver/Rider,1 Male,25-59,28,1,3 Slight,-2 Unknown,-2 N/A,2 Pedal Cycle,PLATT'S LANE J/W FINCHLEY ROAD,3,30/11/2018 05:33:00 PM,Friday,17.33,1 TLRN,C,0,3 Dual Cwy,2 30 MPH,6 Crossroads,2 Auto Sig,A,41,5 Pedn Phase At Ats,2 Dark,1 Fine,1 Road-Dry,0 None,0 None,525170,185880,-0.195794,51.557926,,,Unknown,"(51.557926, -0.195794)",http://opendatacommunities.org/id/london-borough-council/camden,8573,21/12/2020 02:48:43 PM
1170029567,CAMDEN,2 Passenger,1 Male,25-59,43,1,2 Serious,-2 Unknown,-2 N/A,4 Car,YORK WAY J/W PENTONVILLE ROAD,2,01/04/2017 05:10:00 AM,Saturday,5.10,1 TLRN,A,501,3 Dual Cwy,2 30 MPH,6 Crossroads,2 Auto Sig,A,5200,4 Pelican Or Similar,2 Dark,1 Fine,1 Road-Dry,0 None,0 None,530320,182980,-0.122619,51.5307,,,Unknown,"(51.5307, -0.122619)",http://opendatacommunities.org/id/london-borough-council/camden,6838,21/12/2020 02:48:39 PM
0116EK40023,CAMDEN,1 Driver/Rider,1 Male,25-59,34,1,3 Slight,-2 Unknown,-2 N/A,2 Pedal Cycle,TOTTENHAM COURT ROAD J/W MAPLE STREET,2,26/01/2016 01:10:00 PM,Tuesday,13.10,3 Bor,A,400,2 One-Way St,2 30 MPH,6 Crossroads,2 Auto Sig,A,400,5 Pedn Phase At Ats,1 Daylight,2 Raining,2 Road-Wet,0 None,0 None,529360,182110,-0.13677,51.523102,,,Unknown,"(51.523102, -0.13677)",http://opendatacommunities.org/id/london-borough-council/camden,5999,21/12/2020 02:48:38 PM
1170037477,CAMDEN,1 Driver/Rider,1 Male,16-24,23,1,3 Slight,-2 Unknown,-2 N/A,3 Powered 2 Wheeler,LEIGHTON ROAD J/W BARTHOLOMEW ROAD,2,15/05/2017 05:30:00 PM,Monday,17.30,3 Bor,C,0,6 Single Cwy,1 <= 20 MPH,3 T/Stag Jun,4 Give Way/Uncontrolled,Unclassified,0,1 Zebra,1 Daylight,1 Fine,1 Road-Dry,0 None,0 None,529390,185190,-0.135207,51.550774,,,Unknown,"(51.550774, -0.135207)",http://opendatacommunities.org/id/london-borough-council/camden,6963,21/12/2020 02:48:39 PM
0115EK40781,CAMDEN,3 Pedestrian,1 Male,25-59,59,1,3 Slight,01 Crossing Road On Ped Xing,3 From Drivers O/Side,1 Pedestrian,HIGH HOLBORN J/W ENDELL STREET,1,03/09/2015 11:15:00 PM,Thursday,23.15,3 Bor,A,401,6 Single Cwy,2 30 MPH,7 Multi Jun,2 Auto Sig,B,401,5 Pedn Phase At Ats,2 Dark,1 Fine,1 Road-Dry,0 None,0 None,530110,181310,-0.126261,51.51574,,,Unknown,"(51.51574, -0.126261)",http://opendatacommunities.org/id/london-borough-council/camden,5247,21/12/2020 02:48:37 PM
1170044047,CAMDEN,1 Driver/Rider,1 Male,25-59,35,1,3 Slight,-2 Unknown,-2 N/A,2 Pedal Cycle,GRAYS INN ROAD J/W THEOBALDS ROAD,2,13/06/2017 06:30:00 PM,Tuesday,18.30,3 Bor,A,5200,6 Single Cwy,2 30 MPH,3 T/Stag Jun,2 Auto Sig,A,401,5 Pedn Phase At Ats,1 Daylight,1 Fine,1 Road-Dry,0 None,0 None,530980,181980,-0.113481,51.52156,,,Unknown,"(51.52156, -0.113481)",http://opendatacommunities.org/id/london-borough-council/camden,7063,21/12/2020 02:48:39 PM
1170035203,CAMDEN,1 Driver/Rider,1 Male,Unknown,0,1,3 Slight,-2 Unknown,-2 N/A,2 Pedal Cycle,TORRINGTON PLACE 21M W OF J/W HUNTLEY STREET,2,29/04/2017 03:45:00 PM,Saturday,15.45,3 Bor,C,0,2 One-Way St,2 30 MPH,0 No Jun In 20m,-2 Not Applicable,-2 Not Applicable,0,0 No Xing Facility In 50m,1 Daylight,1 Fine,1 Road-Dry,0 None,0 None,529540,181960,-0.134232,51.521712,,,Unknown,"(51.521712, -0.134232)",http://opendatacommunities.org/id/london-borough-council/camden,6934,21/12/2020 02:48:39 PM
0115EK40678,CAMDEN,2 Passenger,1 Male,25-59,38,1,3 Slight,-2 Unknown,-2 N/A,6 Bus Or Coach,EUSTON ROAD J/W MABLEDON PLACE,1,06/08/2015 09:15:00 AM,Thursday,9.15,1 TLRN,A,501,6 Single Cwy,2 30 MPH,3 T/Stag Jun,2 Auto Sig,C,0,5 Pedn Phase At Ats,1 Daylight,1 Fine,1 Road-Dry,0 None,0 None,529950,182710,-0.12805,51.528359,,,Unknown,"(51.528359, -0.12805)",http://opendatacommunities.org/id/london-borough-council/camden,5151,21/12/2020 02:48:36 PM
1190226093,CAMDEN,1 DRIVER/RIDER,1 MALE,25-59,27,2,3 SLIGHT,'-2 NOT APPLICABLE,'-2 NOT APPLICABLE,3 POWERED 2 WHEELER,"On Oakley Square, near the junction with Eversholt Street.",1,19/12/2019 06:00:00 PM,Thursday,18.00,1 TLRN,A,400,6 SINGLE CWY,20,06 CROSSROADS,2 AUTO SIG,A,4200,5 PEDN PHASE AT ATS,1 DARK,2 RAINING,2 ROAD-WET,0 NONE,0 NONE,529319,183232,-0.136949,51.533194,,,Unknown,"(51.533194, -0.136949)",http://opendatacommunities.org/id/london-borough-council/camden,9634,21/12/2020 02:48:45 PM
0115EK40729,CAMDEN,1 Driver/Rider,1 Male,25-59,41,1,3 Slight,-2 Unknown,-2 N/A,2 Pedal Cycle,THEOBALD'S ROAD J/W EMERALD STREET,2,01/08/2015 01:42:00 PM,Saturday,13.42,3 Bor,A,401,6 Single Cwy,2 30 MPH,3 T/Stag Jun,4 Give Way/Uncontrolled,Unclassified,0,4 Pelican Or Similar,1 Daylight,1 Fine,1 Road-Dry,0 None,0 None,530730,181860,-0.117127,51.52054,,,Unknown,"(51.52054, -0.117127)",http://opendatacommunities.org/id/london-borough-council/camden,5196,21/12/2020 02:48:37 PM
1170019535,CAMDEN,1 Driver/Rider,2 Female,60+,71,1,3 Slight,-2 Unknown,-2 N/A,4 Car,GOODS WAY J/W PANCRAS ROAD,2,07/02/2017 12:15:00 PM,Tuesday,12.15,3 Bor,C,0,6 Single Cwy,2 30 MPH,3 T/Stag Jun,9 Unknown (S/R),Unclassified,0,9 Unknown (S/R),1 Daylight,1 Fine,1 Road-Dry,0 None,0 None,530020,183350,-0.126805,51.534094,,,Unknown,"(51.534094, -0.126805)",http://opendatacommunities.org/id/london-borough-council/camden,6691,21/12/2020 02:48:39 PM
1170048905,CAMDEN,1 Driver/Rider,1 Male,25-59,35,1,3 Slight,-2 Unknown,-2 N/A,2 Pedal Cycle,MALDEN ROAD J/W HAVERSTOCK ROAD,2,05/07/2017 08:10:00 AM,Wednesday,8.10,3 Bor,B,517,6 Single Cwy,1 <= 20 MPH,3 T/Stag Jun,4 Give Way/Uncontrolled,Unclassified,0,1 Zebra,1 Daylight,1 Fine,9 Unknown (S/R),0 None,0 None,528000,185140,-0.155262,51.550642,,,Unknown,"(51.550642, -0.155262)",http://opendatacommunities.org/id/london-borough-council/camden,7160,21/12/2020 02:48:40 PM
1170013826,CAMDEN,1 Driver/Rider,1 Male,25-59,45,1,3 Slight,-2 Unknown,-2 N/A,2 Pedal Cycle,ROYAL COLLEGE STREET J/W BAYNES STREET,2,23/01/2017 11:50:00 AM,Monday,11.50,3 Bor,A,5202,2 One-Way St,2 30 MPH,3 T/Stag Jun,9 Unknown (S/R),Unclassified,0,9 Unknown (S/R),1 Daylight,1 Fine,9 Unknown (S/R),9 Unknown (S/R),9 Unknown (S/R),529240,184090,-0.137773,51.540923,,,Unknown,"(51.540923, -0.137773)",http://opendatacommunities.org/id/london-borough-council/camden,6610,21/12/2020 02:48:39 PM
1160012497,CAMDEN,3 Pedestrian,2 Female,16-24,22,1,3 Slight,05 Crossing Road (Not On Xing),3 From Drivers O/Side,1 Pedestrian,"ON RAILWAY STREET, NEAR THE JUNCTION WITH YORK WAY .",1,29/09/2016 01:30:00 PM,Thursday,13.30,3 Bor,A,5200,2 One-Way St,2 30 MPH,3 T/Stag Jun,4 Give Way/Uncontrolled,Unclassified,0,0 No Xing Facility In 50m,1 Daylight,1 Fine,1 Road-Dry,0 None,0 None,530330,183220,-0.122386,51.532854,,,Unknown,"(51.532854, -0.122386)",http://opendatacommunities.org/id/london-borough-council/camden,5840,21/12/2020 02:48:38 PM
0116EK40610,CAMDEN,1 Driver/Rider,1 Male,25-59,37,1,3 Slight,-2 Unknown,-2 N/A,2 Pedal Cycle,"KENTISH TOWN ROAD, 50 METRES SOUTH OF FARRIER STREET.",2,24/08/2016 05:40:00 PM,Wednesday,17.40,3 Bor,A,400,6 Single Cwy,2 30 MPH,0 No Jun In 20m,-2 Not Applicable,-2 Not Applicable,0,0 No Xing Facility In 50m,1 Daylight,1 Fine,1 Road-Dry,0 None,0 None,528950,184340,-0.141861,51.543236,,,Unknown,"(51.543236, -0.141861)",http://opendatacommunities.org/id/london-borough-council/camden,6488,21/12/2020 02:48:39 PM
0115EK40385,CAMDEN,1 Driver/Rider,1 Male,16-24,18,1,3 Slight,-2 Unknown,-2 N/A,3 Powered 2 Wheeler,BAYHAM STREET J/W PLENDER STREET,2,16/05/2015 12:01:00 AM,Saturday,0.01,3 Bor,C,0,6 Single Cwy,2 30 MPH,6 Crossroads,2 Auto Sig,Unclassified,0,5 Pedn Phase At Ats,2 Dark,2 Raining,2 Road-Wet,0 None,0 None,529190,183560,-0.138688,51.536172,,,Unknown,"(51.536172, -0.138688)",http://opendatacommunities.org/id/london-borough-council/camden,4886,21/12/2020 02:48:36 PM
1180110944,CAMDEN,1 Driver/Rider,2 Female,25-59,49,1,3 Slight,-2 Unknown,-2 N/A,4 Car,BAYHAM STREET NW1 J/W PLENDER STREET NW1,2,29/05/2018 06:40:00 AM,Tuesday,6.40,3 Bor,C,0,2 One-Way St,1 <= 20 MPH,6 Crossroads,4 Give Way/Uncontrolled,Unclassified,0,1 Zebra,1 Daylight,1 Fine,1 Road-Dry,0 None,0 None,529190,183560,-0.138688,51.536172,,,Unknown,"(51.536172, -0.138688)",http://opendatacommunities.org/id/london-borough-council/camden,8032,21/12/2020 02:48:42 PM
1170071179,CAMDEN,3 Pedestrian,2 Female,60+,63,1,3 Slight,04 Crossing Road Within 50m Xing,3 From Drivers O/Side,1 Pedestrian,KILBURN HIGH ROAD 3M W OF J/W GLENGALL ROAD,1,19/11/2017 11:58:00 AM,Sunday,11.58,3 Bor,A,5,6 Single Cwy,1 <= 20 MPH,3 T/Stag Jun,4 Give Way/Uncontrolled,Unclassified,0,5 Pedn Phase At Ats,1 Daylight,1 Fine,1 Road-Dry,0 None,0 None,525207,183906,-0.195962,51.540178,,,Unknown,"(51.540178, -0.195962)",http://opendatacommunities.org/id/london-borough-council/camden,7522,21/12/2020 02:48:41 PM
0116EK40494,CAMDEN,3 Pedestrian,1 Male,0-15,11,1,3 Slight,05 Crossing Road (Not On Xing),3 From Drivers O/Side,1 Pedestrian,KILBURN HIGH ROAD 62M NW OF J/W KILBURN PRIORY,1,11/07/2016 03:54:00 PM,Monday,15.54,3 Bor,A,5,6 Single Cwy,2 30 MPH,0 No Jun In 20m,-2 Not Applicable,-2 Not Applicable,0,0 No Xing Facility In 50m,1 Daylight,1 Fine,1 Road-Dry,0 None,0 None,525590,183410,-0.190619,51.535635,,,Unknown,"(51.535635, -0.190619)",http://opendatacommunities.org/id/london-borough-council/camden,6405,21/12/2020 02:48:38 PM