Reference,London Borough Name,Casualty Class,Casualty Sex,Casualty Age Band,Casualty Age,Number Of Casualties,Casualty Severity,Pedestrian Location,Pedestrian Movement,Mode Of Travel,Attendant Location,Number Of Vehicles,Date,Day,Time,Highway,Road Class 1,Road Number 1,Road Type,Speed Limit,Junction Detail,Junction Control,Road Class 2,Road Number 2,Pedestrian Crossing,Light Condition Band,Weather,Road Surface,Special Conditions,Carriage Way Hazard,Easting,Northing,Longitude,Latitude,Ward Code,Ward Name,Spatial Accuracy,Location,Organisation URI,Socrata ID,Last Uploaded
1190189364,CAMDEN,1 DRIVER/RIDER,1 MALE,16-24,18,1,3 SLIGHT,'-2 NOT APPLICABLE,'-2 NOT APPLICABLE,3 POWERED 2 WHEELER,"On Euston Road , 5 metres east of the junction with North Gower Street .",2,24/06/2019 03:05:00 PM,Monday,15.05,1 TLRN,A,501,3 DUAL CWY,30,05 SLIP ROAD,4 GIVE WAY/UNCONTROLLED,B,522,4 PELICAN OR SIMILAR,2 DAYLIGHT,1 FINE,1 ROAD-DRY,0 NONE,0 NONE,529423,182394,-0.135759,51.52564,,,Unknown,"(51.52564, -0.135759)",http://opendatacommunities.org/id/london-borough-council/camden,9127,21/12/2020 02:48:44 PM
1180148365,CAMDEN,3 Pedestrian,1 Male,16-24,23,1,2 Serious,09 In Road - Not Crossing,6 In Rd Not Crossing Msk,1 Pedestrian,PRIMROSE HILL ROAD 25M E OF J/W AINGER ROAD,1,27/11/2018 04:21:00 PM,Tuesday,16.21,3 Bor,C,0,6 Single Cwy,1 <= 20 MPH,0 No Jun In 20m,-2 Not Applicable,-2 Not Applicable,0,1 Zebra,2 Dark,2 Raining,2 Road-Wet,0 None,0 None,527760,183980,-0.159142,51.540271,,,Unknown,"(51.540271, -0.159142)",http://opendatacommunities.org/id/london-borough-council/camden,8565,21/12/2020 02:48:43 PM
1160024377,CAMDEN,1 Driver/Rider,1 Male,25-59,56,1,3 Slight,-2 Unknown,-2 N/A,3 Powered 2 Wheeler,BERNARD STREET J/W HERBRAND STREET,2,12/10/2016 06:00:00 PM,Wednesday,18.00,3 Bor,B,504,2 One-Way St,2 30 MPH,6 Crossroads,4 Give Way/Uncontrolled,Unclassified,0,1 Zebra,2 Dark,1 Fine,1 Road-Dry,0 None,0 None,530180,182130,-0.12495,51.523093,,,Unknown,"(51.523093, -0.12495)",http://opendatacommunities.org/id/london-borough-council/camden,5893,21/12/2020 02:48:38 PM
1170012337,CAMDEN,3 Pedestrian,1 Male,0-15,11,1,3 Slight,05 Crossing Road (Not On Xing),4 From Drivers O/Side Msk,1 Pedestrian,FINCHLEY ROAD J/W ARKWRIGHT ROAD,1,16/01/2017 08:12:00 AM,Monday,8.12,1 TLRN,A,41,3 Dual Cwy,2 30 MPH,3 T/Stag Jun,2 Auto Sig,C,0,0 No Xing Facility In 50m,1 Daylight,2 Raining,2 Road-Wet,0 None,0 None,526020,185100,-0.183818,51.550727,,,Unknown,"(51.550727, -0.183818)",http://opendatacommunities.org/id/london-borough-council/camden,6592,21/12/2020 02:48:39 PM
1190213418,CAMDEN,1 DRIVER/RIDER,1 MALE,25-59,39,1,3 SLIGHT,'-2 NOT APPLICABLE,3 FROM DRIVERS O/SIDE,3 POWERED 2 WHEELER,"On Finchley Road, 50 metres south of the junction with FROGNAL LANE.",2,22/10/2019 08:10:00 PM,Tuesday,20.10,1 TLRN,A,41,3 DUAL CWY,30,00 NO JUN IN 20M,,0,0,4 PELICAN OR SIMILAR,1 DARK,1 FINE,1 ROAD-DRY,0 NONE,0 NONE,525771,185299,-0.187336,51.552571,,,Unknown,"(51.552571, -0.187336)",http://opendatacommunities.org/id/london-borough-council/camden,9460,21/12/2020 02:48:44 PM
1190223238,CAMDEN,1 DRIVER/RIDER,2 FEMALE,25-59,27,1,3 SLIGHT,'-2 NOT APPLICABLE,9 UNKNOWN OR OTHER,2 PEDAL CYCLE,"On Montague Street, 50 metres east of the junction with Montague Place.",2,03/12/2019 07:10:00 AM,Tuesday,7.10,3 BOR,5,0,6 SINGLE CWY,20,00 NO JUN IN 20M,,0,0,1 ZEBRA,2 DAYLIGHT,1 FINE,1 ROAD-DRY,4 ROADWORKS,0 NONE,530135,181789,-0.125724,51.520039,,,Unknown,"(51.520039, -0.125724)",http://opendatacommunities.org/id/london-borough-council/camden,9594,21/12/2020 02:48:45 PM
1190223441,CAMDEN,3 PEDESTRIAN,2 FEMALE,16-24,19,1,3 SLIGHT,10 UNKNOWN OR OTHER,'-2 NOT APPLICABLE,1 PEDESTRIAN,"On Heath Street, 50 metres south of the junction with The Mount.",1,07/12/2019 03:00:00 PM,Saturday,15.00,3 BOR,A,502,9 UNKNOWN,20,00 NO JUN IN 20M,,0,0,9 UNKNOWN (S/R),2 DAYLIGHT,1 FINE,1 ROAD-DRY,0 NONE,0 NONE,526388,185811,-0.178258,51.557035,,,Unknown,"(51.557035, -0.178258)",http://opendatacommunities.org/id/london-borough-council/camden,9599,21/12/2020 02:48:45 PM
1180092165,CAMDEN,1 Driver/Rider,1 Male,25-59,35,1,3 Slight,-2 Unknown,-2 N/A,2 Pedal Cycle,ROYAL COLLEGE STREET 74M S OF J/W BAYES STREET,2,23/02/2018 01:40:00 PM,Friday,13.40,3 Bor,A,5202,2 One-Way St,1 <= 20 MPH,0 No Jun In 20m,-2 Not Applicable,-2 Not Applicable,0,1 Zebra,1 Daylight,2 Raining,1 Road-Dry,0 None,0 None,529280,184010,-0.137226,51.540195,,,Unknown,"(51.540195, -0.137226)",http://opendatacommunities.org/id/london-borough-council/camden,7769,21/12/2020 02:48:41 PM
1180124252,CAMDEN,1 Driver/Rider,1 Male,0-15,14,1,3 Slight,-2 Unknown,-2 N/A,2 Pedal Cycle,EVERSHOLT STREET J/W BARNBY STREET,2,31/07/2018 11:40:00 AM,Tuesday,11.40,3 Bor,A,4200,6 Single Cwy,1 <= 20 MPH,3 T/Stag Jun,4 Give Way/Uncontrolled,Unclassified,0,0 No Xing Facility In 50m,1 Daylight,1 Fine,1 Road-Dry,0 None,0 None,529450,183010,-0.135143,51.531169,,,Unknown,"(51.531169, -0.135143)",http://opendatacommunities.org/id/london-borough-council/camden,8210,21/12/2020 02:48:42 PM
1180135674,CAMDEN,2 Passenger,2 Female,16-24,24,1,3 Slight,-2 Unknown,-2 N/A,4 Car,FINCHLEY ROAD J/W LANGLAND GARDENS NW3,2,28/09/2018 07:19:00 PM,Friday,19.19,1 TLRN,A,41,3 Dual Cwy,2 30 MPH,9 Other Jun,4 Give Way/Uncontrolled,Unclassified,0,8 Central Refuge,2 Dark,4 Fine/High Winds,1 Road-Dry,0 None,0 None,525900,185230,-0.185501,51.551923,,,Unknown,"(51.551923, -0.185501)",http://opendatacommunities.org/id/london-borough-council/camden,8362,21/12/2020 02:48:42 PM
0115EK40411,CAMDEN,1 Driver/Rider,2 Female,25-59,33,1,3 Slight,-2 Unknown,-2 N/A,2 Pedal Cycle,TOTTENHAM COURT ROAD J/W PERCY STREET,2,21/05/2015 06:30:00 PM,Thursday,18.30,3 Bor,A,400,6 Single Cwy,2 30 MPH,3 T/Stag Jun,2 Auto Sig,A,400,5 Pedn Phase At Ats,1 Daylight,1 Fine,1 Road-Dry,0 None,0 None,529670,181630,-0.132481,51.518717,,,Unknown,"(51.518717, -0.132481)",http://opendatacommunities.org/id/london-borough-council/camden,4906,21/12/2020 02:48:36 PM
1170039349,CAMDEN,3 Pedestrian,1 Male,25-59,44,1,3 Slight,08 In Centre Of Carriageway,5 In Rd Not Crossing,1 Pedestrian,HIGHGATE WEST HILL 20M N OF J/W THE GROVE,1,24/05/2017 07:45:00 AM,Wednesday,7.45,3 Bor,C,0,6 Single Cwy,1 <= 20 MPH,3 T/Stag Jun,4 Give Way/Uncontrolled,Unclassified,0,0 No Xing Facility In 50m,1 Daylight,1 Fine,1 Road-Dry,0 None,0 None,528240,187300,-0.151015,51.569999,,,Unknown,"(51.569999, -0.151015)",http://opendatacommunities.org/id/london-borough-council/camden,6996,21/12/2020 02:48:39 PM
1160030010,CAMDEN,1 Driver/Rider,1 Male,25-59,34,1,3 Slight,-2 Unknown,-2 N/A,3 Powered 2 Wheeler,KILBURN HIGH ROAD J/W CAMBRIDGE AVENUE,2,14/10/2016 05:08:00 AM,Friday,5.08,3 Bor,A,5,6 Single Cwy,2 30 MPH,3 T/Stag Jun,4 Give Way/Uncontrolled,C,0,0 No Xing Facility In 50m,2 Dark,1 Fine,1 Road-Dry,0 None,0 None,525480,183540,-0.192158,51.536828,,,Unknown,"(51.536828, -0.192158)",http://opendatacommunities.org/id/london-borough-council/camden,5958,21/12/2020 02:48:38 PM
1170073124,CAMDEN,1 Driver/Rider,1 Male,25-59,26,1,3 Slight,-2 Unknown,-2 N/A,2 Pedal Cycle,NEW OXFORD STREET J/W BLOOMSBURY STREET,2,27/11/2017 08:15:00 AM,Monday,8.15,3 Bor,A,40,6 Single Cwy,2 30 MPH,6 Crossroads,2 Auto Sig,A,400,5 Pedn Phase At Ats,1 Daylight,2 Raining,2 Road-Wet,0 None,0 None,530050,181440,-0.127077,51.516922,,,Unknown,"(51.516922, -0.127077)",http://opendatacommunities.org/id/london-borough-council/camden,7552,21/12/2020 02:48:41 PM
1170050193,CAMDEN,1 Driver/Rider,2 Female,25-59,33,1,3 Slight,-2 Unknown,-2 N/A,2 Pedal Cycle,PARK VILLAGE EAST 25M S OF J/W GRANBY TERRACE,2,07/07/2017 01:00:00 PM,Friday,13.00,3 Bor,Unclassified,0,6 Single Cwy,2 30 MPH,0 No Jun In 20m,-2 Not Applicable,-2 Not Applicable,0,0 No Xing Facility In 50m,1 Daylight,1 Fine,1 Road-Dry,0 None,0 None,528890,183160,-0.143157,51.532645,,,Unknown,"(51.532645, -0.143157)",http://opendatacommunities.org/id/london-borough-council/camden,7182,21/12/2020 02:48:40 PM
1180146856,CAMDEN,3 Pedestrian,2 Female,60+,62,1,3 Slight,01 Crossing Road On Ped Xing,3 From Drivers O/Side,1 Pedestrian,GRAYS INN ROAD J/W ACTON STREET,1,19/11/2018 11:03:00 AM,Monday,11.03,1 TLRN,A,5200,6 Single Cwy,1 <= 20 MPH,3 T/Stag Jun,9 Unknown (S/R),C,0,1 Zebra,1 Daylight,1 Fine,1 Road-Dry,0 None,0 None,530570,182700,-0.119121,51.528126,,,Unknown,"(51.528126, -0.119121)",http://opendatacommunities.org/id/london-borough-council/camden,8538,21/12/2020 02:48:43 PM
0115EK40862,CAMDEN,1 Driver/Rider,2 Female,25-59,39,1,3 Slight,-2 Unknown,-2 N/A,4 Car,"CHALK FARM ROAD, 45 METRES SE OF BELMONT STREET.",3,30/09/2015 02:20:00 PM,Wednesday,14.20,3 Bor,A,502,6 Single Cwy,2 30 MPH,0 No Jun In 20m,-2 Not Applicable,-2 Not Applicable,0,0 No Xing Facility In 50m,1 Daylight,1 Fine,1 Road-Dry,0 None,0 None,528320,184330,-0.150944,51.54329,,,Unknown,"(51.54329, -0.150944)",http://opendatacommunities.org/id/london-borough-council/camden,5310,21/12/2020 02:48:37 PM
1170042930,CAMDEN,1 Driver/Rider,1 Male,16-24,19,1,3 Slight,-2 Unknown,-2 N/A,3 Powered 2 Wheeler,WEST END LANE J/W IVERSON ROAD,2,14/06/2017 07:10:00 PM,Wednesday,19.10,3 Bor,B,510,6 Single Cwy,2 30 MPH,3 T/Stag Jun,2 Auto Sig,B,510,4 Pelican Or Similar,1 Daylight,1 Fine,1 Road-Dry,0 None,0 None,525528,184774,-0.191026,51.547907,,,Unknown,"(51.547907, -0.191026)",http://opendatacommunities.org/id/london-borough-council/camden,7041,21/12/2020 02:48:39 PM
1170037063,CAMDEN,1 Driver/Rider,1 Male,60+,60,1,3 Slight,-2 Unknown,-2 N/A,2 Pedal Cycle,CAMDEN ROAD 95M S OF J/W CANTELOWES ROAD,2,12/05/2017 12:45:00 PM,Friday,12.45,1 TLRN,A,503,6 Single Cwy,1 <= 20 MPH,0 No Jun In 20m,-2 Not Applicable,-2 Not Applicable,0,0 No Xing Facility In 50m,1 Daylight,1 Fine,2 Road-Wet,0 None,0 None,529564,184678,-0.132887,51.546133,,,Unknown,"(51.546133, -0.132887)",http://opendatacommunities.org/id/london-borough-council/camden,6955,21/12/2020 02:48:39 PM
1190206183,CAMDEN,1 DRIVER/RIDER,1 MALE,25-59,44,1,3 SLIGHT,'-2 NOT APPLICABLE,'-2 NOT APPLICABLE,3 POWERED 2 WHEELER,"On Hawley Road, near the junction with Kentish  Town Road.",2,11/09/2019 05:50:00 PM,Wednesday,17.50,3 BOR,5,0,9 UNKNOWN,20,03 T/STAG JUN,2 AUTO SIG,A,400,1 ZEBRA,2 DAYLIGHT,1 FINE,1 ROAD-DRY,0 NONE,0 NONE,528925,184285,-0.142241,51.542748,,,Unknown,"(51.542748, -0.142241)",http://opendatacommunities.org/id/london-borough-council/camden,9369,21/12/2020 02:48:44 PM
1160012908,CAMDEN,1 Driver/Rider,2 Female,25-59,30,1,3 Slight,-2 Unknown,-2 N/A,2 Pedal Cycle,"ON COMPAYNE GARDENS, NEAR THE JUNCTION WITH PIRORY ROAD .",2,12/09/2016 09:43:00 PM,Monday,21.43,3 Bor,Unclassified,0,6 Single Cwy,2 30 MPH,6 Crossroads,4 Give Way/Uncontrolled,Unclassified,0,0 No Xing Facility In 50m,2 Dark,1 Fine,1 Road-Dry,0 None,0 None,525680,184460,-0.188947,51.545051,,,Unknown,"(51.545051, -0.188947)",http://opendatacommunities.org/id/london-borough-council/camden,5863,21/12/2020 02:48:38 PM
0115EK40166,CAMDEN,2 Passenger,1 Male,0-15,8,1,3 Slight,-2 Unknown,-2 N/A,4 Car,LIDINGTON PLACE J/W EVERSHOLT STREET,2,22/02/2015 01:33:00 PM,Sunday,13.33,1 TLRN,A,400,2 One-Way St,2 30 MPH,3 T/Stag Jun,2 Auto Sig,A,4200,5 Pedn Phase At Ats,1 Daylight,5 Raining/High Winds,2 Road-Wet,0 None,0 None,529290,183200,-0.137379,51.532913,,,Unknown,"(51.532913, -0.137379)",http://opendatacommunities.org/id/london-borough-council/camden,4708,21/12/2020 02:48:36 PM
1190166539,CAMDEN,1 DRIVER/RIDER,1 MALE,25-59,40,1,3 SLIGHT,'-2 NOT APPLICABLE,'-2 NOT APPLICABLE,5 TAXI,"On Adelaide road, near the junction with Eton road.",2,02/03/2019 11:25:00 PM,Saturday,23.25,3 BOR,B,509,6 SINGLE CWY,20,03 T/STAG JUN,4 GIVE WAY/UNCONTROLLED,6,0,0 NO XING FACILITY IN 50M,1 DARK,8 OTHER,2 ROAD-WET,0 NONE,0 NONE,527723,184373,-0.159533,51.543811,,,Unknown,"(51.543811, -0.159533)",http://opendatacommunities.org/id/london-borough-council/camden,8814,21/12/2020 02:48:43 PM
1170055729,CAMDEN,1 Driver/Rider,1 Male,25-59,33,1,3 Slight,-2 Unknown,-2 N/A,4 Car,FINCHLEY ROAD 25M E OF J/W FORTUNE GREEN ROAD,2,25/07/2017 10:35:00 AM,Tuesday,10.35,1 TLRN,A,41,3 Dual Cwy,2 30 MPH,0 No Jun In 20m,-2 Not Applicable,-2 Not Applicable,0,9 Unknown (S/R),1 Daylight,1 Fine,1 Road-Dry,9 Unknown (S/R),9 Unknown (S/R),525390,185580,-0.192728,51.555181,,,Unknown,"(51.555181, -0.192728)",http://opendatacommunities.org/id/london-borough-council/camden,7271,21/12/2020 02:48:40 PM
1170032803,CAMDEN,3 Pedestrian,1 Male,25-59,46,1,3 Slight,04 Crossing Road Within 50m Xing,1 From Drivers N/Side,1 Pedestrian,OXFORD STREET 20M W OF J/W CHARING CROSS ROAD,1,19/04/2017 09:00:00 PM,Wednesday,21.00,3 Bor,A,40,6 Single Cwy,2 30 MPH,6 Crossroads,2 Auto Sig,A,40,4 Pelican Or Similar,2 Dark,1 Fine,1 Road-Dry,0 None,0 None,529820,181375,-0.130414,51.516391,,,Unknown,"(51.516391, -0.130414)",http://opendatacommunities.org/id/london-borough-council/camden,6894,21/12/2020 02:48:39 PM
1190193282,CAMDEN,1 DRIVER/RIDER,1 MALE,25-59,39,3,3 SLIGHT,'-2 NOT APPLICABLE,'-2 NOT APPLICABLE,4 CAR,"On Camden Road, 30 metres north of the junction with Canal Blvd.",2,13/07/2019 06:40:00 AM,Saturday,6.40,1 TLRN,A,503,3 DUAL CWY,30,00 NO JUN IN 20M,,0,0,0 NO XING FACILITY IN 50M,2 DAYLIGHT,1 FINE,1 ROAD-DRY,0 NONE,0 NONE,529443,184530,-0.134686,51.544831,,,Unknown,"(51.544831, -0.134686)",http://opendatacommunities.org/id/london-borough-council/camden,9179,21/12/2020 02:48:44 PM
0115EK40609,CAMDEN,3 Pedestrian,2 Female,25-59,29,1,3 Slight,04 Crossing Road Within 50m Xing,1 From Drivers N/Side,1 Pedestrian,KINGSWAY J/W REMNANT STREET,1,20/07/2015 01:30:00 AM,Monday,1.30,3 Bor,A,4200,3 Dual Cwy,2 30 MPH,6 Crossroads,2 Auto Sig,A,4200,5 Pedn Phase At Ats,2 Dark,1 Fine,1 Road-Dry,0 None,0 None,530560,181400,-0.119746,51.516445,,,Unknown,"(51.516445, -0.119746)",http://opendatacommunities.org/id/london-borough-council/camden,5092,21/12/2020 02:48:36 PM
1190175096,CAMDEN,3 PEDESTRIAN,1 MALE,16-24,24,1,2 SERIOUS,01 CROSSING ROAD ON PED XING,1 FROM DRIVERS N/SIDE,1 PEDESTRIAN,"On Tottenham Court Road Station, Oxford St, Soho, London W1D , near the junction with Oxford St, Soho, London W1D.",1,13/04/2019 11:15:00 PM,Saturday,23.15,3 BOR,A,400,6 SINGLE CWY,30,06 CROSSROADS,2 AUTO SIG,A,40,5 PEDN PHASE AT ATS,1 DARK,1 FINE,1 ROAD-DRY,0 NONE,0 NONE,529804,181355,-0.130652,51.516215,,,Unknown,"(51.516215, -0.130652)",http://opendatacommunities.org/id/london-borough-council/camden,8925,21/12/2020 02:48:44 PM
1170026883,CAMDEN,1 Driver/Rider,1 Male,16-24,17,1,3 Slight,-2 Unknown,-2 N/A,3 Powered 2 Wheeler,HAVERSTOCK HILL J/W STEELE'S ROAD,2,21/03/2017 09:45:00 AM,Tuesday,9.45,3 Bor,A,502,6 Single Cwy,1 <= 20 MPH,3 T/Stag Jun,4 Give Way/Uncontrolled,Unclassified,0,0 No Xing Facility In 50m,1 Daylight,1 Fine,1 Road-Dry,0 None,0 None,527810,184690,-0.158164,51.546641,,,Unknown,"(51.546641, -0.158164)",http://opendatacommunities.org/id/london-borough-council/camden,6803,21/12/2020 02:48:39 PM
0115EK41013,CAMDEN,3 Pedestrian,1 Male,25-59,32,1,3 Slight,04 Crossing Road Within 50m Xing,4 From Drivers O/Side Msk,1 Pedestrian,"CAMDEN ROAD, 50 METRES SW OF CAMDEN STREET.",1,16/11/2015 08:20:00 PM,Monday,20.20,1 TLRN,A,503,6 Single Cwy,2 30 MPH,0 No Jun In 20m,-2 Not Applicable,-2 Not Applicable,0,5 Pedn Phase At Ats,2 Dark,1 Fine,1 Road-Dry,0 None,0 None,529050,184010,-0.14054,51.540248,,,Unknown,"(51.540248, -0.14054)",http://opendatacommunities.org/id/london-borough-council/camden,5436,21/12/2020 02:48:37 PM
1180139832,CAMDEN,3 Pedestrian,2 Female,25-59,54,1,3 Slight,09 In Road - Not Crossing,8 In Rd Back To Traffic,1 Pedestrian,UPS DRIVEWAY J/W REGIS ROAD,1,18/10/2018 07:50:00 AM,Thursday,7.50,3 Bor,Unclassified,0,6 Single Cwy,1 <= 20 MPH,3 T/Stag Jun,4 Give Way/Uncontrolled,Unclassified,0,0 No Xing Facility In 50m,1 Daylight,1 Fine,1 Road-Dry,0 None,0 None,528770,185110,-0.144173,51.550197,,,Unknown,"(51.550197, -0.144173)",http://opendatacommunities.org/id/london-borough-council/camden,8443,21/12/2020 02:48:43 PM
1190216037,CAMDEN,1 DRIVER/RIDER,1 MALE,25-59,33,1,3 SLIGHT,'-2 NOT APPLICABLE,1 FROM DRIVERS N/SIDE,3 POWERED 2 WHEELER,"On Camden Road, 30 metres east of the junction with Torriano Avenue.",2,01/11/2019 06:20:00 PM,Friday,18.20,1 TLRN,A,503,9 UNKNOWN,30,00 NO JUN IN 20M,,0,0,0 NO XING FACILITY IN 50M,2 DAYLIGHT,1 FINE,1 ROAD-DRY,0 NONE,0 NONE,529675,184811,-0.131238,51.547303,,,Unknown,"(51.547303, -0.131238)",http://opendatacommunities.org/id/london-borough-council/camden,9494,21/12/2020 02:48:44 PM
0116EK40025,CAMDEN,1 Driver/Rider,1 Male,25-59,35,1,3 Slight,-2 Unknown,-2 N/A,2 Pedal Cycle,THEOBALD'S ROAD J/W BEDFORD ROW,2,16/01/2016 12:45:00 PM,Saturday,12.45,3 Bor,A,401,6 Single Cwy,2 30 MPH,6 Crossroads,4 Give Way/Uncontrolled,Unclassified,0,1 Zebra,1 Daylight,1 Fine,1 Road-Dry,0 None,0 None,530770,181880,-0.116543,51.52071,,,Unknown,"(51.52071, -0.116543)",http://opendatacommunities.org/id/london-borough-council/camden,6002,21/12/2020 02:48:38 PM
1170024553,CAMDEN,1 Driver/Rider,1 Male,16-24,20,1,3 Slight,-2 Unknown,-2 N/A,2 Pedal Cycle,CLERKENWELL ROAD J/W LAYSTALL STREET,2,11/03/2017 08:15:00 PM,Saturday,20.15,3 Bor,A,5201,6 Single Cwy,2 30 MPH,3 T/Stag Jun,4 Give Way/Uncontrolled,Unclassified,0,1 Zebra,2 Dark,1 Fine,1 Road-Dry,0 None,0 None,531130,182020,-0.111306,51.521885,,,Unknown,"(51.521885, -0.111306)",http://opendatacommunities.org/id/london-borough-council/camden,6767,21/12/2020 02:48:39 PM
1170045759,CAMDEN,1 Driver/Rider,1 Male,25-59,42,1,3 Slight,-2 Unknown,-2 N/A,2 Pedal Cycle,ABBEY ROAD J/W BELSIZE ROAD,2,29/06/2017 09:45:00 PM,Thursday,21.45,3 Bor,B,507,6 Single Cwy,1 <= 20 MPH,6 Crossroads,2 Auto Sig,B,509,4 Pelican Or Similar,2 Dark,1 Fine,1 Road-Dry,0 None,0 None,525810,183880,-0.187281,51.53981,,,Unknown,"(51.53981, -0.187281)",http://opendatacommunities.org/id/london-borough-council/camden,7097,21/12/2020 02:48:40 PM
1170025514,CAMDEN,1 Driver/Rider,1 Male,25-59,54,1,3 Slight,-2 Unknown,-2 N/A,4 Car,EUSTON ROAD 30M W OF J/W EVERSHOLT STREET,2,15/03/2017 11:43:00 AM,Wednesday,11.43,1 TLRN,A,501,3 Dual Cwy,2 30 MPH,0 No Jun In 20m,-2 Not Applicable,-2 Not Applicable,0,5 Pedn Phase At Ats,1 Daylight,1 Fine,1 Road-Dry,0 None,0 None,529650,182520,-0.132442,51.52672,,,Unknown,"(51.52672, -0.132442)",http://opendatacommunities.org/id/london-borough-council/camden,6782,21/12/2020 02:48:39 PM
0115EK40940,CAMDEN,3 Pedestrian,2 Female,16-24,20,1,3 Slight,01 Crossing Road On Ped Xing,1 From Drivers N/Side,1 Pedestrian,TORRINGTON PLACE J/W MALET STREET.,1,24/10/2015 02:10:00 AM,Saturday,2.10,3 Bor,C,0,2 One-Way St,1 <= 20 MPH,6 Crossroads,4 Give Way/Uncontrolled,Unclassified,0,1 Zebra,2 Dark,1 Fine,1 Road-Dry,0 None,0 None,529720,182090,-0.131592,51.522839,,,Unknown,"(51.522839, -0.131592)",http://opendatacommunities.org/id/london-borough-council/camden,5371,21/12/2020 02:48:37 PM
1190224808,CAMDEN,1 DRIVER/RIDER,1 MALE,25-59,35,1,3 SLIGHT,'-2 NOT APPLICABLE,'-2 NOT APPLICABLE,3 POWERED 2 WHEELER,"On Jamestown Road, 30 metres west of the junction with Arlington Road NW1.",2,13/12/2019 04:06:00 PM,Friday,16.06,3 BOR,5,0,6 SINGLE CWY,30,00 NO JUN IN 20M,,0,0,0 NO XING FACILITY IN 50M,2 DAYLIGHT,1 FINE,1 ROAD-DRY,0 NONE,0 NONE,528657,183989,-0.146212,51.540149,,,Unknown,"(51.540149, -0.146212)",http://opendatacommunities.org/id/london-borough-council/camden,9618,21/12/2020 02:48:45 PM
0116EK40497,CAMDEN,1 Driver/Rider,2 Female,25-59,25,1,3 Slight,-2 Unknown,-2 N/A,2 Pedal Cycle,NFL- NEW OXFORD STREET 43M E OF J/W EARNSHAW STREET,2,13/07/2016 07:40:00 PM,Wednesday,19.40,3 Bor,A,40,2 One-Way St,2 30 MPH,0 No Jun In 20m,-2 Not Applicable,-2 Not Applicable,0,5 Pedn Phase At Ats,1 Daylight,1 Fine,1 Road-Dry,0 None,0 None,529960,181410,-0.128385,51.516673,,,Unknown,"(51.516673, -0.128385)",http://opendatacommunities.org/id/london-borough-council/camden,6408,21/12/2020 02:48:38 PM
0115EK40215,CAMDEN,3 Pedestrian,2 Female,16-24,16,1,3 Slight,04 Crossing Road Within 50m Xing,1 From Drivers N/Side,1 Pedestrian,EUSTON ROAD J/W EVERSHOLT STREET,1,19/03/2015 04:15:00 PM,Thursday,16.15,1 TLRN,A,501,3 Dual Cwy,3 40 MPH,6 Crossroads,2 Auto Sig,A,4200,5 Pedn Phase At Ats,1 Daylight,1 Fine,1 Road-Dry,0 None,0 None,529750,182580,-0.130979,51.527236,,,Unknown,"(51.527236, -0.130979)",http://opendatacommunities.org/id/london-borough-council/camden,4747,21/12/2020 02:48:36 PM
0116EK40556,CAMDEN,2 Passenger,2 Female,60+,69,1,3 Slight,-2 Unknown,-2 N/A,6 Bus Or Coach,"NFL - THEOBALD'S ROAD, 30 METRES SW OF RED LION STREET.",1,02/08/2016 05:02:00 PM,Tuesday,17.02,3 Bor,A,401,2 One-Way St,2 30 MPH,0 No Jun In 20m,-2 Not Applicable,-2 Not Applicable,0,5 Pedn Phase At Ats,1 Daylight,1 Fine,1 Road-Dry,0 None,0 None,530654,181822,-0.118236,51.520216,,,Unknown,"(51.520216, -0.118236)",http://opendatacommunities.org/id/london-borough-council/camden,6449,21/12/2020 02:48:38 PM
1180154526,CAMDEN,1 Driver/Rider,1 Male,25-59,26,1,3 Slight,-2 Unknown,-2 N/A,3 Powered 2 Wheeler,CAMDEN ROAD 30M N OF J/W TORRIANO AVENUE THE NEAREST CLASSIFIED RO,2,27/12/2018 09:18:00 AM,Thursday,9.18,1 TLRN,A,503,6 Single Cwy,1 <= 20 MPH,0 No Jun In 20m,-2 Not Applicable,-2 Not Applicable,0,0 No Xing Facility In 50m,1 Daylight,1 Fine,1 Road-Dry,0 None,0 None,529760,184930,-0.129969,51.548353,,,Unknown,"(51.548353, -0.129969)",http://opendatacommunities.org/id/london-borough-council/camden,8644,21/12/2020 02:48:43 PM
1170048456,CAMDEN,2 Passenger,1 Male,0-15,0,1,3 Slight,-2 Unknown,-2 N/A,6 Bus Or Coach,EUSTON ROAD J/W PANCRAS ROAD,2,14/07/2017 09:04:00 PM,Friday,21.04,1 TLRN,A,501,3 Dual Cwy,2 30 MPH,9 Other Jun,2 Auto Sig,A,5202,4 Pelican Or Similar,2 Dark,1 Fine,1 Road-Dry,0 None,0 None,530180,182880,-0.124673,51.529833,,,Unknown,"(51.529833, -0.124673)",http://opendatacommunities.org/id/london-borough-council/camden,7152,21/12/2020 02:48:40 PM
0115EK41076,CAMDEN,1 Driver/Rider,1 Male,16-24,17,1,3 Slight,-2 Unknown,-2 N/A,3 Powered 2 Wheeler,HAVERSTOCK HILL J/W DOWNSIDE CRESCENT.,2,03/12/2015 10:21:00 PM,Thursday,22.21,3 Bor,A,502,6 Single Cwy,2 30 MPH,3 T/Stag Jun,4 Give Way/Uncontrolled,Unclassified,0,0 No Xing Facility In 50m,2 Dark,2 Raining,2 Road-Wet,0 None,0 None,527410,185030,-0.163806,51.549787,,,Unknown,"(51.549787, -0.163806)",http://opendatacommunities.org/id/london-borough-council/camden,5486,21/12/2020 02:48:37 PM