Reference,London Borough Name,Casualty Class,Casualty Sex,Casualty Age Band,Casualty Age,Number Of Casualties,Casualty Severity,Pedestrian Location,Pedestrian Movement,Mode Of Travel,Attendant Location,Number Of Vehicles,Date,Day,Time,Highway,Road Class 1,Road Number 1,Road Type,Speed Limit,Junction Detail,Junction Control,Road Class 2,Road Number 2,Pedestrian Crossing,Light Condition Band,Weather,Road Surface,Special Conditions,Carriage Way Hazard,Easting,Northing,Longitude,Latitude,Ward Code,Ward Name,Spatial Accuracy,Location,Organisation URI,Socrata ID,Last Uploaded
1170055778,CAMDEN,3 Pedestrian,2 Female,25-59,42,1,3 Slight,05 Crossing Road (Not On Xing),1 From Drivers N/Side,1 Pedestrian,HEMSTAL ROAD J/W WEST END LANE,1,21/07/2017 11:45:00 PM,Friday,23.45,3 Bor,Unclassified,0,2 One-Way St,1 <= 20 MPH,3 T/Stag Jun,4 Give Way/Uncontrolled,B,510,0 No Xing Facility In 50m,2 Dark,2 Raining,2 Road-Wet,0 None,0 None,525460,184411,-0.192136,51.54466,,,Unknown,"(51.54466, -0.192136)",http://opendatacommunities.org/id/london-borough-council/camden,7272,21/12/2020 02:48:40 PM
1170063632,CAMDEN,1 Driver/Rider,1 Male,25-59,32,1,3 Slight,-2 Unknown,-2 N/A,4 Car,CROWNDALE ROAD J/W OAKLEY SQUARE,2,10/10/2017 12:50:00 PM,Tuesday,12.50,1 TLRN,B,512,6 Single Cwy,2 30 MPH,3 T/Stag Jun,2 Auto Sig,A,400,5 Pedn Phase At Ats,1 Daylight,1 Fine,1 Road-Dry,0 None,0 None,529405,183456,-0.135628,51.535188,,,Unknown,"(51.535188, -0.135628)",http://opendatacommunities.org/id/london-borough-council/camden,7398,21/12/2020 02:48:40 PM
1170048660,CAMDEN,1 Driver/Rider,1 Male,25-59,45,1,3 Slight,-2 Unknown,-2 N/A,3 Powered 2 Wheeler,CASTLEHAVEN ROAD J/W CHALK FARM ROAD,1,17/07/2017 12:40:00 AM,Monday,0.40,3 Bor,A,502,2 One-Way St,1 <= 20 MPH,3 T/Stag Jun,2 Auto Sig,C,0,4 Pelican Or Similar,2 Dark,1 Fine,1 Road-Dry,0 None,0 None,528690,184180,-0.145666,51.541858,,,Unknown,"(51.541858, -0.145666)",http://opendatacommunities.org/id/london-borough-council/camden,7157,21/12/2020 02:48:40 PM
0115EK40769,CAMDEN,2 Passenger,1 Male,0-15,4,1,3 Slight,-2 Unknown,-2 N/A,4 Car,CAMDEN ROAD J/W MURRAY STREET.,1,01/09/2015 07:16:00 PM,Tuesday,19.16,1 TLRN,A,503,6 Single Cwy,2 30 MPH,3 T/Stag Jun,4 Give Way/Uncontrolled,Unclassified,0,4 Pelican Or Similar,2 Dark,1 Fine,1 Road-Dry,0 None,0 None,529450,184540,-0.134581,51.544919,,,Unknown,"(51.544919, -0.134581)",http://opendatacommunities.org/id/london-borough-council/camden,5238,21/12/2020 02:48:37 PM
1160001938,CAMDEN,1 Driver/Rider,1 Male,25-59,36,1,3 Slight,-2 Unknown,-2 N/A,3 Powered 2 Wheeler,FINCHLEY ROAD J/W WEECH ROAD,2,16/11/2016 06:58:00 PM,Wednesday,18.58,1 TLRN,A,41,3 Dual Cwy,2 30 MPH,3 T/Stag Jun,4 Give Way/Uncontrolled,Unclassified,0,0 No Xing Facility In 50m,2 Dark,2 Raining,2 Road-Wet,0 None,0 None,525265,185692,-0.194491,51.556216,,,Unknown,"(51.556216, -0.194491)",http://opendatacommunities.org/id/london-borough-council/camden,5675,21/12/2020 02:48:37 PM
1180085601,CAMDEN,1 Driver/Rider,2 Female,25-59,30,1,3 Slight,-2 Unknown,-2 N/A,2 Pedal Cycle,NFL SEAFORD STREET J/W SIDMOUTH STREET,2,24/01/2018 04:52:00 PM,Wednesday,16.52,3 Bor,C,0,6 Single Cwy,2 30 MPH,0 No Jun In 20m,-2 Not Applicable,-2 Not Applicable,0,9 Unknown (S/R),2 Dark,2 Raining,2 Road-Wet,9 Unknown (S/R),0 None,530500,182570,-0.120177,51.526974,,,Unknown,"(51.526974, -0.120177)",http://opendatacommunities.org/id/london-borough-council/camden,7691,21/12/2020 02:48:41 PM
0116EK40216,CAMDEN,1 Driver/Rider,1 Male,25-59,29,1,3 Slight,-2 Unknown,-2 N/A,3 Powered 2 Wheeler,AVENUE ROAD 85M SE OF ADELAIDE ROAD,2,13/04/2016 09:00:00 PM,Wednesday,21.00,3 Bor,B,525,6 Single Cwy,2 30 MPH,0 No Jun In 20m,-2 Not Applicable,-2 Not Applicable,0,0 No Xing Facility In 50m,2 Dark,1 Fine,1 Road-Dry,0 None,0 None,526810,184050,-0.172808,51.541114,,,Unknown,"(51.541114, -0.172808)",http://opendatacommunities.org/id/london-borough-council/camden,6160,21/12/2020 02:48:38 PM
1160002246,CAMDEN,1 Driver/Rider,1 Male,25-59,25,1,3 Slight,-2 Unknown,-2 N/A,3 Powered 2 Wheeler,GOODGE STREET J/W GOODGE PLACE,2,18/11/2016 03:22:00 PM,Friday,15.22,3 Bor,B,506,6 Single Cwy,1 <= 20 MPH,3 T/Stag Jun,4 Give Way/Uncontrolled,Unclassified,0,4 Pelican Or Similar,1 Daylight,1 Fine,1 Road-Dry,0 None,0 None,529410,181670,-0.136212,51.519136,,,Unknown,"(51.519136, -0.136212)",http://opendatacommunities.org/id/london-borough-council/camden,5681,21/12/2020 02:48:37 PM
0115EK40200,CAMDEN,1 Driver/Rider,1 Male,25-59,40,1,3 Slight,-2 Unknown,-2 N/A,3 Powered 2 Wheeler,GILDEN CRESCENT 52M NE OF J/W MAIDEN ROAD,2,22/02/2015 08:15:00 AM,Sunday,8.15,3 Bor,Unclassified,0,6 Single Cwy,2 30 MPH,0 No Jun In 20m,-2 Not Applicable,-2 Not Applicable,0,0 No Xing Facility In 50m,1 Daylight,1 Fine,1 Road-Dry,0 None,0 None,528180,185050,-0.1527,51.549792,,,Unknown,"(51.549792, -0.1527)",http://opendatacommunities.org/id/london-borough-council/camden,4738,21/12/2020 02:48:36 PM
1180138517,CAMDEN,1 Driver/Rider,1 Male,25-59,34,1,3 Slight,-2 Unknown,-2 N/A,3 Powered 2 Wheeler,"HAVERSTOCK HILL 92M N OF J/W ADELAIDE ROAD,NW3 THE NEAREST CLASSIF",2,12/10/2018 06:45:00 AM,Friday,6.45,3 Bor,A,502,6 Single Cwy,1 <= 20 MPH,0 No Jun In 20m,-2 Not Applicable,-2 Not Applicable,0,5 Pedn Phase At Ats,2 Dark,1 Fine,1 Road-Dry,0 None,0 None,528130,184430,-0.153646,51.544232,,,Unknown,"(51.544232, -0.153646)",http://opendatacommunities.org/id/london-borough-council/camden,8416,21/12/2020 02:48:43 PM
1190191789,CAMDEN,1 DRIVER/RIDER,1 MALE,25-59,47,2,3 SLIGHT,'-2 NOT APPLICABLE,'-2 NOT APPLICABLE,4 CAR,"On Bramshill Gardens, near the junction with DARTMOUTH PARK AVENUE, NW5.",1,05/07/2019 11:16:00 PM,Friday,23.16,3 BOR,6,0,6 SINGLE CWY,20,03 T/STAG JUN,4 GIVE WAY/UNCONTROLLED,6,0,0 NO XING FACILITY IN 50M,1 DARK,1 FINE,1 ROAD-DRY,0 NONE,0 NONE,528879,186381,-0.142137,51.561594,,,Unknown,"(51.561594, -0.142137)",http://opendatacommunities.org/id/london-borough-council/camden,9167,21/12/2020 02:48:44 PM
1170034380,CAMDEN,1 Driver/Rider,1 Male,25-59,27,1,2 Serious,-2 Unknown,-2 N/A,2 Pedal Cycle,PENTONVILLE ROAD J/W KINGS CROSS ROAD,2,28/04/2017 03:50:00 AM,Friday,3.50,1 TLRN,A,501,3 Dual Cwy,2 30 MPH,3 T/Stag Jun,2 Auto Sig,A,501,5 Pedn Phase At Ats,2 Dark,1 Fine,1 Road-Dry,0 None,0 None,530500,183010,-0.120014,51.530928,,,Unknown,"(51.530928, -0.120014)",http://opendatacommunities.org/id/london-borough-council/camden,6921,21/12/2020 02:48:39 PM
0116EK40400,CAMDEN,2 Passenger,2 Female,25-59,30,1,3 Slight,-2 Unknown,-2 N/A,6 Bus Or Coach,BLOOMSBURY WAY J/W BLOOMSBURY SQUARE,1,08/06/2016 10:40:00 PM,Wednesday,22.40,3 Bor,A,401,2 One-Way St,2 30 MPH,3 T/Stag Jun,4 Give Way/Uncontrolled,Unclassified,0,0 No Xing Facility In 50m,2 Dark,1 Fine,1 Road-Dry,0 None,0 None,530400,181630,-0.121966,51.518549,,,Unknown,"(51.518549, -0.121966)",http://opendatacommunities.org/id/london-borough-council/camden,6318,21/12/2020 02:48:38 PM
0116CW10979,CAMDEN,2 Passenger,2 Female,0-15,15,1,3 Slight,-2 Unknown,-2 N/A,4 Car,FINCHLEY ROAD J/E BOUNDARY ROAD,2,16/07/2016 09:25:00 PM,Saturday,21.25,1 TLRN,A,41,6 Single Cwy,2 30 MPH,6 Crossroads,2 Auto Sig,C,0,5 Pedn Phase At Ats,2 Dark,1 Fine,1 Road-Dry,0 None,0 None,526600,183880,-0.175896,51.539634,,,Unknown,"(51.539634, -0.175896)",http://opendatacommunities.org/id/london-borough-council/camden,5973,21/12/2020 02:48:38 PM
1170070898,CAMDEN,3 Pedestrian,1 Male,25-59,39,1,3 Slight,05 Crossing Road (Not On Xing),3 From Drivers O/Side,1 Pedestrian,FINCHLEY ROAD J/W FORTUNE GREEN ROAD,1,17/11/2017 05:23:00 PM,Friday,17.23,1 TLRN,A,41,3 Dual Cwy,2 30 MPH,7 Multi Jun,2 Auto Sig,B,510,5 Pedn Phase At Ats,2 Dark,1 Fine,1 Road-Dry,0 None,0 None,525170,185840,-0.195808,51.557567,,,Unknown,"(51.557567, -0.195808)",http://opendatacommunities.org/id/london-borough-council/camden,7520,21/12/2020 02:48:41 PM
1180137190,CAMDEN,1 Driver/Rider,2 Female,25-59,39,1,3 Slight,-2 Unknown,-2 N/A,4 Car,FORTUNE GREEN ROAD 30M S OF J/W PARSIFAL ROAD,2,04/10/2018 02:36:00 PM,Thursday,14.36,3 Bor,B,510,6 Single Cwy,2 30 MPH,0 No Jun In 20m,-2 Not Applicable,-2 Not Applicable,0,9 Unknown (S/R),1 Daylight,1 Fine,1 Road-Dry,0 None,0 None,525300,185340,-0.194111,51.553045,,,Unknown,"(51.553045, -0.194111)",http://opendatacommunities.org/id/london-borough-council/camden,8390,21/12/2020 02:48:42 PM
0115EK40747,CAMDEN,1 Driver/Rider,1 Male,25-59,46,1,3 Slight,-2 Unknown,-2 N/A,3 Powered 2 Wheeler,FINCHLEY ROAD J/W WEST END LANE,2,26/08/2015 10:28:00 AM,Wednesday,10.28,1 TLRN,A,41,6 Single Cwy,2 30 MPH,6 Crossroads,2 Auto Sig,C,0,5 Pedn Phase At Ats,1 Daylight,2 Raining,2 Road-Wet,0 None,0 None,525670,185320,-0.188785,51.552783,,,Unknown,"(51.552783, -0.188785)",http://opendatacommunities.org/id/london-borough-council/camden,5213,21/12/2020 02:48:37 PM
1190204590,CAMDEN,1 DRIVER/RIDER,1 MALE,25-59,42,1,3 SLIGHT,'-2 NOT APPLICABLE,'-2 NOT APPLICABLE,5 TAXI,"On Euston Road, 50 metres east of the junction with Churchway.",2,10/09/2019 09:29:00 AM,Tuesday,9.29,1 TLRN,A,501,2 ONE-WAY ST,20,00 NO JUN IN 20M,,0,0,9 UNKNOWN (S/R),2 DAYLIGHT,1 FINE,1 ROAD-DRY,0 NONE,0 NONE,529902,182680,-0.128752,51.5281,,,Unknown,"(51.5281, -0.128752)",http://opendatacommunities.org/id/london-borough-council/camden,9354,21/12/2020 02:48:44 PM
1190207872,CAMDEN,1 DRIVER/RIDER,1 MALE,25-59,50,1,3 SLIGHT,'-2 NOT APPLICABLE,'-2 NOT APPLICABLE,2 PEDAL CYCLE,"On Woburn Place, near the junction with Euston Road.",2,26/09/2019 08:45:00 AM,Thursday,8.45,1 TLRN,A,4200,6 SINGLE CWY,30,06 CROSSROADS,2 AUTO SIG,A,501,1 ZEBRA,2 DAYLIGHT,1 FINE,1 ROAD-DRY,0 NONE,0 NONE,529774,182573,-0.130636,51.527168,,,Unknown,"(51.527168, -0.130636)",http://opendatacommunities.org/id/london-borough-council/camden,9390,21/12/2020 02:48:44 PM
1190185093,CAMDEN,1 DRIVER/RIDER,2 FEMALE,25-59,50,1,3 SLIGHT,'-2 NOT APPLICABLE,'-2 NOT APPLICABLE,4 CAR,"On Mansfield Road, 50 metres east of the junction with Savernake Road.",2,23/05/2019 02:15:00 PM,Thursday,14.15,3 BOR,B,518,6 SINGLE CWY,20,00 NO JUN IN 20M,,0,0,0 NO XING FACILITY IN 50M,2 DAYLIGHT,1 FINE,1 ROAD-DRY,0 NONE,0 NONE,528190,185592,-0.152358,51.554661,,,Unknown,"(51.554661, -0.152358)",http://opendatacommunities.org/id/london-borough-council/camden,9061,21/12/2020 02:48:44 PM
1180128530,CAMDEN,1 Driver/Rider,1 Male,25-59,34,1,3 Slight,-2 Unknown,-2 N/A,4 Car,CAMDEN ROAD J/W SANDALL ROAD,3,22/08/2018 11:15:00 PM,Wednesday,23.15,1 TLRN,A,503,6 Single Cwy,2 30 MPH,3 T/Stag Jun,4 Give Way/Uncontrolled,Unclassified,0,4 Pelican Or Similar,2 Dark,1 Fine,1 Road-Dry,0 None,0 None,529520,184620,-0.133543,51.545622,,,Unknown,"(51.545622, -0.133543)",http://opendatacommunities.org/id/london-borough-council/camden,8267,21/12/2020 02:48:42 PM
1160012383,CAMDEN,1 Driver/Rider,1 Male,25-59,28,1,2 Serious,-2 Unknown,-2 N/A,3 Powered 2 Wheeler,"ON ARKWRIGHT ROAD, NEAR THE JUNCTION WITH FROGNAL LANE .",2,28/09/2016 03:50:00 PM,Wednesday,15.50,3 Bor,C,0,6 Single Cwy,1 <= 20 MPH,6 Crossroads,4 Give Way/Uncontrolled,Unclassified,0,1 Zebra,1 Daylight,1 Fine,1 Road-Dry,0 None,0 None,526230,185230,-0.180744,51.551849,,,Unknown,"(51.551849, -0.180744)",http://opendatacommunities.org/id/london-borough-council/camden,5825,21/12/2020 02:48:37 PM
0116EK40440,CAMDEN,1 Driver/Rider,1 Male,25-59,37,1,3 Slight,-2 Unknown,-2 N/A,2 Pedal Cycle,PARKWAY J/W ARLINGTON ROAD.,2,22/06/2016 05:55:00 PM,Wednesday,17.55,3 Bor,A,4201,2 One-Way St,1 <= 20 MPH,6 Crossroads,2 Auto Sig,Unclassified,0,5 Pedn Phase At Ats,1 Daylight,1 Fine,1 Road-Dry,0 None,0 None,528800,183790,-0.144224,51.538328,,,Unknown,"(51.538328, -0.144224)",http://opendatacommunities.org/id/london-borough-council/camden,6354,21/12/2020 02:48:38 PM
1190222870,CAMDEN,1 DRIVER/RIDER,2 FEMALE,25-59,59,2,3 SLIGHT,'-2 NOT APPLICABLE,'-2 NOT APPLICABLE,9 PRIVATE HIRE,"On Finchley Road, 200 metres south of the junction with Finchley Road.. The nearest classified road was the A41. The nearest classified road was the A41",2,05/12/2019 03:35:00 AM,Thursday,3.35,1 TLRN,A,41,3 DUAL CWY,40,00 NO JUN IN 20M,,0,0,0 NO XING FACILITY IN 50M,1 DARK,7 FOG/MIST,4 ROAD-FROST/ICE,0 NONE,0 NONE,525957,185186,-0.184695,51.551514,,,Unknown,"(51.551514, -0.184695)",http://opendatacommunities.org/id/london-borough-council/camden,9585,21/12/2020 02:48:45 PM
1180126899,CAMDEN,1 Driver/Rider,1 Male,25-59,42,1,3 Slight,-2 Unknown,-2 N/A,3 Powered 2 Wheeler,AVENUE ROAD J/W NORFORL ROAD,2,18/06/2018 07:30:00 AM,Monday,7.30,3 Bor,B,525,9 Unknown,2 30 MPH,3 T/Stag Jun,9 Unknown (S/R),B,525,9 Unknown (S/R),1 Daylight,9 Unknown,9 Unknown (S/R),9 Unknown (S/R),9 Unknown (S/R),527020,183770,-0.169883,51.538551,,,Unknown,"(51.538551, -0.169883)",http://opendatacommunities.org/id/london-borough-council/camden,8244,21/12/2020 02:48:42 PM
0116EK40385,CAMDEN,3 Pedestrian,2 Female,16-24,23,1,3 Slight,04 Crossing Road Within 50m Xing,1 From Drivers N/Side,1 Pedestrian,RUSSELL SQUARE J/W MONTAGUE STREET,1,02/06/2016 07:00:00 PM,Thursday,19.00,3 Bor,A,4200,6 Single Cwy,2 30 MPH,3 T/Stag Jun,2 Auto Sig,C,0,5 Pedn Phase At Ats,1 Daylight,1 Fine,1 Road-Dry,0 None,0 None,530080,181850,-0.126494,51.5206,,,Unknown,"(51.5206, -0.126494)",http://opendatacommunities.org/id/london-borough-council/camden,6307,21/12/2020 02:48:38 PM
1190157884,CAMDEN,1 DRIVER/RIDER,1 MALE,25-59,48,1,3 SLIGHT,'-2 NOT APPLICABLE,'-2 NOT APPLICABLE,5 TAXI,"On Eversholt Street, 25 metres north of the junction with Eversholt Street.",1,16/01/2019 11:45:00 AM,Wednesday,11.45,3 BOR,A,4200,6 SINGLE CWY,20,00 NO JUN IN 20M,,0,0,9 UNKNOWN (S/R),2 DAYLIGHT,1 FINE,1 ROAD-DRY,0 NONE,0 NONE,529351,183134,-0.136524,51.532306,,,Unknown,"(51.532306, -0.136524)",http://opendatacommunities.org/id/london-borough-council/camden,8695,21/12/2020 02:48:43 PM
1160007115,CAMDEN,1 Driver/Rider,1 Male,16-24,22,1,3 Slight,-2 Unknown,-2 N/A,2 Pedal Cycle,CAMDEN STREET J/W CAMDEN GARDENS,2,15/12/2016 11:03:00 AM,Thursday,11.03,3 Bor,A,400,2 One-Way St,2 30 MPH,3 T/Stag Jun,4 Give Way/Uncontrolled,Unclassified,0,4 Pelican Or Similar,1 Daylight,1 Fine,1 Road-Dry,0 None,0 None,529030,184150,-0.140777,51.54151,,,Unknown,"(51.54151, -0.140777)",http://opendatacommunities.org/id/london-borough-council/camden,5777,21/12/2020 02:48:37 PM
1180139155,CAMDEN,1 Driver/Rider,1 Male,25-59,27,1,3 Slight,-2 Unknown,-2 N/A,2 Pedal Cycle,KINGSWAY J/W SOUTHAMPTON ROW WC1,2,15/10/2018 12:00:00 PM,Monday,12.00,3 Bor,A,4200,3 Dual Cwy,1 <= 20 MPH,6 Crossroads,2 Auto Sig,A,4200,5 Pedn Phase At Ats,1 Daylight,1 Fine,1 Road-Dry,0 None,0 None,530500,181530,-0.120562,51.517627,,,Unknown,"(51.517627, -0.120562)",http://opendatacommunities.org/id/london-borough-council/camden,8432,21/12/2020 02:48:43 PM
1170013876,CAMDEN,1 Driver/Rider,2 Female,25-59,43,1,3 Slight,-2 Unknown,-2 N/A,4 Car,KENTISH TOWN ROAD 25M E OF J/W BARTHOLOMEW ROAD,2,09/01/2017 03:07:00 PM,Monday,15.07,3 Bor,A,400,6 Single Cwy,2 30 MPH,0 No Jun In 20m,-2 Not Applicable,-2 Not Applicable,0,9 Unknown (S/R),1 Daylight,2 Raining,2 Road-Wet,9 Unknown (S/R),9 Unknown (S/R),528950,184590,-0.141769,51.545483,,,Unknown,"(51.545483, -0.141769)",http://opendatacommunities.org/id/london-borough-council/camden,6611,21/12/2020 02:48:39 PM
1160005960,CAMDEN,1 Driver/Rider,1 Male,25-59,32,1,3 Slight,-2 Unknown,-2 N/A,3 Powered 2 Wheeler,FINCHLEY ROAD 100M S OF J/W ADELAIDE ROAD,2,28/11/2016 04:30:00 PM,Monday,16.30,1 TLRN,A,41,6 Single Cwy,2 30 MPH,0 No Jun In 20m,-2 Not Applicable,-2 Not Applicable,0,0 No Xing Facility In 50m,1 Daylight,1 Fine,1 Road-Dry,9 Unknown (S/R),0 None,526600,183900,-0.175889,51.539813,,,Unknown,"(51.539813, -0.175889)",http://opendatacommunities.org/id/london-borough-council/camden,5751,21/12/2020 02:48:37 PM
0115EK40758,CAMDEN,3 Pedestrian,2 Female,16-24,20,1,3 Slight,01 Crossing Road On Ped Xing,3 From Drivers O/Side,1 Pedestrian,YORK WAY J/W TILEYARD ROAD,1,31/08/2015 12:37:00 AM,Monday,0.37,3 Bor,A,5200,6 Single Cwy,2 30 MPH,3 T/Stag Jun,4 Give Way/Uncontrolled,Unclassified,0,1 Zebra,2 Dark,2 Raining,2 Road-Wet,0 None,0 None,530060,184290,-0.125881,51.542532,,,Unknown,"(51.542532, -0.125881)",http://opendatacommunities.org/id/london-borough-council/camden,5222,21/12/2020 02:48:37 PM
1190166998,CAMDEN,1 DRIVER/RIDER,1 MALE,25-59,42,1,3 SLIGHT,'-2 NOT APPLICABLE,'-2 NOT APPLICABLE,2 PEDAL CYCLE,"On Royal College Street, 55 metres south of the junction with Baynes Street.",2,05/03/2019 07:35:00 AM,Tuesday,7.35,3 BOR,A,5202,2 ONE-WAY ST,20,00 NO JUN IN 20M,,0,0,0 NO XING FACILITY IN 50M,2 DAYLIGHT,1 FINE,1 ROAD-DRY,0 NONE,0 NONE,529291,184044,-0.137055,51.540498,,,Unknown,"(51.540498, -0.137055)",http://opendatacommunities.org/id/london-borough-council/camden,8820,21/12/2020 02:48:43 PM
0115EK41188,CAMDEN,1 Driver/Rider,1 Male,25-59,27,1,3 Slight,-2 Unknown,-2 N/A,3 Powered 2 Wheeler,EUSTON ROAD 116M NE OF THE OFF SLIP FOR HAMPSTEAD ROAD,2,02/12/2015 11:25:00 AM,Wednesday,11.25,1 TLRN,A,501,3 Dual Cwy,2 30 MPH,0 No Jun In 20m,-2 Not Applicable,-2 Not Applicable,0,0 No Xing Facility In 50m,1 Daylight,1 Fine,1 Road-Dry,0 None,0 None,529180,182300,-0.139294,51.52485,,,Unknown,"(51.52485, -0.139294)",http://opendatacommunities.org/id/london-borough-council/camden,5575,21/12/2020 02:48:37 PM
1170067186,CAMDEN,1 Driver/Rider,1 Male,25-59,46,1,3 Slight,-2 Unknown,-2 N/A,4 Car,BROADHURST GARDENS 21M N OF J/W GOLDHURST TERRACE,1,18/10/2017 09:55:00 PM,Wednesday,21.55,3 Bor,Unclassified,0,2 One-Way St,1 <= 20 MPH,0 No Jun In 20m,-2 Not Applicable,-2 Not Applicable,0,9 Unknown (S/R),2 Dark,8 Other,2 Road-Wet,0 None,0 None,526300,184580,-0.179968,51.545992,,,Unknown,"(51.545992, -0.179968)",http://opendatacommunities.org/id/london-borough-council/camden,7465,21/12/2020 02:48:40 PM
1190224753,CAMDEN,1 DRIVER/RIDER,2 FEMALE,25-59,32,1,3 SLIGHT,'-2 NOT APPLICABLE,'-2 NOT APPLICABLE,3 POWERED 2 WHEELER,"On Goodge Street, 15 metres east of the junction with Charlotte Street.",1,13/12/2019 01:10:00 PM,Friday,13.10,3 BOR,B,506,3 DUAL CWY,20,06 CROSSROADS,2 AUTO SIG,6,0,4 PELICAN OR SIMILAR,2 DAYLIGHT,8 OTHER,1 ROAD-DRY,0 NONE,0 NONE,529418,181680,-0.136093,51.519224,,,Unknown,"(51.519224, -0.136093)",http://opendatacommunities.org/id/london-borough-council/camden,9614,21/12/2020 02:48:45 PM
0116EK40596,CAMDEN,1 Driver/Rider,1 Male,25-59,33,1,3 Slight,-2 Unknown,-2 N/A,2 Pedal Cycle,KENTISH TOWN ROAD J/W BUCK STREET,2,17/08/2016 02:45:00 PM,Wednesday,14.45,3 Bor,A,400,2 One-Way St,2 30 MPH,3 T/Stag Jun,4 Give Way/Uncontrolled,Unclassified,0,0 No Xing Facility In 50m,1 Daylight,1 Fine,1 Road-Dry,0 None,0 None,528930,184020,-0.142266,51.540365,,,Unknown,"(51.540365, -0.142266)",http://opendatacommunities.org/id/london-borough-council/camden,6478,21/12/2020 02:48:39 PM
1180149272,CAMDEN,2 Passenger,1 Male,16-24,21,1,3 Slight,-2 Unknown,-2 N/A,4 Car,HIGHGATE HILL WEST J/W THE GROVE,2,01/12/2018 03:10:00 PM,Saturday,15.10,3 Bor,C,0,6 Single Cwy,1 <= 20 MPH,7 Multi Jun,4 Give Way/Uncontrolled,Unclassified,0,0 No Xing Facility In 50m,1 Daylight,2 Raining,2 Road-Wet,0 None,0 None,528210,187200,-0.151484,51.569107,,,Unknown,"(51.569107, -0.151484)",http://opendatacommunities.org/id/london-borough-council/camden,8576,21/12/2020 02:48:43 PM
1180108525,CAMDEN,3 Pedestrian,1 Male,60+,82,1,3 Slight,05 Crossing Road (Not On Xing),3 From Drivers O/Side,1 Pedestrian,KILBURN HIGH ROAD J/W KINGGATE PLACE,1,17/05/2018 10:50:00 AM,Thursday,10.50,3 Bor,A,5,6 Single Cwy,2 30 MPH,3 T/Stag Jun,4 Give Way/Uncontrolled,Unclassified,0,0 No Xing Facility In 50m,1 Daylight,1 Fine,1 Road-Dry,0 None,0 None,525100,184030,-0.19746,51.541316,,,Unknown,"(51.541316, -0.19746)",http://opendatacommunities.org/id/london-borough-council/camden,8000,21/12/2020 02:48:42 PM
1170018109,CAMDEN,3 Pedestrian,1 Male,60+,87,1,2 Serious,05 Crossing Road (Not On Xing),1 From Drivers N/Side,1 Pedestrian,HIGHGATE ROAD 20M N OF J/W FORTRESS WALK,1,13/02/2017 12:39:00 PM,Monday,12.39,3 Bor,B,518,6 Single Cwy,1 <= 20 MPH,3 T/Stag Jun,4 Give Way/Uncontrolled,Unclassified,0,0 No Xing Facility In 50m,1 Daylight,1 Fine,1 Road-Dry,0 None,0 None,528910,185380,-0.142056,51.552592,,,Unknown,"(51.552592, -0.142056)",http://opendatacommunities.org/id/london-borough-council/camden,6666,21/12/2020 02:48:39 PM
1180129325,CAMDEN,3 Pedestrian,2 Female,25-59,40,1,2 Serious,01 Crossing Road On Ped Xing,1 From Drivers N/Side,1 Pedestrian,KILBURN HIGH ROAD J/W BRONDESBURY ROAD,1,28/08/2018 09:20:00 AM,Tuesday,9.20,3 Bor,A,5,6 Single Cwy,2 30 MPH,3 T/Stag Jun,2 Auto Sig,B,451,5 Pedn Phase At Ats,1 Daylight,1 Fine,1 Road-Dry,0 None,0 None,525340,183720,-0.194111,51.538477,,,Unknown,"(51.538477, -0.194111)",http://opendatacommunities.org/id/london-borough-council/camden,8283,21/12/2020 02:48:42 PM
1190173461,CAMDEN,1 DRIVER/RIDER,1 MALE,25-59,36,1,3 SLIGHT,'-2 NOT APPLICABLE,'-2 NOT APPLICABLE,3 POWERED 2 WHEELER,"On Oak Village, near the junction with Gordon House Road.",2,05/04/2019 08:15:00 AM,Friday,8.15,3 BOR,5,0,3 DUAL CWY,20,03 T/STAG JUN,2 AUTO SIG,B,518,0 NO XING FACILITY IN 50M,2 DAYLIGHT,1 FINE,1 ROAD-DRY,0 NONE,0 NONE,528229,185586,-0.151798,51.554598,,,Unknown,"(51.554598, -0.151798)",http://opendatacommunities.org/id/london-borough-council/camden,8909,21/12/2020 02:48:44 PM
1170047230,CAMDEN,1 Driver/Rider,1 Male,25-59,32,1,3 Slight,-2 Unknown,-2 N/A,2 Pedal Cycle,HIGH HOLBORN J/W SOUTHAMPTON ROW,2,07/07/2017 05:39:00 PM,Friday,17.39,3 Bor,A,40,2 One-Way St,2 30 MPH,6 Crossroads,2 Auto Sig,A,4200,5 Pedn Phase At Ats,1 Daylight,1 Fine,1 Road-Dry,0 None,0 None,530510,181530,-0.120418,51.517625,,,Unknown,"(51.517625, -0.120418)",http://opendatacommunities.org/id/london-borough-council/camden,7127,21/12/2020 02:48:40 PM
1160001183,CAMDEN,1 Driver/Rider,1 Male,25-59,37,1,3 Slight,-2 Unknown,-2 N/A,5 Taxi,FINCHLEY ROAD NW3 J/W BLACKBURN ROAD NW3,2,11/11/2016 11:50:00 AM,Friday,11.50,1 TLRN,A,41,3 Dual Cwy,1 <= 20 MPH,3 T/Stag Jun,2 Auto Sig,Unclassified,0,5 Pedn Phase At Ats,1 Daylight,1 Fine,1 Road-Dry,0 None,0 None,526210,184880,-0.181158,51.548708,,,Unknown,"(51.548708, -0.181158)",http://opendatacommunities.org/id/london-borough-council/camden,5662,21/12/2020 02:48:37 PM