Reference,London Borough Name,Casualty Class,Casualty Sex,Casualty Age Band,Casualty Age,Number Of Casualties,Casualty Severity,Pedestrian Location,Pedestrian Movement,Mode Of Travel,Attendant Location,Number Of Vehicles,Date,Day,Time,Highway,Road Class 1,Road Number 1,Road Type,Speed Limit,Junction Detail,Junction Control,Road Class 2,Road Number 2,Pedestrian Crossing,Light Condition Band,Weather,Road Surface,Special Conditions,Carriage Way Hazard,Easting,Northing,Longitude,Latitude,Ward Code,Ward Name,Spatial Accuracy,Location,Organisation URI,Socrata ID,Last Uploaded
0115EK40217,CAMDEN,1 Driver/Rider,2 Female,60+,67,1,3 Slight,-2 Unknown,-2 N/A,4 Car,WEST END LANE J/W QUEX ROAD,2,19/03/2015 11:35:00 AM,Thursday,11.35,3 Bor,B,507,6 Single Cwy,2 30 MPH,3 T/Stag Jun,4 Give Way/Uncontrolled,B,510,1 Zebra,1 Daylight,1 Fine,1 Road-Dry,0 None,0 None,525460,184020,-0.192275,51.541146,,,Unknown,"(51.541146, -0.192275)",http://opendatacommunities.org/id/london-borough-council/camden,4749,21/12/2020 02:48:36 PM
1190178408,CAMDEN,1 DRIVER/RIDER,1 MALE,25-59,32,1,3 SLIGHT,'-2 NOT APPLICABLE,'-2 NOT APPLICABLE,3 POWERED 2 WHEELER,"On Kentish Town Road, near the junction with Kelly Street NW1.",2,02/05/2019 02:35:00 PM,Thursday,14.35,3 BOR,A,400,6 SINGLE CWY,20,03 T/STAG JUN,4 GIVE WAY/UNCONTROLLED,6,0,0 NO XING FACILITY IN 50M,2 DAYLIGHT,1 FINE,1 ROAD-DRY,0 NONE,0 NONE,528952,184618,-0.14173,51.545734,,,Unknown,"(51.545734, -0.14173)",http://opendatacommunities.org/id/london-borough-council/camden,8967,21/12/2020 02:48:44 PM
0116EK40173,CAMDEN,1 Driver/Rider,1 Male,25-59,34,1,3 Slight,-2 Unknown,-2 N/A,2 Pedal Cycle,OUTER CIRCLE J/W CHESTER GATE.,2,21/03/2016 09:05:00 AM,Monday,9.05,3 Bor,Unclassified,0,6 Single Cwy,2 30 MPH,3 T/Stag Jun,4 Give Way/Uncontrolled,Unclassified,0,0 No Xing Facility In 50m,1 Daylight,1 Fine,1 Road-Dry,0 None,0 None,528720,182620,-0.145804,51.527831,,,Unknown,"(51.527831, -0.145804)",http://opendatacommunities.org/id/london-borough-council/camden,6123,21/12/2020 02:48:38 PM
0115EK40973,CAMDEN,1 Driver/Rider,2 Female,25-59,40,1,3 Slight,-2 Unknown,-2 N/A,2 Pedal Cycle,"GLOUCESTER CRESCENT, 38 METRES SOUTH OF INVERNESS STREET.",2,02/11/2015 03:00:00 PM,Monday,15.00,3 Bor,Unclassified,0,6 Single Cwy,2 30 MPH,0 No Jun In 20m,-2 Not Applicable,-2 Not Applicable,0,0 No Xing Facility In 50m,1 Daylight,1 Fine,1 Road-Dry,0 None,0 None,528690,183810,-0.145802,51.538532,,,Unknown,"(51.538532, -0.145802)",http://opendatacommunities.org/id/london-borough-council/camden,5400,21/12/2020 02:48:37 PM
1190181689,CAMDEN,1 DRIVER/RIDER,1 MALE,25-59,32,1,3 SLIGHT,'-2 NOT APPLICABLE,'-2 NOT APPLICABLE,2 PEDAL CYCLE,"On Outer Circle, 50 metres north of the junction with Gloucester Gate.",2,18/05/2019 05:20:00 PM,Saturday,17.20,3 BOR,6,0,6 SINGLE CWY,20,00 NO JUN IN 20M,,0,0,0 NO XING FACILITY IN 50M,2 DAYLIGHT,2 RAINING,2 ROAD-WET,0 NONE,0 NONE,528497,183512,-0.148692,51.535898,,,Unknown,"(51.535898, -0.148692)",http://opendatacommunities.org/id/london-borough-council/camden,9018,21/12/2020 02:48:44 PM
0115EK41111,CAMDEN,1 Driver/Rider,1 Male,25-59,31,1,3 Slight,-2 Unknown,-2 N/A,3 Powered 2 Wheeler,FORDWYCH ROAD J/W MANSTONE ROAD,2,11/12/2015 05:35:00 PM,Friday,17.35,3 Bor,Unclassified,0,6 Single Cwy,2 30 MPH,3 T/Stag Jun,4 Give Way/Uncontrolled,Unclassified,0,0 No Xing Facility In 50m,2 Dark,1 Fine,2 Road-Wet,0 None,0 None,524290,185330,-0.208675,51.553178,,,Unknown,"(51.553178, -0.208675)",http://opendatacommunities.org/id/london-borough-council/camden,5519,21/12/2020 02:48:37 PM
1190202593,CAMDEN,1 DRIVER/RIDER,1 MALE,25-59,34,2,3 SLIGHT,'-2 NOT APPLICABLE,'-2 NOT APPLICABLE,4 CAR,"On Southampton Row, 25 metres east of the junction with 40.. The nearest classified road was the A40. The nearest classified road was the A40",2,31/08/2019 02:00:00 AM,Saturday,2.00,3 BOR,A,40,6 SINGLE CWY,20,00 NO JUN IN 20M,,0,0,5 PEDN PHASE AT ATS,1 DARK,1 FINE,1 ROAD-DRY,0 NONE,0 NONE,530482,181701,-0.120758,51.519168,,,Unknown,"(51.519168, -0.120758)",http://opendatacommunities.org/id/london-borough-council/camden,9317,21/12/2020 02:48:44 PM
1180132233,CAMDEN,1 Driver/Rider,1 Male,16-24,19,1,2 Serious,-2 Unknown,-2 N/A,3 Powered 2 Wheeler,BUCK STREET J/W KENTISH TOWN ROAD NW1,1,12/09/2018 10:25:00 PM,Wednesday,22.25,3 Bor,Unclassified,0,6 Single Cwy,1 <= 20 MPH,3 T/Stag Jun,4 Give Way/Uncontrolled,A,400,0 No Xing Facility In 50m,2 Dark,1 Fine,1 Road-Dry,0 None,0 None,528910,184010,-0.142558,51.54028,,,Unknown,"(51.54028, -0.142558)",http://opendatacommunities.org/id/london-borough-council/camden,8320,21/12/2020 02:48:42 PM
1160005628,CAMDEN,1 Driver/Rider,1 Male,25-59,59,1,3 Slight,-2 Unknown,-2 N/A,3 Powered 2 Wheeler,FLEET ROAD 35M S OF J/W POND STREET,1,07/12/2016 04:45:00 PM,Wednesday,16.45,3 Bor,B,518,2 One-Way St,2 30 MPH,0 No Jun In 20m,-2 Not Applicable,-2 Not Applicable,0,0 No Xing Facility In 50m,2 Dark,1 Fine,2 Road-Wet,0 None,0 None,527364,185485,-0.164305,51.553886,,,Unknown,"(51.553886, -0.164305)",http://opendatacommunities.org/id/london-borough-council/camden,5744,21/12/2020 02:48:37 PM
1190164302,CAMDEN,1 DRIVER/RIDER,1 MALE,25-59,41,1,3 SLIGHT,'-2 NOT APPLICABLE,'-2 NOT APPLICABLE,3 POWERED 2 WHEELER,"On Camden Road, near the junction with Murray Street.",2,19/02/2019 09:50:00 AM,Tuesday,9.50,1 TLRN,A,503,6 SINGLE CWY,30,03 T/STAG JUN,4 GIVE WAY/UNCONTROLLED,6,0,0 NO XING FACILITY IN 50M,2 DAYLIGHT,1 FINE,1 ROAD-DRY,0 NONE,0 NONE,529440,184525,-0.134731,51.544787,,,Unknown,"(51.544787, -0.134731)",http://opendatacommunities.org/id/london-borough-council/camden,8790,21/12/2020 02:48:43 PM
1180115560,CAMDEN,1 Driver/Rider,1 Male,25-59,27,1,3 Slight,-2 Unknown,-2 N/A,2 Pedal Cycle,PENTONVILLE ROAD J/W NORTHDOWN STREET N1,2,14/06/2018 07:30:00 PM,Thursday,19.30,1 TLRN,A,501,6 Single Cwy,2 30 MPH,3 T/Stag Jun,4 Give Way/Uncontrolled,A,501,5 Pedn Phase At Ats,1 Daylight,1 Fine,1 Road-Dry,0 None,0 None,530540,183010,-0.119438,51.530919,,,Unknown,"(51.530919, -0.119438)",http://opendatacommunities.org/id/london-borough-council/camden,8092,21/12/2020 02:48:42 PM
0115EK40072,CAMDEN,1 Driver/Rider,1 Male,16-24,21,1,3 Slight,-2 Unknown,-2 N/A,3 Powered 2 Wheeler,UPPER WOBURN PLACE J/W ENDSLEIGH GARDENS,2,01/02/2015 07:35:00 PM,Sunday,19.35,3 Bor,A,4200,6 Single Cwy,2 30 MPH,3 T/Stag Jun,4 Give Way/Uncontrolled,Unclassified,0,0 No Xing Facility In 50m,2 Dark,1 Fine,1 Road-Dry,0 None,0 None,529790,182540,-0.130418,51.526868,,,Unknown,"(51.526868, -0.130418)",http://opendatacommunities.org/id/london-borough-council/camden,4638,21/12/2020 02:48:35 PM
0115EK40500,CAMDEN,3 Pedestrian,2 Female,16-24,23,1,3 Slight,01 Crossing Road On Ped Xing,1 From Drivers N/Side,1 Pedestrian,FINCHLEY ROAD J/W GOLDHURST TERRACE,1,20/06/2015 04:20:00 PM,Saturday,16.20,1 TLRN,A,41,3 Dual Cwy,3 40 MPH,3 T/Stag Jun,2 Auto Sig,Unclassified,0,5 Pedn Phase At Ats,1 Daylight,1 Fine,1 Road-Dry,0 None,0 None,526370,184600,-0.178952,51.546156,,,Unknown,"(51.546156, -0.178952)",http://opendatacommunities.org/id/london-borough-council/camden,4990,21/12/2020 02:48:36 PM
0116EK40010,CAMDEN,2 Passenger,1 Male,25-59,33,1,3 Slight,-2 Unknown,-2 N/A,3 Powered 2 Wheeler,TOTTENHAM COURT ROAD J/W HANWAY STREET,2,21/01/2016 03:22:00 PM,Thursday,15.22,3 Bor,A,400,6 Single Cwy,2 30 MPH,6 Crossroads,4 Give Way/Uncontrolled,A,400,4 Pelican Or Similar,1 Daylight,1 Fine,1 Road-Dry,0 None,0 None,529790,181450,-0.130819,51.517072,,,Unknown,"(51.517072, -0.130819)",http://opendatacommunities.org/id/london-borough-council/camden,5986,21/12/2020 02:48:38 PM
1170061895,CAMDEN,3 Pedestrian,1 Male,25-59,37,1,3 Slight,04 Crossing Road Within 50m Xing,1 From Drivers N/Side,1 Pedestrian,PENTONVILLE ROAD 25M E OF J/W KINGS CROSS ROAD THE NEAREST CLASSIF,1,30/09/2017 11:35:00 PM,Saturday,23.35,1 TLRN,A,501,3 Dual Cwy,1 <= 20 MPH,0 No Jun In 20m,-2 Not Applicable,-2 Not Applicable,0,5 Pedn Phase At Ats,2 Dark,1 Fine,2 Road-Wet,0 None,0 None,530490,183000,-0.120162,51.53084,,,Unknown,"(51.53084, -0.120162)",http://opendatacommunities.org/id/london-borough-council/camden,7368,21/12/2020 02:48:40 PM
1190156510,CAMDEN,1 DRIVER/RIDER,1 MALE,25-59,26,1,3 SLIGHT,'-2 NOT APPLICABLE,'-2 NOT APPLICABLE,2 PEDAL CYCLE,"On Gloucester Avenue, near the junction with Princess Road.",2,09/01/2019 08:37:00 AM,Wednesday,8.37,3 BOR,6,0,6 SINGLE CWY,20,03 T/STAG JUN,9 UNKNOWN (S/R),6,0,0 NO XING FACILITY IN 50M,2 DAYLIGHT,1 FINE,1 ROAD-DRY,0 NONE,0 NONE,528357,183970,-0.150542,51.540046,,,Unknown,"(51.540046, -0.150542)",http://opendatacommunities.org/id/london-borough-council/camden,8677,21/12/2020 02:48:43 PM
1180114774,CAMDEN,1 Driver/Rider,1 Male,25-59,26,1,3 Slight,-2 Unknown,-2 N/A,3 Powered 2 Wheeler,CAMDEN ROAD 20M W OF J/W ST PANCRAS WAY,2,16/06/2018 10:10:00 PM,Saturday,22.10,1 TLRN,A,503,6 Single Cwy,2 30 MPH,3 T/Stag Jun,2 Auto Sig,A,5202,5 Pedn Phase At Ats,2 Dark,1 Fine,1 Road-Dry,0 None,0 None,529245,184279,-0.137631,51.542621,,,Unknown,"(51.542621, -0.137631)",http://opendatacommunities.org/id/london-borough-council/camden,8081,21/12/2020 02:48:42 PM
0115EK40859,CAMDEN,1 Driver/Rider,1 Male,25-59,46,1,3 Slight,-2 Unknown,-2 N/A,2 Pedal Cycle,REGENT'S PARK ROAD J/W ST MARK'S CRESCENT,2,07/08/2015 11:15:00 AM,Friday,11.15,3 Bor,C,0,6 Single Cwy,2 30 MPH,3 T/Stag Jun,4 Give Way/Uncontrolled,Unclassified,0,0 No Xing Facility In 50m,1 Daylight,1 Fine,1 Road-Dry,0 None,0 None,528320,183740,-0.151159,51.537987,,,Unknown,"(51.537987, -0.151159)",http://opendatacommunities.org/id/london-borough-council/camden,5307,21/12/2020 02:48:37 PM
1170064308,CAMDEN,1 Driver/Rider,1 Male,25-59,50,1,3 Slight,-2 Unknown,-2 N/A,2 Pedal Cycle,PRINCESS ROAD 21M N OF J/W ST MARKS SQUARE,2,10/10/2017 08:42:00 AM,Tuesday,8.42,3 Bor,Unclassified,0,2 One-Way St,2 30 MPH,0 No Jun In 20m,-2 Not Applicable,-2 Not Applicable,0,9 Unknown (S/R),1 Daylight,9 Unknown,9 Unknown (S/R),0 None,9 Unknown (S/R),528220,183800,-0.152578,51.538549,,,Unknown,"(51.538549, -0.152578)",http://opendatacommunities.org/id/london-borough-council/camden,7407,21/12/2020 02:48:40 PM
0115EK40967,CAMDEN,1 Driver/Rider,1 Male,25-59,38,1,3 Slight,-2 Unknown,-2 N/A,3 Powered 2 Wheeler,QUEX ROAD J/W KINGSGATE ROAD.,2,01/11/2015 03:50:00 PM,Sunday,15.50,3 Bor,B,510,6 Single Cwy,2 30 MPH,3 T/Stag Jun,4 Give Way/Uncontrolled,Unclassified,0,5 Pedn Phase At Ats,1 Daylight,1 Fine,1 Road-Dry,0 None,0 None,525280,183880,-0.194919,51.539928,,,Unknown,"(51.539928, -0.194919)",http://opendatacommunities.org/id/london-borough-council/camden,5393,21/12/2020 02:48:37 PM
0116EK40429,CAMDEN,1 Driver/Rider,1 Male,25-59,51,1,3 Slight,-2 Unknown,-2 N/A,3 Powered 2 Wheeler,CAMDEN ROAD J/W CAMDEN STREET,2,06/06/2016 05:20:00 PM,Monday,17.20,1 TLRN,A,503,6 Single Cwy,2 30 MPH,6 Crossroads,2 Auto Sig,A,400,5 Pedn Phase At Ats,1 Daylight,1 Fine,1 Road-Dry,0 None,0 None,529080,184030,-0.140101,51.540421,,,Unknown,"(51.540421, -0.140101)",http://opendatacommunities.org/id/london-borough-council/camden,6346,21/12/2020 02:48:38 PM
1170075501,CAMDEN,1 Driver/Rider,1 Male,25-59,30,1,3 Slight,-2 Unknown,-2 N/A,2 Pedal Cycle,CLERKENWELL ROAD 40M E OF J/W HATTON GARDEN,3,04/12/2017 06:45:00 AM,Monday,6.45,3 Bor,A,5201,6 Single Cwy,2 30 MPH,0 No Jun In 20m,-2 Not Applicable,-2 Not Applicable,0,0 No Xing Facility In 50m,1 Daylight,1 Fine,1 Road-Dry,3 Road Sign Def,0 None,531310,182040,-0.108705,51.522023,,,Unknown,"(51.522023, -0.108705)",http://opendatacommunities.org/id/london-borough-council/camden,7583,21/12/2020 02:48:41 PM
0116EK40472,CAMDEN,1 Driver/Rider,1 Male,60+,71,1,3 Slight,-2 Unknown,-2 N/A,4 Car,EAST HEATH ROAD J/W HEATH STREET.,2,19/06/2016 01:15:00 PM,Sunday,13.15,3 Bor,C,0,6 Single Cwy,2 30 MPH,3 T/Stag Jun,2 Auto Sig,A,502,5 Pedn Phase At Ats,1 Daylight,1 Fine,1 Road-Dry,0 None,0 None,526320,186240,-0.179084,51.560906,,,Unknown,"(51.560906, -0.179084)",http://opendatacommunities.org/id/london-borough-council/camden,6381,21/12/2020 02:48:38 PM
1160024454,CAMDEN,1 Driver/Rider,1 Male,60+,63,1,3 Slight,-2 Unknown,-2 N/A,2 Pedal Cycle,EUSTON ROAD J/W DUKE'S ROAD,2,12/10/2016 08:30:00 AM,Wednesday,8.30,1 TLRN,A,501,6 Single Cwy,2 30 MPH,6 Crossroads,2 Auto Sig,Unclassified,0,5 Pedn Phase At Ats,1 Daylight,1 Fine,1 Road-Dry,0 None,0 None,529840,182630,-0.129664,51.527665,,,Unknown,"(51.527665, -0.129664)",http://opendatacommunities.org/id/london-borough-council/camden,5906,21/12/2020 02:48:38 PM
1190163352,CAMDEN,1 DRIVER/RIDER,1 MALE,25-59,29,1,3 SLIGHT,'-2 NOT APPLICABLE,'-2 NOT APPLICABLE,3 POWERED 2 WHEELER,"On Avenue Road, 10 metres north of the junction with Avenue Close.",2,14/02/2019 07:00:00 PM,Thursday,19.00,3 BOR,B,525,6 SINGLE CWY,30,08 PRIV DRIVE,4 GIVE WAY/UNCONTROLLED,6,0,0 NO XING FACILITY IN 50M,2 DAYLIGHT,1 FINE,1 ROAD-DRY,0 NONE,0 NONE,526857,183991,-0.172152,51.540573,,,Unknown,"(51.540573, -0.172152)",http://opendatacommunities.org/id/london-borough-council/camden,8782,21/12/2020 02:48:43 PM
1180141033,CAMDEN,2 Passenger,1 Male,60+,88,1,3 Slight,-2 Unknown,-2 N/A,6 Bus Or Coach,KENTISH TOWN ROAD J/W PRINCE OF WALES ROAD,1,24/10/2018 01:15:00 PM,Wednesday,13.15,3 Bor,A,400,6 Single Cwy,1 <= 20 MPH,3 T/Stag Jun,2 Auto Sig,C,0,5 Pedn Phase At Ats,1 Daylight,1 Fine,1 Road-Dry,0 None,0 None,528950,184680,-0.141736,51.546292,,,Unknown,"(51.546292, -0.141736)",http://opendatacommunities.org/id/london-borough-council/camden,8464,21/12/2020 02:48:43 PM
1190163002,CAMDEN,1 DRIVER/RIDER,1 MALE,25-59,49,1,3 SLIGHT,'-2 NOT APPLICABLE,'-2 NOT APPLICABLE,5 TAXI,"On Earnshaw Street, near the junction with new oxford street.",2,13/02/2019 10:00:00 AM,Tuesday,10.00,3 BOR,A,40,2 ONE-WAY ST,20,03 T/STAG JUN,2 AUTO SIG,A,40,0 NO XING FACILITY IN 50M,2 DAYLIGHT,1 FINE,1 ROAD-DRY,0 NONE,0 NONE,529925,181393,-0.128895,51.516529,,,Unknown,"(51.516529, -0.128895)",http://opendatacommunities.org/id/london-borough-council/camden,8777,21/12/2020 02:48:43 PM
1170041053,CAMDEN,1 Driver/Rider,2 Female,16-24,21,1,3 Slight,-2 Unknown,-2 N/A,2 Pedal Cycle,THE OUTER CIRCLE 100M N OF J/W CHESTER ROAD THE NEAREST CLASSIFIED,2,03/06/2017 07:00:00 PM,Saturday,19.00,3 Bor,Unclassified,0,6 Single Cwy,2 30 MPH,0 No Jun In 20m,-2 Not Applicable,-2 Not Applicable,0,0 No Xing Facility In 50m,1 Daylight,1 Fine,1 Road-Dry,0 None,0 None,528710,182705,-0.145917,51.528597,,,Unknown,"(51.528597, -0.145917)",http://opendatacommunities.org/id/london-borough-council/camden,7013,21/12/2020 02:48:39 PM
1190182965,CAMDEN,2 PASSENGER,2 FEMALE,25-59,54,3,3 SLIGHT,'-2 NOT APPLICABLE,'-2 NOT APPLICABLE,6 BUS OR COACH,"On Kilburn High Road, near the junction with Brondesbury Road.",1,24/05/2019 10:05:00 AM,Friday,10.05,3 BOR,A,5,6 SINGLE CWY,20,03 T/STAG JUN,1 AUTH PERSON,B,451,5 PEDN PHASE AT ATS,2 DAYLIGHT,1 FINE,1 ROAD-DRY,0 NONE,0 NONE,525355,183694,-0.193905,51.53824,,,Unknown,"(51.53824, -0.193905)",http://opendatacommunities.org/id/london-borough-council/camden,9039,21/12/2020 02:48:44 PM
1170028393,CAMDEN,1 Driver/Rider,1 Male,25-59,44,1,3 Slight,-2 Unknown,-2 N/A,2 Pedal Cycle,CLERKENWELL ROAD 50M S OF J/W GRAY'S INN ROAD,2,27/03/2017 11:40:00 PM,Monday,23.40,3 Bor,A,401,6 Single Cwy,1 <= 20 MPH,0 No Jun In 20m,-2 Not Applicable,-2 Not Applicable,0,5 Pedn Phase At Ats,2 Dark,1 Fine,1 Road-Dry,0 None,0 None,531018,181977,-0.112935,51.521525,,,Unknown,"(51.521525, -0.112935)",http://opendatacommunities.org/id/london-borough-council/camden,6824,21/12/2020 02:48:39 PM
1160023991,CAMDEN,3 Pedestrian,2 Female,16-24,17,1,3 Slight,05 Crossing Road (Not On Xing),1 From Drivers N/Side,1 Pedestrian,ROSSLYN HILL J/W ROWLAND HILL STREET,1,05/10/2016 02:55:00 PM,Wednesday,14.55,3 Bor,A,502,6 Single Cwy,1 <= 20 MPH,3 T/Stag Jun,4 Give Way/Uncontrolled,Unclassified,0,8 Central Refuge,1 Daylight,1 Fine,1 Road-Dry,0 None,0 None,527130,185310,-0.167741,51.552366,,,Unknown,"(51.552366, -0.167741)",http://opendatacommunities.org/id/london-borough-council/camden,5877,21/12/2020 02:48:38 PM
1170042114,CAMDEN,3 Pedestrian,2 Female,0-15,15,1,3 Slight,05 Crossing Road (Not On Xing),1 From Drivers N/Side,1 Pedestrian,BELSIZE ROAD 30M E OF J/W KILBURN HIGH ROAD THE NEAREST CLASSIFIED,1,08/06/2017 08:48:00 AM,Thursday,8.48,3 Bor,B,509,6 Single Cwy,1 <= 20 MPH,0 No Jun In 20m,-2 Not Applicable,-2 Not Applicable,0,0 No Xing Facility In 50m,1 Daylight,2 Raining,2 Road-Wet,0 None,0 None,525471,183620,-0.192259,51.537549,,,Unknown,"(51.537549, -0.192259)",http://opendatacommunities.org/id/london-borough-council/camden,7029,21/12/2020 02:48:39 PM
0116EK40518,CAMDEN,3 Pedestrian,1 Male,0-15,11,1,3 Slight,05 Crossing Road (Not On Xing),1 From Drivers N/Side,1 Pedestrian,NFL- GRAFTON ROAD 25M S OF J/W CRESSFIELD CLOSE,1,20/07/2016 01:56:00 PM,Wednesday,13.56,3 Bor,C,0,6 Single Cwy,2 30 MPH,0 No Jun In 20m,-2 Not Applicable,-2 Not Applicable,0,0 No Xing Facility In 50m,1 Daylight,1 Fine,1 Road-Dry,0 None,0 None,528320,185290,-0.150594,51.551917,,,Unknown,"(51.551917, -0.150594)",http://opendatacommunities.org/id/london-borough-council/camden,6423,21/12/2020 02:48:38 PM
1190212147,CAMDEN,2 PASSENGER,1 MALE,U,,1,3 SLIGHT,'-2 NOT APPLICABLE,'-2 NOT APPLICABLE,4 CAR,"On Sumatra Road, near the junction with Sandwell Crescent.",1,16/10/2019 12:25:00 PM,Wednesday,12.25,3 BOR,6,0,6 SINGLE CWY,20,03 T/STAG JUN,9 UNKNOWN (S/R),6,0,0 NO XING FACILITY IN 50M,2 DAYLIGHT,1 FINE,9 UNKNOWN (S/R),0 NONE,0 NONE,525429,184882,-0.192415,51.5489,,,Unknown,"(51.5489, -0.192415)",http://opendatacommunities.org/id/london-borough-council/camden,9447,21/12/2020 02:48:44 PM
1180155118,CAMDEN,2 Passenger,2 Female,Unknown,0,1,3 Slight,-2 Unknown,-2 N/A,4 Car,YORK WAY J/W AGAR GROVE,2,30/12/2018 01:40:00 PM,Sunday,13.40,3 Bor,A,5200,9 Unknown,1 <= 20 MPH,3 T/Stag Jun,2 Auto Sig,C,0,9 Unknown (S/R),1 Daylight,1 Fine,1 Road-Dry,0 None,0 None,530050,184370,-0.125996,51.543254,,,Unknown,"(51.543254, -0.125996)",http://opendatacommunities.org/id/london-borough-council/camden,8652,21/12/2020 02:48:43 PM
0115EK40008,CAMDEN,1 Driver/Rider,1 Male,25-59,33,1,3 Slight,-2 Unknown,-2 N/A,3 Powered 2 Wheeler,CAMDEN ROAD 30M SW OF J/W CAMDEN PARK ROAD,1,13/01/2015 08:15:00 PM,Tuesday,20.15,1 TLRN,A,503,6 Single Cwy,2 30 MPH,0 No Jun In 20m,-2 Not Applicable,-2 Not Applicable,0,0 No Xing Facility In 50m,2 Dark,8 Other,2 Road-Wet,0 None,0 None,529706,184845,-0.130779,51.547601,,,Unknown,"(51.547601, -0.130779)",http://opendatacommunities.org/id/london-borough-council/camden,4590,21/12/2020 02:48:35 PM
0116EK40659,CAMDEN,1 Driver/Rider,2 Female,25-59,32,1,3 Slight,-2 Unknown,-2 N/A,4 Car,EAST HEATH ROAD J/W DOWNSHIRE HILL.,2,30/08/2016 04:50:00 PM,Tuesday,16.50,3 Bor,C,0,6 Single Cwy,2 30 MPH,3 T/Stag Jun,4 Give Way/Uncontrolled,Unclassified,0,1 Zebra,1 Daylight,1 Fine,1 Road-Dry,0 None,0 None,527100,185880,-0.167968,51.557495,,,Unknown,"(51.557495, -0.167968)",http://opendatacommunities.org/id/london-borough-council/camden,6511,21/12/2020 02:48:39 PM
0115EK40624,CAMDEN,2 Passenger,1 Male,25-59,33,1,3 Slight,-2 Unknown,-2 N/A,5 Taxi,"EUSTON ROAD, 38 METRES NE OF MIDLAND ROAD.",2,26/07/2015 12:26:00 AM,Sunday,0.26,1 TLRN,A,501,3 Dual Cwy,2 30 MPH,8 Priv Drive,4 Give Way/Uncontrolled,Unclassified,0,5 Pedn Phase At Ats,2 Dark,1 Fine,1 Road-Dry,0 None,0 None,530100,182820,-0.125848,51.529313,,,Unknown,"(51.529313, -0.125848)",http://opendatacommunities.org/id/london-borough-council/camden,5105,21/12/2020 02:48:36 PM
1190227768,CAMDEN,3 PEDESTRIAN,1 MALE,60+,93,1,3 SLIGHT,05 CROSSING ROAD (NOT ON XING),9 UNKNOWN OR OTHER,1 PEDESTRIAN,"On Little Green Street, 20 metres east of the junction with Highgate road .",1,30/12/2019 12:48:00 PM,Monday,12.48,3 BOR,B,518,6 SINGLE CWY,20,03 T/STAG JUN,4 GIVE WAY/UNCONTROLLED,6,0,0 NO XING FACILITY IN 50M,2 DAYLIGHT,1 FINE,1 ROAD-DRY,5 SURFACE DEFECT,0 NONE,528690,185730,-0.1451,51.555787,,,Unknown,"(51.555787, -0.1451)",http://opendatacommunities.org/id/london-borough-council/camden,9656,21/12/2020 02:48:45 PM
1170026027,CAMDEN,1 Driver/Rider,1 Male,25-59,28,1,3 Slight,-2 Unknown,-2 N/A,4 Car,NETHERWOOD STREET 100M E OF J/W KILBURN HIGH ROAD THE NEAREST CLAS,3,16/03/2017 09:15:00 PM,Thursday,21.15,3 Bor,Unclassified,0,6 Single Cwy,2 30 MPH,0 No Jun In 20m,-2 Not Applicable,-2 Not Applicable,0,0 No Xing Facility In 50m,2 Dark,1 Fine,1 Road-Dry,0 None,0 None,524982,184515,-0.198988,51.545701,,,Unknown,"(51.545701, -0.198988)",http://opendatacommunities.org/id/london-borough-council/camden,6791,21/12/2020 02:48:39 PM
1190172035,CAMDEN,1 DRIVER/RIDER,1 MALE,25-59,56,1,3 SLIGHT,'-2 NOT APPLICABLE,'-2 NOT APPLICABLE,3 POWERED 2 WHEELER,Location uncertain  West End Lane.,2,29/03/2019 04:30:00 PM,Friday,16.30,1 TLRN,A,41,3 DUAL CWY,30,07 MULTI JUN,2 AUTO SIG,5,0,4 PELICAN OR SIMILAR,2 DAYLIGHT,1 FINE,1 ROAD-DRY,0 NONE,0 NONE,525667,185321,-0.188827,51.552792,,,Unknown,"(51.552792, -0.188827)",http://opendatacommunities.org/id/london-borough-council/camden,8889,21/12/2020 02:48:43 PM
1170046052,CAMDEN,3 Pedestrian,1 Male,16-24,22,1,2 Serious,04 Crossing Road Within 50m Xing,1 From Drivers N/Side,1 Pedestrian,PRINCE OF WALES ROAD 40M W OF J/W MALDEN ROAD,1,02/07/2017 01:48:00 AM,Sunday,1.48,3 Bor,C,0,3 Dual Cwy,1 <= 20 MPH,0 No Jun In 20m,-2 Not Applicable,-2 Not Applicable,0,5 Pedn Phase At Ats,2 Dark,1 Fine,1 Road-Dry,0 None,0 None,528280,184620,-0.151415,51.545905,,,Unknown,"(51.545905, -0.151415)",http://opendatacommunities.org/id/london-borough-council/camden,7106,21/12/2020 02:48:40 PM
0115EK40269,CAMDEN,1 Driver/Rider,1 Male,25-59,46,1,3 Slight,-2 Unknown,-2 N/A,2 Pedal Cycle,NFL- MIDLAND ROAD 78M N OF J/W EUSTON ROAD,2,10/04/2015 08:35:00 AM,Friday,8.35,3 Bor,C,0,6 Single Cwy,2 30 MPH,0 No Jun In 20m,-2 Not Applicable,-2 Not Applicable,0,0 No Xing Facility In 50m,1 Daylight,1 Fine,1 Road-Dry,0 None,0 None,530050,182870,-0.12655,51.529773,,,Unknown,"(51.529773, -0.12655)",http://opendatacommunities.org/id/london-borough-council/camden,4796,21/12/2020 02:48:36 PM