Reference,London Borough Name,Casualty Class,Casualty Sex,Casualty Age Band,Casualty Age,Number Of Casualties,Casualty Severity,Pedestrian Location,Pedestrian Movement,Mode Of Travel,Attendant Location,Number Of Vehicles,Date,Day,Time,Highway,Road Class 1,Road Number 1,Road Type,Speed Limit,Junction Detail,Junction Control,Road Class 2,Road Number 2,Pedestrian Crossing,Light Condition Band,Weather,Road Surface,Special Conditions,Carriage Way Hazard,Easting,Northing,Longitude,Latitude,Ward Code,Ward Name,Spatial Accuracy,Location,Organisation URI,Socrata ID,Last Uploaded
1170077750,CAMDEN,1 Driver/Rider,2 Female,25-59,31,1,3 Slight,-2 Unknown,-2 N/A,3 Powered 2 Wheeler,GOWER STREET 87M N OF J/W GOWER STREET THE NEAREST CLASSIFIED ROAD,2,06/12/2017 08:25:00 PM,Wednesday,20.25,3 Bor,A,400,2 One-Way St,1 <= 20 MPH,0 No Jun In 20m,-2 Not Applicable,-2 Not Applicable,0,0 No Xing Facility In 50m,1 Daylight,1 Fine,1 Road-Dry,0 None,0 None,529570,182160,-0.133727,51.523503,,,Unknown,"(51.523503, -0.133727)",http://opendatacommunities.org/id/london-borough-council/camden,7609,21/12/2020 02:48:41 PM
1190207108,CAMDEN,1 DRIVER/RIDER,2 FEMALE,25-59,31,1,3 SLIGHT,'-2 NOT APPLICABLE,1 FROM DRIVERS N/SIDE,2 PEDAL CYCLE,"On Hawley Road, near the junction with castlehaven rd.",2,23/09/2019 10:42:00 AM,Monday,10.42,3 BOR,A,502,2 ONE-WAY ST,20,03 T/STAG JUN,4 GIVE WAY/UNCONTROLLED,5,0,0 NO XING FACILITY IN 50M,2 DAYLIGHT,1 FINE,1 ROAD-DRY,0 NONE,0 NONE,528824,184303,-0.14369,51.542932,,,Unknown,"(51.542932, -0.14369)",http://opendatacommunities.org/id/london-borough-council/camden,9379,21/12/2020 02:48:44 PM
1190160175,CAMDEN,1 DRIVER/RIDER,1 MALE,25-59,46,1,3 SLIGHT,'-2 NOT APPLICABLE,'-2 NOT APPLICABLE,3 POWERED 2 WHEELER,"On Southampton Row, near the junction with Theobalds road.",2,28/01/2019 06:50:00 PM,Monday,18.50,3 BOR,A,4200,6 SINGLE CWY,30,09 OTHER JUN,2 AUTO SIG,A,401,5 PEDN PHASE AT ATS,1 DARK,8 OTHER,1 ROAD-DRY,0 NONE,0 NONE,530461,181688,-0.121066,51.519056,,,Unknown,"(51.519056, -0.121066)",http://opendatacommunities.org/id/london-borough-council/camden,8735,21/12/2020 02:48:43 PM
1190202450,CAMDEN,2 PASSENGER,'-1 UNKNOWN,U,,1,3 SLIGHT,'-2 NOT APPLICABLE,'-2 NOT APPLICABLE,5 TAXI,"On Quickswood, near the junction with Primrose Hill.",1,31/08/2019 02:48:00 AM,Saturday,2.48,3 BOR,B,509,6 SINGLE CWY,30,03 T/STAG JUN,2 AUTO SIG,6,0,5 PEDN PHASE AT ATS,2 DAYLIGHT,1 FINE,1 ROAD-DRY,0 NONE,0 NONE,527380,184315,-0.164497,51.543368,,,Unknown,"(51.543368, -0.164497)",http://opendatacommunities.org/id/london-borough-council/camden,9316,21/12/2020 02:48:44 PM
1180116697,CAMDEN,1 Driver/Rider,1 Male,25-59,47,1,3 Slight,-2 Unknown,-2 N/A,3 Powered 2 Wheeler,TOTTENHAM COURT ROAD J/W STORE STREET,2,25/06/2018 06:15:00 PM,Monday,18.15,3 Bor,A,400,2 One-Way St,1 <= 20 MPH,3 T/Stag Jun,4 Give Way/Uncontrolled,C,0,5 Pedn Phase At Ats,1 Daylight,1 Fine,1 Road-Dry,0 None,0 None,529630,181690,-0.133035,51.519265,,,Unknown,"(51.519265, -0.133035)",http://opendatacommunities.org/id/london-borough-council/camden,8119,21/12/2020 02:48:42 PM
0116EK40568,CAMDEN,3 Pedestrian,1 Male,25-59,39,1,3 Slight,05 Crossing Road (Not On Xing),1 From Drivers N/Side,1 Pedestrian,HAVERSTOCK HILL J/W STEELE'S ROAD,1,07/08/2016 12:15:00 AM,Sunday,0.15,3 Bor,A,502,6 Single Cwy,2 30 MPH,3 T/Stag Jun,4 Give Way/Uncontrolled,Unclassified,0,8 Central Refuge,2 Dark,1 Fine,1 Road-Dry,0 None,0 None,527800,184700,-0.158304,51.546733,,,Unknown,"(51.546733, -0.158304)",http://opendatacommunities.org/id/london-borough-council/camden,6460,21/12/2020 02:48:39 PM
0116EK40012,CAMDEN,2 Passenger,2 Female,25-59,44,1,3 Slight,-2 Unknown,-2 N/A,4 Car,FINCHLEY ROAD J/W LITHOS ROAD,2,23/01/2016 05:50:00 PM,Saturday,17.50,1 TLRN,A,41,6 Single Cwy,2 30 MPH,3 T/Stag Jun,4 Give Way/Uncontrolled,Unclassified,0,0 No Xing Facility In 50m,2 Dark,4 Fine/High Winds,1 Road-Dry,4 Roadworks,0 None,526130,185000,-0.182268,51.549804,,,Unknown,"(51.549804, -0.182268)",http://opendatacommunities.org/id/london-borough-council/camden,5988,21/12/2020 02:48:38 PM
1170063326,CAMDEN,1 Driver/Rider,2 Female,25-59,34,1,3 Slight,-2 Unknown,-2 N/A,2 Pedal Cycle,CARDINGTON STREET 21M E OF J/W HAMPSTEAD ROAD THE NEAREST CLASSIFI,2,29/08/2017 07:05:00 PM,Tuesday,19.05,3 Bor,C,0,6 Single Cwy,1 <= 20 MPH,0 No Jun In 20m,-2 Not Applicable,-2 Not Applicable,0,4 Pelican Or Similar,1 Daylight,1 Fine,1 Road-Dry,0 None,0 None,529300,182800,-0.137382,51.529316,,,Unknown,"(51.529316, -0.137382)",http://opendatacommunities.org/id/london-borough-council/camden,7391,21/12/2020 02:48:40 PM
0115EK40428,CAMDEN,1 Driver/Rider,2 Female,25-59,35,1,3 Slight,-2 Unknown,-2 N/A,3 Powered 2 Wheeler,AVENUE ROAD 86M SE OF J/W ACACIA ROAD,2,29/05/2015 06:52:00 PM,Friday,18.52,3 Bor,B,525,6 Single Cwy,2 30 MPH,0 No Jun In 20m,-2 Not Applicable,-2 Not Applicable,0,0 No Xing Facility In 50m,1 Daylight,1 Fine,1 Road-Dry,0 None,0 None,527200,183640,-0.167336,51.537342,,,Unknown,"(51.537342, -0.167336)",http://opendatacommunities.org/id/london-borough-council/camden,4919,21/12/2020 02:48:36 PM
1170046896,CAMDEN,1 Driver/Rider,1 Male,25-59,33,1,3 Slight,-2 Unknown,-2 N/A,2 Pedal Cycle,EUSTON ROAD 21M S OF J/W KINGS B'VD,2,30/06/2017 11:35:00 PM,Friday,23.35,3 Bor,A,5202,6 Single Cwy,1 <= 20 MPH,0 No Jun In 20m,-2 Not Applicable,-2 Not Applicable,0,0 No Xing Facility In 50m,2 Dark,9 Unknown,9 Unknown (S/R),0 None,0 None,530120,183080,-0.125464,51.531645,,,Unknown,"(51.531645, -0.125464)",http://opendatacommunities.org/id/london-borough-council/camden,7120,21/12/2020 02:48:40 PM
1170068663,CAMDEN,1 Driver/Rider,1 Male,25-59,25,1,3 Slight,-2 Unknown,-2 N/A,3 Powered 2 Wheeler,WEST HEATH ROAD J/W LOWER TERRACE,2,07/11/2017 06:20:00 PM,Tuesday,18.20,3 Bor,C,0,6 Single Cwy,1 <= 20 MPH,7 Multi Jun,4 Give Way/Uncontrolled,C,0,0 No Xing Facility In 50m,2 Dark,2 Raining,2 Road-Wet,0 None,0 None,526240,186280,-0.180223,51.561283,,,Unknown,"(51.561283, -0.180223)",http://opendatacommunities.org/id/london-borough-council/camden,7490,21/12/2020 02:48:41 PM
0116EK40510,CAMDEN,1 Driver/Rider,1 Male,25-59,37,1,3 Slight,-2 Unknown,-2 N/A,7 Goods Vehicle,CAMDEN HIGH STREET J/W GREENLAND STREET,2,17/07/2016 07:43:00 AM,Sunday,7.43,1 TLRN,A,502,6 Single Cwy,2 30 MPH,3 T/Stag Jun,4 Give Way/Uncontrolled,Unclassified,0,1 Zebra,1 Daylight,1 Fine,1 Road-Dry,0 None,0 None,528950,183770,-0.142069,51.538114,,,Unknown,"(51.538114, -0.142069)",http://opendatacommunities.org/id/london-borough-council/camden,6417,21/12/2020 02:48:38 PM
0115EK40038,CAMDEN,2 Passenger,1 Male,25-59,51,1,3 Slight,-2 Unknown,-2 N/A,6 Bus Or Coach,EUSTON ROAD J/W NORTH GOWER STREET,1,22/01/2015 04:27:00 AM,Thursday,4.27,1 TLRN,A,501,6 Single Cwy,2 30 MPH,3 T/Stag Jun,2 Auto Sig,B,522,5 Pedn Phase At Ats,2 Dark,1 Fine,2 Road-Wet,0 None,0 None,529400,182400,-0.136088,51.525699,,,Unknown,"(51.525699, -0.136088)",http://opendatacommunities.org/id/london-borough-council/camden,4609,21/12/2020 02:48:35 PM
0116EK40373,CAMDEN,1 Driver/Rider,2 Female,25-59,35,1,3 Slight,-2 Unknown,-2 N/A,2 Pedal Cycle,SHAFTESBURY AVENUE J/W STACEY STREET,2,26/05/2016 06:20:00 PM,Thursday,18.20,3 Bor,A,401,6 Single Cwy,1 <= 20 MPH,0 No Jun In 20m,-2 Not Applicable,-2 Not Applicable,0,0 No Xing Facility In 50m,1 Daylight,1 Fine,1 Road-Dry,0 None,0 None,529960,181080,-0.128507,51.513708,,,Unknown,"(51.513708, -0.128507)",http://opendatacommunities.org/id/london-borough-council/camden,6294,21/12/2020 02:48:38 PM
1170023710,CAMDEN,3 Pedestrian,1 Male,25-59,28,1,3 Slight,10 Unknown,9 Unknown Or Other,1 Pedestrian,HIGHGATE ROAD 20M S OF J/W GREENWOOD PLACE,1,08/03/2017 09:30:00 AM,Wednesday,9.30,3 Bor,B,518,3 Dual Cwy,2 30 MPH,3 T/Stag Jun,4 Give Way/Uncontrolled,Unclassified,0,4 Pelican Or Similar,1 Daylight,2 Raining,2 Road-Wet,0 None,0 None,528870,185420,-0.142618,51.55296,,,Unknown,"(51.55296, -0.142618)",http://opendatacommunities.org/id/london-borough-council/camden,6753,21/12/2020 02:48:39 PM
0116EK40290,CAMDEN,1 Driver/Rider,1 Male,25-59,26,1,3 Slight,-2 Unknown,-2 N/A,2 Pedal Cycle,NEW OXFORD STREET 22M W OF DYOTT STREET,1,28/04/2016 10:20:00 AM,Thursday,10.20,3 Bor,A,40,6 Single Cwy,2 30 MPH,0 No Jun In 20m,-2 Not Applicable,-2 Not Applicable,0,0 No Xing Facility In 50m,1 Daylight,1 Fine,1 Road-Dry,0 None,0 None,529990,181420,-0.127949,51.516756,,,Unknown,"(51.516756, -0.127949)",http://opendatacommunities.org/id/london-borough-council/camden,6226,21/12/2020 02:48:38 PM
0116EK40451,CAMDEN,3 Pedestrian,2 Female,25-59,33,1,3 Slight,05 Crossing Road (Not On Xing),1 From Drivers N/Side,1 Pedestrian,"HAMPSTEAD HIGH STREET, 40 METRES SE OF BIRD IN HAND YARD.",1,23/06/2016 01:50:00 PM,Thursday,13.50,3 Bor,A,502,6 Single Cwy,2 30 MPH,0 No Jun In 20m,-2 Not Applicable,-2 Not Applicable,0,0 No Xing Facility In 50m,1 Daylight,1 Fine,1 Road-Dry,0 None,0 None,526460,185690,-0.177263,51.555931,,,Unknown,"(51.555931, -0.177263)",http://opendatacommunities.org/id/london-borough-council/camden,6363,21/12/2020 02:48:38 PM
1190190611,CAMDEN,2 PASSENGER,2 FEMALE,0-15,2,1,3 SLIGHT,'-2 NOT APPLICABLE,'-2 NOT APPLICABLE,6 BUS OR COACH,"On Tottenham Court Road, near the junction with BAYLEY STREET.",2,30/06/2019 03:25:00 PM,Sunday,15.25,3 BOR,A,400,3 DUAL CWY,20,03 T/STAG JUN,4 GIVE WAY/UNCONTROLLED,B,506,0 NO XING FACILITY IN 50M,2 DAYLIGHT,1 FINE,1 ROAD-DRY,0 NONE,0 NONE,529690,181623,-0.132196,51.518649,,,Unknown,"(51.518649, -0.132196)",http://opendatacommunities.org/id/london-borough-council/camden,9145,21/12/2020 02:48:44 PM
1170018997,CAMDEN,2 Passenger,2 Female,Unknown,0,1,3 Slight,-2 Unknown,-2 N/A,4 Car,THEOBALDS ROAD J/W EMERALDS STREET,2,13/02/2017 04:15:00 PM,Monday,16.15,3 Bor,A,401,6 Single Cwy,2 30 MPH,3 T/Stag Jun,2 Auto Sig,Unclassified,0,0 No Xing Facility In 50m,1 Daylight,9 Unknown,1 Road-Dry,0 None,0 None,530735,181865,-0.117053,51.520584,,,Unknown,"(51.520584, -0.117053)",http://opendatacommunities.org/id/london-borough-council/camden,6678,21/12/2020 02:48:39 PM
1160002217,CAMDEN,1 Driver/Rider,1 Male,25-59,53,1,3 Slight,-2 Unknown,-2 N/A,4 Car,ROSSLYN HILL 20M N OF J/W HAMPSTEAD HILL JUNCTION,2,18/11/2016 08:30:00 AM,Friday,8.30,3 Bor,A,502,6 Single Cwy,1 <= 20 MPH,9 Other Jun,4 Give Way/Uncontrolled,Unclassified,0,0 No Xing Facility In 50m,1 Daylight,1 Fine,1 Road-Dry,0 None,0 None,526910,185480,-0.170851,51.553943,,,Unknown,"(51.553943, -0.170851)",http://opendatacommunities.org/id/london-borough-council/camden,5680,21/12/2020 02:48:37 PM
1170012863,CAMDEN,1 Driver/Rider,1 Male,25-59,25,1,3 Slight,-2 Unknown,-2 N/A,3 Powered 2 Wheeler,CORAM STREET J/W HERBRAND STREET,2,19/01/2017 08:35:00 PM,Thursday,20.35,3 Bor,Unclassified,0,6 Single Cwy,1 <= 20 MPH,7 Multi Jun,4 Give Way/Uncontrolled,Unclassified,0,0 No Xing Facility In 50m,2 Dark,1 Fine,1 Road-Dry,0 None,0 None,530110,182240,-0.125918,51.524098,,,Unknown,"(51.524098, -0.125918)",http://opendatacommunities.org/id/london-borough-council/camden,6599,21/12/2020 02:48:39 PM
0116EK40339,CAMDEN,1 Driver/Rider,1 Male,25-59,28,1,3 Slight,-2 Unknown,-2 N/A,4 Car,WEST END LANE J/W BROADHURST GARDENS,2,14/05/2016 09:10:00 PM,Saturday,21.10,3 Bor,B,510,6 Single Cwy,1 <= 20 MPH,3 T/Stag Jun,2 Auto Sig,C,0,5 Pedn Phase At Ats,2 Dark,1 Fine,1 Road-Dry,0 None,0 None,525520,184600,-0.191204,51.546345,,,Unknown,"(51.546345, -0.191204)",http://opendatacommunities.org/id/london-borough-council/camden,6272,21/12/2020 02:48:38 PM
0116EK40614,CAMDEN,1 Driver/Rider,1 Male,25-59,27,1,3 Slight,-2 Unknown,-2 N/A,3 Powered 2 Wheeler,KENTISH TOWN ROAD J/W YORK MEWS,2,16/08/2016 08:32:00 PM,Tuesday,20.32,3 Bor,A,400,6 Single Cwy,1 <= 20 MPH,3 T/Stag Jun,4 Give Way/Uncontrolled,Unclassified,0,4 Pelican Or Similar,1 Daylight,1 Fine,1 Road-Dry,0 None,0 None,529000,185070,-0.140873,51.549785,,,Unknown,"(51.549785, -0.140873)",http://opendatacommunities.org/id/london-borough-council/camden,6491,21/12/2020 02:48:39 PM
1170071719,CAMDEN,1 Driver/Rider,1 Male,16-24,23,1,3 Slight,-2 Unknown,-2 N/A,4 Car,HAVERSTOCK HILL J/W UPPER PARK ROAD,2,21/11/2017 09:13:00 PM,Tuesday,21.13,3 Bor,A,502,6 Single Cwy,1 <= 20 MPH,3 T/Stag Jun,4 Give Way/Uncontrolled,Unclassified,0,0 No Xing Facility In 50m,2 Dark,1 Fine,1 Road-Dry,0 None,0 None,527510,184950,-0.162394,51.549045,,,Unknown,"(51.549045, -0.162394)",http://opendatacommunities.org/id/london-borough-council/camden,7528,21/12/2020 02:48:41 PM
1190158189,CAMDEN,1 DRIVER/RIDER,1 MALE,60+,60,1,3 SLIGHT,'-2 NOT APPLICABLE,'-2 NOT APPLICABLE,3 POWERED 2 WHEELER,"On Britannia Street, near the junction with WICKLOW STREET WC1.",2,18/01/2019 01:00:00 PM,Friday,13.00,3 BOR,6,0,6 SINGLE CWY,30,09 OTHER JUN,4 GIVE WAY/UNCONTROLLED,6,0,0 NO XING FACILITY IN 50M,2 DAYLIGHT,1 FINE,1 ROAD-DRY,0 NONE,0 NONE,530553,182864,-0.119305,51.529604,,,Unknown,"(51.529604, -0.119305)",http://opendatacommunities.org/id/london-borough-council/camden,8702,21/12/2020 02:48:43 PM
1170042114,CAMDEN,3 Pedestrian,2 Female,0-15,15,1,3 Slight,05 Crossing Road (Not On Xing),1 From Drivers N/Side,1 Pedestrian,BELSIZE ROAD 30M E OF J/W KILBURN HIGH ROAD THE NEAREST CLASSIFIED,1,08/06/2017 08:48:00 AM,Thursday,8.48,3 Bor,B,509,6 Single Cwy,1 <= 20 MPH,0 No Jun In 20m,-2 Not Applicable,-2 Not Applicable,0,0 No Xing Facility In 50m,1 Daylight,2 Raining,2 Road-Wet,0 None,0 None,525471,183620,-0.192259,51.537549,,,Unknown,"(51.537549, -0.192259)",http://opendatacommunities.org/id/london-borough-council/camden,7027,21/12/2020 02:48:39 PM
0115EK41100,CAMDEN,2 Passenger,1 Male,25-59,59,1,3 Slight,-2 Unknown,-2 N/A,4 Car,CAMDEN STREET J/W GREENLAND ROAD,2,09/12/2015 11:20:00 PM,Wednesday,23.20,1 TLRN,A,400,6 Single Cwy,2 30 MPH,3 T/Stag Jun,4 Give Way/Uncontrolled,Unclassified,0,0 No Xing Facility In 50m,2 Dark,1 Fine,1 Road-Dry,0 None,0 None,529130,183970,-0.139402,51.53987,,,Unknown,"(51.53987, -0.139402)",http://opendatacommunities.org/id/london-borough-council/camden,5506,21/12/2020 02:48:37 PM
1190196950,CAMDEN,1 DRIVER/RIDER,1 MALE,25-59,35,1,3 SLIGHT,'-2 NOT APPLICABLE,'-2 NOT APPLICABLE,3 POWERED 2 WHEELER,"On Tottenham Court Road, near the junction with Store street.",2,31/07/2019 10:19:00 AM,Wednesday,10.19,3 BOR,A,400,3 DUAL CWY,20,09 OTHER JUN,4 GIVE WAY/UNCONTROLLED,A,400,1 ZEBRA,1 DARK,1 FINE,1 ROAD-DRY,0 NONE,1 VEHICLE LOAD IN CWY,529640,181692,-0.13289,51.519281,,,Unknown,"(51.519281, -0.13289)",http://opendatacommunities.org/id/london-borough-council/camden,9243,21/12/2020 02:48:44 PM
1180080971,CAMDEN,2 Passenger,2 Female,25-59,50,1,3 Slight,-2 Unknown,-2 N/A,4 Car,EUSTON ROAD 80M E OF J/W FITZROY STREET,2,01/01/2018 01:30:00 AM,Monday,1.30,1 TLRN,A,501,3 Dual Cwy,2 30 MPH,0 No Jun In 20m,-2 Not Applicable,-2 Not Applicable,0,0 No Xing Facility In 50m,2 Dark,1 Fine,1 Road-Dry,0 None,0 None,529150,182270,-0.139737,51.524588,,,Unknown,"(51.524588, -0.139737)",http://opendatacommunities.org/id/london-borough-council/camden,7642,21/12/2020 02:48:41 PM
1180088263,CAMDEN,3 Pedestrian,1 Male,0-15,13,1,3 Slight,09 In Road - Not Crossing,7 In Rd Facing Traffic,1 Pedestrian,SAINT GILES HIGH STREET 50M S OF J/W NEW OXFORD STREET,1,04/02/2018 04:45:00 PM,Sunday,16.45,3 Bor,A,40,3 Dual Cwy,1 <= 20 MPH,0 No Jun In 20m,-2 Not Applicable,-2 Not Applicable,0,5 Pedn Phase At Ats,1 Daylight,1 Fine,1 Road-Dry,0 None,0 None,529930,181290,-0.128861,51.515602,,,Unknown,"(51.515602, -0.128861)",http://opendatacommunities.org/id/london-borough-council/camden,7725,21/12/2020 02:48:41 PM
0115EK40872,CAMDEN,1 Driver/Rider,1 Male,25-59,30,1,3 Slight,-2 Unknown,-2 N/A,3 Powered 2 Wheeler,VERNON PLACE J/W SOUTHAMPTON ROW,2,08/09/2015 07:45:00 AM,Tuesday,7.45,3 Bor,A,401,6 Single Cwy,2 30 MPH,6 Crossroads,2 Auto Sig,A,4200,5 Pedn Phase At Ats,1 Daylight,1 Fine,1 Road-Dry,0 None,0 None,530440,181660,-0.121379,51.51881,,,Unknown,"(51.51881, -0.121379)",http://opendatacommunities.org/id/london-borough-council/camden,5319,21/12/2020 02:48:37 PM
1190162562,CAMDEN,3 PEDESTRIAN,1 MALE,25-59,30,1,3 SLIGHT,05 CROSSING ROAD (NOT ON XING),2 FROM DRIVERS N/SIDE MSK,1 PEDESTRIAN,"On Arlington Road, 25 metres north of the junction with Carlow Street.",1,08/02/2019 05:30:00 PM,Friday,17.30,3 BOR,6,0,6 SINGLE CWY,30,00 NO JUN IN 20M,,0,0,0 NO XING FACILITY IN 50M,1 DARK,5 RAINING/HIGH WINDS,2 ROAD-WET,0 NONE,0 NONE,529036,183443,-0.14095,51.535155,,,Unknown,"(51.535155, -0.14095)",http://opendatacommunities.org/id/london-borough-council/camden,8773,21/12/2020 02:48:43 PM
0115EO40671,CAMDEN,1 Driver/Rider,1 Male,25-59,38,1,3 Slight,-2 Unknown,-2 N/A,3 Powered 2 Wheeler,PENTONVILLE ROAD J/W CALEDONIAN ROAD,2,24/09/2015 07:20:00 PM,Thursday,19.20,1 TLRN,A,501,6 Single Cwy,2 30 MPH,6 Crossroads,2 Auto Sig,A,5203,5 Pedn Phase At Ats,2 Dark,1 Fine,1 Road-Dry,0 None,0 None,530430,183000,-0.121027,51.530854,,,Unknown,"(51.530854, -0.121027)",http://opendatacommunities.org/id/london-borough-council/camden,5596,21/12/2020 02:48:37 PM
0115EK40765,CAMDEN,1 Driver/Rider,1 Male,25-59,52,1,3 Slight,-2 Unknown,-2 N/A,5 Taxi,JUDD STREET J/W CROMER STREET.,2,01/09/2015 06:35:00 PM,Tuesday,18.35,3 Bor,B,504,6 Single Cwy,2 30 MPH,3 T/Stag Jun,4 Give Way/Uncontrolled,Unclassified,0,1 Zebra,1 Daylight,1 Fine,1 Road-Dry,0 None,0 None,530190,182580,-0.12464,51.527135,,,Unknown,"(51.527135, -0.12464)",http://opendatacommunities.org/id/london-borough-council/camden,5234,21/12/2020 02:48:37 PM
1190217335,CAMDEN,1 DRIVER/RIDER,1 MALE,25-59,54,1,3 SLIGHT,'-2 NOT APPLICABLE,'-2 NOT APPLICABLE,2 PEDAL CYCLE,"On Haverstock Hill, near the junction with Englands Lane.",2,10/11/2019 10:30:00 AM,Sunday,10.30,3 BOR,A,502,6 SINGLE CWY,20,03 T/STAG JUN,2 AUTO SIG,A,502,5 PEDN PHASE AT ATS,2 DAYLIGHT,1 FINE,2 ROAD-WET,0 NONE,0 NONE,527684,184781,-0.159947,51.547487,,,Unknown,"(51.547487, -0.159947)",http://opendatacommunities.org/id/london-borough-council/camden,9506,21/12/2020 02:48:44 PM
1180119883,CAMDEN,1 Driver/Rider,2 Female,25-59,30,1,3 Slight,-2 Unknown,-2 N/A,2 Pedal Cycle,KENTISH TOWN ROAD 25M N OF J/W WATER LANE,2,09/07/2018 08:30:00 AM,Monday,8.30,3 Bor,A,400,6 Single Cwy,1 <= 20 MPH,0 No Jun In 20m,-2 Not Applicable,-2 Not Applicable,0,9 Unknown (S/R),1 Daylight,1 Fine,1 Road-Dry,0 None,0 None,528940,184140,-0.142078,51.541441,,,Unknown,"(51.541441, -0.142078)",http://opendatacommunities.org/id/london-borough-council/camden,8159,21/12/2020 02:48:42 PM
0116EK40260,CAMDEN,2 Passenger,2 Female,16-24,18,1,3 Slight,-2 Unknown,-2 N/A,4 Car,FINCHLEY ROAD J/W COLLEGE CRESCENT,2,05/01/2016 12:45:00 AM,Tuesday,0.45,1 TLRN,A,41,6 Single Cwy,2 30 MPH,6 Crossroads,2 Auto Sig,B,511,5 Pedn Phase At Ats,2 Dark,2 Raining,2 Road-Wet,0 None,0 None,526640,184310,-0.175165,51.543489,,,Unknown,"(51.543489, -0.175165)",http://opendatacommunities.org/id/london-borough-council/camden,6200,21/12/2020 02:48:38 PM
0115EK40136,CAMDEN,1 Driver/Rider,2 Female,60+,70,1,3 Slight,-2 Unknown,-2 N/A,4 Car,HIGHGATE ROAD J/W ST ALBAN'S ROAD,3,06/01/2015 05:11:00 PM,Tuesday,17.11,3 Bor,C,0,6 Single Cwy,2 30 MPH,3 T/Stag Jun,4 Give Way/Uncontrolled,Unclassified,0,0 No Xing Facility In 50m,2 Dark,1 Fine,2 Road-Wet,0 None,0 None,528310,186260,-0.150385,51.560637,,,Unknown,"(51.560637, -0.150385)",http://opendatacommunities.org/id/london-borough-council/camden,4687,21/12/2020 02:48:36 PM
1160012670,CAMDEN,1 Driver/Rider,1 Male,25-59,30,1,3 Slight,-2 Unknown,-2 N/A,2 Pedal Cycle,"ON HAMPSTEAD ROAD, NEAR THE JUNCTION WITH CARDINGTON STREET .",2,04/09/2016 10:44:00 PM,Sunday,22.44,1 TLRN,A,400,6 Single Cwy,2 30 MPH,3 T/Stag Jun,2 Auto Sig,C,0,4 Pelican Or Similar,2 Dark,1 Fine,1 Road-Dry,0 None,0 None,529210,182770,-0.138689,51.529067,,,Unknown,"(51.529067, -0.138689)",http://opendatacommunities.org/id/london-borough-council/camden,5848,21/12/2020 02:48:38 PM
1190171561,CAMDEN,3 PEDESTRIAN,2 FEMALE,25-59,58,2,3 SLIGHT,05 CROSSING ROAD (NOT ON XING),1 FROM DRIVERS N/SIDE,1 PEDESTRIAN,"On Maiden Lane, near the junction with YORK WAY, N7.",1,27/03/2019 01:20:00 PM,Wednesday,13.20,3 BOR,A,5200,6 SINGLE CWY,20,03 T/STAG JUN,4 GIVE WAY/UNCONTROLLED,6,0,1 ZEBRA,2 DAYLIGHT,1 FINE,1 ROAD-DRY,0 NONE,0 NONE,530072,184286,-0.12571,51.542494,,,Unknown,"(51.542494, -0.12571)",http://opendatacommunities.org/id/london-borough-council/camden,8878,21/12/2020 02:48:43 PM
1180114312,CAMDEN,3 Pedestrian,1 Male,16-24,19,1,3 Slight,10 Unknown,9 Unknown Or Other,1 Pedestrian,SAINT PANCRAS WAY 25M N OF J/W COLLEGE GROVE NORTH,1,14/06/2018 07:12:00 AM,Thursday,7.12,3 Bor,A,5202,9 Unknown,2 30 MPH,0 No Jun In 20m,-2 Not Applicable,-2 Not Applicable,0,1 Zebra,1 Daylight,1 Fine,1 Road-Dry,0 None,9 Unknown (S/R),529540,183820,-0.133549,51.538428,,,Unknown,"(51.538428, -0.133549)",http://opendatacommunities.org/id/london-borough-council/camden,8072,21/12/2020 02:48:42 PM
1170072652,CAMDEN,3 Pedestrian,1 Male,25-59,42,1,2 Serious,01 Crossing Road On Ped Xing,3 From Drivers O/Side,1 Pedestrian,KILBURN HIGH ROAD 50M S OF J/W BELSIZE ROAD,1,25/11/2017 04:22:00 AM,Saturday,4.22,3 Bor,A,5,6 Single Cwy,1 <= 20 MPH,0 No Jun In 20m,-2 Not Applicable,-2 Not Applicable,0,5 Pedn Phase At Ats,2 Dark,1 Fine,1 Road-Dry,0 None,0 None,525460,183570,-0.192435,51.537102,,,Unknown,"(51.537102, -0.192435)",http://opendatacommunities.org/id/london-borough-council/camden,7544,21/12/2020 02:48:41 PM
0116EK40549,CAMDEN,1 Driver/Rider,1 Male,25-59,44,1,3 Slight,-2 Unknown,-2 N/A,4 Car,CREDITON HILL J/W FAWLEY ROAD,2,23/07/2016 01:10:00 PM,Saturday,13.10,3 Bor,Unclassified,0,6 Single Cwy,2 30 MPH,3 T/Stag Jun,4 Give Way/Uncontrolled,Unclassified,0,0 No Xing Facility In 50m,1 Daylight,1 Fine,1 Road-Dry,0 None,0 None,525670,185050,-0.188881,51.550356,,,Unknown,"(51.550356, -0.188881)",http://opendatacommunities.org/id/london-borough-council/camden,6443,21/12/2020 02:48:38 PM
0115EK40930,CAMDEN,1 Driver/Rider,1 Male,25-59,43,1,3 Slight,-2 Unknown,-2 N/A,3 Powered 2 Wheeler,NEAL STREET J/W EARLHAM STREET.,2,19/10/2015 06:36:00 PM,Monday,18.36,3 Bor,Unclassified,0,6 Single Cwy,2 30 MPH,3 T/Stag Jun,4 Give Way/Uncontrolled,Unclassified,0,1 Zebra,2 Dark,1 Fine,1 Road-Dry,0 None,0 None,530190,181110,-0.125183,51.513924,,,Unknown,"(51.513924, -0.125183)",http://opendatacommunities.org/id/london-borough-council/camden,5360,21/12/2020 02:48:37 PM