Reference,London Borough Name,Casualty Class,Casualty Sex,Casualty Age Band,Casualty Age,Number Of Casualties,Casualty Severity,Pedestrian Location,Pedestrian Movement,Mode Of Travel,Attendant Location,Number Of Vehicles,Date,Day,Time,Highway,Road Class 1,Road Number 1,Road Type,Speed Limit,Junction Detail,Junction Control,Road Class 2,Road Number 2,Pedestrian Crossing,Light Condition Band,Weather,Road Surface,Special Conditions,Carriage Way Hazard,Easting,Northing,Longitude,Latitude,Ward Code,Ward Name,Spatial Accuracy,Location,Organisation URI,Socrata ID,Last Uploaded
1180081523,CAMDEN,1 Driver/Rider,1 Male,25-59,55,1,3 Slight,-2 Unknown,-2 N/A,2 Pedal Cycle,DRUMMOND STREET J/W GEORGE MEWS,2,04/01/2018 09:25:00 AM,Thursday,9.25,3 Bor,C,0,6 Single Cwy,1 <= 20 MPH,3 T/Stag Jun,4 Give Way/Uncontrolled,Unclassified,0,0 No Xing Facility In 50m,1 Daylight,2 Raining,2 Road-Wet,0 None,0 None,529260,182500,-0.138068,51.526629,,,Unknown,"(51.526629, -0.138068)",http://opendatacommunities.org/id/london-borough-council/camden,7649,21/12/2020 02:48:41 PM
1170024300,CAMDEN,1 Driver/Rider,1 Male,60+,66,1,3 Slight,-2 Unknown,-2 N/A,5 Taxi,MILL LANE J/W FORDWYCH ROAD,2,10/03/2017 03:00:00 PM,Friday,15.00,3 Bor,C,0,6 Single Cwy,1 <= 20 MPH,6 Crossroads,4 Give Way/Uncontrolled,Unclassified,0,0 No Xing Facility In 50m,1 Daylight,1 Fine,1 Road-Dry,0 None,0 None,524490,185060,-0.205887,51.550707,,,Unknown,"(51.550707, -0.205887)",http://opendatacommunities.org/id/london-borough-council/camden,6763,21/12/2020 02:48:39 PM
1190161817,CAMDEN,1 DRIVER/RIDER,1 MALE,25-59,28,2,3 SLIGHT,'-2 NOT APPLICABLE,'-2 NOT APPLICABLE,4 CAR,"On Finchley Road, 50 metres south of the junction with College Crescent.",1,05/02/2019 06:20:00 PM,Tuesday,18.20,1 TLRN,A,41,1 ROUNDABOUT,30,00 NO JUN IN 20M,,0,0,5 PEDN PHASE AT ATS,1 DARK,2 RAINING,2 ROAD-WET,4 ROADWORKS,0 NONE,526653,184287,-0.174986,51.543279,,,Unknown,"(51.543279, -0.174986)",http://opendatacommunities.org/id/london-borough-council/camden,8762,21/12/2020 02:48:43 PM
1180126219,CAMDEN,1 Driver/Rider,2 Female,25-59,40,1,3 Slight,-2 Unknown,-2 N/A,2 Pedal Cycle,EUSTON ROAD J/W GOWER STREET,2,10/08/2018 08:45:00 AM,Friday,8.45,1 TLRN,A,501,7 Slip Rd,1 <= 20 MPH,5 Slip Road,2 Auto Sig,A,400,5 Pedn Phase At Ats,1 Daylight,1 Fine,1 Road-Dry,0 None,0 None,529380,182380,-0.136383,51.525524,,,Unknown,"(51.525524, -0.136383)",http://opendatacommunities.org/id/london-borough-council/camden,8240,21/12/2020 02:48:42 PM
1170013703,CAMDEN,1 Driver/Rider,1 Male,25-59,27,1,3 Slight,-2 Unknown,-2 N/A,2 Pedal Cycle,FARRINGDON ROAD J/W CHARTERHOUSE STREET,1,09/01/2017 05:40:00 PM,Monday,17.40,1 TLRN,A,201,6 Single Cwy,2 30 MPH,6 Crossroads,2 Auto Sig,B,400,5 Pedn Phase At Ats,2 Dark,2 Raining,2 Road-Wet,0 None,0 None,531550,181660,-0.10539,51.518552,,,Unknown,"(51.518552, -0.10539)",http://opendatacommunities.org/id/london-borough-council/camden,6609,21/12/2020 02:48:39 PM
1170026089,CAMDEN,3 Pedestrian,1 Male,16-24,23,1,2 Serious,01 Crossing Road On Ped Xing,2 From Drivers N/Side Msk,1 Pedestrian,CAMDEN ROAD 65M N OF J/W BAYHAM STREET THE NEAREST CLASSIFIED ROAD,1,17/03/2017 03:50:00 PM,Friday,15.50,1 TLRN,A,503,6 Single Cwy,1 <= 20 MPH,0 No Jun In 20m,-2 Not Applicable,-2 Not Applicable,0,5 Pedn Phase At Ats,1 Daylight,1 Fine,1 Road-Dry,0 None,0 None,529020,183980,-0.140984,51.539985,,,Unknown,"(51.539985, -0.140984)",http://opendatacommunities.org/id/london-borough-council/camden,6793,21/12/2020 02:48:39 PM
0115EK40675,CAMDEN,1 Driver/Rider,1 Male,25-59,50,1,3 Slight,-2 Unknown,-2 N/A,3 Powered 2 Wheeler,CAMDEN STREET J/W CAMDEN ROAD,2,05/08/2015 10:00:00 AM,Wednesday,10.00,1 TLRN,A,400,6 Single Cwy,2 30 MPH,6 Crossroads,2 Auto Sig,A,503,5 Pedn Phase At Ats,1 Daylight,1 Fine,1 Road-Dry,0 None,0 None,529100,184020,-0.139816,51.540326,,,Unknown,"(51.540326, -0.139816)",http://opendatacommunities.org/id/london-borough-council/camden,5148,21/12/2020 02:48:36 PM
1190165717,CAMDEN,1 DRIVER/RIDER,2 FEMALE,16-24,21,1,3 SLIGHT,'-2 NOT APPLICABLE,'-2 NOT APPLICABLE,2 PEDAL CYCLE,"On Drury Lane, 30 metres north of the junction with parker street.",3,26/02/2019 12:20:00 PM,Tuesday,12.20,3 BOR,5,0,2 ONE-WAY ST,20,00 NO JUN IN 20M,,0,0,1 ZEBRA,2 DAYLIGHT,1 FINE,1 ROAD-DRY,0 NONE,0 NONE,530347,181247,-0.122871,51.515119,,,Unknown,"(51.515119, -0.122871)",http://opendatacommunities.org/id/london-borough-council/camden,8805,21/12/2020 02:48:43 PM
1170045745,CAMDEN,3 Pedestrian,1 Male,25-59,44,1,3 Slight,01 Crossing Road On Ped Xing,9 Unknown Or Other,1 Pedestrian,JUDD STREET 5M S OF J/W BIDBOROUGH STREET,1,22/06/2017 01:45:00 PM,Thursday,13.45,3 Bor,B,504,6 Single Cwy,2 30 MPH,3 T/Stag Jun,9 Unknown (S/R),C,0,9 Unknown (S/R),1 Daylight,9 Unknown,9 Unknown (S/R),9 Unknown (S/R),9 Unknown (S/R),530120,182720,-0.125597,51.528409,,,Unknown,"(51.528409, -0.125597)",http://opendatacommunities.org/id/london-borough-council/camden,7096,21/12/2020 02:48:40 PM
1180151037,CAMDEN,2 Passenger,1 Male,16-24,24,1,3 Slight,-2 Unknown,-2 N/A,4 Car,SAINT PAUL'S CRESCENT 25M S OF J/W AGAR GROVE,4,10/12/2018 03:30:00 AM,Monday,3.30,3 Bor,Unclassified,0,6 Single Cwy,2 30 MPH,0 No Jun In 20m,-2 Not Applicable,-2 Not Applicable,0,0 No Xing Facility In 50m,2 Dark,1 Fine,1 Road-Dry,0 None,0 None,529820,184320,-0.129329,51.542857,,,Unknown,"(51.542857, -0.129329)",http://opendatacommunities.org/id/london-borough-council/camden,8598,21/12/2020 02:48:43 PM
0115EK40303,CAMDEN,1 Driver/Rider,1 Male,25-59,53,1,3 Slight,-2 Unknown,-2 N/A,3 Powered 2 Wheeler,FINCHLEY ROAD J/W BURRARD ROAD,2,21/04/2015 04:45:00 PM,Tuesday,16.45,1 TLRN,A,41,6 Single Cwy,2 30 MPH,3 T/Stag Jun,4 Give Way/Uncontrolled,Unclassified,0,4 Pelican Or Similar,1 Daylight,1 Fine,1 Road-Dry,0 None,0 None,525290,185680,-0.194135,51.556102,,,Unknown,"(51.556102, -0.194135)",http://opendatacommunities.org/id/london-borough-council/camden,4822,21/12/2020 02:48:36 PM
0115EK40168,CAMDEN,3 Pedestrian,1 Male,25-59,30,1,3 Slight,05 Crossing Road (Not On Xing),9 Unknown Or Other,1 Pedestrian,NFL- YORK WAY 32M S OF J/W CALE ROYAL,1,03/02/2015 06:28:00 PM,Tuesday,18.28,3 Bor,A,5200,6 Single Cwy,1 <= 20 MPH,0 No Jun In 20m,-2 Not Applicable,-2 Not Applicable,0,0 No Xing Facility In 50m,2 Dark,8 Other,2 Road-Wet,0 None,0 None,530110,184150,-0.125213,51.541263,,,Unknown,"(51.541263, -0.125213)",http://opendatacommunities.org/id/london-borough-council/camden,4709,21/12/2020 02:48:36 PM
1180137794,CAMDEN,1 Driver/Rider,1 Male,25-59,38,1,3 Slight,-2 Unknown,-2 N/A,2 Pedal Cycle,TAVISTOCK SQUARE J/W BEDFORD WAY,2,09/10/2018 10:00:00 AM,Tuesday,10.00,3 Bor,C,0,6 Single Cwy,1 <= 20 MPH,6 Crossroads,4 Give Way/Uncontrolled,C,0,4 Pelican Or Similar,1 Daylight,1 Fine,1 Road-Dry,0 None,0 None,529900,182250,-0.12894,51.524236,,,Unknown,"(51.524236, -0.12894)",http://opendatacommunities.org/id/london-borough-council/camden,8404,21/12/2020 02:48:42 PM
1190195283,CAMDEN,2 PASSENGER,1 MALE,16-24,22,6,3 SLIGHT,'-2 NOT APPLICABLE,'-2 NOT APPLICABLE,4 CAR,"On Finchley Road, 300 metres south of the junction with Alvanley Gardens.. The nearest classified road was the B1",2,22/07/2019 11:36:00 PM,Monday,23.36,1 TLRN,A,41,3 DUAL CWY,40,00 NO JUN IN 20M,,0,0,8 CENTRAL REFUGE,1 DARK,1 FINE,1 ROAD-DRY,0 NONE,0 NONE,525814,185288,-0.18672,51.552463,,,Unknown,"(51.552463, -0.18672)",http://opendatacommunities.org/id/london-borough-council/camden,9214,21/12/2020 02:48:44 PM
1190182321,CAMDEN,3 PEDESTRIAN,1 MALE,25-59,58,1,3 SLIGHT,01 CROSSING ROAD ON PED XING,3 FROM DRIVERS O/SIDE,1 PEDESTRIAN,"On Gordon Square, 50 metres north of the junction with Endsleigh Place.",1,21/05/2019 10:10:00 AM,Tuesday,10.10,3 BOR,6,0,2 ONE-WAY ST,30,00 NO JUN IN 20M,,0,0,9 UNKNOWN (S/R),2 DAYLIGHT,1 FINE,1 ROAD-DRY,0 NONE,0 NONE,529796,182273,-0.130429,51.524467,,,Unknown,"(51.524467, -0.130429)",http://opendatacommunities.org/id/london-borough-council/camden,9028,21/12/2020 02:48:44 PM
1180133637,CAMDEN,1 Driver/Rider,1 Male,16-24,19,1,3 Slight,-2 Unknown,-2 N/A,4 Car,GRAYS INN ROAD J/W BIRKENHEAD STREET,2,19/09/2018 10:09:00 PM,Wednesday,22.09,1 TLRN,A,501,3 Dual Cwy,1 <= 20 MPH,3 T/Stag Jun,2 Auto Sig,A,501,4 Pelican Or Similar,2 Dark,1 Fine,1 Road-Dry,0 None,0 None,530340,182960,-0.122338,51.530515,,,Unknown,"(51.530515, -0.122338)",http://opendatacommunities.org/id/london-borough-council/camden,8336,21/12/2020 02:48:42 PM
1170034519,CAMDEN,2 Passenger,1 Male,0-15,9,1,3 Slight,-2 Unknown,-2 N/A,6 Bus Or Coach,FINCHLEY ROAD 50M N OF J/W FITZJOHN'S AVENUE THE NEAREST CLASSIFIE,1,28/04/2017 03:57:00 PM,Friday,15.57,1 TLRN,A,41,3 Dual Cwy,2 30 MPH,0 No Jun In 20m,-2 Not Applicable,-2 Not Applicable,0,0 No Xing Facility In 50m,1 Daylight,1 Fine,1 Road-Dry,0 None,0 None,526640,184270,-0.175179,51.54313,,,Unknown,"(51.54313, -0.175179)",http://opendatacommunities.org/id/london-borough-council/camden,6924,21/12/2020 02:48:39 PM
1190181750,CAMDEN,2 PASSENGER,2 FEMALE,25-59,29,1,2 SERIOUS,'-2 NOT APPLICABLE,'-2 NOT APPLICABLE,2 PEDAL CYCLE,Location uncertain Euston Road jw St Pancras Rd,1,18/05/2019 11:55:00 PM,Saturday,23.55,1 TLRN,A,5202,6 SINGLE CWY,20,09 OTHER JUN,2 AUTO SIG,A,501,1 ZEBRA,1 DARK,1 FINE,1 ROAD-DRY,0 NONE,0 NONE,530220,182900,-0.124089,51.530004,,,Unknown,"(51.530004, -0.124089)",http://opendatacommunities.org/id/london-borough-council/camden,9020,21/12/2020 02:48:44 PM
0116EK40350,CAMDEN,3 Pedestrian,2 Female,25-59,44,1,3 Slight,04 Crossing Road Within 50m Xing,1 From Drivers N/Side,1 Pedestrian,"GRAY'S INN ROAD, 40 METRES NW OF ARGYLE STREET.",1,19/05/2016 09:00:00 AM,Thursday,9.00,1 TLRN,A,501,2 One-Way St,2 30 MPH,0 No Jun In 20m,-2 Not Applicable,-2 Not Applicable,0,5 Pedn Phase At Ats,1 Daylight,1 Fine,1 Road-Dry,0 None,0 None,530510,182800,-0.119948,51.529038,,,Unknown,"(51.529038, -0.119948)",http://opendatacommunities.org/id/london-borough-council/camden,6278,21/12/2020 02:48:38 PM
0115EK40923,CAMDEN,3 Pedestrian,1 Male,25-59,27,1,3 Slight,01 Crossing Road On Ped Xing,1 From Drivers N/Side,1 Pedestrian,KENTISH TOWN ROAD J/W CAMDEN ROAD.,1,17/10/2015 10:35:00 PM,Saturday,22.35,1 TLRN,A,400,2 One-Way St,1 <= 20 MPH,6 Crossroads,2 Auto Sig,A,503,5 Pedn Phase At Ats,2 Dark,1 Fine,1 Road-Dry,0 None,0 None,528920,183910,-0.14245,51.539379,,,Unknown,"(51.539379, -0.14245)",http://opendatacommunities.org/id/london-borough-council/camden,5356,21/12/2020 02:48:37 PM
1170073828,CAMDEN,3 Pedestrian,2 Female,25-59,34,1,3 Slight,09 In Road - Not Crossing,9 Unknown Or Other,1 Pedestrian,CAMDEN ROAD 55M NE OF J/W BAYHAM STREET,1,29/11/2017 04:08:00 PM,Wednesday,16.08,1 TLRN,A,503,6 Single Cwy,1 <= 20 MPH,0 No Jun In 20m,-2 Not Applicable,-2 Not Applicable,0,5 Pedn Phase At Ats,2 Dark,1 Fine,1 Road-Dry,0 None,0 None,529000,183980,-0.141272,51.539989,,,Unknown,"(51.539989, -0.141272)",http://opendatacommunities.org/id/london-borough-council/camden,7565,21/12/2020 02:48:41 PM
1180120848,CAMDEN,1 Driver/Rider,1 Male,25-59,36,1,3 Slight,-2 Unknown,-2 N/A,3 Powered 2 Wheeler,KENTISH TOWN ROAD J/W HAWLEY ROAD,1,13/07/2018 08:16:00 PM,Friday,20.16,3 Bor,A,400,6 Single Cwy,1 <= 20 MPH,6 Crossroads,2 Auto Sig,C,0,4 Pelican Or Similar,2 Dark,2 Raining,2 Road-Wet,0 None,1 Vehicle Load In Cwy,528950,184270,-0.141886,51.542607,,,Unknown,"(51.542607, -0.141886)",http://opendatacommunities.org/id/london-borough-council/camden,8176,21/12/2020 02:48:42 PM
1190219027,CAMDEN,2 PASSENGER,1 MALE,16-24,18,2,3 SLIGHT,'-2 NOT APPLICABLE,'-2 NOT APPLICABLE,4 CAR,"On Finchley Road, near the junction with Hendon Way.",3,17/11/2019 05:25:00 PM,Sunday,17.25,1 TLRN,A,41,3 DUAL CWY,30,07 MULTI JUN,2 AUTO SIG,A,41,5 PEDN PHASE AT ATS,1 DARK,1 FINE,1 ROAD-DRY,0 NONE,0 NONE,525085,186033,-0.196965,51.55932,,,Unknown,"(51.55932, -0.196965)",http://opendatacommunities.org/id/london-borough-council/camden,9526,21/12/2020 02:48:44 PM
0115EK40717,CAMDEN,1 Driver/Rider,1 Male,25-59,29,1,3 Slight,-2 Unknown,-2 N/A,2 Pedal Cycle,N.F.L EUSTON ROAD 25M SW OF GORDON STREET,2,17/08/2015 01:00:00 PM,Monday,13.00,1 TLRN,A,501,3 Dual Cwy,2 30 MPH,0 No Jun In 20m,-2 Not Applicable,-2 Not Applicable,0,0 No Xing Facility In 50m,1 Daylight,1 Fine,1 Road-Dry,0 None,0 None,529550,182450,-0.133908,51.526114,,,Unknown,"(51.526114, -0.133908)",http://opendatacommunities.org/id/london-borough-council/camden,5188,21/12/2020 02:48:37 PM
1170015155,CAMDEN,1 Driver/Rider,1 Male,25-59,51,1,3 Slight,-2 Unknown,-2 N/A,3 Powered 2 Wheeler,OAKLEY SQUARE NW1 J/W LIDLINGTON PLACE NW1,2,30/01/2017 10:28:00 AM,Monday,10.28,1 TLRN,A,400,6 Single Cwy,1 <= 20 MPH,7 Multi Jun,2 Auto Sig,A,400,5 Pedn Phase At Ats,1 Daylight,1 Fine,2 Road-Wet,0 None,0 None,529300,183230,-0.137224,51.533181,,,Unknown,"(51.533181, -0.137224)",http://opendatacommunities.org/id/london-borough-council/camden,6626,21/12/2020 02:48:39 PM
0115EK40669,CAMDEN,3 Pedestrian,2 Female,60+,72,1,2 Serious,01 Crossing Road On Ped Xing,1 From Drivers N/Side,1 Pedestrian,EUSTON ROAD J/W TOTTENHAM COURT ROAD.,1,21/07/2015 06:30:00 AM,Tuesday,6.30,1 TLRN,A,501,3 Dual Cwy,2 30 MPH,7 Multi Jun,2 Auto Sig,A,400,5 Pedn Phase At Ats,1 Daylight,1 Fine,1 Road-Dry,0 None,0 None,529240,182290,-0.138433,51.524747,,,Unknown,"(51.524747, -0.138433)",http://opendatacommunities.org/id/london-borough-council/camden,5143,21/12/2020 02:48:36 PM
1170049575,CAMDEN,3 Pedestrian,1 Male,0-15,6,1,3 Slight,05 Crossing Road (Not On Xing),3 From Drivers O/Side,1 Pedestrian,QUEENS CRESCENT 20M E OF J/W MALDEN ROAD,1,20/07/2017 07:40:00 PM,Thursday,19.40,3 Bor,B,517,3 Dual Cwy,1 <= 20 MPH,3 T/Stag Jun,4 Give Way/Uncontrolled,Unclassified,0,1 Zebra,1 Daylight,1 Fine,1 Road-Dry,0 None,0 None,528170,184990,-0.152866,51.549255,,,Unknown,"(51.549255, -0.152866)",http://opendatacommunities.org/id/london-borough-council/camden,7167,21/12/2020 02:48:40 PM
0116EK40624,CAMDEN,1 Driver/Rider,1 Male,25-59,31,1,3 Slight,-2 Unknown,-2 N/A,2 Pedal Cycle,MARCHMONT STREET J/W TAVISTOCK PLACE,2,26/08/2016 02:50:00 PM,Friday,14.50,3 Bor,C,0,6 Single Cwy,1 <= 20 MPH,6 Crossroads,2 Auto Sig,Unclassified,0,5 Pedn Phase At Ats,1 Daylight,1 Fine,1 Road-Dry,0 None,0 None,530130,182410,-0.125567,51.525621,,,Unknown,"(51.525621, -0.125567)",http://opendatacommunities.org/id/london-borough-council/camden,6502,21/12/2020 02:48:39 PM
1170012088,CAMDEN,3 Pedestrian,2 Female,25-59,32,1,3 Slight,05 Crossing Road (Not On Xing),1 From Drivers N/Side,1 Pedestrian,HERBRAND STREET J/W BERNARD STREET,1,16/01/2017 11:10:00 PM,Monday,23.10,3 Bor,Unclassified,0,6 Single Cwy,2 30 MPH,6 Crossroads,4 Give Way/Uncontrolled,B,504,0 No Xing Facility In 50m,2 Dark,1 Fine,1 Road-Dry,0 None,0 None,530170,182130,-0.125094,51.523096,,,Unknown,"(51.523096, -0.125094)",http://opendatacommunities.org/id/london-borough-council/camden,6589,21/12/2020 02:48:39 PM
0116EK40388,CAMDEN,3 Pedestrian,1 Male,25-59,34,1,3 Slight,01 Crossing Road On Ped Xing,3 From Drivers O/Side,1 Pedestrian,CAMDEN HIGH STREET J/W PARKWAY,1,03/06/2016 11:57:00 PM,Friday,23.57,1 TLRN,A,502,2 One-Way St,2 30 MPH,6 Crossroads,2 Auto Sig,A,4201,5 Pedn Phase At Ats,2 Dark,1 Fine,1 Road-Dry,0 None,0 None,528900,183870,-0.142753,51.539024,,,Unknown,"(51.539024, -0.142753)",http://opendatacommunities.org/id/london-borough-council/camden,6308,21/12/2020 02:48:38 PM
1190211646,CAMDEN,1 DRIVER/RIDER,1 MALE,25-59,52,2,3 SLIGHT,'-2 NOT APPLICABLE,'-2 NOT APPLICABLE,4 CAR,"On York Way, near the junction with Freight Lane.",2,14/10/2019 04:45:00 PM,Monday,16.45,3 BOR,A,5200,6 SINGLE CWY,20,03 T/STAG JUN,2 AUTO SIG,6,0,0 NO XING FACILITY IN 50M,2 DAYLIGHT,2 RAINING,2 ROAD-WET,0 NONE,0 NONE,530134,184051,-0.124903,51.540368,,,Unknown,"(51.540368, -0.124903)",http://opendatacommunities.org/id/london-borough-council/camden,9432,21/12/2020 02:48:44 PM
1170079806,CAMDEN,2 Passenger,2 Female,25-59,55,1,3 Slight,-2 Unknown,-2 N/A,6 Bus Or Coach,NEW OXFORD STREET 50M E OF J/W ERNSHAW STREET,1,22/12/2017 05:40:00 PM,Friday,17.40,3 Bor,A,40,6 Single Cwy,1 <= 20 MPH,0 No Jun In 20m,-2 Not Applicable,-2 Not Applicable,0,0 No Xing Facility In 50m,2 Dark,1 Fine,1 Road-Dry,0 None,0 None,529970,181410,-0.128241,51.516671,,,Unknown,"(51.516671, -0.128241)",http://opendatacommunities.org/id/london-borough-council/camden,7627,21/12/2020 02:48:41 PM
1180140145,CAMDEN,1 Driver/Rider,1 Male,25-59,33,1,3 Slight,-2 Unknown,-2 N/A,3 Powered 2 Wheeler,WHITFIELD STREET 21M N OF J/W TOTTENHAM STREET,2,19/10/2018 08:20:00 PM,Friday,20.20,3 Bor,Unclassified,0,2 One-Way St,1 <= 20 MPH,0 No Jun In 20m,-2 Not Applicable,-2 Not Applicable,0,0 No Xing Facility In 50m,2 Dark,1 Fine,1 Road-Dry,0 None,0 None,529451,181850,-0.135555,51.520744,,,Unknown,"(51.520744, -0.135555)",http://opendatacommunities.org/id/london-borough-council/camden,8446,21/12/2020 02:48:43 PM
0115EK40679,CAMDEN,1 Driver/Rider,1 Male,25-59,42,1,3 Slight,-2 Unknown,-2 N/A,2 Pedal Cycle,CLERKENWELL ROAD J/W WHITE BEAR YARD.,2,24/07/2015 07:00:00 AM,Friday,7.00,3 Bor,A,5201,6 Single Cwy,2 30 MPH,3 T/Stag Jun,4 Give Way/Uncontrolled,Unclassified,0,1 Zebra,1 Daylight,1 Fine,2 Road-Wet,0 None,0 None,531210,182040,-0.110146,51.522046,,,Unknown,"(51.522046, -0.110146)",http://opendatacommunities.org/id/london-borough-council/camden,5153,21/12/2020 02:48:36 PM
1160008083,CAMDEN,1 Driver/Rider,1 Male,16-24,18,1,3 Slight,-2 Unknown,-2 N/A,4 Car,GOODGE STREET J/W CHARLOTTE STREET,1,21/12/2016 03:05:00 AM,Wednesday,3.05,3 Bor,B,506,2 One-Way St,1 <= 20 MPH,6 Crossroads,2 Auto Sig,Unclassified,0,5 Pedn Phase At Ats,2 Dark,8 Other,2 Road-Wet,0 None,0 None,529440,181690,-0.135772,51.519309,,,Unknown,"(51.519309, -0.135772)",http://opendatacommunities.org/id/london-borough-council/camden,5791,21/12/2020 02:48:37 PM
0115EK40522,CAMDEN,1 Driver/Rider,1 Male,25-59,40,1,2 Serious,-2 Unknown,-2 N/A,2 Pedal Cycle,NFL- LOUDOUN ROAD 38M S OF J/W BELSIZE ROAD,2,12/06/2015 04:30:00 PM,Friday,16.30,3 Bor,Unclassified,0,6 Single Cwy,2 30 MPH,0 No Jun In 20m,-2 Not Applicable,-2 Not Applicable,0,1 Zebra,1 Daylight,9 Unknown,1 Road-Dry,0 None,0 None,526350,184070,-0.17943,51.541397,,,Unknown,"(51.541397, -0.17943)",http://opendatacommunities.org/id/london-borough-council/camden,5012,21/12/2020 02:48:36 PM
0116EK40492,CAMDEN,1 Driver/Rider,1 Male,25-59,38,1,3 Slight,-2 Unknown,-2 N/A,2 Pedal Cycle,BEDFORD ROW J/W PRINCETON STREET,2,01/07/2016 05:15:00 PM,Friday,17.15,3 Bor,Unclassified,0,6 Single Cwy,2 30 MPH,3 T/Stag Jun,4 Give Way/Uncontrolled,Unclassified,0,0 No Xing Facility In 50m,1 Daylight,1 Fine,1 Road-Dry,0 None,0 None,530790,181810,-0.116281,51.520077,,,Unknown,"(51.520077, -0.116281)",http://opendatacommunities.org/id/london-borough-council/camden,6403,21/12/2020 02:48:38 PM
1180089725,CAMDEN,1 Driver/Rider,1 Male,25-59,34,1,2 Serious,-2 Unknown,-2 N/A,2 Pedal Cycle,EUSTON ROAD J/W OSSULSTON STREET,2,12/02/2018 05:45:00 PM,Monday,17.45,1 TLRN,A,501,3 Dual Cwy,1 <= 20 MPH,3 T/Stag Jun,2 Auto Sig,C,0,0 No Xing Facility In 50m,2 Dark,1 Fine,1 Road-Dry,0 None,0 None,529990,182750,-0.127459,51.528709,,,Unknown,"(51.528709, -0.127459)",http://opendatacommunities.org/id/london-borough-council/camden,7743,21/12/2020 02:48:41 PM
1190195731,CAMDEN,3 PEDESTRIAN,2 FEMALE,25-59,25,1,3 SLIGHT,04 CROSSING ROAD WITHIN 50M XING,'-2 NOT APPLICABLE,1 PEDESTRIAN,"On Tottenham Court Road, near the junction with BAYLEY STREET.",1,24/07/2019 06:30:00 PM,Wednesday,18.30,3 BOR,A,400,3 DUAL CWY,20,03 T/STAG JUN,2 AUTO SIG,B,506,5 PEDN PHASE AT ATS,2 DAYLIGHT,1 FINE,1 ROAD-DRY,0 NONE,0 NONE,529692,181605,-0.132173,51.518487,,,Unknown,"(51.518487, -0.132173)",http://opendatacommunities.org/id/london-borough-council/camden,9226,21/12/2020 02:48:44 PM
1190209304,CAMDEN,3 PEDESTRIAN,2 FEMALE,16-24,22,1,3 SLIGHT,05 CROSSING ROAD (NOT ON XING),'-2 NOT APPLICABLE,1 PEDESTRIAN,Location uncertain A5202,1,03/10/2019 02:00:00 PM,Thursday,14.00,3 BOR,A,5202,3 DUAL CWY,20,09 OTHER JUN,2 AUTO SIG,6,0,5 PEDN PHASE AT ATS,2 DAYLIGHT,1 FINE,1 ROAD-DRY,0 NONE,0 NONE,530132,183063,-0.125297,51.531489,,,Unknown,"(51.531489, -0.125297)",http://opendatacommunities.org/id/london-borough-council/camden,9402,21/12/2020 02:48:44 PM
1190156854,CAMDEN,2 PASSENGER,2 FEMALE,16-24,20,2,3 SLIGHT,'-2 NOT APPLICABLE,'-2 NOT APPLICABLE,9 PRIVATE HIRE,"On CAMDEN ROAD, LONDON NW1, near the junction with ROYAL COLLEGE STREET, LONDON NW1.",1,10/01/2019 02:11:00 AM,Thursday,2.11,1 TLRN,A,503,6 SINGLE CWY,30,06 CROSSROADS,2 AUTO SIG,A,5202,5 PEDN PHASE AT ATS,1 DARK,1 FINE,2 ROAD-WET,0 NONE,0 NONE,529195,184182,-0.138388,51.54176,,,Unknown,"(51.54176, -0.138388)",http://opendatacommunities.org/id/london-borough-council/camden,8681,21/12/2020 02:48:43 PM
0115EK40127,CAMDEN,3 Pedestrian,2 Female,16-24,21,1,3 Slight,10 Unknown,9 Unknown Or Other,1 Pedestrian,MECKLENBIRGH STREET J/W HEATHCOTE STREET,1,18/02/2015 03:27:00 PM,Wednesday,15.27,3 Bor,Unclassified,0,6 Single Cwy,2 30 MPH,3 T/Stag Jun,4 Give Way/Uncontrolled,Unclassified,0,0 No Xing Facility In 50m,1 Daylight,1 Fine,1 Road-Dry,0 None,0 None,530620,182490,-0.118478,51.526227,,,Unknown,"(51.526227, -0.118478)",http://opendatacommunities.org/id/london-borough-council/camden,4679,21/12/2020 02:48:36 PM
1190180902,CAMDEN,1 DRIVER/RIDER,1 MALE,25-59,40,1,3 SLIGHT,'-2 NOT APPLICABLE,'-2 NOT APPLICABLE,3 POWERED 2 WHEELER,"On Midland Road, near the junction with Midland Road.",2,29/04/2019 08:30:00 PM,Monday,20.30,3 BOR,5,0,2 ONE-WAY ST,30,00 NO JUN IN 20M,,0,0,0 NO XING FACILITY IN 50M,2 DAYLIGHT,8 OTHER,1 ROAD-DRY,9 UNKNOWN (S/R),9 UNKNOWN (S/R),529979,183085,-0.127494,51.531722,,,Unknown,"(51.531722, -0.127494)",http://opendatacommunities.org/id/london-borough-council/camden,9004,21/12/2020 02:48:44 PM
0116EK40409,CAMDEN,1 Driver/Rider,1 Male,25-59,30,1,3 Slight,-2 Unknown,-2 N/A,3 Powered 2 Wheeler,EUSTON ROAD 36M NE OF JUDD STREET,2,14/06/2016 08:35:00 AM,Tuesday,8.35,1 TLRN,A,501,3 Dual Cwy,2 30 MPH,8 Priv Drive,4 Give Way/Uncontrolled,Unclassified,0,0 No Xing Facility In 50m,1 Daylight,2 Raining,2 Road-Wet,0 None,0 None,530100,182820,-0.125848,51.529313,,,Unknown,"(51.529313, -0.125848)",http://opendatacommunities.org/id/london-borough-council/camden,6327,21/12/2020 02:48:38 PM