Reference,London Borough Name,Casualty Class,Casualty Sex,Casualty Age Band,Casualty Age,Number Of Casualties,Casualty Severity,Pedestrian Location,Pedestrian Movement,Mode Of Travel,Attendant Location,Number Of Vehicles,Date,Day,Time,Highway,Road Class 1,Road Number 1,Road Type,Speed Limit,Junction Detail,Junction Control,Road Class 2,Road Number 2,Pedestrian Crossing,Light Condition Band,Weather,Road Surface,Special Conditions,Carriage Way Hazard,Easting,Northing,Longitude,Latitude,Ward Code,Ward Name,Spatial Accuracy,Location,Organisation URI,Socrata ID,Last Uploaded
0116EK40615,CAMDEN,1 Driver/Rider,1 Male,25-59,38,1,3 Slight,-2 Unknown,-2 N/A,3 Powered 2 Wheeler,ABBEY ROAD J/W BOUNDARY ROAD,2,24/08/2016 08:18:00 PM,Wednesday,20.18,3 Bor,B,507,6 Single Cwy,2 30 MPH,6 Crossroads,4 Give Way/Uncontrolled,B,507,0 No Xing Facility In 50m,2 Dark,2 Raining,2 Road-Wet,0 None,0 None,525990,183670,-0.184762,51.537883,,,Unknown,"(51.537883, -0.184762)",http://opendatacommunities.org/id/london-borough-council/camden,6492,21/12/2020 02:48:39 PM
1180127429,CAMDEN,1 Driver/Rider,1 Male,25-59,27,1,3 Slight,-2 Unknown,-2 N/A,2 Pedal Cycle,PLATT'S LANE NW3 J/W WEST HEATH ROAD NW3,2,16/08/2018 02:40:00 PM,Thursday,14.40,3 Bor,C,0,3 Dual Cwy,2 30 MPH,3 T/Stag Jun,4 Give Way/Uncontrolled,C,0,0 No Xing Facility In 50m,2 Dark,2 Raining,2 Road-Wet,0 None,0 None,525550,186410,-0.190126,51.562605,,,Unknown,"(51.562605, -0.190126)",http://opendatacommunities.org/id/london-borough-council/camden,8257,21/12/2020 02:48:42 PM
0115EO40743,CAMDEN,2 Passenger,2 Female,25-59,27,1,3 Slight,-2 Unknown,-2 N/A,4 Car,YORK WAY J/W WHARFDALE ROAD,2,05/09/2015 08:11:00 PM,Saturday,20.11,3 Bor,A,5200,6 Single Cwy,1 <= 20 MPH,3 T/Stag Jun,4 Give Way/Uncontrolled,C,0,0 No Xing Facility In 50m,2 Dark,1 Fine,1 Road-Dry,0 None,0 None,530320,183310,-0.122497,51.533665,,,Unknown,"(51.533665, -0.122497)",http://opendatacommunities.org/id/london-borough-council/camden,5600,21/12/2020 02:48:37 PM
1170078222,CAMDEN,1 Driver/Rider,1 Male,16-24,18,1,3 Slight,-2 Unknown,-2 N/A,3 Powered 2 Wheeler,CHALK FARM ROAD 1M S OF J/W BELMONT STREET,1,15/12/2017 01:10:00 AM,Friday,1.10,3 Bor,A,502,6 Single Cwy,1 <= 20 MPH,3 T/Stag Jun,4 Give Way/Uncontrolled,Unclassified,0,0 No Xing Facility In 50m,2 Dark,8 Other,1 Road-Dry,0 None,6 Ped In Cwy (Not Inj),528290,184340,-0.151373,51.543386,,,Unknown,"(51.543386, -0.151373)",http://opendatacommunities.org/id/london-borough-council/camden,7615,21/12/2020 02:48:41 PM
1190176169,CAMDEN,1 DRIVER/RIDER,1 MALE,25-59,29,1,3 SLIGHT,'-2 NOT APPLICABLE,'-2 NOT APPLICABLE,4 CAR,"On Grays Inn Road, near the junction with Argyle Street.",2,20/04/2019 02:05:00 PM,Saturday,14.05,1 TLRN,A,5200,2 ONE-WAY ST,30,06 CROSSROADS,9 UNKNOWN (S/R),5,0,5 PEDN PHASE AT ATS,2 DAYLIGHT,1 FINE,1 ROAD-DRY,0 NONE,0 NONE,530538,182766,-0.119557,51.528726,,,Unknown,"(51.528726, -0.119557)",http://opendatacommunities.org/id/london-borough-council/camden,8937,21/12/2020 02:48:44 PM
1180130682,CAMDEN,3 Pedestrian,2 Female,25-59,55,1,3 Slight,01 Crossing Road On Ped Xing,1 From Drivers N/Side,1 Pedestrian,TOTTENHAM COURT ROAD J/W CHARING CROSS ROAD,1,11/08/2018 03:00:00 PM,Saturday,15.00,3 Bor,A,40,6 Single Cwy,2 30 MPH,6 Crossroads,2 Auto Sig,A,40,5 Pedn Phase At Ats,1 Daylight,1 Fine,1 Road-Dry,0 None,0 None,529800,181380,-0.130701,51.51644,,,Unknown,"(51.51644, -0.130701)",http://opendatacommunities.org/id/london-borough-council/camden,8304,21/12/2020 02:48:42 PM
0116EK40473,CAMDEN,1 Driver/Rider,2 Female,25-59,38,1,3 Slight,-2 Unknown,-2 N/A,4 Car,SPENCER RISE J/W YORK RISE,2,25/06/2016 01:30:00 PM,Saturday,13.30,3 Bor,Unclassified,0,6 Single Cwy,1 <= 20 MPH,3 T/Stag Jun,4 Give Way/Uncontrolled,Unclassified,0,0 No Xing Facility In 50m,1 Daylight,1 Fine,1 Road-Dry,0 None,0 None,528840,185970,-0.142849,51.55791,,,Unknown,"(51.55791, -0.142849)",http://opendatacommunities.org/id/london-borough-council/camden,6382,21/12/2020 02:48:38 PM
0115EK40917,CAMDEN,2 Passenger,2 Female,25-59,37,1,3 Slight,-2 Unknown,-2 N/A,5 Taxi,"OAKLEY SQUARE, 20 METRES NE OF EVERSHOLT STREET.",2,18/10/2015 03:38:00 PM,Sunday,15.38,1 TLRN,A,400,6 Single Cwy,2 30 MPH,3 T/Stag Jun,2 Auto Sig,A,4200,5 Pedn Phase At Ats,1 Daylight,1 Fine,1 Road-Dry,0 None,0 None,529300,183250,-0.137216,51.53336,,,Unknown,"(51.53336, -0.137216)",http://opendatacommunities.org/id/london-borough-council/camden,5352,21/12/2020 02:48:37 PM
1180105204,CAMDEN,1 Driver/Rider,1 Male,25-59,28,1,2 Serious,-2 Unknown,-2 N/A,2 Pedal Cycle,WOBURN PLACE 30M N OF J/W BERNARD STREET,2,01/05/2018 07:00:00 PM,Tuesday,19.00,3 Bor,A,4200,3 Dual Cwy,2 30 MPH,0 No Jun In 20m,-2 Not Applicable,-2 Not Applicable,0,0 No Xing Facility In 50m,1 Daylight,1 Fine,1 Road-Dry,0 None,0 None,530090,182130,-0.126247,51.523114,,,Unknown,"(51.523114, -0.126247)",http://opendatacommunities.org/id/london-borough-council/camden,7946,21/12/2020 02:48:41 PM
0115EK40943,CAMDEN,1 Driver/Rider,2 Female,60+,91,1,3 Slight,-2 Unknown,-2 N/A,4 Car,HEATH STREET J/W SPANIARDS ROAD.,3,25/10/2015 03:30:00 PM,Sunday,15.30,3 Bor,A,502,6 Single Cwy,2 30 MPH,1 Roundabout,4 Give Way/Uncontrolled,B,519,1 Zebra,1 Daylight,1 Fine,1 Road-Dry,0 None,0 None,526270,186420,-0.179741,51.562534,,,Unknown,"(51.562534, -0.179741)",http://opendatacommunities.org/id/london-borough-council/camden,5373,21/12/2020 02:48:37 PM
1180127336,CAMDEN,3 Pedestrian,2 Female,25-59,31,1,3 Slight,04 Crossing Road Within 50m Xing,3 From Drivers O/Side,1 Pedestrian,YORK WAY J/W GOODS WAY,1,16/08/2018 09:04:00 AM,Thursday,9.04,3 Bor,A,5200,6 Single Cwy,2 30 MPH,3 T/Stag Jun,2 Auto Sig,A,5200,8 Central Refuge,1 Daylight,2 Raining,2 Road-Wet,0 None,0 None,530320,183450,-0.122445,51.534924,,,Unknown,"(51.534924, -0.122445)",http://opendatacommunities.org/id/london-borough-council/camden,8254,21/12/2020 02:48:42 PM
1170058370,CAMDEN,1 Driver/Rider,1 Male,25-59,39,1,3 Slight,-2 Unknown,-2 N/A,4 Car,FINCHLEY ROAD 50M N OF J/W BLACKBURN ROAD,3,10/09/2017 09:30:00 PM,Sunday,21.30,1 TLRN,A,41,3 Dual Cwy,2 30 MPH,0 No Jun In 20m,-2 Not Applicable,-2 Not Applicable,0,0 No Xing Facility In 50m,1 Daylight,1 Fine,1 Road-Dry,0 None,0 None,526180,184930,-0.181572,51.549164,,,Unknown,"(51.549164, -0.181572)",http://opendatacommunities.org/id/london-borough-council/camden,7317,21/12/2020 02:48:40 PM
0115EK40346,CAMDEN,1 Driver/Rider,1 Male,25-59,42,1,3 Slight,-2 Unknown,-2 N/A,3 Powered 2 Wheeler,EUSTON ROAD J/W PANCRAS ROAD,2,05/05/2015 10:04:00 AM,Tuesday,10.04,1 TLRN,A,501,3 Dual Cwy,3 40 MPH,6 Crossroads,2 Auto Sig,A,5202,5 Pedn Phase At Ats,1 Daylight,1 Fine,1 Road-Dry,0 None,0 None,530210,182890,-0.124237,51.529916,,,Unknown,"(51.529916, -0.124237)",http://opendatacommunities.org/id/london-borough-council/camden,4854,21/12/2020 02:48:36 PM
1180118012,CAMDEN,1 Driver/Rider,1 Male,16-24,19,1,2 Serious,-2 Unknown,-2 N/A,3 Powered 2 Wheeler,ADELAIDE ROAD J/W PRIMROSE HILL ROAD,2,01/07/2018 07:00:00 PM,Sunday,19.00,3 Bor,B,509,6 Single Cwy,1 <= 20 MPH,3 T/Stag Jun,2 Auto Sig,C,0,5 Pedn Phase At Ats,1 Daylight,1 Fine,1 Road-Dry,0 None,0 None,527500,184330,-0.162762,51.543475,,,Unknown,"(51.543475, -0.162762)",http://opendatacommunities.org/id/london-borough-council/camden,8135,21/12/2020 02:48:42 PM
1190180332,CAMDEN,1 DRIVER/RIDER,1 MALE,16-24,24,2,3 SLIGHT,'-2 NOT APPLICABLE,'-2 NOT APPLICABLE,4 CAR,Location uncertain York Way,2,12/05/2019 01:05:00 AM,Sunday,1.05,3 BOR,A,5200,6 SINGLE CWY,30,03 T/STAG JUN,2 AUTO SIG,6,0,5 PEDN PHASE AT ATS,1 DARK,1 FINE,1 ROAD-DRY,0 NONE,0 NONE,530255,183855,-0.123232,51.538578,,,Unknown,"(51.538578, -0.123232)",http://opendatacommunities.org/id/london-borough-council/camden,8993,21/12/2020 02:48:44 PM
1170023038,CAMDEN,2 Passenger,2 Female,25-59,43,1,3 Slight,-2 Unknown,-2 N/A,4 Car,FINCHLEY ROAD J/W FORTUNE GREEN ROAD,2,05/03/2017 09:00:00 PM,Sunday,21.00,1 TLRN,A,41,3 Dual Cwy,3 40 MPH,7 Multi Jun,2 Auto Sig,B,510,4 Pelican Or Similar,2 Dark,5 Raining/High Winds,2 Road-Wet,1 Traf Sig Out,0 None,525172,185852,-0.195775,51.557674,,,Unknown,"(51.557674, -0.195775)",http://opendatacommunities.org/id/london-borough-council/camden,6743,21/12/2020 02:48:39 PM
0115EK40491,CAMDEN,2 Passenger,2 Female,25-59,44,1,3 Slight,-2 Unknown,-2 N/A,6 Bus Or Coach,EUSTON ROAD J/W DUKE'S ROAD,2,15/06/2015 10:01:00 AM,Monday,10.01,1 TLRN,A,501,3 Dual Cwy,3 40 MPH,6 Crossroads,2 Auto Sig,Unclassified,0,5 Pedn Phase At Ats,1 Daylight,1 Fine,1 Road-Dry,0 None,0 None,529840,182640,-0.12966,51.527755,,,Unknown,"(51.527755, -0.12966)",http://opendatacommunities.org/id/london-borough-council/camden,4978,21/12/2020 02:48:36 PM
1180129767,CAMDEN,1 Driver/Rider,1 Male,25-59,25,1,3 Slight,-2 Unknown,-2 N/A,3 Powered 2 Wheeler,WEST END LANE J/W BROADHURST GARDENS,2,30/08/2018 07:30:00 PM,Thursday,19.30,3 Bor,B,510,6 Single Cwy,1 <= 20 MPH,3 T/Stag Jun,2 Auto Sig,C,0,5 Pedn Phase At Ats,1 Daylight,1 Fine,1 Road-Dry,4 Roadworks,0 None,525520,184600,-0.191204,51.546345,,,Unknown,"(51.546345, -0.191204)",http://opendatacommunities.org/id/london-borough-council/camden,8291,21/12/2020 02:48:42 PM
1160001120,CAMDEN,1 Driver/Rider,1 Male,25-59,55,1,3 Slight,-2 Unknown,-2 N/A,2 Pedal Cycle,KENTISH TOWN ROAD J/W CAVERSHAM ROAD,2,04/11/2016 09:10:00 AM,Friday,9.10,3 Bor,A,400,9 Unknown,2 30 MPH,3 T/Stag Jun,9 Unknown (S/R),Unclassified,0,0 No Xing Facility In 50m,1 Daylight,9 Unknown,9 Unknown (S/R),9 Unknown (S/R),9 Unknown (S/R),529000,184950,-0.140917,51.548707,,,Unknown,"(51.548707, -0.140917)",http://opendatacommunities.org/id/london-borough-council/camden,5660,21/12/2020 02:48:37 PM
1180099546,CAMDEN,3 Pedestrian,1 Male,25-59,56,1,2 Serious,10 Unknown,9 Unknown Or Other,1 Pedestrian,MORNINGTON CRESCENT J/W ARLINGTON ROAD,1,28/03/2018 04:01:00 PM,Wednesday,16.01,3 Bor,Unclassified,0,6 Single Cwy,2 30 MPH,3 T/Stag Jun,4 Give Way/Uncontrolled,Unclassified,0,0 No Xing Facility In 50m,1 Daylight,1 Fine,9 Unknown (S/R),0 None,0 None,529090,183340,-0.140209,51.534217,,,Unknown,"(51.534217, -0.140209)",http://opendatacommunities.org/id/london-borough-council/camden,7861,21/12/2020 02:48:41 PM
1170077502,CAMDEN,1 Driver/Rider,1 Male,25-59,25,1,3 Slight,-2 Unknown,-2 N/A,2 Pedal Cycle,KENTISH TOWN ROAD 25M S OF J/W FARRIER STREET,2,13/12/2017 06:53:00 AM,Wednesday,6.53,3 Bor,A,400,6 Single Cwy,1 <= 20 MPH,0 No Jun In 20m,-2 Not Applicable,-2 Not Applicable,0,8 Central Refuge,1 Daylight,1 Fine,2 Road-Wet,0 None,0 None,528950,184310,-0.141872,51.542967,,,Unknown,"(51.542967, -0.141872)",http://opendatacommunities.org/id/london-borough-council/camden,7607,21/12/2020 02:48:41 PM
0115EK40498,CAMDEN,1 Driver/Rider,1 Male,25-59,46,1,3 Slight,-2 Unknown,-2 N/A,4 Car,HEATH STREET J/W EAST HEATH ROAD,3,21/06/2015 11:50:00 AM,Sunday,11.50,3 Bor,A,502,6 Single Cwy,2 30 MPH,3 T/Stag Jun,2 Auto Sig,C,0,5 Pedn Phase At Ats,1 Daylight,1 Fine,1 Road-Dry,0 None,0 None,526310,186240,-0.179228,51.560908,,,Unknown,"(51.560908, -0.179228)",http://opendatacommunities.org/id/london-borough-council/camden,4989,21/12/2020 02:48:36 PM
0116EK40484,CAMDEN,2 Passenger,2 Female,60+,82,1,3 Slight,-2 Unknown,-2 N/A,4 Car,FLEET ROAD 24 M SE OF J/W LAWN ROAD,2,08/07/2016 03:50:00 PM,Friday,15.50,3 Bor,B,518,2 One-Way St,2 30 MPH,0 No Jun In 20m,-2 Not Applicable,-2 Not Applicable,0,0 No Xing Facility In 50m,1 Daylight,1 Fine,1 Road-Dry,0 None,0 None,527600,185420,-0.160926,51.553249,,,Unknown,"(51.553249, -0.160926)",http://opendatacommunities.org/id/london-borough-council/camden,6393,21/12/2020 02:48:38 PM
0115EK40873,CAMDEN,1 Driver/Rider,1 Male,25-59,54,1,3 Slight,-2 Unknown,-2 N/A,5 Taxi,EUSTON ROAD J/W UPPER WOBURN PLACE,2,05/10/2015 06:05:00 PM,Monday,18.05,1 TLRN,A,501,3 Dual Cwy,2 30 MPH,6 Crossroads,2 Auto Sig,A,4200,5 Pedn Phase At Ats,2 Dark,2 Raining,2 Road-Wet,0 None,0 None,529770,182590,-0.130687,51.527321,,,Unknown,"(51.527321, -0.130687)",http://opendatacommunities.org/id/london-borough-council/camden,5320,21/12/2020 02:48:37 PM
1160002878,CAMDEN,1 Driver/Rider,1 Male,16-24,17,1,3 Slight,-2 Unknown,-2 N/A,3 Powered 2 Wheeler,"PRINCE OF WALES ROAD J/W RYLAND ROAD,",2,22/11/2016 09:00:00 AM,Tuesday,9.00,3 Bor,C,0,3 Dual Cwy,2 30 MPH,9 Other Jun,4 Give Way/Uncontrolled,Unclassified,0,0 No Xing Facility In 50m,1 Daylight,1 Fine,1 Road-Dry,4 Roadworks,0 None,528690,184700,-0.145476,51.546531,,,Unknown,"(51.546531, -0.145476)",http://opendatacommunities.org/id/london-borough-council/camden,5689,21/12/2020 02:48:37 PM
1180112146,CAMDEN,3 Pedestrian,2 Female,25-59,26,1,3 Slight,01 Crossing Road On Ped Xing,1 From Drivers N/Side,1 Pedestrian,FINCHLEY ROAD J/W PLATT'S LANE,1,04/06/2018 06:53:00 PM,Monday,18.53,1 TLRN,A,41,6 Single Cwy,2 30 MPH,6 Crossroads,2 Auto Sig,C,0,4 Pelican Or Similar,1 Daylight,1 Fine,1 Road-Dry,0 None,0 None,525161,185877,-0.195924,51.557902,,,Unknown,"(51.557902, -0.195924)",http://opendatacommunities.org/id/london-borough-council/camden,8049,21/12/2020 02:48:42 PM
1180115743,CAMDEN,3 Pedestrian,2 Female,0-15,15,1,3 Slight,01 Crossing Road On Ped Xing,9 Unknown Or Other,1 Pedestrian,WEST END LANE 44M N OF J/W BLACKBURN ROAD,1,21/06/2018 08:30:00 AM,Thursday,8.30,3 Bor,B,510,6 Single Cwy,1 <= 20 MPH,0 No Jun In 20m,-2 Not Applicable,-2 Not Applicable,0,4 Pelican Or Similar,1 Daylight,1 Fine,1 Road-Dry,9 Unknown (S/R),9 Unknown (S/R),525520,184710,-0.191164,51.547334,,,Unknown,"(51.547334, -0.191164)",http://opendatacommunities.org/id/london-borough-council/camden,8094,21/12/2020 02:48:42 PM
1180103253,CAMDEN,1 Driver/Rider,2 Female,25-59,45,1,3 Slight,-2 Unknown,-2 N/A,2 Pedal Cycle,HAMPSTEAD ROAD NW1 J/W ROBERT STREET NW1,2,22/04/2018 01:00:00 PM,Sunday,13.00,1 TLRN,A,400,6 Single Cwy,1 <= 20 MPH,3 T/Stag Jun,4 Give Way/Uncontrolled,Unclassified,0,4 Pelican Or Similar,1 Daylight,1 Fine,1 Road-Dry,0 None,0 None,529209,182712,-0.138725,51.528546,,,Unknown,"(51.528546, -0.138725)",http://opendatacommunities.org/id/london-borough-council/camden,7919,21/12/2020 02:48:41 PM
1170038614,CAMDEN,1 Driver/Rider,1 Male,25-59,39,1,3 Slight,-2 Unknown,-2 N/A,2 Pedal Cycle,AVENUE ROAD J/W ST EDMUNDS TERRACE,2,20/05/2017 11:40:00 AM,Saturday,11.40,3 Bor,B,525,6 Single Cwy,1 <= 20 MPH,6 Crossroads,4 Give Way/Uncontrolled,B,525,1 Zebra,1 Daylight,1 Fine,1 Road-Dry,0 None,0 None,527375,183468,-0.164876,51.535757,,,Unknown,"(51.535757, -0.164876)",http://opendatacommunities.org/id/london-borough-council/camden,6987,21/12/2020 02:48:39 PM
1170062453,CAMDEN,1 Driver/Rider,1 Male,25-59,31,1,3 Slight,-2 Unknown,-2 N/A,2 Pedal Cycle,ARKWRIGHT ROAD J/W FROGNAL,2,08/09/2017 05:30:00 PM,Friday,17.30,3 Bor,C,0,6 Single Cwy,2 30 MPH,9 Other Jun,2 Auto Sig,Unclassified,0,5 Pedn Phase At Ats,1 Daylight,1 Fine,1 Road-Dry,0 None,0 None,526240,185240,-0.180596,51.551936,,,Unknown,"(51.551936, -0.180596)",http://opendatacommunities.org/id/london-borough-council/camden,7375,21/12/2020 02:48:40 PM
0116EK40205,CAMDEN,3 Pedestrian,2 Female,25-59,29,1,3 Slight,04 Crossing Road Within 50m Xing,3 From Drivers O/Side,1 Pedestrian,KILBURN HIGH ROAD J/W BIRCHINGTON ROAD,1,06/04/2016 01:30:00 PM,Wednesday,13.30,3 Bor,A,5,6 Single Cwy,2 30 MPH,0 No Jun In 20m,-2 Not Applicable,-2 Not Applicable,0,4 Pelican Or Similar,1 Daylight,1 Fine,1 Road-Dry,0 None,0 None,525290,183790,-0.194807,51.539117,,,Unknown,"(51.539117, -0.194807)",http://opendatacommunities.org/id/london-borough-council/camden,6152,21/12/2020 02:48:38 PM
1190169364,CAMDEN,1 DRIVER/RIDER,1 MALE,25-59,39,1,3 SLIGHT,'-2 NOT APPLICABLE,'-2 NOT APPLICABLE,5 TAXI,"On Tottenham Court Road, 40 metres south of the junction with Bayley Street.",2,15/03/2019 11:12:00 PM,Friday,23.12,3 BOR,A,400,2 ONE-WAY ST,20,00 NO JUN IN 20M,,0,0,0 NO XING FACILITY IN 50M,1 DARK,2 RAINING,2 ROAD-WET,4 ROADWORKS,0 NONE,529714,181575,-0.131868,51.518213,,,Unknown,"(51.518213, -0.131868)",http://opendatacommunities.org/id/london-borough-council/camden,8847,21/12/2020 02:48:43 PM
1160001305,CAMDEN,1 Driver/Rider,1 Male,25-59,34,1,3 Slight,-2 Unknown,-2 N/A,3 Powered 2 Wheeler,GOWER STREET 10M S OF J/W CHENIES,2,12/11/2016 12:46:00 PM,Saturday,12.46,3 Bor,A,400,2 One-Way St,1 <= 20 MPH,3 T/Stag Jun,2 Auto Sig,A,400,5 Pedn Phase At Ats,1 Daylight,2 Raining,2 Road-Wet,0 None,0 None,529730,181930,-0.131506,51.521399,,,Unknown,"(51.521399, -0.131506)",http://opendatacommunities.org/id/london-borough-council/camden,5665,21/12/2020 02:48:37 PM
0116EK40484,CAMDEN,1 Driver/Rider,2 Female,60+,60,1,3 Slight,-2 Unknown,-2 N/A,4 Car,FLEET ROAD 24 M SE OF J/W LAWN ROAD,2,08/07/2016 03:50:00 PM,Friday,15.50,3 Bor,B,518,2 One-Way St,2 30 MPH,0 No Jun In 20m,-2 Not Applicable,-2 Not Applicable,0,0 No Xing Facility In 50m,1 Daylight,1 Fine,1 Road-Dry,0 None,0 None,527600,185420,-0.160926,51.553249,,,Unknown,"(51.553249, -0.160926)",http://opendatacommunities.org/id/london-borough-council/camden,6394,21/12/2020 02:48:38 PM
1170042334,CAMDEN,2 Passenger,2 Female,0-15,0,1,3 Slight,-2 Unknown,-2 N/A,4 Car,GORDON HOUSE ROAD 47M NE OF J/W OAK VILLAGE,3,11/06/2017 06:42:00 PM,Sunday,18.42,3 Bor,B,518,3 Dual Cwy,1 <= 20 MPH,0 No Jun In 20m,-2 Not Applicable,-2 Not Applicable,0,0 No Xing Facility In 50m,1 Daylight,1 Fine,1 Road-Dry,0 None,0 None,528330,185660,-0.150315,51.55524,,,Unknown,"(51.55524, -0.150315)",http://opendatacommunities.org/id/london-borough-council/camden,7032,21/12/2020 02:48:39 PM
1160023168,CAMDEN,1 Driver/Rider,1 Male,25-59,49,1,3 Slight,-2 Unknown,-2 N/A,4 Car,KILBURN HIGH ROAD J/W KINBURN PRIORY,1,11/10/2016 01:00:00 AM,Tuesday,1.00,3 Bor,A,5,6 Single Cwy,2 30 MPH,3 T/Stag Jun,4 Give Way/Uncontrolled,C,0,1 Zebra,2 Dark,1 Fine,1 Road-Dry,0 None,0 None,525650,183360,-0.189772,51.535172,,,Unknown,"(51.535172, -0.189772)",http://opendatacommunities.org/id/london-borough-council/camden,5872,21/12/2020 02:48:38 PM
0115CW10579,CAMDEN,2 Passenger,2 Female,25-59,31,1,3 Slight,-2 Unknown,-2 N/A,6 Bus Or Coach,KINGSWAY J/W SARDINIA STREET.,2,02/02/2015 01:00:00 PM,Monday,13.00,3 Bor,A,4200,6 Single Cwy,2 30 MPH,3 T/Stag Jun,4 Give Way/Uncontrolled,A,4200,0 No Xing Facility In 50m,1 Daylight,1 Fine,1 Road-Dry,0 None,0 None,530640,181230,-0.118657,51.514899,,,Unknown,"(51.514899, -0.118657)",http://opendatacommunities.org/id/london-borough-council/camden,4558,21/12/2020 02:48:35 PM
1170021548,CAMDEN,1 Driver/Rider,2 Female,25-59,25,1,2 Serious,-2 Unknown,-2 N/A,2 Pedal Cycle,GORDON SQUARE J/W TAVISTOCK SQUARE,2,15/02/2017 05:20:00 PM,Wednesday,17.20,3 Bor,C,0,6 Single Cwy,2 30 MPH,3 T/Stag Jun,2 Auto Sig,C,0,4 Pelican Or Similar,2 Dark,2 Raining,2 Road-Wet,0 None,0 None,529900,182250,-0.12894,51.524236,,,Unknown,"(51.524236, -0.12894)",http://opendatacommunities.org/id/london-borough-council/camden,6727,21/12/2020 02:48:39 PM
1180132628,CAMDEN,1 Driver/Rider,1 Male,25-59,59,1,3 Slight,-2 Unknown,-2 N/A,3 Powered 2 Wheeler,FINCHLEY ROAD NW3 J/W COLLEGE CRESCENT/FITZJOHNS AVENUE NW3,1,14/09/2018 06:25:00 PM,Friday,18.25,1 TLRN,A,41,3 Dual Cwy,3 40 MPH,3 T/Stag Jun,2 Auto Sig,B,511,5 Pedn Phase At Ats,1 Daylight,1 Fine,1 Road-Dry,0 None,0 None,526643,184305,-0.175123,51.543443,,,Unknown,"(51.543443, -0.175123)",http://opendatacommunities.org/id/london-borough-council/camden,8325,21/12/2020 02:48:42 PM
1170061618,CAMDEN,2 Passenger,2 Female,25-59,41,1,3 Slight,-2 Unknown,-2 N/A,4 Car,REGENT SQUARE J/W REGENT SQUARE (EAST SIDE),2,28/09/2017 11:55:00 PM,Thursday,23.55,3 Bor,C,0,6 Single Cwy,2 30 MPH,3 T/Stag Jun,4 Give Way/Uncontrolled,Unclassified,0,0 No Xing Facility In 50m,2 Dark,2 Raining,2 Road-Wet,0 None,0 None,530450,182540,-0.120909,51.526716,,,Unknown,"(51.526716, -0.120909)",http://opendatacommunities.org/id/london-borough-council/camden,7359,21/12/2020 02:48:40 PM
0115EK40693,CAMDEN,1 Driver/Rider,1 Male,16-24,21,1,3 Slight,-2 Unknown,-2 N/A,3 Powered 2 Wheeler,PENTONVILLE ROAD 35M E OF YORK WAY,2,10/08/2015 03:09:00 PM,Monday,15.09,1 TLRN,A,501,6 Single Cwy,2 30 MPH,0 No Jun In 20m,-2 Not Applicable,-2 Not Applicable,0,0 No Xing Facility In 50m,1 Daylight,1 Fine,2 Road-Wet,0 None,0 None,530370,182990,-0.121895,51.530778,,,Unknown,"(51.530778, -0.121895)",http://opendatacommunities.org/id/london-borough-council/camden,5168,21/12/2020 02:48:36 PM
1170052240,CAMDEN,3 Pedestrian,2 Female,25-59,34,1,2 Serious,01 Crossing Road On Ped Xing,1 From Drivers N/Side,1 Pedestrian,TOTTENHAM COURT ROAD 15M N OF J/W TOTTENHAM STREET,1,05/08/2017 11:05:00 AM,Saturday,11.05,3 Bor,A,400,3 Dual Cwy,2 30 MPH,3 T/Stag Jun,4 Give Way/Uncontrolled,Unclassified,0,8 Central Refuge,1 Daylight,8 Other,1 Road-Dry,0 None,0 None,529510,181870,-0.134698,51.520911,,,Unknown,"(51.520911, -0.134698)",http://opendatacommunities.org/id/london-borough-council/camden,7223,21/12/2020 02:48:40 PM
1190185354,CAMDEN,1 DRIVER/RIDER,1 MALE,25-59,33,1,3 SLIGHT,'-2 NOT APPLICABLE,'-2 NOT APPLICABLE,3 POWERED 2 WHEELER,Location uncertain Avenue Road,2,05/06/2019 09:40:00 AM,Wednesday,9.40,3 BOR,B,525,6 SINGLE CWY,30,03 T/STAG JUN,9 UNKNOWN (S/R),6,0,5 PEDN PHASE AT ATS,2 DAYLIGHT,1 FINE,1 ROAD-DRY,0 NONE,1 VEHICLE LOAD IN CWY,527166,183689,-0.167808,51.53779,,,Unknown,"(51.53779, -0.167808)",http://opendatacommunities.org/id/london-borough-council/camden,9066,21/12/2020 02:48:44 PM
1170065188,CAMDEN,1 Driver/Rider,1 Male,25-59,30,1,3 Slight,-2 Unknown,-2 N/A,4 Car,BLOOMSBURY WAY J/W SOUTHAMPTON ROW,2,23/07/2017 07:00:00 PM,Sunday,19.00,3 Bor,C,0,6 Single Cwy,2 30 MPH,3 T/Stag Jun,2 Auto Sig,C,0,5 Pedn Phase At Ats,1 Daylight,1 Fine,1 Road-Dry,0 None,0 None,530390,181620,-0.122114,51.518462,,,Unknown,"(51.518462, -0.122114)",http://opendatacommunities.org/id/london-borough-council/camden,7431,21/12/2020 02:48:40 PM
1190208782,CAMDEN,1 DRIVER/RIDER,1 MALE,16-24,22,1,3 SLIGHT,'-2 NOT APPLICABLE,'-2 NOT APPLICABLE,3 POWERED 2 WHEELER,Location uncertain Keeley Street / Kingsway,2,19/08/2019 08:10:00 AM,Monday,8.10,3 BOR,A,4200,6 SINGLE CWY,30,00 NO JUN IN 20M,,0,0,0 NO XING FACILITY IN 50M,2 DAYLIGHT,1 FINE,1 ROAD-DRY,0 NONE,0 NONE,530622,181289,-0.118894,51.515433,,,Unknown,"(51.515433, -0.118894)",http://opendatacommunities.org/id/london-borough-council/camden,9396,21/12/2020 02:48:44 PM