Reference,London Borough Name,Casualty Class,Casualty Sex,Casualty Age Band,Casualty Age,Number Of Casualties,Casualty Severity,Pedestrian Location,Pedestrian Movement,Mode Of Travel,Attendant Location,Number Of Vehicles,Date,Day,Time,Highway,Road Class 1,Road Number 1,Road Type,Speed Limit,Junction Detail,Junction Control,Road Class 2,Road Number 2,Pedestrian Crossing,Light Condition Band,Weather,Road Surface,Special Conditions,Carriage Way Hazard,Easting,Northing,Longitude,Latitude,Ward Code,Ward Name,Spatial Accuracy,Location,Organisation URI,Socrata ID,Last Uploaded
0115EK40108,CAMDEN,3 Pedestrian,1 Male,16-24,18,1,3 Slight,04 Crossing Road Within 50m Xing,9 Unknown Or Other,1 Pedestrian,EUSTON ROAD J/W CHURCHWAY,1,12/02/2015 06:35:00 AM,Thursday,6.35,1 TLRN,A,501,3 Dual Cwy,3 40 MPH,6 Crossroads,2 Auto Sig,Unclassified,0,5 Pedn Phase At Ats,2 Dark,1 Fine,1 Road-Dry,0 None,0 None,529860,182640,-0.129372,51.52775,,,Unknown,"(51.52775, -0.129372)",http://opendatacommunities.org/id/london-borough-council/camden,4665,21/12/2020 02:48:35 PM
0116EK40622,CAMDEN,1 Driver/Rider,2 Female,25-59,31,1,3 Slight,-2 Unknown,-2 N/A,2 Pedal Cycle,"HIGH HOLBORN, 50 METRES EAST OF SOUTHAMPTON ROW.",2,30/08/2016 06:20:00 PM,Tuesday,18.20,3 Bor,A,40,2 One-Way St,2 30 MPH,0 No Jun In 20m,-2 Not Applicable,-2 Not Applicable,0,5 Pedn Phase At Ats,1 Daylight,1 Fine,1 Road-Dry,0 None,0 None,530550,181530,-0.119842,51.517616,,,Unknown,"(51.517616, -0.119842)",http://opendatacommunities.org/id/london-borough-council/camden,6501,21/12/2020 02:48:39 PM
1180143845,CAMDEN,1 Driver/Rider,1 Male,25-59,41,1,3 Slight,-2 Unknown,-2 N/A,2 Pedal Cycle,BELGROVE STREET 10M W OF J/W CHAD STREET,2,06/11/2018 11:17:00 PM,Tuesday,23.17,3 Bor,Unclassified,0,9 Unknown,1 <= 20 MPH,6 Crossroads,9 Unknown (S/R),Unclassified,0,9 Unknown (S/R),2 Dark,1 Fine,1 Road-Dry,0 None,0 None,530300,182820,-0.122966,51.529267,,,Unknown,"(51.529267, -0.122966)",http://opendatacommunities.org/id/london-borough-council/camden,8501,21/12/2020 02:48:43 PM
1170026817,CAMDEN,1 Driver/Rider,1 Male,25-59,51,1,3 Slight,-2 Unknown,-2 N/A,3 Powered 2 Wheeler,WEST HEATH ROAD J/W WHITSTONE WALK,2,21/03/2017 07:38:00 AM,Tuesday,7.38,3 Bor,C,0,6 Single Cwy,1 <= 20 MPH,6 Crossroads,4 Give Way/Uncontrolled,C,0,0 No Xing Facility In 50m,1 Daylight,1 Fine,1 Road-Dry,0 None,0 None,526230,186280,-0.180368,51.561285,,,Unknown,"(51.561285, -0.180368)",http://opendatacommunities.org/id/london-borough-council/camden,6802,21/12/2020 02:48:39 PM
0115EK40602,CAMDEN,1 Driver/Rider,1 Male,25-59,31,1,3 Slight,-2 Unknown,-2 N/A,3 Powered 2 Wheeler,N.F.L MIDLAND ROAD 22M S OF BRILL PLACE,2,17/07/2015 11:48:00 PM,Friday,23.48,3 Bor,C,0,6 Single Cwy,2 30 MPH,0 No Jun In 20m,-2 Not Applicable,-2 Not Applicable,0,0 No Xing Facility In 50m,2 Dark,1 Fine,1 Road-Dry,0 None,0 None,529990,183122,-0.127321,51.532052,,,Unknown,"(51.532052, -0.127321)",http://opendatacommunities.org/id/london-borough-council/camden,5085,21/12/2020 02:48:36 PM
1190163488,CAMDEN,2 PASSENGER,2 FEMALE,25-59,40,3,3 SLIGHT,'-2 NOT APPLICABLE,'-2 NOT APPLICABLE,9 PRIVATE HIRE,"On SPANARD ROAD, near the junction with NORTH END WAY NW3.",2,14/02/2019 07:15:00 PM,Thursday,19.15,3 BOR,B,519,1 ROUNDABOUT,20,01 ROUNDABOUT,4 GIVE WAY/UNCONTROLLED,A,502,1 ZEBRA,1 DARK,1 FINE,1 ROAD-DRY,0 NONE,0 NONE,526284,186436,-0.179533,51.562675,,,Unknown,"(51.562675, -0.179533)",http://opendatacommunities.org/id/london-borough-council/camden,8784,21/12/2020 02:48:43 PM
0115EK40784,CAMDEN,1 Driver/Rider,1 Male,25-59,26,1,3 Slight,-2 Unknown,-2 N/A,4 Car,HAVERSTOCK HILL J/W PRINCE OF WALES ROAD.,2,09/09/2015 06:44:00 PM,Wednesday,18.44,3 Bor,A,502,6 Single Cwy,2 30 MPH,3 T/Stag Jun,2 Auto Sig,C,0,5 Pedn Phase At Ats,2 Dark,1 Fine,1 Road-Dry,0 None,0 None,527960,184590,-0.156038,51.545708,,,Unknown,"(51.545708, -0.156038)",http://opendatacommunities.org/id/london-borough-council/camden,5250,21/12/2020 02:48:37 PM
1180141131,CAMDEN,1 Driver/Rider,1 Male,25-59,52,1,2 Serious,-2 Unknown,-2 N/A,2 Pedal Cycle,SOUTHAMPTON ROW J/W RUSSEL SQUARE,1,24/10/2018 06:25:00 PM,Wednesday,18.25,3 Bor,A,4200,3 Dual Cwy,1 <= 20 MPH,6 Crossroads,2 Auto Sig,A,4200,5 Pedn Phase At Ats,2 Dark,1 Fine,1 Road-Dry,0 None,0 None,530250,181940,-0.124012,51.52137,,,Unknown,"(51.52137, -0.124012)",http://opendatacommunities.org/id/london-borough-council/camden,8468,21/12/2020 02:48:43 PM
1180098771,CAMDEN,1 Driver/Rider,1 Male,25-59,52,1,3 Slight,-2 Unknown,-2 N/A,3 Powered 2 Wheeler,MALDEN ROAD J/W PRINCE OF WALES ROAD,2,19/03/2018 08:15:00 PM,Monday,20.15,3 Bor,B,517,7 Slip Rd,2 30 MPH,6 Crossroads,9 Unknown (S/R),C,0,9 Unknown (S/R),2 Dark,1 Fine,9 Unknown (S/R),9 Unknown (S/R),9 Unknown (S/R),528320,184620,-0.150838,51.545896,,,Unknown,"(51.545896, -0.150838)",http://opendatacommunities.org/id/london-borough-council/camden,7847,21/12/2020 02:48:41 PM
0115EK40757,CAMDEN,1 Driver/Rider,1 Male,25-59,34,1,3 Slight,-2 Unknown,-2 N/A,3 Powered 2 Wheeler,KENTISH TOWN ROAD J/W GAISFORD STREET,2,28/08/2015 04:35:00 PM,Friday,16.35,3 Bor,A,400,6 Single Cwy,2 30 MPH,3 T/Stag Jun,4 Give Way/Uncontrolled,Unclassified,0,0 No Xing Facility In 50m,1 Daylight,1 Fine,1 Road-Dry,0 None,0 None,528970,184870,-0.141378,51.547995,,,Unknown,"(51.547995, -0.141378)",http://opendatacommunities.org/id/london-borough-council/camden,5220,21/12/2020 02:48:37 PM
0115EK40173,CAMDEN,1 Driver/Rider,1 Male,25-59,46,1,3 Slight,-2 Unknown,-2 N/A,6 Bus Or Coach,BAYHAM STREET J/W PLENDER STREET,2,20/02/2015 01:40:00 PM,Friday,13.40,3 Bor,C,0,6 Single Cwy,2 30 MPH,6 Crossroads,2 Auto Sig,Unclassified,0,5 Pedn Phase At Ats,1 Daylight,1 Fine,1 Road-Dry,0 None,0 None,529190,183560,-0.138688,51.536172,,,Unknown,"(51.536172, -0.138688)",http://opendatacommunities.org/id/london-borough-council/camden,4713,21/12/2020 02:48:36 PM
1160012641,CAMDEN,1 Driver/Rider,1 Male,16-24,21,1,3 Slight,-2 Unknown,-2 N/A,3 Powered 2 Wheeler,"ON THEOBALDS ROAD , NEAR THE JUNCTION WITH RED LION STREET .",2,05/09/2016 09:40:00 PM,Monday,21.40,3 Bor,A,401,6 Single Cwy,2 30 MPH,6 Crossroads,2 Auto Sig,C,0,5 Pedn Phase At Ats,2 Dark,1 Fine,1 Road-Dry,0 None,0 None,530690,181840,-0.117711,51.520369,,,Unknown,"(51.520369, -0.117711)",http://opendatacommunities.org/id/london-borough-council/camden,5842,21/12/2020 02:48:38 PM
0115EK40408,CAMDEN,1 Driver/Rider,2 Female,25-59,25,1,3 Slight,-2 Unknown,-2 N/A,2 Pedal Cycle,FITZJOHN'S AVENUE 143M S OF J/W NUTLEY TERRACE,2,23/05/2015 02:00:00 PM,Saturday,14.00,3 Bor,B,511,6 Single Cwy,2 30 MPH,0 No Jun In 20m,-2 Not Applicable,-2 Not Applicable,0,0 No Xing Facility In 50m,1 Daylight,1 Fine,1 Road-Dry,0 None,0 None,526580,184830,-0.175842,51.548176,,,Unknown,"(51.548176, -0.175842)",http://opendatacommunities.org/id/london-borough-council/camden,4904,21/12/2020 02:48:36 PM
1180125166,CAMDEN,1 Driver/Rider,1 Male,16-24,22,1,3 Slight,-2 Unknown,-2 N/A,3 Powered 2 Wheeler,BOUNDARY ROAD J/W ABBEY ROAD,2,04/08/2018 05:35:00 PM,Saturday,17.35,3 Bor,B,507,6 Single Cwy,1 <= 20 MPH,6 Crossroads,4 Give Way/Uncontrolled,B,507,1 Zebra,1 Daylight,1 Fine,3 Road-Snow,0 None,0 None,525990,183670,-0.184762,51.537883,,,Unknown,"(51.537883, -0.184762)",http://opendatacommunities.org/id/london-borough-council/camden,8223,21/12/2020 02:48:42 PM
0116TD00029,CAMDEN,1 Driver/Rider,1 Male,25-59,30,1,1 Fatal,-2 Unknown,-2 N/A,3 Powered 2 Wheeler,"KENTISH TOWN ROAD, J/W FARRIER STREET",2,05/03/2016 08:17:00 PM,Saturday,20.17,3 Bor,A,400,6 Single Cwy,2 30 MPH,3 T/Stag Jun,4 Give Way/Uncontrolled,Unclassified,0,8 Central Refuge,2 Dark,9 Unknown,1 Road-Dry,0 None,0 None,528960,184390,-0.141698,51.543683,,,Unknown,"(51.543683, -0.141698)",http://opendatacommunities.org/id/london-borough-council/camden,6556,21/12/2020 02:48:39 PM
0116EK40602,CAMDEN,1 Driver/Rider,2 Female,25-59,48,1,3 Slight,-2 Unknown,-2 N/A,4 Car,LYNDHURST GARDENS J/W WEDDERBURN ROAD.,2,17/08/2016 12:50:00 PM,Wednesday,12.50,3 Bor,Unclassified,0,6 Single Cwy,2 30 MPH,6 Crossroads,4 Give Way/Uncontrolled,Unclassified,0,0 No Xing Facility In 50m,1 Daylight,1 Fine,1 Road-Dry,0 None,0 None,526880,185200,-0.171385,51.551434,,,Unknown,"(51.551434, -0.171385)",http://opendatacommunities.org/id/london-borough-council/camden,6484,21/12/2020 02:48:39 PM
0115EK41116,CAMDEN,3 Pedestrian,1 Male,60+,80,1,3 Slight,05 Crossing Road (Not On Xing),1 From Drivers N/Side,1 Pedestrian,DYNHAM ROAD J/W WEST END LANE.,1,12/12/2015 11:48:00 PM,Saturday,23.48,3 Bor,Unclassified,0,6 Single Cwy,2 30 MPH,3 T/Stag Jun,4 Give Way/Uncontrolled,B,510,0 No Xing Facility In 50m,2 Dark,1 Fine,1 Road-Dry,0 None,0 None,525410,184320,-0.192889,51.543853,,,Unknown,"(51.543853, -0.192889)",http://opendatacommunities.org/id/london-borough-council/camden,5527,21/12/2020 02:48:37 PM
1190178698,CAMDEN,1 DRIVER/RIDER,1 MALE,25-59,31,1,3 SLIGHT,'-2 NOT APPLICABLE,'-2 NOT APPLICABLE,2 PEDAL CYCLE,"On FINCHLEY ROAD, near the junction with FAIRFAX ROAD.",2,02/05/2019 05:38:00 PM,Thursday,17.38,1 TLRN,A,41,6 SINGLE CWY,30,03 T/STAG JUN,4 GIVE WAY/UNCONTROLLED,5,0,5 PEDN PHASE AT ATS,2 DAYLIGHT,8 OTHER,1 ROAD-DRY,0 NONE,0 NONE,526477,184538,-0.177432,51.545575,,,Unknown,"(51.545575, -0.177432)",http://opendatacommunities.org/id/london-borough-council/camden,8977,21/12/2020 02:48:44 PM
0115EK41092,CAMDEN,1 Driver/Rider,1 Male,25-59,40,1,3 Slight,-2 Unknown,-2 N/A,3 Powered 2 Wheeler,CAMDEN ROAD J/W ROCHESTER SQUARE,2,08/12/2015 02:20:00 PM,Tuesday,14.20,1 TLRN,A,503,6 Single Cwy,2 30 MPH,3 T/Stag Jun,4 Give Way/Uncontrolled,Unclassified,0,0 No Xing Facility In 50m,1 Daylight,1 Fine,1 Road-Dry,0 None,0 None,529320,184390,-0.13651,51.543601,,,Unknown,"(51.543601, -0.13651)",http://opendatacommunities.org/id/london-borough-council/camden,5497,21/12/2020 02:48:37 PM
1190204104,CAMDEN,2 PASSENGER,2 FEMALE,60+,70,4,3 SLIGHT,'-2 NOT APPLICABLE,'-2 NOT APPLICABLE,4 CAR,"On Vernon Place , near the junction with Southampton place.",3,08/09/2019 08:00:00 PM,Sunday,20.00,3 BOR,A,40,2 ONE-WAY ST,20,03 T/STAG JUN,4 GIVE WAY/UNCONTROLLED,5,0,4 PELICAN OR SIMILAR,1 DARK,1 FINE,1 ROAD-DRY,0 NONE,0 NONE,530372,181613,-0.122375,51.518403,,,Unknown,"(51.518403, -0.122375)",http://opendatacommunities.org/id/london-borough-council/camden,9346,21/12/2020 02:48:44 PM
1190187464,CAMDEN,1 DRIVER/RIDER,1 MALE,25-59,26,1,3 SLIGHT,'-2 NOT APPLICABLE,'-2 NOT APPLICABLE,3 POWERED 2 WHEELER,"On Willow Road, near the junction with WILLOW ROAD .",2,15/06/2019 07:05:00 PM,Saturday,19.05,3 BOR,6,0,2 ONE-WAY ST,30,06 CROSSROADS,4 GIVE WAY/UNCONTROLLED,6,0,0 NO XING FACILITY IN 50M,2 DAYLIGHT,2 RAINING,2 ROAD-WET,0 NONE,0 NONE,526640,185885,-0.174598,51.557644,,,Unknown,"(51.557644, -0.174598)",http://opendatacommunities.org/id/london-borough-council/camden,9099,21/12/2020 02:48:44 PM
0115EO49012,CAMDEN,3 Pedestrian,1 Male,16-24,17,1,3 Slight,01 Crossing Road On Ped Xing,2 From Drivers N/Side Msk,1 Pedestrian,YORK WAY J/W RUFFORD STREET,1,16/12/2015 09:40:00 AM,Wednesday,9.40,3 Bor,A,5200,6 Single Cwy,1 <= 20 MPH,3 T/Stag Jun,4 Give Way/Uncontrolled,Unclassified,0,1 Zebra,1 Daylight,1 Fine,1 Road-Dry,0 None,0 None,530250,183860,-0.123302,51.538624,,,Unknown,"(51.538624, -0.123302)",http://opendatacommunities.org/id/london-borough-council/camden,5610,21/12/2020 02:48:37 PM
1190184050,CAMDEN,1 DRIVER/RIDER,1 MALE,25-59,39,1,3 SLIGHT,'-2 NOT APPLICABLE,'-2 NOT APPLICABLE,3 POWERED 2 WHEELER,"On Finchley Road, near the junction with Blackburn Road.",2,29/05/2019 07:20:00 PM,Wednesday,19.20,1 TLRN,A,41,3 DUAL CWY,30,06 CROSSROADS,2 AUTO SIG,6,0,5 PEDN PHASE AT ATS,2 DAYLIGHT,1 FINE,1 ROAD-DRY,0 NONE,0 NONE,526228,184839,-0.180913,51.548335,,,Unknown,"(51.548335, -0.180913)",http://opendatacommunities.org/id/london-borough-council/camden,9051,21/12/2020 02:48:44 PM
1180099248,CAMDEN,3 Pedestrian,1 Male,25-59,27,1,2 Serious,05 Crossing Road (Not On Xing),3 From Drivers O/Side,1 Pedestrian,HAMPSTEAD ROAD J/W VARNDELL STREET,1,30/03/2018 06:59:00 PM,Friday,18.59,1 TLRN,A,400,6 Single Cwy,2 30 MPH,3 T/Stag Jun,4 Give Way/Uncontrolled,Unclassified,0,0 No Xing Facility In 50m,1 Daylight,1 Fine,2 Road-Wet,0 None,0 None,529210,182800,-0.138678,51.529337,,,Unknown,"(51.529337, -0.138678)",http://opendatacommunities.org/id/london-borough-council/camden,7858,21/12/2020 02:48:41 PM
1180137403,CAMDEN,1 Driver/Rider,1 Male,25-59,38,1,3 Slight,-2 Unknown,-2 N/A,5 Taxi,FITZJOHN'S AVENUE J/W NUTTLEY TERRACE,2,07/10/2018 10:40:00 AM,Sunday,10.40,3 Bor,B,511,3 Dual Cwy,1 <= 20 MPH,6 Crossroads,4 Give Way/Uncontrolled,Unclassified,0,1 Zebra,1 Daylight,1 Fine,1 Road-Dry,0 None,0 None,526570,184960,-0.17594,51.549346,,,Unknown,"(51.549346, -0.17594)",http://opendatacommunities.org/id/london-borough-council/camden,8393,21/12/2020 02:48:42 PM
1170031137,CAMDEN,3 Pedestrian,2 Female,25-59,41,1,3 Slight,09 In Road - Not Crossing,5 In Rd Not Crossing,1 Pedestrian,CUMBERLAND TERRACE J/W OUTER CIRCLE,2,09/04/2017 01:30:00 PM,Sunday,13.30,3 Bor,Unclassified,0,2 One-Way St,1 <= 20 MPH,3 T/Stag Jun,4 Give Way/Uncontrolled,Unclassified,0,0 No Xing Facility In 50m,1 Daylight,1 Fine,1 Road-Dry,0 None,0 None,528610,183210,-0.147174,51.533158,,,Unknown,"(51.533158, -0.147174)",http://opendatacommunities.org/id/london-borough-council/camden,6866,21/12/2020 02:48:39 PM
1190204104,CAMDEN,2 PASSENGER,2 FEMALE,0-15,11,4,3 SLIGHT,'-2 NOT APPLICABLE,'-2 NOT APPLICABLE,4 CAR,"On Vernon Place , near the junction with Southampton place.",3,08/09/2019 08:00:00 PM,Sunday,20.00,3 BOR,A,40,2 ONE-WAY ST,20,03 T/STAG JUN,4 GIVE WAY/UNCONTROLLED,5,0,4 PELICAN OR SIMILAR,1 DARK,1 FINE,1 ROAD-DRY,0 NONE,0 NONE,530372,181613,-0.122375,51.518403,,,Unknown,"(51.518403, -0.122375)",http://opendatacommunities.org/id/london-borough-council/camden,9347,21/12/2020 02:48:44 PM
0115EK41028,CAMDEN,1 Driver/Rider,2 Female,25-59,27,1,3 Slight,-2 Unknown,-2 N/A,2 Pedal Cycle,"NFL - KENTISH TOWN ROAD, 30 METRES NORTH OF PRINCE OF WALES ROAD.",2,19/11/2015 09:53:00 PM,Thursday,21.53,3 Bor,A,400,3 Dual Cwy,2 30 MPH,0 No Jun In 20m,-2 Not Applicable,-2 Not Applicable,0,5 Pedn Phase At Ats,2 Dark,1 Fine,1 Road-Dry,0 None,0 None,528950,184730,-0.141718,51.546741,,,Unknown,"(51.546741, -0.141718)",http://opendatacommunities.org/id/london-borough-council/camden,5448,21/12/2020 02:48:37 PM
1170070936,CAMDEN,3 Pedestrian,1 Male,16-24,22,1,2 Serious,01 Crossing Road On Ped Xing,1 From Drivers N/Side,1 Pedestrian,KINGSWAY J/W KEELEY STREET,1,17/11/2017 11:00:00 PM,Friday,23.00,3 Bor,A,4200,3 Dual Cwy,1 <= 20 MPH,3 T/Stag Jun,2 Auto Sig,Unclassified,0,4 Pelican Or Similar,2 Dark,1 Fine,1 Road-Dry,0 None,0 None,530610,181270,-0.119074,51.515265,,,Unknown,"(51.515265, -0.119074)",http://opendatacommunities.org/id/london-borough-council/camden,7521,21/12/2020 02:48:41 PM
1190202222,CAMDEN,1 DRIVER/RIDER,2 FEMALE,25-59,46,1,3 SLIGHT,'-2 NOT APPLICABLE,'-2 NOT APPLICABLE,3 POWERED 2 WHEELER,"On Crowndale Road, near the junction with Oakley Square.",2,29/08/2019 08:50:00 PM,Thursday,20.50,1 TLRN,B,512,2 ONE-WAY ST,20,06 CROSSROADS,2 AUTO SIG,A,400,4 PELICAN OR SIMILAR,1 DARK,1 FINE,1 ROAD-DRY,0 NONE,0 NONE,529415,183456,-0.135484,51.535185,,,Unknown,"(51.535185, -0.135484)",http://opendatacommunities.org/id/london-borough-council/camden,9311,21/12/2020 02:48:44 PM
1180084429,CAMDEN,3 Pedestrian,2 Female,25-59,31,1,3 Slight,04 Crossing Road Within 50m Xing,4 From Drivers O/Side Msk,1 Pedestrian,NFL HILLGROVE ROAD JW LOUDON ROAD,1,18/01/2018 03:40:00 PM,Thursday,15.40,3 Bor,B,509,6 Single Cwy,1 <= 20 MPH,1 Roundabout,4 Give Way/Uncontrolled,C,0,1 Zebra,1 Daylight,1 Fine,1 Road-Dry,0 None,0 None,526353,184108,-0.179374,51.541738,,,Unknown,"(51.541738, -0.179374)",http://opendatacommunities.org/id/london-borough-council/camden,7680,21/12/2020 02:48:41 PM
1170037949,CAMDEN,1 Driver/Rider,1 Male,25-59,29,1,3 Slight,-2 Unknown,-2 N/A,3 Powered 2 Wheeler,CAMDEN STREET 90M S OF J/W PLENDER STREET,2,16/05/2017 11:30:00 AM,Tuesday,11.30,1 TLRN,A,400,6 Single Cwy,1 <= 20 MPH,0 No Jun In 20m,-2 Not Applicable,-2 Not Applicable,0,4 Pelican Or Similar,1 Daylight,1 Fine,1 Road-Dry,9 Unknown (S/R),9 Unknown (S/R),529190,183870,-0.138574,51.538958,,,Unknown,"(51.538958, -0.138574)",http://opendatacommunities.org/id/london-borough-council/camden,6970,21/12/2020 02:48:39 PM
0115EK40718,CAMDEN,1 Driver/Rider,1 Male,25-59,39,1,3 Slight,-2 Unknown,-2 N/A,3 Powered 2 Wheeler,MALDEN ROAD J/W PRINCE OF WALES ROAD,2,17/08/2015 09:50:00 AM,Monday,9.50,3 Bor,B,517,6 Single Cwy,2 30 MPH,6 Crossroads,2 Auto Sig,C,0,5 Pedn Phase At Ats,1 Daylight,1 Fine,1 Road-Dry,0 None,0 None,528320,184620,-0.150838,51.545896,,,Unknown,"(51.545896, -0.150838)",http://opendatacommunities.org/id/london-borough-council/camden,5189,21/12/2020 02:48:37 PM
1190221968,CAMDEN,2 PASSENGER,2 FEMALE,25-59,39,1,3 SLIGHT,'-2 NOT APPLICABLE,'-2 NOT APPLICABLE,6 BUS OR COACH,"On New Oxford Street, 100 metres east of the junction with Bloomsbury Street WC1.. The nearest classified road was the A400. The nearest classified road was the A400",1,01/12/2019 10:10:00 AM,Sunday,10.10,3 BOR,A,40,6 SINGLE CWY,20,00 NO JUN IN 20M,,0,0,0 NO XING FACILITY IN 50M,2 DAYLIGHT,1 FINE,1 ROAD-DRY,0 NONE,0 NONE,529968,181417,-0.128267,51.516734,,,Unknown,"(51.516734, -0.128267)",http://opendatacommunities.org/id/london-borough-council/camden,9565,21/12/2020 02:48:45 PM
1190204354,CAMDEN,1 DRIVER/RIDER,2 FEMALE,25-59,38,1,3 SLIGHT,'-2 NOT APPLICABLE,'-2 NOT APPLICABLE,4 CAR,"On Weedington Road, near the junction with Vicar's Road.",2,07/09/2019 07:45:00 PM,Saturday,19.45,3 BOR,6,0,9 UNKNOWN,20,99 UNKNOWN (S/R),9 UNKNOWN (S/R),6,0,0 NO XING FACILITY IN 50M,2 DAYLIGHT,1 FINE,1 ROAD-DRY,0 NONE,0 NONE,528295,185126,-0.151014,51.550449,,,Unknown,"(51.550449, -0.151014)",http://opendatacommunities.org/id/london-borough-council/camden,9353,21/12/2020 02:48:44 PM
1160008455,CAMDEN,1 Driver/Rider,1 Male,25-59,36,1,3 Slight,-2 Unknown,-2 N/A,3 Powered 2 Wheeler,CAVERSHAM ROAD 20M E OF J/W HAMMOND STREET,1,22/12/2016 09:00:00 PM,Thursday,21.00,3 Bor,Unclassified,0,6 Single Cwy,1 <= 20 MPH,6 Crossroads,4 Give Way/Uncontrolled,Unclassified,0,0 No Xing Facility In 50m,2 Dark,1 Fine,1 Road-Dry,0 None,0 None,529200,184940,-0.138037,51.548571,,,Unknown,"(51.548571, -0.138037)",http://opendatacommunities.org/id/london-borough-council/camden,5799,21/12/2020 02:48:37 PM
1170069340,CAMDEN,3 Pedestrian,1 Male,25-59,27,1,3 Slight,01 Crossing Road On Ped Xing,9 Unknown Or Other,1 Pedestrian,HAMPSTEAD ROAD 25M S OF J/W MORNINGTON CRESCENT,1,03/11/2017 06:15:00 PM,Friday,18.15,1 TLRN,A,400,6 Single Cwy,2 30 MPH,0 No Jun In 20m,-2 Not Applicable,-2 Not Applicable,0,4 Pelican Or Similar,2 Dark,1 Fine,1 Road-Dry,9 Unknown (S/R),9 Unknown (S/R),529160,183330,-0.139204,51.534111,,,Unknown,"(51.534111, -0.139204)",http://opendatacommunities.org/id/london-borough-council/camden,7501,21/12/2020 02:48:41 PM
1170072846,CAMDEN,2 Passenger,1 Male,25-59,39,1,3 Slight,-2 Unknown,-2 N/A,6 Bus Or Coach,HAWLEY CRESCENT J/W KENTISH TOWN ROAD,1,26/11/2017 03:21:00 AM,Sunday,3.21,3 Bor,Unclassified,0,3 Dual Cwy,1 <= 20 MPH,6 Crossroads,2 Auto Sig,A,400,5 Pedn Phase At Ats,2 Dark,1 Fine,1 Road-Dry,0 None,0 None,528930,184090,-0.14224,51.540994,,,Unknown,"(51.540994, -0.14224)",http://opendatacommunities.org/id/london-borough-council/camden,7549,21/12/2020 02:48:41 PM
0115EK41060,CAMDEN,1 Driver/Rider,1 Male,25-59,28,1,3 Slight,-2 Unknown,-2 N/A,3 Powered 2 Wheeler,TOTTENHAM COURT ROAD J/W WARREN STREET.,2,29/11/2015 03:35:00 AM,Sunday,3.35,3 Bor,A,400,2 One-Way St,2 30 MPH,3 T/Stag Jun,4 Give Way/Uncontrolled,Unclassified,0,5 Pedn Phase At Ats,2 Dark,1 Fine,1 Road-Dry,0 None,0 None,529280,182260,-0.137868,51.524468,,,Unknown,"(51.524468, -0.137868)",http://opendatacommunities.org/id/london-borough-council/camden,5474,21/12/2020 02:48:37 PM
1170074978,CAMDEN,1 Driver/Rider,1 Male,25-59,25,1,3 Slight,-2 Unknown,-2 N/A,4 Car,HAVERSTOCK HILL 22M N OF J/W STEELE'S ROAD,3,03/12/2017 06:00:00 AM,Sunday,6.00,3 Bor,A,502,6 Single Cwy,1 <= 20 MPH,0 No Jun In 20m,-2 Not Applicable,-2 Not Applicable,0,0 No Xing Facility In 50m,1 Daylight,2 Raining,2 Road-Wet,0 None,0 None,527800,184670,-0.158315,51.546463,,,Unknown,"(51.546463, -0.158315)",http://opendatacommunities.org/id/london-borough-council/camden,7578,21/12/2020 02:48:41 PM
1180092668,CAMDEN,1 Driver/Rider,2 Female,25-59,40,1,3 Slight,-2 Unknown,-2 N/A,4 Car,MINSTER ROAD J/W MINSTER ROAD,2,26/02/2018 01:10:00 PM,Monday,13.10,3 Bor,Unclassified,0,6 Single Cwy,1 <= 20 MPH,6 Crossroads,3 Stop Sign,Unclassified,0,8 Central Refuge,1 Daylight,1 Fine,1 Road-Dry,0 None,0 None,524600,185320,-0.20421,51.55302,,,Unknown,"(51.55302, -0.20421)",http://opendatacommunities.org/id/london-borough-council/camden,7777,21/12/2020 02:48:41 PM
1170046540,CAMDEN,1 Driver/Rider,1 Male,25-59,25,1,3 Slight,-2 Unknown,-2 N/A,3 Powered 2 Wheeler,CHALK FARM ROAD J/W HARMOON ROAD,2,04/07/2017 05:11:00 PM,Tuesday,17.11,3 Bor,A,502,6 Single Cwy,1 <= 20 MPH,3 T/Stag Jun,4 Give Way/Uncontrolled,Unclassified,0,1 Zebra,1 Daylight,1 Fine,1 Road-Dry,0 None,0 None,528520,184260,-0.148087,51.542615,,,Unknown,"(51.542615, -0.148087)",http://opendatacommunities.org/id/london-borough-council/camden,7116,21/12/2020 02:48:40 PM
1160025062,CAMDEN,1 Driver/Rider,1 Male,16-24,19,1,3 Slight,-2 Unknown,-2 N/A,3 Powered 2 Wheeler,WEST END LANE J/W LYMINGTON ROAD,2,30/10/2016 07:40:00 PM,Sunday,19.40,3 Bor,B,510,6 Single Cwy,2 30 MPH,3 T/Stag Jun,4 Give Way/Uncontrolled,Unclassified,0,0 No Xing Facility In 50m,2 Dark,1 Fine,1 Road-Dry,0 None,0 None,525490,184930,-0.191518,51.549318,,,Unknown,"(51.549318, -0.191518)",http://opendatacommunities.org/id/london-borough-council/camden,5945,21/12/2020 02:48:38 PM