Reference,London Borough Name,Casualty Class,Casualty Sex,Casualty Age Band,Casualty Age,Number Of Casualties,Casualty Severity,Pedestrian Location,Pedestrian Movement,Mode Of Travel,Attendant Location,Number Of Vehicles,Date,Day,Time,Highway,Road Class 1,Road Number 1,Road Type,Speed Limit,Junction Detail,Junction Control,Road Class 2,Road Number 2,Pedestrian Crossing,Light Condition Band,Weather,Road Surface,Special Conditions,Carriage Way Hazard,Easting,Northing,Longitude,Latitude,Ward Code,Ward Name,Spatial Accuracy,Location,Organisation URI,Socrata ID,Last Uploaded
1180135674,CAMDEN,1 Driver/Rider,1 Male,25-59,39,1,3 Slight,-2 Unknown,-2 N/A,4 Car,FINCHLEY ROAD J/W LANGLAND GARDENS NW3,2,28/09/2018 07:19:00 PM,Friday,19.19,1 TLRN,A,41,3 Dual Cwy,2 30 MPH,9 Other Jun,4 Give Way/Uncontrolled,Unclassified,0,8 Central Refuge,2 Dark,4 Fine/High Winds,1 Road-Dry,0 None,0 None,525900,185230,-0.185501,51.551923,,,Unknown,"(51.551923, -0.185501)",http://opendatacommunities.org/id/london-borough-council/camden,8364,21/12/2020 02:48:42 PM
1180141722,CAMDEN,2 Passenger,2 Female,60+,71,1,3 Slight,-2 Unknown,-2 N/A,6 Bus Or Coach,ABBEY ROAD 30M S OF J/W BELSIZE ROAD,1,27/10/2018 09:06:00 PM,Saturday,21.06,3 Bor,B,507,3 Dual Cwy,1 <= 20 MPH,0 No Jun In 20m,-2 Not Applicable,-2 Not Applicable,0,1 Zebra,1 Daylight,1 Fine,1 Road-Dry,0 None,0 None,525828,183853,-0.187031,51.539563,,,Unknown,"(51.539563, -0.187031)",http://opendatacommunities.org/id/london-borough-council/camden,8476,21/12/2020 02:48:43 PM
1160012770,CAMDEN,1 Driver/Rider,1 Male,25-59,55,1,3 Slight,-2 Unknown,-2 N/A,4 Car,"ON TAVISTOCK SQUARE, NEAR THE JUNCTION WITH TAVISTOCK PLACE .",2,20/09/2016 05:20:00 AM,Tuesday,5.20,3 Bor,A,4200,6 Single Cwy,2 30 MPH,6 Crossroads,2 Auto Sig,C,0,5 Pedn Phase At Ats,2 Dark,1 Fine,1 Road-Dry,0 None,0 None,529960,182320,-0.128049,51.524851,,,Unknown,"(51.524851, -0.128049)",http://opendatacommunities.org/id/london-borough-council/camden,5859,21/12/2020 02:48:38 PM
0116EK40197,CAMDEN,2 Passenger,2 Female,0-15,6,1,3 Slight,-2 Unknown,-2 N/A,4 Car,CAMDEN HIGH STREET J/W JAMESTOWN ROAD,2,01/04/2016 11:20:00 PM,Friday,23.20,3 Bor,A,502,6 Single Cwy,1 <= 20 MPH,6 Crossroads,2 Auto Sig,C,0,5 Pedn Phase At Ats,2 Dark,1 Fine,1 Road-Dry,0 None,0 None,528780,184060,-0.144413,51.540759,,,Unknown,"(51.540759, -0.144413)",http://opendatacommunities.org/id/london-borough-council/camden,6144,21/12/2020 02:48:38 PM
1170018384,CAMDEN,2 Passenger,2 Female,25-59,27,1,3 Slight,-2 Unknown,-2 N/A,4 Car,EUSTON ROAD J/W CHURCHWAY,2,14/02/2017 09:00:00 PM,Tuesday,21.00,1 TLRN,A,501,6 Single Cwy,2 30 MPH,6 Crossroads,2 Auto Sig,Unclassified,0,0 No Xing Facility In 50m,2 Dark,1 Fine,1 Road-Dry,0 None,0 None,529850,182640,-0.129516,51.527752,,,Unknown,"(51.527752, -0.129516)",http://opendatacommunities.org/id/london-borough-council/camden,6674,21/12/2020 02:48:39 PM
1180081025,CAMDEN,2 Passenger,1 Male,25-59,40,1,3 Slight,-2 Unknown,-2 N/A,4 Car,THEOBALDS ROAD J/W RED LION STREET,2,01/01/2018 12:45:00 PM,Monday,12.45,3 Bor,A,401,6 Single Cwy,1 <= 20 MPH,6 Crossroads,2 Auto Sig,C,0,4 Pelican Or Similar,1 Daylight,1 Fine,1 Road-Dry,0 None,0 None,530690,181840,-0.117711,51.520369,,,Unknown,"(51.520369, -0.117711)",http://opendatacommunities.org/id/london-borough-council/camden,7644,21/12/2020 02:48:41 PM
1170038556,CAMDEN,1 Driver/Rider,1 Male,25-59,31,1,3 Slight,-2 Unknown,-2 N/A,2 Pedal Cycle,CAMDEN ROAD 25M N OF J/W CAMDEN PARK ROAD,1,19/05/2017 06:32:00 PM,Friday,18.32,1 TLRN,A,503,6 Single Cwy,2 30 MPH,0 No Jun In 20m,-2 Not Applicable,-2 Not Applicable,0,5 Pedn Phase At Ats,1 Daylight,8 Other,2 Road-Wet,0 None,0 None,529720,184860,-0.130572,51.547733,,,Unknown,"(51.547733, -0.130572)",http://opendatacommunities.org/id/london-borough-council/camden,6984,21/12/2020 02:48:39 PM
1190201467,CAMDEN,2 PASSENGER,2 FEMALE,0-15,15,3,3 SLIGHT,'-2 NOT APPLICABLE,'-2 NOT APPLICABLE,4 CAR,"On Camden Street, near the junction with Kentish Town Road.",2,25/08/2019 04:34:00 PM,Sunday,16.34,3 BOR,A,400,3 DUAL CWY,20,06 CROSSROADS,2 AUTO SIG,A,400,5 PEDN PHASE AT ATS,2 DAYLIGHT,1 FINE,1 ROAD-DRY,0 NONE,0 NONE,528953,184278,-0.14184,51.542678,,,Unknown,"(51.542678, -0.14184)",http://opendatacommunities.org/id/london-borough-council/camden,9302,21/12/2020 02:48:44 PM
1170058090,CAMDEN,1 Driver/Rider,1 Male,25-59,45,1,3 Slight,-2 Unknown,-2 N/A,4 Car,CAMDEN ROAD J/W N/A,2,09/09/2017 12:40:00 PM,Saturday,12.40,1 TLRN,A,503,6 Single Cwy,1 <= 20 MPH,8 Priv Drive,4 Give Way/Uncontrolled,Unclassified,0,0 No Xing Facility In 50m,1 Daylight,1 Fine,1 Road-Dry,0 None,0 None,529490,184590,-0.133986,51.545359,,,Unknown,"(51.545359, -0.133986)",http://opendatacommunities.org/id/london-borough-council/camden,7310,21/12/2020 02:48:40 PM
1170031185,CAMDEN,2 Passenger,1 Male,Unknown,0,1,3 Slight,-2 Unknown,-2 N/A,4 Car,YORK WAY J/W GOODS WAY,2,08/04/2017 08:00:00 PM,Saturday,20.00,3 Bor,A,5200,6 Single Cwy,1 <= 20 MPH,3 T/Stag Jun,2 Auto Sig,C,0,5 Pedn Phase At Ats,1 Daylight,1 Fine,1 Road-Dry,0 None,0 None,530330,183460,-0.122297,51.535011,,,Unknown,"(51.535011, -0.122297)",http://opendatacommunities.org/id/london-borough-council/camden,6871,21/12/2020 02:48:39 PM
1190156361,CAMDEN,1 DRIVER/RIDER,1 MALE,25-59,29,1,2 SERIOUS,'-2 NOT APPLICABLE,'-2 NOT APPLICABLE,3 POWERED 2 WHEELER,"On Crossfield Road, near the junction with Lancaster Grove.",2,08/01/2019 03:52:00 PM,Tuesday,15.52,3 BOR,6,0,6 SINGLE CWY,20,03 T/STAG JUN,4 GIVE WAY/UNCONTROLLED,6,0,0 NO XING FACILITY IN 50M,2 DAYLIGHT,1 FINE,1 ROAD-DRY,0 NONE,0 NONE,526887,184630,-0.171489,51.546309,,,Unknown,"(51.546309, -0.171489)",http://opendatacommunities.org/id/london-borough-council/camden,8674,21/12/2020 02:48:43 PM
0115EK40767,CAMDEN,3 Pedestrian,2 Female,60+,68,1,3 Slight,04 Crossing Road Within 50m Xing,4 From Drivers O/Side Msk,1 Pedestrian,KENTISH TOWN ROAD J/W BARTHOLOMEW ROAD.,1,01/09/2015 11:56:00 AM,Tuesday,11.56,3 Bor,A,400,6 Single Cwy,1 <= 20 MPH,6 Crossroads,4 Give Way/Uncontrolled,Unclassified,0,1 Zebra,1 Daylight,1 Fine,1 Road-Dry,0 None,0 None,528950,184620,-0.141758,51.545752,,,Unknown,"(51.545752, -0.141758)",http://opendatacommunities.org/id/london-borough-council/camden,5236,21/12/2020 02:48:37 PM
1190176270,CAMDEN,1 DRIVER/RIDER,1 MALE,16-24,22,1,2 SERIOUS,'-2 NOT APPLICABLE,'-2 NOT APPLICABLE,2 PEDAL CYCLE,"On Swain's Lane, 24 metres east of the junction with Highgate West Hill.",2,21/04/2019 06:43:00 PM,Sunday,18.43,3 BOR,6,0,7 SLIP RD,20,00 NO JUN IN 20M,,0,0,1 ZEBRA,2 DAYLIGHT,1 FINE,1 ROAD-DRY,0 NONE,0 NONE,528307,186375,-0.150386,51.561671,,,Unknown,"(51.561671, -0.150386)",http://opendatacommunities.org/id/london-borough-council/camden,8938,21/12/2020 02:48:44 PM
1170013443,CAMDEN,1 Driver/Rider,1 Male,16-24,17,1,3 Slight,-2 Unknown,-2 N/A,3 Powered 2 Wheeler,PRINCE OF WALES ROAD J/W CROGSLAND ROAD,2,21/01/2017 09:40:00 PM,Saturday,21.40,3 Bor,C,0,6 Single Cwy,1 <= 20 MPH,3 T/Stag Jun,4 Give Way/Uncontrolled,Unclassified,0,1 Zebra,2 Dark,1 Fine,1 Road-Dry,0 None,0 None,528210,184610,-0.152428,51.545831,,,Unknown,"(51.545831, -0.152428)",http://opendatacommunities.org/id/london-borough-council/camden,6605,21/12/2020 02:48:39 PM
1190167778,CAMDEN,1 DRIVER/RIDER,1 MALE,25-59,30,1,3 SLIGHT,'-2 NOT APPLICABLE,'-2 NOT APPLICABLE,4 CAR,"On Parkway, near the junction with Arlington Road.",2,26/02/2019 01:40:00 PM,Tuesday,13.40,3 BOR,A,4201,6 SINGLE CWY,30,09 OTHER JUN,2 AUTO SIG,6,0,0 NO XING FACILITY IN 50M,2 DAYLIGHT,1 FINE,1 ROAD-DRY,0 NONE,0 NONE,528792,183777,-0.144344,51.538213,,,Unknown,"(51.538213, -0.144344)",http://opendatacommunities.org/id/london-borough-council/camden,8828,21/12/2020 02:48:43 PM
1180106234,CAMDEN,1 Driver/Rider,1 Male,25-59,30,1,2 Serious,-2 Unknown,-2 N/A,2 Pedal Cycle,HILGROVE ROAD 50M S OF J/W FINCHLEY ROAD THE NEAREST CLASSIFIED RO,2,06/05/2018 05:10:00 PM,Sunday,17.10,3 Bor,B,509,6 Single Cwy,1 <= 20 MPH,0 No Jun In 20m,-2 Not Applicable,-2 Not Applicable,0,0 No Xing Facility In 50m,1 Daylight,1 Fine,1 Road-Dry,0 None,1 Vehicle Load In Cwy,526490,184130,-0.177391,51.541905,,,Unknown,"(51.541905, -0.177391)",http://opendatacommunities.org/id/london-borough-council/camden,7965,21/12/2020 02:48:42 PM
1170074543,CAMDEN,3 Pedestrian,1 Male,60+,86,1,3 Slight,04 Crossing Road Within 50m Xing,1 From Drivers N/Side,1 Pedestrian,CAMDEN ROAD 20M W OF J/W CAMDEN STREET NW1,1,01/12/2017 08:25:00 AM,Friday,8.25,1 TLRN,A,503,6 Single Cwy,1 <= 20 MPH,6 Crossroads,2 Auto Sig,A,400,4 Pelican Or Similar,1 Daylight,1 Fine,1 Road-Dry,0 None,0 None,529060,184020,-0.140393,51.540335,,,Unknown,"(51.540335, -0.140393)",http://opendatacommunities.org/id/london-borough-council/camden,7568,21/12/2020 02:48:41 PM
0116EK40333,CAMDEN,1 Driver/Rider,1 Male,16-24,24,1,3 Slight,-2 Unknown,-2 N/A,2 Pedal Cycle,CAMDEN PARK RD J/W CAMDEN RD,2,12/05/2016 05:45:00 PM,Thursday,17.45,1 TLRN,A,5200,6 Single Cwy,2 30 MPH,6 Crossroads,2 Auto Sig,A,503,5 Pedn Phase At Ats,1 Daylight,1 Fine,1 Road-Dry,0 None,0 None,529740,184850,-0.130287,51.547639,,,Unknown,"(51.547639, -0.130287)",http://opendatacommunities.org/id/london-borough-council/camden,6265,21/12/2020 02:48:38 PM
1190181654,CAMDEN,1 DRIVER/RIDER,1 MALE,0-15,15,1,3 SLIGHT,'-2 NOT APPLICABLE,'-2 NOT APPLICABLE,2 PEDAL CYCLE,"On Pancras Road, 25 metres north of the junction with Euston Road.. The nearest classified road was the A501. The nearest classified road was the A501",2,18/05/2019 09:59:00 AM,Saturday,9.59,3 BOR,A,5202,3 DUAL CWY,20,00 NO JUN IN 20M,,0,0,4 PELICAN OR SIMILAR,2 DAYLIGHT,1 FINE,1 ROAD-DRY,0 NONE,0 NONE,530103,183118,-0.125695,51.53199,,,Unknown,"(51.53199, -0.125695)",http://opendatacommunities.org/id/london-borough-council/camden,9017,21/12/2020 02:48:44 PM
1190179023,CAMDEN,2 PASSENGER,2 FEMALE,60+,72,2,3 SLIGHT,'-2 NOT APPLICABLE,'-2 NOT APPLICABLE,4 CAR,"On Finchley Road, 100 metres north of the junction with Lymington Road.",4,05/05/2019 01:10:00 PM,Sunday,13.10,1 TLRN,A,41,6 SINGLE CWY,30,00 NO JUN IN 20M,,0,0,0 NO XING FACILITY IN 50M,2 DAYLIGHT,1 FINE,1 ROAD-DRY,0 NONE,0 NONE,525950,185122,-0.184819,51.550941,,,Unknown,"(51.550941, -0.184819)",http://opendatacommunities.org/id/london-borough-council/camden,8981,21/12/2020 02:48:44 PM
1190174962,CAMDEN,3 PEDESTRIAN,2 FEMALE,25-59,36,1,3 SLIGHT,01 CROSSING ROAD ON PED XING,1 FROM DRIVERS N/SIDE,1 PEDESTRIAN,"On Finchley Road, near the junction with BLACKBURN ROAD,NW3.",1,13/04/2019 05:15:00 PM,Saturday,17.15,1 TLRN,A,41,3 DUAL CWY,30,03 T/STAG JUN,2 AUTO SIG,6,0,5 PEDN PHASE AT ATS,2 DAYLIGHT,1 FINE,1 ROAD-DRY,0 NONE,0 NONE,526249,184781,-0.180631,51.547809,,,Unknown,"(51.547809, -0.180631)",http://opendatacommunities.org/id/london-borough-council/camden,8924,21/12/2020 02:48:44 PM
0115EK40722,CAMDEN,1 Driver/Rider,1 Male,25-59,35,1,3 Slight,-2 Unknown,-2 N/A,3 Powered 2 Wheeler,LIDLINGTON PLACE 25M SW OF EVERSHOLT STREET,2,06/08/2015 09:26:00 AM,Thursday,9.26,1 TLRN,A,400,6 Single Cwy,2 30 MPH,0 No Jun In 20m,-2 Not Applicable,-2 Not Applicable,0,0 No Xing Facility In 50m,1 Daylight,1 Fine,1 Road-Dry,0 None,0 None,529290,183200,-0.137379,51.532913,,,Unknown,"(51.532913, -0.137379)",http://opendatacommunities.org/id/london-borough-council/camden,5193,21/12/2020 02:48:37 PM
1180136891,CAMDEN,1 Driver/Rider,1 Male,25-59,55,1,2 Serious,-2 Unknown,-2 N/A,3 Powered 2 Wheeler,EUSTON ROAD 300M E OF J/W HAMPSTEAD ROAD THE NEAREST CLASSIFIED RO,4,04/10/2018 04:10:00 PM,Thursday,16.10,1 TLRN,A,501,3 Dual Cwy,2 30 MPH,0 No Jun In 20m,-2 Not Applicable,-2 Not Applicable,0,5 Pedn Phase At Ats,2 Dark,1 Fine,1 Road-Dry,0 None,0 None,529050,182230,-0.141192,51.524251,,,Unknown,"(51.524251, -0.141192)",http://opendatacommunities.org/id/london-borough-council/camden,8378,21/12/2020 02:48:42 PM
0115EK41166,CAMDEN,2 Passenger,2 Female,Unknown,0,1,3 Slight,-2 Unknown,-2 N/A,6 Bus Or Coach,NEW OXFORD STREET 22M E OF BLOOMSBURY STREET,1,27/12/2015 12:41:00 PM,Sunday,12.41,3 Bor,A,40,6 Single Cwy,1 <= 20 MPH,0 No Jun In 20m,-2 Not Applicable,-2 Not Applicable,0,0 No Xing Facility In 50m,1 Daylight,1 Fine,1 Road-Dry,0 None,0 None,530080,181440,-0.126645,51.516915,,,Unknown,"(51.516915, -0.126645)",http://opendatacommunities.org/id/london-borough-council/camden,5566,21/12/2020 02:48:37 PM
1170049582,CAMDEN,1 Driver/Rider,2 Female,25-59,50,1,3 Slight,-2 Unknown,-2 N/A,3 Powered 2 Wheeler,CAMDEN ROAD 20M SW OF J/W CAMDEN STREET,1,20/07/2017 06:43:00 PM,Thursday,18.43,1 TLRN,A,503,2 One-Way St,1 <= 20 MPH,3 T/Stag Jun,4 Give Way/Uncontrolled,A,400,1 Zebra,1 Daylight,1 Fine,1 Road-Dry,0 None,0 None,529067,184020,-0.140292,51.540334,,,Unknown,"(51.540334, -0.140292)",http://opendatacommunities.org/id/london-borough-council/camden,7170,21/12/2020 02:48:40 PM
1170055157,CAMDEN,1 Driver/Rider,1 Male,60+,62,1,3 Slight,-2 Unknown,-2 N/A,2 Pedal Cycle,FROGNAL LANE J/W LANGLAND GARDENS,2,20/08/2017 12:55:00 PM,Sunday,12.55,3 Bor,Unclassified,0,6 Single Cwy,2 30 MPH,3 T/Stag Jun,4 Give Way/Uncontrolled,Unclassified,0,0 No Xing Facility In 50m,1 Daylight,1 Fine,1 Road-Dry,0 None,0 None,525690,185460,-0.188446,51.554036,,,Unknown,"(51.554036, -0.188446)",http://opendatacommunities.org/id/london-borough-council/camden,7261,21/12/2020 02:48:40 PM
1180145653,CAMDEN,1 Driver/Rider,1 Male,25-59,50,1,3 Slight,-2 Unknown,-2 N/A,3 Powered 2 Wheeler,EUSTON SQUARE J/W MELTON STREET,1,14/11/2018 05:25:00 PM,Wednesday,17.25,1 TLRN,A,501,6 Single Cwy,2 30 MPH,9 Other Jun,4 Give Way/Uncontrolled,Unclassified,0,5 Pedn Phase At Ats,1 Daylight,1 Fine,1 Road-Dry,0 None,0 None,529530,182460,-0.134193,51.526208,,,Unknown,"(51.526208, -0.134193)",http://opendatacommunities.org/id/london-borough-council/camden,8522,21/12/2020 02:48:43 PM
1180098311,CAMDEN,2 Passenger,1 Male,16-24,17,1,3 Slight,-2 Unknown,-2 N/A,3 Powered 2 Wheeler,RAYDON STREET J/W BALMORE STREET,2,26/03/2018 01:44:00 AM,Monday,1.44,3 Bor,Unclassified,0,2 One-Way St,2 30 MPH,3 T/Stag Jun,4 Give Way/Uncontrolled,Unclassified,0,0 No Xing Facility In 50m,2 Dark,1 Fine,1 Road-Dry,0 None,0 None,528870,186630,-0.142175,51.563834,,,Unknown,"(51.563834, -0.142175)",http://opendatacommunities.org/id/london-borough-council/camden,7842,21/12/2020 02:48:41 PM
1170027835,CAMDEN,2 Passenger,2 Female,25-59,31,1,3 Slight,-2 Unknown,-2 N/A,6 Bus Or Coach,BONNY STREET J/W BONNY STREET,1,25/03/2017 04:10:00 AM,Saturday,4.10,3 Bor,Unclassified,0,6 Single Cwy,1 <= 20 MPH,3 T/Stag Jun,4 Give Way/Uncontrolled,Unclassified,0,0 No Xing Facility In 50m,2 Dark,1 Fine,1 Road-Dry,0 None,0 None,529095,184174,-0.139832,51.541711,,,Unknown,"(51.541711, -0.139832)",http://opendatacommunities.org/id/london-borough-council/camden,6817,21/12/2020 02:48:39 PM
1180144489,CAMDEN,1 Driver/Rider,1 Male,16-24,24,1,3 Slight,-2 Unknown,-2 N/A,2 Pedal Cycle,CLERKENWELL ROAD 120M W OF J/W FARRINGDON ROAD THE NEAREST CLASSIF,2,09/11/2018 07:45:00 PM,Friday,19.45,3 Bor,A,5201,6 Single Cwy,1 <= 20 MPH,0 No Jun In 20m,-2 Not Applicable,-2 Not Applicable,0,5 Pedn Phase At Ats,2 Dark,2 Raining,2 Road-Wet,0 None,0 None,531300,182050,-0.108845,51.522115,,,Unknown,"(51.522115, -0.108845)",http://opendatacommunities.org/id/london-borough-council/camden,8506,21/12/2020 02:48:43 PM
1190204738,CAMDEN,2 PASSENGER,2 FEMALE,60+,82,1,3 SLIGHT,'-2 NOT APPLICABLE,'-2 NOT APPLICABLE,6 BUS OR COACH,"On Highgate Road (Stop KH), 37 metres south of the junction with Greenwood Place.",1,11/09/2019 05:50:00 PM,Wednesday,17.50,3 BOR,B,518,3 DUAL CWY,20,00 NO JUN IN 20M,,0,0,0 NO XING FACILITY IN 50M,2 DAYLIGHT,1 FINE,1 ROAD-DRY,0 NONE,0 NONE,528883,185423,-0.14243,51.552984,,,Unknown,"(51.552984, -0.14243)",http://opendatacommunities.org/id/london-borough-council/camden,9355,21/12/2020 02:48:44 PM
1180137072,CAMDEN,1 Driver/Rider,1 Male,25-59,39,1,3 Slight,-2 Unknown,-2 N/A,2 Pedal Cycle,STANHOPE STREET NW1 J/W WILLIAM ROAD,3,05/10/2018 03:47:00 PM,Friday,15.47,3 Bor,Unclassified,0,3 Dual Cwy,1 <= 20 MPH,5 Slip Road,4 Give Way/Uncontrolled,Unclassified,0,0 No Xing Facility In 50m,1 Daylight,1 Fine,1 Road-Dry,0 None,0 None,529060,182550,-0.140931,51.527125,,,Unknown,"(51.527125, -0.140931)",http://opendatacommunities.org/id/london-borough-council/camden,8385,21/12/2020 02:48:42 PM
1170047354,CAMDEN,2 Passenger,2 Female,16-24,21,1,3 Slight,-2 Unknown,-2 N/A,4 Car,MILL LANE J/W FORTUNE GREEN ROAD,2,08/07/2017 06:00:00 PM,Saturday,18.00,3 Bor,C,0,6 Single Cwy,1 <= 20 MPH,3 T/Stag Jun,4 Give Way/Uncontrolled,B,510,1 Zebra,1 Daylight,1 Fine,1 Road-Dry,0 None,0 None,525380,185250,-0.19299,51.552218,,,Unknown,"(51.552218, -0.19299)",http://opendatacommunities.org/id/london-borough-council/camden,7131,21/12/2020 02:48:40 PM
0115QK50230,CAMDEN,1 Driver/Rider,2 Female,25-59,38,1,3 Slight,-2 Unknown,-2 N/A,4 Car,"KILBURN HIGH ROAD, J/W QUEX ROAD",2,21/03/2015 09:30:00 PM,Saturday,21.30,3 Bor,A,5,6 Single Cwy,2 30 MPH,6 Crossroads,2 Auto Sig,B,510,5 Pedn Phase At Ats,2 Dark,1 Fine,1 Road-Dry,0 None,0 None,525240,183840,-0.19551,51.539577,,,Unknown,"(51.539577, -0.19551)",http://opendatacommunities.org/id/london-borough-council/camden,5617,21/12/2020 02:48:37 PM
0115EK40935,CAMDEN,1 Driver/Rider,1 Male,25-59,34,1,3 Slight,-2 Unknown,-2 N/A,2 Pedal Cycle,WEST END LANE J/W GASCONY AVENUE.,2,21/10/2015 04:30:00 PM,Wednesday,16.30,3 Bor,B,510,6 Single Cwy,2 30 MPH,3 T/Stag Jun,4 Give Way/Uncontrolled,Unclassified,0,0 No Xing Facility In 50m,2 Dark,1 Fine,1 Road-Dry,0 None,1 Vehicle Load In Cwy,525390,184160,-0.193234,51.54242,,,Unknown,"(51.54242, -0.193234)",http://opendatacommunities.org/id/london-borough-council/camden,5366,21/12/2020 02:48:37 PM
0115EK40205,CAMDEN,3 Pedestrian,1 Male,16-24,20,1,3 Slight,05 Crossing Road (Not On Xing),1 From Drivers N/Side,1 Pedestrian,CHARLOTTE STREET J/W RATHBONE STREET,1,16/03/2015 02:17:00 PM,Monday,14.17,3 Bor,Unclassified,0,6 Single Cwy,2 30 MPH,3 T/Stag Jun,4 Give Way/Uncontrolled,Unclassified,0,0 No Xing Facility In 50m,1 Daylight,1 Fine,1 Road-Dry,0 None,0 None,529530,181560,-0.134523,51.51812,,,Unknown,"(51.51812, -0.134523)",http://opendatacommunities.org/id/london-borough-council/camden,4740,21/12/2020 02:48:36 PM
1170030509,CAMDEN,1 Driver/Rider,1 Male,16-24,20,1,3 Slight,-2 Unknown,-2 N/A,3 Powered 2 Wheeler,GUILFORD STREET 5M W OF J/W GRAYS INN ROAD,2,04/04/2017 10:30:00 PM,Tuesday,22.30,3 Bor,B,502,6 Single Cwy,2 30 MPH,6 Crossroads,2 Auto Sig,A,5200,4 Pelican Or Similar,2 Dark,1 Fine,1 Road-Dry,0 None,0 None,530770,182270,-0.116399,51.524215,,,Unknown,"(51.524215, -0.116399)",http://opendatacommunities.org/id/london-borough-council/camden,6849,21/12/2020 02:48:39 PM
1190200497,CAMDEN,3 PEDESTRIAN,2 FEMALE,25-59,37,1,2 SERIOUS,04 CROSSING ROAD WITHIN 50M XING,'-2 NOT APPLICABLE,1 PEDESTRIAN,"On Tottenham Court Road, near the junction with Torrington Place.",1,20/08/2019 07:45:00 AM,Tuesday,7.45,3 BOR,A,400,6 SINGLE CWY,20,03 T/STAG JUN,2 AUTO SIG,5,0,5 PEDN PHASE AT ATS,2 DAYLIGHT,1 FINE,1 ROAD-DRY,0 NONE,0 NONE,529453,181957,-0.135487,51.521705,,,Unknown,"(51.521705, -0.135487)",http://opendatacommunities.org/id/london-borough-council/camden,9290,21/12/2020 02:48:44 PM
1170051452,CAMDEN,1 Driver/Rider,1 Male,25-59,31,1,3 Slight,-2 Unknown,-2 N/A,2 Pedal Cycle,HASTINGS STREET J/W HASTING STREET WC1,2,01/08/2017 07:50:00 AM,Tuesday,7.50,3 Bor,Unclassified,0,6 Single Cwy,1 <= 20 MPH,3 T/Stag Jun,4 Give Way/Uncontrolled,Unclassified,0,0 No Xing Facility In 50m,1 Daylight,1 Fine,1 Road-Dry,0 None,0 None,530010,182620,-0.127218,51.527536,,,Unknown,"(51.527536, -0.127218)",http://opendatacommunities.org/id/london-borough-council/camden,7208,21/12/2020 02:48:40 PM
1180082864,CAMDEN,1 Driver/Rider,1 Male,16-24,19,1,3 Slight,-2 Unknown,-2 N/A,3 Powered 2 Wheeler,ST PANCRAS WAY 15M W OF J/W ROYAL COLLEGE STREET,2,11/01/2018 09:30:00 AM,Thursday,9.30,3 Bor,A,5202,2 One-Way St,1 <= 20 MPH,3 T/Stag Jun,4 Give Way/Uncontrolled,A,5202,0 No Xing Facility In 50m,1 Daylight,1 Fine,2 Road-Wet,0 None,0 None,529100,184410,-0.139673,51.543831,,,Unknown,"(51.543831, -0.139673)",http://opendatacommunities.org/id/london-borough-council/camden,7658,21/12/2020 02:48:41 PM
1180102089,CAMDEN,1 Driver/Rider,1 Male,25-59,35,1,3 Slight,-2 Unknown,-2 N/A,2 Pedal Cycle,QUEEN'S GROVE 50M SW OF J/W AVENUE ROAD,2,10/04/2018 05:40:00 PM,Tuesday,17.40,3 Bor,Unclassified,0,6 Single Cwy,1 <= 20 MPH,0 No Jun In 20m,-2 Not Applicable,-2 Not Applicable,0,0 No Xing Facility In 50m,1 Daylight,1 Fine,1 Road-Dry,0 None,0 None,526950,183800,-0.170881,51.538836,,,Unknown,"(51.538836, -0.170881)",http://opendatacommunities.org/id/london-borough-council/camden,7896,21/12/2020 02:48:41 PM
1190161746,CAMDEN,3 PEDESTRIAN,1 MALE,25-59,57,1,1 FATAL,10 UNKNOWN OR OTHER,9 UNKNOWN OR OTHER,1 PEDESTRIAN,"On Camden Road, 25 metres west of the junction with Camden Street.. The nearest classified road was the A400",1,05/02/2019 10:06:00 PM,Tuesday,22.06,1 TLRN,A,503,3 DUAL CWY,20,00 NO JUN IN 20M,,0,0,5 PEDN PHASE AT ATS,1 DARK,2 RAINING,2 ROAD-WET,0 NONE,0 NONE,529057,184003,-0.140442,51.540183,,,Unknown,"(51.540183, -0.140442)",http://opendatacommunities.org/id/london-borough-council/camden,8760,21/12/2020 02:48:43 PM
1170049431,CAMDEN,3 Pedestrian,1 Male,Unknown,0,1,3 Slight,10 Unknown,9 Unknown Or Other,1 Pedestrian,GRAYS INN ROAD 25M E OF J/W MARGERY STREET THE NEAREST CLASSIFIED,1,30/06/2017 06:39:00 AM,Friday,6.39,3 Bor,A,5200,3 Dual Cwy,1 <= 20 MPH,0 No Jun In 20m,-2 Not Applicable,-2 Not Applicable,0,9 Unknown (S/R),1 Daylight,9 Unknown,1 Road-Dry,9 Unknown (S/R),9 Unknown (S/R),530790,182300,-0.1161,51.52448,,,Unknown,"(51.52448, -0.1161)",http://opendatacommunities.org/id/london-borough-council/camden,7166,21/12/2020 02:48:40 PM
1180156260,CAMDEN,3 Pedestrian,1 Male,25-59,33,1,3 Slight,10 Unknown,3 From Drivers O/Side,1 Pedestrian,CASTLEHAVEN ROAD 25M E OF J/W CHALK FARM ROAD,1,22/12/2018 02:50:00 AM,Saturday,2.50,3 Bor,C,0,2 One-Way St,2 30 MPH,0 No Jun In 20m,-2 Not Applicable,-2 Not Applicable,0,9 Unknown (S/R),2 Dark,1 Fine,9 Unknown (S/R),0 None,0 None,528700,184190,-0.145519,51.541945,,,Unknown,"(51.541945, -0.145519)",http://opendatacommunities.org/id/london-borough-council/camden,8658,21/12/2020 02:48:43 PM