Reference,London Borough Name,Casualty Class,Casualty Sex,Casualty Age Band,Casualty Age,Number Of Casualties,Casualty Severity,Pedestrian Location,Pedestrian Movement,Mode Of Travel,Attendant Location,Number Of Vehicles,Date,Day,Time,Highway,Road Class 1,Road Number 1,Road Type,Speed Limit,Junction Detail,Junction Control,Road Class 2,Road Number 2,Pedestrian Crossing,Light Condition Band,Weather,Road Surface,Special Conditions,Carriage Way Hazard,Easting,Northing,Longitude,Latitude,Ward Code,Ward Name,Spatial Accuracy,Location,Organisation URI,Socrata ID,Last Uploaded
1180155118,CAMDEN,1 Driver/Rider,1 Male,25-59,28,1,3 Slight,-2 Unknown,-2 N/A,4 Car,YORK WAY J/W AGAR GROVE,2,30/12/2018 01:40:00 PM,Sunday,13.40,3 Bor,A,5200,9 Unknown,1 <= 20 MPH,3 T/Stag Jun,2 Auto Sig,C,0,9 Unknown (S/R),1 Daylight,1 Fine,1 Road-Dry,0 None,0 None,530050,184370,-0.125996,51.543254,,,Unknown,"(51.543254, -0.125996)",http://opendatacommunities.org/id/london-borough-council/camden,8653,21/12/2020 02:48:43 PM
1170064483,CAMDEN,2 Passenger,2 Female,16-24,16,1,3 Slight,-2 Unknown,-2 N/A,6 Bus Or Coach,FINCHLEY ROAD J/W HILGROVE ROAD,2,14/10/2017 10:58:00 AM,Saturday,10.58,1 TLRN,A,41,2 One-Way St,2 30 MPH,6 Crossroads,2 Auto Sig,B,509,5 Pedn Phase At Ats,1 Daylight,1 Fine,1 Road-Dry,0 None,0 None,526630,184100,-0.175384,51.541604,,,Unknown,"(51.541604, -0.175384)",http://opendatacommunities.org/id/london-borough-council/camden,7412,21/12/2020 02:48:40 PM
1170077394,CAMDEN,2 Passenger,1 Male,25-59,30,1,3 Slight,-2 Unknown,-2 N/A,4 Car,FARRINGDON ROAD J/W CHARTERHOUSE STREET,3,12/12/2017 11:20:00 PM,Tuesday,23.20,1 TLRN,A,201,3 Dual Cwy,2 30 MPH,3 T/Stag Jun,4 Give Way/Uncontrolled,B,400,0 No Xing Facility In 50m,2 Dark,2 Raining,2 Road-Wet,0 None,0 None,531555,181661,-0.105317,51.51856,,,Unknown,"(51.51856, -0.105317)",http://opendatacommunities.org/id/london-borough-council/camden,7605,21/12/2020 02:48:41 PM
1190179023,CAMDEN,1 DRIVER/RIDER,1 MALE,25-59,32,2,3 SLIGHT,'-2 NOT APPLICABLE,'-2 NOT APPLICABLE,4 CAR,"On Finchley Road, 100 metres north of the junction with Lymington Road.",4,05/05/2019 01:10:00 PM,Sunday,13.10,1 TLRN,A,41,6 SINGLE CWY,30,00 NO JUN IN 20M,,0,0,0 NO XING FACILITY IN 50M,2 DAYLIGHT,1 FINE,1 ROAD-DRY,0 NONE,0 NONE,525950,185122,-0.184819,51.550941,,,Unknown,"(51.550941, -0.184819)",http://opendatacommunities.org/id/london-borough-council/camden,8980,21/12/2020 02:48:44 PM
1180152309,CAMDEN,3 Pedestrian,2 Female,0-15,0,1,3 Slight,10 Unknown,1 From Drivers N/Side,1 Pedestrian,NEAL STREET J/W SHORTS GARDENS,1,14/12/2018 05:30:00 PM,Friday,17.30,3 Bor,Unclassified,0,2 One-Way St,2 30 MPH,6 Crossroads,9 Unknown (S/R),Unclassified,0,0 No Xing Facility In 50m,2 Dark,1 Fine,1 Road-Dry,0 None,0 None,530140,181160,-0.125884,51.514385,,,Unknown,"(51.514385, -0.125884)",http://opendatacommunities.org/id/london-borough-council/camden,8613,21/12/2020 02:48:43 PM
0115EK40364,CAMDEN,3 Pedestrian,2 Female,0-15,4,1,3 Slight,05 Crossing Road (Not On Xing),2 From Drivers N/Side Msk,1 Pedestrian,COTLEIGH ROAD 44M E OF J/W KINGSGATE ROAD,1,10/05/2015 05:10:00 PM,Sunday,17.10,3 Bor,Unclassified,0,6 Single Cwy,2 30 MPH,0 No Jun In 20m,-2 Not Applicable,-2 Not Applicable,0,0 No Xing Facility In 50m,1 Daylight,1 Fine,1 Road-Dry,0 None,0 None,525220,184290,-0.195638,51.543626,,,Unknown,"(51.543626, -0.195638)",http://opendatacommunities.org/id/london-borough-council/camden,4870,21/12/2020 02:48:36 PM
0115EK40512,CAMDEN,1 Driver/Rider,1 Male,25-59,29,1,3 Slight,-2 Unknown,-2 N/A,3 Powered 2 Wheeler,CHALK FARM ROAD J/W BELMONT STREET,1,28/06/2015 11:00:00 PM,Sunday,23.00,3 Bor,A,502,6 Single Cwy,2 30 MPH,3 T/Stag Jun,4 Give Way/Uncontrolled,Unclassified,0,0 No Xing Facility In 50m,2 Dark,1 Fine,1 Road-Dry,0 None,0 None,528290,184340,-0.151373,51.543386,,,Unknown,"(51.543386, -0.151373)",http://opendatacommunities.org/id/london-borough-council/camden,5001,21/12/2020 02:48:36 PM
1170063062,CAMDEN,3 Pedestrian,1 Male,60+,66,1,2 Serious,04 Crossing Road Within 50m Xing,3 From Drivers O/Side,1 Pedestrian,CAMBRIDGE AVENUE J/W KILBURN HIGH ROAD,1,06/10/2017 11:40:00 PM,Friday,23.40,3 Bor,C,0,6 Single Cwy,2 30 MPH,3 T/Stag Jun,2 Auto Sig,A,5,5 Pedn Phase At Ats,2 Dark,1 Fine,1 Road-Dry,0 None,0 None,525470,183540,-0.192302,51.53683,,,Unknown,"(51.53683, -0.192302)",http://opendatacommunities.org/id/london-borough-council/camden,7388,21/12/2020 02:48:40 PM
1180096358,CAMDEN,1 Driver/Rider,1 Male,25-59,44,1,3 Slight,-2 Unknown,-2 N/A,3 Powered 2 Wheeler,ADELAIDE ROAD J/W REGENCY LODGE ENTRANCE,2,15/03/2018 01:03:00 PM,Thursday,13.03,1 TLRN,A,41,2 One-Way St,2 30 MPH,3 T/Stag Jun,4 Give Way/Uncontrolled,Unclassified,0,0 No Xing Facility In 50m,1 Daylight,1 Fine,1 Road-Dry,0 None,0 None,526700,184120,-0.174368,51.541768,,,Unknown,"(51.541768, -0.174368)",http://opendatacommunities.org/id/london-borough-council/camden,7816,21/12/2020 02:48:41 PM
1170070689,CAMDEN,3 Pedestrian,2 Female,60+,81,1,3 Slight,08 In Centre Of Carriageway,1 From Drivers N/Side,1 Pedestrian,GREAT QUEEN STREET 60M W OF J/W KINGSWAY THE NEAREST CLASSIFIED RO,1,15/11/2017 06:33:00 PM,Wednesday,18.33,3 Bor,B,402,6 Single Cwy,1 <= 20 MPH,0 No Jun In 20m,-2 Not Applicable,-2 Not Applicable,0,0 No Xing Facility In 50m,2 Dark,1 Fine,1 Road-Dry,0 None,0 None,530500,181320,-0.12064,51.51574,,,Unknown,"(51.51574, -0.12064)",http://opendatacommunities.org/id/london-borough-council/camden,7517,21/12/2020 02:48:41 PM
0116EK40529,CAMDEN,1 Driver/Rider,1 Male,25-59,32,1,3 Slight,-2 Unknown,-2 N/A,4 Car,GRAY'S INN ROAD J/W ARGYLE STREET,2,22/07/2016 06:16:00 PM,Friday,18.16,1 TLRN,A,5200,6 Single Cwy,2 30 MPH,3 T/Stag Jun,2 Auto Sig,C,0,5 Pedn Phase At Ats,1 Daylight,9 Unknown,1 Road-Dry,0 None,0 None,530530,182760,-0.119675,51.528674,,,Unknown,"(51.528674, -0.119675)",http://opendatacommunities.org/id/london-borough-council/camden,6429,21/12/2020 02:48:38 PM
0115EK41039,CAMDEN,1 Driver/Rider,1 Male,25-59,29,1,3 Slight,-2 Unknown,-2 N/A,3 Powered 2 Wheeler,BAYHAM STREET J/W PLENDER STREET.,2,24/11/2015 05:00:00 PM,Tuesday,17.00,3 Bor,C,0,2 One-Way St,1 <= 20 MPH,6 Crossroads,4 Give Way/Uncontrolled,Unclassified,0,0 No Xing Facility In 50m,2 Dark,2 Raining,2 Road-Wet,0 None,0 None,529190,183560,-0.138688,51.536172,,,Unknown,"(51.536172, -0.138688)",http://opendatacommunities.org/id/london-borough-council/camden,5456,21/12/2020 02:48:37 PM
1160003023,CAMDEN,3 Pedestrian,2 Female,25-59,43,1,3 Slight,05 Crossing Road (Not On Xing),1 From Drivers N/Side,1 Pedestrian,TOTTENHAM COURT ROAD J/W TORRINGTON PLACE,1,23/11/2016 05:25:00 PM,Wednesday,17.25,3 Bor,A,400,2 One-Way St,2 30 MPH,3 T/Stag Jun,2 Auto Sig,C,0,5 Pedn Phase At Ats,2 Dark,1 Fine,1 Road-Dry,0 None,0 None,529470,181930,-0.135252,51.521459,,,Unknown,"(51.521459, -0.135252)",http://opendatacommunities.org/id/london-borough-council/camden,5693,21/12/2020 02:48:37 PM
0115EK40642,CAMDEN,1 Driver/Rider,1 Male,16-24,22,1,3 Slight,-2 Unknown,-2 N/A,3 Powered 2 Wheeler,FLEET ROAD 21M W OF BYRON MEWS,2,30/07/2015 01:05:00 PM,Thursday,13.05,3 Bor,B,518,6 Single Cwy,2 30 MPH,0 No Jun In 20m,-2 Not Applicable,-2 Not Applicable,0,4 Pelican Or Similar,1 Daylight,1 Fine,1 Road-Dry,0 None,0 None,527400,185470,-0.163791,51.553743,,,Unknown,"(51.553743, -0.163791)",http://opendatacommunities.org/id/london-borough-council/camden,5120,21/12/2020 02:48:36 PM
0115EK41168,CAMDEN,1 Driver/Rider,1 Male,25-59,35,1,3 Slight,-2 Unknown,-2 N/A,2 Pedal Cycle,PRIMROSE HILL ROAD J/W REGENT'S PARK ROAD.,2,29/12/2015 05:52:00 PM,Tuesday,17.52,3 Bor,C,0,6 Single Cwy,2 30 MPH,6 Crossroads,4 Give Way/Uncontrolled,C,0,0 No Xing Facility In 50m,2 Dark,1 Fine,2 Road-Wet,0 None,0 None,527870,183980,-0.157557,51.540246,,,Unknown,"(51.540246, -0.157557)",http://opendatacommunities.org/id/london-borough-council/camden,5567,21/12/2020 02:48:37 PM
0116EK40538,CAMDEN,1 Driver/Rider,1 Male,60+,66,1,3 Slight,-2 Unknown,-2 N/A,2 Pedal Cycle,NFL- FITZJOHN'S AVENUE 102M N OF J/W NUTLEY TERRACE,2,27/07/2016 11:00:00 AM,Wednesday,11.00,3 Bor,B,511,6 Single Cwy,2 30 MPH,0 No Jun In 20m,-2 Not Applicable,-2 Not Applicable,0,0 No Xing Facility In 50m,1 Daylight,9 Unknown,1 Road-Dry,0 None,0 None,526570,185080,-0.175897,51.550425,,,Unknown,"(51.550425, -0.175897)",http://opendatacommunities.org/id/london-borough-council/camden,6435,21/12/2020 02:48:38 PM
1190211168,CAMDEN,3 PEDESTRIAN,1 MALE,25-59,43,1,3 SLIGHT,05 CROSSING ROAD (NOT ON XING),9 UNKNOWN OR OTHER,1 PEDESTRIAN,"On Mercer Street, 30 metres west of the junction with Shelton street.",2,12/10/2019 12:15:00 PM,Saturday,12.15,3 BOR,6,0,2 ONE-WAY ST,20,00 NO JUN IN 20M,,0,0,0 NO XING FACILITY IN 50M,2 DAYLIGHT,2 RAINING,2 ROAD-WET,0 NONE,0 NONE,530095,181058,-0.12657,51.513479,,,Unknown,"(51.513479, -0.12657)",http://opendatacommunities.org/id/london-borough-council/camden,9422,21/12/2020 02:48:44 PM
1160003020,CAMDEN,1 Driver/Rider,2 Female,25-59,28,1,2 Serious,-2 Unknown,-2 N/A,2 Pedal Cycle,CLERKWELL RD J/W EYRE STREET HILL,2,23/11/2016 06:25:00 PM,Wednesday,18.25,3 Bor,A,5201,6 Single Cwy,2 30 MPH,9 Other Jun,4 Give Way/Uncontrolled,Unclassified,0,0 No Xing Facility In 50m,2 Dark,1 Fine,1 Road-Dry,0 None,0 None,531199,182035,-0.110306,51.522004,,,Unknown,"(51.522004, -0.110306)",http://opendatacommunities.org/id/london-borough-council/camden,5691,21/12/2020 02:48:37 PM
1180144125,CAMDEN,1 Driver/Rider,1 Male,25-59,27,1,2 Serious,-2 Unknown,-2 N/A,2 Pedal Cycle,CLERKENWELL ROAD J/W LEATHER LANE,2,08/11/2018 09:00:00 AM,Thursday,9.00,3 Bor,A,5201,6 Single Cwy,1 <= 20 MPH,9 Other Jun,4 Give Way/Uncontrolled,Unclassified,0,0 No Xing Facility In 50m,1 Daylight,1 Fine,1 Road-Dry,0 None,0 None,531190,182030,-0.110438,51.521961,,,Unknown,"(51.521961, -0.110438)",http://opendatacommunities.org/id/london-borough-council/camden,8504,21/12/2020 02:48:43 PM
1170040573,CAMDEN,1 Driver/Rider,1 Male,25-59,42,1,3 Slight,-2 Unknown,-2 N/A,5 Taxi,EUSTON ROAD J/W TOTTENHAM COURT ROAD,1,20/05/2017 11:10:00 PM,Saturday,23.10,1 TLRN,A,501,6 Single Cwy,1 <= 20 MPH,6 Crossroads,2 Auto Sig,A,400,4 Pelican Or Similar,2 Dark,1 Fine,1 Road-Dry,0 None,0 None,529250,182330,-0.138274,51.525104,,,Unknown,"(51.525104, -0.138274)",http://opendatacommunities.org/id/london-borough-council/camden,7007,21/12/2020 02:48:39 PM
1180148883,CAMDEN,2 Passenger,2 Female,Unknown,0,1,3 Slight,-2 Unknown,-2 N/A,4 Car,MINSTER ROAD 25M W OF J/W WESTBERE ROAD,1,29/11/2018 04:40:00 PM,Thursday,16.40,3 Bor,Unclassified,0,6 Single Cwy,2 30 MPH,0 No Jun In 20m,-2 Not Applicable,-2 Not Applicable,0,8 Central Refuge,1 Daylight,1 Fine,2 Road-Wet,0 None,9 Unknown (S/R),524490,185260,-0.205817,51.552505,,,Unknown,"(51.552505, -0.205817)",http://opendatacommunities.org/id/london-borough-council/camden,8571,21/12/2020 02:48:43 PM
0115EK40379,CAMDEN,1 Driver/Rider,1 Male,25-59,35,1,3 Slight,-2 Unknown,-2 N/A,3 Powered 2 Wheeler,HAMPSTEAD ROAD J/W DRUMMOND STREET,2,14/05/2015 04:04:00 PM,Thursday,16.04,1 TLRN,A,400,6 Single Cwy,2 30 MPH,6 Crossroads,2 Auto Sig,C,0,5 Pedn Phase At Ats,1 Daylight,2 Raining,2 Road-Wet,0 None,0 None,529220,182490,-0.138648,51.526549,,,Unknown,"(51.526549, -0.138648)",http://opendatacommunities.org/id/london-borough-council/camden,4881,21/12/2020 02:48:36 PM
0116EK40260,CAMDEN,1 Driver/Rider,1 Male,16-24,20,1,3 Slight,-2 Unknown,-2 N/A,4 Car,FINCHLEY ROAD J/W COLLEGE CRESCENT,2,05/01/2016 12:45:00 AM,Tuesday,0.45,1 TLRN,A,41,6 Single Cwy,2 30 MPH,6 Crossroads,2 Auto Sig,B,511,5 Pedn Phase At Ats,2 Dark,2 Raining,2 Road-Wet,0 None,0 None,526640,184310,-0.175165,51.543489,,,Unknown,"(51.543489, -0.175165)",http://opendatacommunities.org/id/london-borough-council/camden,6199,21/12/2020 02:48:38 PM
1180106578,CAMDEN,1 Driver/Rider,1 Male,25-59,35,1,3 Slight,-2 Unknown,-2 N/A,3 Powered 2 Wheeler,KENTISH TOWN ROAD 25M S OF J/W HOLMES ROAD,2,06/05/2018 10:45:00 PM,Sunday,22.45,3 Bor,A,400,6 Single Cwy,1 <= 20 MPH,0 No Jun In 20m,-2 Not Applicable,-2 Not Applicable,0,9 Unknown (S/R),2 Dark,1 Fine,1 Road-Dry,0 None,0 None,528990,185020,-0.141035,51.549338,,,Unknown,"(51.549338, -0.141035)",http://opendatacommunities.org/id/london-borough-council/camden,7968,21/12/2020 02:48:42 PM
1160012752,CAMDEN,1 Driver/Rider,2 Female,25-59,32,1,3 Slight,-2 Unknown,-2 N/A,3 Powered 2 Wheeler,"ON FINCHLEY ROAD, NEAR THE JUNCTION WITH ALVANLEY GARDENS .",2,12/09/2016 04:00:00 PM,Monday,16.00,1 TLRN,A,41,6 Single Cwy,2 30 MPH,3 T/Stag Jun,2 Auto Sig,Unclassified,0,5 Pedn Phase At Ats,1 Daylight,1 Fine,1 Road-Dry,0 None,0 None,525710,185310,-0.188212,51.552684,,,Unknown,"(51.552684, -0.188212)",http://opendatacommunities.org/id/london-borough-council/camden,5856,21/12/2020 02:48:38 PM
1190207803,CAMDEN,2 PASSENGER,2 FEMALE,25-59,28,1,3 SLIGHT,'-2 NOT APPLICABLE,'-2 NOT APPLICABLE,4 CAR,"On Maitland Park Road, 30 metres south of the junction with Maitland Park Villas.",1,17/09/2019 01:55:00 PM,Tuesday,13.55,3 BOR,6,0,6 SINGLE CWY,30,00 NO JUN IN 20M,,0,0,0 NO XING FACILITY IN 50M,2 DAYLIGHT,1 FINE,1 ROAD-DRY,0 NONE,0 NONE,527994,184906,-0.155433,51.54854,,,Unknown,"(51.54854, -0.155433)",http://opendatacommunities.org/id/london-borough-council/camden,9389,21/12/2020 02:48:44 PM
0116EK40464,CAMDEN,1 Driver/Rider,2 Female,60+,60,1,3 Slight,-2 Unknown,-2 N/A,4 Car,EUSTON ROAD J/W EVERSHOLT STREET.,2,24/06/2016 03:12:00 PM,Friday,15.12,1 TLRN,A,501,3 Dual Cwy,2 30 MPH,6 Crossroads,2 Auto Sig,A,4200,5 Pedn Phase At Ats,1 Daylight,1 Fine,1 Road-Dry,0 None,0 None,529770,182590,-0.130687,51.527321,,,Unknown,"(51.527321, -0.130687)",http://opendatacommunities.org/id/london-borough-council/camden,6373,21/12/2020 02:48:38 PM
1190179364,CAMDEN,1 DRIVER/RIDER,1 MALE,25-59,38,1,2 SERIOUS,'-2 NOT APPLICABLE,'-2 NOT APPLICABLE,2 PEDAL CYCLE,"On Chester Gate, 80 metres north of the junction with OUTER CIRCLE.",2,07/05/2019 12:03:00 PM,Tuesday,12.03,3 BOR,6,0,6 SINGLE CWY,30,00 NO JUN IN 20M,,0,0,0 NO XING FACILITY IN 50M,2 DAYLIGHT,1 FINE,1 ROAD-DRY,0 NONE,0 NONE,528773,182604,-0.145046,51.527675,,,Unknown,"(51.527675, -0.145046)",http://opendatacommunities.org/id/london-borough-council/camden,8986,21/12/2020 02:48:44 PM
1170062927,CAMDEN,3 Pedestrian,1 Male,25-59,35,1,3 Slight,09 In Road - Not Crossing,9 Unknown Or Other,1 Pedestrian,GREAT QUEEN STREET J/W KINGSWAY,1,30/09/2017 09:52:00 PM,Saturday,21.52,3 Bor,B,402,6 Single Cwy,2 30 MPH,3 T/Stag Jun,2 Auto Sig,A,4200,0 No Xing Facility In 50m,2 Dark,1 Fine,9 Unknown (S/R),0 None,0 None,530550,181370,-0.119901,51.516178,,,Unknown,"(51.516178, -0.119901)",http://opendatacommunities.org/id/london-borough-council/camden,7385,21/12/2020 02:48:40 PM
1180105681,CAMDEN,1 Driver/Rider,1 Male,16-24,20,1,3 Slight,-2 Unknown,-2 N/A,3 Powered 2 Wheeler,WEST END LANE J/W IVERSON ROAD NW6,2,03/05/2018 04:00:00 PM,Thursday,16.00,3 Bor,B,510,6 Single Cwy,1 <= 20 MPH,3 T/Stag Jun,2 Auto Sig,B,520,4 Pelican Or Similar,1 Daylight,1 Fine,1 Road-Dry,0 None,0 None,525520,184780,-0.191139,51.547963,,,Unknown,"(51.547963, -0.191139)",http://opendatacommunities.org/id/london-borough-council/camden,7952,21/12/2020 02:48:41 PM
0115EK40611,CAMDEN,1 Driver/Rider,1 Male,16-24,22,1,3 Slight,-2 Unknown,-2 N/A,3 Powered 2 Wheeler,CAMDEN ROAD J/W SANDALL ROAD,2,18/07/2015 10:31:00 PM,Saturday,22.31,1 TLRN,A,503,6 Single Cwy,2 30 MPH,3 T/Stag Jun,4 Give Way/Uncontrolled,Unclassified,0,4 Pelican Or Similar,2 Dark,1 Fine,1 Road-Dry,0 None,0 None,529500,184600,-0.133838,51.545447,,,Unknown,"(51.545447, -0.133838)",http://opendatacommunities.org/id/london-borough-council/camden,5093,21/12/2020 02:48:36 PM
0115EK40001,CAMDEN,1 Driver/Rider,1 Male,25-59,28,1,3 Slight,-2 Unknown,-2 N/A,2 Pedal Cycle,KINGSWAY J/W REMNANT STREET,2,12/01/2015 03:19:00 PM,Monday,15.19,3 Bor,A,4200,3 Dual Cwy,3 40 MPH,6 Crossroads,2 Auto Sig,A,4200,5 Pedn Phase At Ats,1 Daylight,2 Raining,2 Road-Wet,0 None,0 None,530570,181390,-0.119606,51.516353,,,Unknown,"(51.516353, -0.119606)",http://opendatacommunities.org/id/london-borough-council/camden,4586,21/12/2020 02:48:35 PM
1180106338,CAMDEN,1 Driver/Rider,1 Male,25-59,32,1,3 Slight,-2 Unknown,-2 N/A,2 Pedal Cycle,SWAINS LANE N6 J/W BROOKFIELD PARK NW5,2,07/05/2018 11:00:00 AM,Monday,11.00,3 Bor,Unclassified,0,6 Single Cwy,1 <= 20 MPH,3 T/Stag Jun,4 Give Way/Uncontrolled,Unclassified,0,0 No Xing Facility In 50m,1 Daylight,1 Fine,1 Road-Dry,0 None,0 None,528520,186450,-0.147288,51.562296,,,Unknown,"(51.562296, -0.147288)",http://opendatacommunities.org/id/london-borough-council/camden,7966,21/12/2020 02:48:42 PM
0115EK40976,CAMDEN,1 Driver/Rider,1 Male,16-24,19,1,3 Slight,-2 Unknown,-2 N/A,3 Powered 2 Wheeler,EVERSHOLT STREET J/W WELLESLEY PLACE.,2,29/10/2015 01:05:00 PM,Thursday,13.05,3 Bor,A,4200,6 Single Cwy,2 30 MPH,3 T/Stag Jun,4 Give Way/Uncontrolled,Unclassified,0,4 Pelican Or Similar,1 Daylight,1 Fine,1 Road-Dry,0 None,0 None,529700,182670,-0.131666,51.528056,,,Unknown,"(51.528056, -0.131666)",http://opendatacommunities.org/id/london-borough-council/camden,5403,21/12/2020 02:48:37 PM
1190218351,CAMDEN,2 PASSENGER,'-1 UNKNOWN,U,,2,3 SLIGHT,'-2 NOT APPLICABLE,'-2 NOT APPLICABLE,4 CAR,"On Langland Gardens (Stop FS), 100 metres south of the junction with Langland Gardens.",2,23/07/2019 07:23:00 AM,Tuesday,7.23,1 TLRN,A,41,6 SINGLE CWY,30,00 NO JUN IN 20M,,0,0,9 UNKNOWN (S/R),2 DAYLIGHT,8 OTHER,1 ROAD-DRY,0 NONE,0 NONE,525947,185199,-0.184835,51.551633,,,Unknown,"(51.551633, -0.184835)",http://opendatacommunities.org/id/london-borough-council/camden,9517,21/12/2020 02:48:44 PM
1190209612,CAMDEN,2 PASSENGER,2 FEMALE,16-24,17,2,3 SLIGHT,'-2 NOT APPLICABLE,1 FROM DRIVERS N/SIDE,4 CAR,"On Vicar's Road, 25 metres north of the junction with Grafton road.",1,04/10/2019 04:25:00 AM,Friday,4.25,3 BOR,5,0,7 SLIP RD,20,00 NO JUN IN 20M,,0,0,0 NO XING FACILITY IN 50M,2 DAYLIGHT,1 FINE,1 ROAD-DRY,0 NONE,0 NONE,528240,185362,-0.151721,51.552582,,,Unknown,"(51.552582, -0.151721)",http://opendatacommunities.org/id/london-borough-council/camden,9408,21/12/2020 02:48:44 PM
0115EK40285,CAMDEN,1 Driver/Rider,1 Male,25-59,42,1,2 Serious,-2 Unknown,-2 N/A,3 Powered 2 Wheeler,CAMDEN ROAD J/W ROCHESTER SQUARE,2,18/04/2015 08:15:00 AM,Saturday,8.15,1 TLRN,A,503,6 Single Cwy,2 30 MPH,3 T/Stag Jun,4 Give Way/Uncontrolled,Unclassified,0,0 No Xing Facility In 50m,1 Daylight,1 Fine,1 Road-Dry,0 None,0 None,529320,184390,-0.13651,51.543601,,,Unknown,"(51.543601, -0.13651)",http://opendatacommunities.org/id/london-borough-council/camden,4809,21/12/2020 02:48:36 PM
1170035344,CAMDEN,1 Driver/Rider,1 Male,25-59,45,1,3 Slight,-2 Unknown,-2 N/A,3 Powered 2 Wheeler,CRANLEIGH STREET J/W EVERSHOLT STREET,2,03/05/2017 09:00:00 PM,Wednesday,21.00,3 Bor,Unclassified,0,6 Single Cwy,1 <= 20 MPH,3 T/Stag Jun,4 Give Way/Uncontrolled,A,4200,4 Pelican Or Similar,2 Dark,1 Fine,1 Road-Dry,0 None,0 None,529360,183150,-0.136389,51.532448,,,Unknown,"(51.532448, -0.136389)",http://opendatacommunities.org/id/london-borough-council/camden,6936,21/12/2020 02:48:39 PM
0115EK40614,CAMDEN,2 Passenger,2 Female,60+,73,1,3 Slight,-2 Unknown,-2 N/A,6 Bus Or Coach,BAYHAM STREET J/W GREENLAND STREET.,1,22/07/2015 06:00:00 PM,Wednesday,18.00,3 Bor,A,503,2 One-Way St,2 30 MPH,3 T/Stag Jun,4 Give Way/Uncontrolled,Unclassified,0,0 No Xing Facility In 50m,1 Daylight,1 Fine,2 Road-Wet,0 None,0 None,529020,183830,-0.141039,51.538637,,,Unknown,"(51.538637, -0.141039)",http://opendatacommunities.org/id/london-borough-council/camden,5097,21/12/2020 02:48:36 PM
0115EK41093,CAMDEN,1 Driver/Rider,1 Male,Unknown,0,1,3 Slight,-2 Unknown,-2 N/A,5 Taxi,FINCHLEY ROAD J/W INGHAM ROAD.,2,19/12/2015 02:10:00 PM,Saturday,14.10,1 TLRN,A,41,6 Single Cwy,2 30 MPH,3 T/Stag Jun,4 Give Way/Uncontrolled,Unclassified,0,4 Pelican Or Similar,1 Daylight,1 Fine,1 Road-Dry,0 None,0 None,525320,185620,-0.193723,51.555557,,,Unknown,"(51.555557, -0.193723)",http://opendatacommunities.org/id/london-borough-council/camden,5498,21/12/2020 02:48:37 PM
0116EK40620,CAMDEN,1 Driver/Rider,1 Male,25-59,32,1,3 Slight,-2 Unknown,-2 N/A,2 Pedal Cycle,OUTER CIRCLE J/W CUMBERLAND TERRACE.,2,26/08/2016 05:25:00 PM,Friday,17.25,3 Bor,Unclassified,0,6 Single Cwy,2 30 MPH,3 T/Stag Jun,4 Give Way/Uncontrolled,Unclassified,0,0 No Xing Facility In 50m,1 Daylight,1 Fine,1 Road-Dry,0 None,0 None,528600,183200,-0.147321,51.533071,,,Unknown,"(51.533071, -0.147321)",http://opendatacommunities.org/id/london-borough-council/camden,6499,21/12/2020 02:48:39 PM
1190218871,CAMDEN,1 DRIVER/RIDER,1 MALE,25-59,34,1,3 SLIGHT,'-2 NOT APPLICABLE,'-2 NOT APPLICABLE,8 OTHER VEHICLE,"On Finchley Road, 179 metres east of the junction with College Crescent.",2,16/11/2019 09:00:00 PM,Saturday,21.00,1 TLRN,A,41,3 DUAL CWY,30,00 NO JUN IN 20M,,0,0,4 PELICAN OR SIMILAR,1 DARK,1 FINE,1 ROAD-DRY,0 NONE,0 NONE,526579,184458,-0.175991,51.544833,,,Unknown,"(51.544833, -0.175991)",http://opendatacommunities.org/id/london-borough-council/camden,9524,21/12/2020 02:48:44 PM
1160024596,CAMDEN,1 Driver/Rider,1 Male,25-59,40,1,3 Slight,-2 Unknown,-2 N/A,3 Powered 2 Wheeler,PARKWAY J/W PRINCE ALBERT ROAD,2,15/10/2016 08:09:00 PM,Saturday,20.09,3 Bor,A,4201,6 Single Cwy,2 30 MPH,3 T/Stag Jun,2 Auto Sig,A,5205,4 Pelican Or Similar,2 Dark,9 Unknown,1 Road-Dry,0 None,0 None,528630,183560,-0.146758,51.536299,,,Unknown,"(51.536299, -0.146758)",http://opendatacommunities.org/id/london-borough-council/camden,5915,21/12/2020 02:48:38 PM
1170022687,CAMDEN,1 Driver/Rider,1 Male,16-24,23,1,3 Slight,-2 Unknown,-2 N/A,3 Powered 2 Wheeler,KILBURN HIGH ROAD J/W KILBURN PRIORY,2,04/03/2017 12:29:00 AM,Saturday,0.29,3 Bor,A,5,6 Single Cwy,2 30 MPH,3 T/Stag Jun,4 Give Way/Uncontrolled,C,0,0 No Xing Facility In 50m,2 Dark,1 Fine,2 Road-Wet,0 None,0 None,525650,183370,-0.189769,51.535262,,,Unknown,"(51.535262, -0.189769)",http://opendatacommunities.org/id/london-borough-council/camden,6737,21/12/2020 02:48:39 PM
0115EK40652,CAMDEN,2 Passenger,2 Female,25-59,41,1,3 Slight,-2 Unknown,-2 N/A,5 Taxi,CAMDEN STREET J/W CAMDEN ROAD,1,02/08/2015 05:33:00 AM,Sunday,5.33,1 TLRN,A,400,6 Single Cwy,2 30 MPH,6 Crossroads,2 Auto Sig,A,503,5 Pedn Phase At Ats,1 Daylight,1 Fine,1 Road-Dry,0 None,0 None,529090,184030,-0.139957,51.540418,,,Unknown,"(51.540418, -0.139957)",http://opendatacommunities.org/id/london-borough-council/camden,5125,21/12/2020 02:48:36 PM