Reference,London Borough Name,Casualty Class,Casualty Sex,Casualty Age Band,Casualty Age,Number Of Casualties,Casualty Severity,Pedestrian Location,Pedestrian Movement,Mode Of Travel,Attendant Location,Number Of Vehicles,Date,Day,Time,Highway,Road Class 1,Road Number 1,Road Type,Speed Limit,Junction Detail,Junction Control,Road Class 2,Road Number 2,Pedestrian Crossing,Light Condition Band,Weather,Road Surface,Special Conditions,Carriage Way Hazard,Easting,Northing,Longitude,Latitude,Ward Code,Ward Name,Spatial Accuracy,Location,Organisation URI,Socrata ID,Last Uploaded
0115EK40854,CAMDEN,2 Passenger,2 Female,0-15,8,1,3 Slight,-2 Unknown,-2 N/A,4 Car,BELSIZE GROVE 52M S OF PRIMROSE GARDENS,2,08/03/2015 10:00:00 AM,Sunday,10.00,3 Bor,Unclassified,0,6 Single Cwy,2 30 MPH,0 No Jun In 20m,-2 Not Applicable,-2 Not Applicable,0,0 No Xing Facility In 50m,1 Daylight,1 Fine,1 Road-Dry,4 Roadworks,0 None,527340,184800,-0.164899,51.547735,,,Unknown,"(51.547735, -0.164899)",http://opendatacommunities.org/id/london-borough-council/camden,5303,21/12/2020 02:48:37 PM
0115EK40283,CAMDEN,1 Driver/Rider,1 Male,Unknown,0,1,3 Slight,-2 Unknown,-2 N/A,2 Pedal Cycle,NFL- GORDON STREET 56M NW OF J/W GORDON SQUARE,2,15/04/2015 06:40:00 PM,Wednesday,18.40,3 Bor,C,0,6 Single Cwy,2 30 MPH,0 No Jun In 20m,-2 Not Applicable,-2 Not Applicable,0,0 No Xing Facility In 50m,1 Daylight,1 Fine,1 Road-Dry,0 None,0 None,529660,182330,-0.132368,51.52501,,,Unknown,"(51.52501, -0.132368)",http://opendatacommunities.org/id/london-borough-council/camden,4807,21/12/2020 02:48:36 PM
1190211676,CAMDEN,3 PEDESTRIAN,2 FEMALE,25-59,54,2,3 SLIGHT,09 IN ROAD - NOT CROSSING,'-2 NOT APPLICABLE,1 PEDESTRIAN,"On Sidmouth mews wc1, 30 metres east of the junction with Sidmouth street.. The nearest classified road was the B2. The nearest classified road was the B2",1,14/10/2019 08:40:00 PM,Monday,20.40,3 BOR,6,0,2 ONE-WAY ST,20,00 NO JUN IN 20M,,0,0,0 NO XING FACILITY IN 50M,1 DARK,2 RAINING,2 ROAD-WET,0 NONE,0 NONE,530554,182627,-0.119378,51.527473,,,Unknown,"(51.527473, -0.119378)",http://opendatacommunities.org/id/london-borough-council/camden,9435,21/12/2020 02:48:44 PM
1180084237,CAMDEN,1 Driver/Rider,1 Male,25-59,31,1,3 Slight,-2 Unknown,-2 N/A,3 Powered 2 Wheeler,TORRINGTON PLACE J/W TOTTENHAM COURT ROAD,2,18/01/2018 12:10:00 AM,Thursday,0.10,3 Bor,C,0,2 One-Way St,1 <= 20 MPH,3 T/Stag Jun,2 Auto Sig,A,400,5 Pedn Phase At Ats,2 Dark,2 Raining,2 Road-Wet,0 None,0 None,529470,181930,-0.135252,51.521459,,,Unknown,"(51.521459, -0.135252)",http://opendatacommunities.org/id/london-borough-council/camden,7678,21/12/2020 02:48:41 PM
1170063823,CAMDEN,1 Driver/Rider,1 Male,25-59,25,1,3 Slight,-2 Unknown,-2 N/A,2 Pedal Cycle,EUSTON ROAD 25M W OF J/W FITZROY STREET,2,11/10/2017 09:15:00 AM,Wednesday,9.15,1 TLRN,A,501,7 Slip Rd,2 30 MPH,0 No Jun In 20m,-2 Not Applicable,-2 Not Applicable,0,0 No Xing Facility In 50m,1 Daylight,1 Fine,1 Road-Dry,0 None,0 None,529058,182231,-0.141077,51.524258,,,Unknown,"(51.524258, -0.141077)",http://opendatacommunities.org/id/london-borough-council/camden,7404,21/12/2020 02:48:40 PM
1190170978,CAMDEN,1 DRIVER/RIDER,2 FEMALE,16-24,20,1,3 SLIGHT,'-2 NOT APPLICABLE,'-2 NOT APPLICABLE,2 PEDAL CYCLE,"On Highgate West Hill, 50 metres north of the junction with Make Peace Avenue.",3,24/03/2019 01:08:00 PM,Sunday,13.08,3 BOR,5,0,6 SINGLE CWY,30,00 NO JUN IN 20M,,0,0,9 UNKNOWN (S/R),2 DAYLIGHT,1 FINE,1 ROAD-DRY,9 UNKNOWN (S/R),9 UNKNOWN (S/R),528121,186667,-0.152962,51.564337,,,Unknown,"(51.564337, -0.152962)",http://opendatacommunities.org/id/london-borough-council/camden,8868,21/12/2020 02:48:43 PM
1180139948,CAMDEN,1 Driver/Rider,2 Female,16-24,18,1,3 Slight,-2 Unknown,-2 N/A,2 Pedal Cycle,CHETWYND ROAD 30M E OF J/W YORK RISE,2,18/10/2018 05:25:00 PM,Thursday,17.25,3 Bor,C,0,6 Single Cwy,1 <= 20 MPH,0 No Jun In 20m,-2 Not Applicable,-2 Not Applicable,0,5 Pedn Phase At Ats,1 Daylight,1 Fine,1 Road-Dry,9 Unknown (S/R),0 None,528830,186030,-0.142972,51.558451,,,Unknown,"(51.558451, -0.142972)",http://opendatacommunities.org/id/london-borough-council/camden,8444,21/12/2020 02:48:43 PM
0116EK40512,CAMDEN,1 Driver/Rider,2 Female,25-59,48,1,3 Slight,-2 Unknown,-2 N/A,4 Car,EAST HEATH ROAD J/W WELL WALK,2,01/07/2016 08:45:00 AM,Friday,8.45,3 Bor,C,0,6 Single Cwy,2 30 MPH,3 T/Stag Jun,4 Give Way/Uncontrolled,Unclassified,0,0 No Xing Facility In 50m,1 Daylight,1 Fine,1 Road-Dry,0 None,0 None,526770,186170,-0.172621,51.560176,,,Unknown,"(51.560176, -0.172621)",http://opendatacommunities.org/id/london-borough-council/camden,6419,21/12/2020 02:48:38 PM
1190195202,CAMDEN,1 DRIVER/RIDER,1 MALE,25-59,30,1,3 SLIGHT,'-2 NOT APPLICABLE,1 FROM DRIVERS N/SIDE,3 POWERED 2 WHEELER,"On Charlotte Street, near the junction with Colville Street.",2,07/07/2019 03:02:00 AM,Sunday,3.02,3 BOR,6,0,9 UNKNOWN,20,99 UNKNOWN (S/R),9 UNKNOWN (S/R),6,0,9 UNKNOWN (S/R),2 DAYLIGHT,9 UNKNOWN,9 UNKNOWN (S/R),9 UNKNOWN (S/R),9 UNKNOWN (S/R),529473,181664,-0.135306,51.519068,,,Unknown,"(51.519068, -0.135306)",http://opendatacommunities.org/id/london-borough-council/camden,9209,21/12/2020 02:48:44 PM
1190204104,CAMDEN,2 PASSENGER,2 FEMALE,25-59,39,4,3 SLIGHT,'-2 NOT APPLICABLE,9 UNKNOWN OR OTHER,4 CAR,"On Vernon Place , near the junction with Southampton place.",3,08/09/2019 08:00:00 PM,Sunday,20.00,3 BOR,A,40,2 ONE-WAY ST,20,03 T/STAG JUN,4 GIVE WAY/UNCONTROLLED,5,0,4 PELICAN OR SIMILAR,1 DARK,1 FINE,1 ROAD-DRY,0 NONE,0 NONE,530372,181613,-0.122375,51.518403,,,Unknown,"(51.518403, -0.122375)",http://opendatacommunities.org/id/london-borough-council/camden,9345,21/12/2020 02:48:44 PM
1170058606,CAMDEN,1 Driver/Rider,1 Male,16-24,23,1,3 Slight,-2 Unknown,-2 N/A,4 Car,ROYAL COLLEGE STREET J/W CAMDEN ROAD,2,12/09/2017 11:14:00 PM,Tuesday,23.14,1 TLRN,A,5202,6 Single Cwy,2 30 MPH,6 Crossroads,2 Auto Sig,A,503,4 Pelican Or Similar,2 Dark,2 Raining,2 Road-Wet,0 None,0 None,529190,184180,-0.13846,51.541743,,,Unknown,"(51.541743, -0.13846)",http://opendatacommunities.org/id/london-borough-council/camden,7318,21/12/2020 02:48:40 PM
1170030670,CAMDEN,1 Driver/Rider,1 Male,25-59,38,1,3 Slight,-2 Unknown,-2 N/A,4 Car,POND STREET 46M N OF J/W FLEET ROAD,2,06/04/2017 10:48:00 AM,Thursday,10.48,3 Bor,B,518,6 Single Cwy,2 30 MPH,0 No Jun In 20m,-2 Not Applicable,-2 Not Applicable,0,1 Zebra,1 Daylight,1 Fine,1 Road-Dry,0 None,0 None,527280,185500,-0.16551,51.55404,,,Unknown,"(51.55404, -0.16551)",http://opendatacommunities.org/id/london-borough-council/camden,6852,21/12/2020 02:48:39 PM
0116EK40424,CAMDEN,1 Driver/Rider,1 Male,25-59,33,1,3 Slight,-2 Unknown,-2 N/A,2 Pedal Cycle,HILGROVE ROAD J/W ALEXANDRA ROAD.,2,17/06/2016 12:30:00 PM,Friday,12.30,3 Bor,B,509,6 Single Cwy,1 <= 20 MPH,3 T/Stag Jun,4 Give Way/Uncontrolled,Unclassified,0,0 No Xing Facility In 50m,1 Daylight,1 Fine,2 Road-Wet,0 None,0 None,526540,184090,-0.176685,51.541534,,,Unknown,"(51.541534, -0.176685)",http://opendatacommunities.org/id/london-borough-council/camden,6340,21/12/2020 02:48:38 PM
1170020002,CAMDEN,1 Driver/Rider,1 Male,25-59,39,1,3 Slight,-2 Unknown,-2 N/A,5 Taxi,ARKWRIGHT ROAD NW3 J/W FROGNAL NW3,2,20/02/2017 02:40:00 PM,Monday,14.40,3 Bor,C,0,6 Single Cwy,1 <= 20 MPH,6 Crossroads,4 Give Way/Uncontrolled,Unclassified,0,0 No Xing Facility In 50m,1 Daylight,1 Fine,1 Road-Dry,0 None,0 None,526230,185230,-0.180744,51.551849,,,Unknown,"(51.551849, -0.180744)",http://opendatacommunities.org/id/london-borough-council/camden,6697,21/12/2020 02:48:39 PM
1190189890,CAMDEN,1 DRIVER/RIDER,1 MALE,25-59,31,1,3 SLIGHT,'-2 NOT APPLICABLE,'-2 NOT APPLICABLE,2 PEDAL CYCLE,"On Tottenham Court Road, 25 metres north of the junction with Bedford Avenue.",2,27/06/2019 09:03:00 AM,Thursday,9.03,3 BOR,A,400,6 SINGLE CWY,30,00 NO JUN IN 20M,,0,0,5 PEDN PHASE AT ATS,2 DAYLIGHT,1 FINE,1 ROAD-DRY,0 NONE,0 NONE,529738,181533,-0.131537,51.51783,,,Unknown,"(51.51783, -0.131537)",http://opendatacommunities.org/id/london-borough-council/camden,9134,21/12/2020 02:48:44 PM
0115EK41189,CAMDEN,3 Pedestrian,2 Female,60+,69,1,3 Slight,05 Crossing Road (Not On Xing),1 From Drivers N/Side,1 Pedestrian,FAIRFAX ROAD J/W FINCHLEY ROAD,1,24/12/2015 12:30:00 PM,Thursday,12.30,1 TLRN,C,0,3 Dual Cwy,2 30 MPH,3 T/Stag Jun,4 Give Way/Uncontrolled,A,41,0 No Xing Facility In 50m,1 Daylight,1 Fine,1 Road-Dry,0 None,0 None,526450,184500,-0.177835,51.545239,,,Unknown,"(51.545239, -0.177835)",http://opendatacommunities.org/id/london-borough-council/camden,5576,21/12/2020 02:48:37 PM
1170040422,CAMDEN,1 Driver/Rider,1 Male,25-59,38,1,3 Slight,-2 Unknown,-2 N/A,2 Pedal Cycle,WILD COURT J/W KINGSWAY,2,28/05/2017 02:00:00 PM,Sunday,14.00,3 Bor,Unclassified,0,6 Single Cwy,1 <= 20 MPH,3 T/Stag Jun,9 Unknown (S/R),A,4200,1 Zebra,1 Daylight,1 Fine,1 Road-Dry,0 None,0 None,530590,181300,-0.119351,51.51554,,,Unknown,"(51.51554, -0.119351)",http://opendatacommunities.org/id/london-borough-council/camden,7006,21/12/2020 02:48:39 PM
0115EK40067,CAMDEN,2 Passenger,2 Female,25-59,32,1,3 Slight,-2 Unknown,-2 N/A,4 Car,ROSSLYN HILL J/W PILGRIMS LANE,2,31/01/2015 08:00:00 PM,Saturday,20.00,3 Bor,A,502,6 Single Cwy,2 30 MPH,3 T/Stag Jun,4 Give Way/Uncontrolled,Unclassified,0,1 Zebra,2 Dark,1 Fine,1 Road-Dry,0 None,0 None,526780,185560,-0.172697,51.554691,,,Unknown,"(51.554691, -0.172697)",http://opendatacommunities.org/id/london-borough-council/camden,4633,21/12/2020 02:48:35 PM
1180140218,CAMDEN,1 Driver/Rider,1 Male,25-59,43,1,3 Slight,-2 Unknown,-2 N/A,2 Pedal Cycle,AVENUE ROAD 25M S OF J/W ADELAIDE ROAD THE NEAREST CLASSIFIED ROAD,2,20/10/2018 09:19:00 AM,Saturday,9.19,3 Bor,B,525,6 Single Cwy,1 <= 20 MPH,0 No Jun In 20m,-2 Not Applicable,-2 Not Applicable,0,0 No Xing Facility In 50m,1 Daylight,1 Fine,1 Road-Dry,0 None,0 None,526820,184050,-0.172664,51.541112,,,Unknown,"(51.541112, -0.172664)",http://opendatacommunities.org/id/london-borough-council/camden,8447,21/12/2020 02:48:43 PM
1170043013,CAMDEN,1 Driver/Rider,1 Male,25-59,38,1,3 Slight,-2 Unknown,-2 N/A,4 Car,PANCRAS ROAD 21M N OF J/W CHENIES PLACE,2,28/05/2017 10:15:00 AM,Sunday,10.15,3 Bor,A,5202,6 Single Cwy,1 <= 20 MPH,0 No Jun In 20m,-2 Not Applicable,-2 Not Applicable,0,5 Pedn Phase At Ats,1 Daylight,1 Fine,1 Road-Dry,0 None,0 None,529740,183410,-0.130818,51.534698,,,Unknown,"(51.534698, -0.130818)",http://opendatacommunities.org/id/london-borough-council/camden,7042,21/12/2020 02:48:39 PM
1190174832,CAMDEN,1 DRIVER/RIDER,2 FEMALE,25-59,30,2,3 SLIGHT,'-2 NOT APPLICABLE,'-2 NOT APPLICABLE,4 CAR,"On Fairfax Road, near the junction with Fairfax Place.",3,12/04/2019 06:11:00 PM,Friday,18.11,3 BOR,B,509,7 SLIP RD,20,01 ROUNDABOUT,4 GIVE WAY/UNCONTROLLED,5,0,0 NO XING FACILITY IN 50M,2 DAYLIGHT,1 FINE,1 ROAD-DRY,0 NONE,0 NONE,526290,184127,-0.180275,51.541923,,,Unknown,"(51.541923, -0.180275)",http://opendatacommunities.org/id/london-borough-council/camden,8920,21/12/2020 02:48:44 PM
1180154042,CAMDEN,1 Driver/Rider,1 Male,16-24,23,1,3 Slight,-2 Unknown,-2 N/A,3 Powered 2 Wheeler,KENTISH TOWN ROAD J/W CAMDEN HIGH STREET,2,23/12/2018 06:30:00 PM,Sunday,18.30,1 TLRN,A,400,2 One-Way St,1 <= 20 MPH,7 Multi Jun,2 Auto Sig,A,502,5 Pedn Phase At Ats,2 Dark,2 Raining,2 Road-Wet,0 None,0 None,528920,183910,-0.14245,51.539379,,,Unknown,"(51.539379, -0.14245)",http://opendatacommunities.org/id/london-borough-council/camden,8638,21/12/2020 02:48:43 PM
1190215111,CAMDEN,1 DRIVER/RIDER,2 FEMALE,25-59,27,1,3 SLIGHT,'-2 NOT APPLICABLE,'-2 NOT APPLICABLE,2 PEDAL CYCLE,"On Royal College Street, near the junction with Georgiana Street.",2,31/10/2019 07:54:00 AM,Thursday,7.54,3 BOR,A,5202,2 ONE-WAY ST,20,06 CROSSROADS,4 GIVE WAY/UNCONTROLLED,6,0,1 ZEBRA,2 DAYLIGHT,1 FINE,1 ROAD-DRY,0 NONE,0 NONE,529315,183976,-0.136734,51.539882,,,Unknown,"(51.539882, -0.136734)",http://opendatacommunities.org/id/london-borough-council/camden,9478,21/12/2020 02:48:44 PM
1170054830,CAMDEN,3 Pedestrian,1 Male,16-24,20,1,3 Slight,01 Crossing Road On Ped Xing,9 Unknown Or Other,1 Pedestrian,CAMDEN ROAD J/W TORRIANO AVENUE,1,05/08/2017 04:15:00 AM,Saturday,4.15,1 TLRN,A,503,9 Unknown,2 30 MPH,6 Crossroads,2 Auto Sig,A,5200,5 Pedn Phase At Ats,2 Dark,1 Fine,1 Road-Dry,0 None,0 None,529720,184870,-0.130568,51.547823,,,Unknown,"(51.547823, -0.130568)",http://opendatacommunities.org/id/london-borough-council/camden,7258,21/12/2020 02:48:40 PM
1180084633,CAMDEN,1 Driver/Rider,1 Male,25-59,49,1,2 Serious,-2 Unknown,-2 N/A,3 Powered 2 Wheeler,PANCRAS ROAD 30M S OF J/W CROWNDALE ROAD,1,19/01/2018 07:40:00 AM,Friday,7.40,3 Bor,A,5202,6 Single Cwy,1 <= 20 MPH,0 No Jun In 20m,-2 Not Applicable,-2 Not Applicable,0,5 Pedn Phase At Ats,1 Daylight,1 Fine,1 Road-Dry,0 None,0 None,529640,183480,-0.132233,51.53535,,,Unknown,"(51.53535, -0.132233)",http://opendatacommunities.org/id/london-borough-council/camden,7681,21/12/2020 02:48:41 PM
1170015431,CAMDEN,1 Driver/Rider,1 Male,25-59,26,1,3 Slight,-2 Unknown,-2 N/A,2 Pedal Cycle,ENDSLEIGH PLACE J/W ENDSLEIGH PLACE,2,31/01/2017 06:50:00 PM,Tuesday,18.50,3 Bor,Unclassified,0,6 Single Cwy,1 <= 20 MPH,6 Crossroads,4 Give Way/Uncontrolled,Unclassified,0,0 No Xing Facility In 50m,2 Dark,2 Raining,2 Road-Wet,0 None,0 None,529810,182370,-0.130192,51.525335,,,Unknown,"(51.525335, -0.130192)",http://opendatacommunities.org/id/london-borough-council/camden,6634,21/12/2020 02:48:39 PM
1180124569,CAMDEN,2 Passenger,2 Female,25-59,31,1,3 Slight,-2 Unknown,-2 N/A,4 Car,SHAFTESBURY AVENUE J/W NEAL STREET,2,01/08/2018 01:25:00 PM,Wednesday,13.25,3 Bor,A,401,6 Single Cwy,1 <= 20 MPH,3 T/Stag Jun,4 Give Way/Uncontrolled,Unclassified,0,1 Zebra,1 Daylight,1 Fine,1 Road-Dry,0 None,0 None,530060,181220,-0.127015,51.514943,,,Unknown,"(51.514943, -0.127015)",http://opendatacommunities.org/id/london-borough-council/camden,8212,21/12/2020 02:48:42 PM
1180101891,CAMDEN,2 Passenger,1 Male,25-59,27,1,3 Slight,-2 Unknown,-2 N/A,4 Car,HENDON WAY J/W FINCHLEY ROAD,4,15/04/2018 03:30:00 PM,Sunday,15.30,1 TLRN,A,41,3 Dual Cwy,3 40 MPH,3 T/Stag Jun,2 Auto Sig,A,598,5 Pedn Phase At Ats,1 Daylight,2 Raining,2 Road-Wet,0 None,0 None,525081,186057,-0.197014,51.559537,,,Unknown,"(51.559537, -0.197014)",http://opendatacommunities.org/id/london-borough-council/camden,7887,21/12/2020 02:48:41 PM
0115EK40798,CAMDEN,1 Driver/Rider,1 Male,25-59,31,1,3 Slight,-2 Unknown,-2 N/A,5 Taxi,GOODS WAY J/W CAMLEY STREET,2,21/08/2015 12:00:00 PM,Friday,12.00,3 Bor,C,0,6 Single Cwy,2 30 MPH,3 T/Stag Jun,4 Give Way/Uncontrolled,Unclassified,0,0 No Xing Facility In 50m,1 Daylight,1 Fine,1 Road-Dry,0 None,0 None,530030,183320,-0.126672,51.533822,,,Unknown,"(51.533822, -0.126672)",http://opendatacommunities.org/id/london-borough-council/camden,5259,21/12/2020 02:48:37 PM
1190222985,CAMDEN,3 PEDESTRIAN,1 MALE,25-59,56,1,3 SLIGHT,01 CROSSING ROAD ON PED XING,'-2 NOT APPLICABLE,1 PEDESTRIAN,"On Abbey Road, 30 metres north of the junction with Langtry Walk.. The nearest classified road was the B507. The nearest classified road was the B507",2,05/12/2019 11:30:00 AM,Thursday,11.30,3 BOR,B,507,3 DUAL CWY,30,00 NO JUN IN 20M,,0,0,4 PELICAN OR SIMILAR,2 DAYLIGHT,1 FINE,1 ROAD-DRY,0 NONE,0 NONE,525873,183787,-0.186406,51.53896,,,Unknown,"(51.53896, -0.186406)",http://opendatacommunities.org/id/london-borough-council/camden,9588,21/12/2020 02:48:45 PM
1180130446,CAMDEN,3 Pedestrian,1 Male,16-24,22,1,3 Slight,09 In Road - Not Crossing,5 In Rd Not Crossing,1 Pedestrian,KILBURN HIGH ROAD J/W WILLESDEN LANE,1,03/09/2018 11:33:00 PM,Monday,23.33,3 Bor,A,5,6 Single Cwy,2 30 MPH,6 Crossroads,2 Auto Sig,A,4003,4 Pelican Or Similar,2 Dark,1 Fine,1 Road-Dry,0 None,2 Other Object In Cwy,525050,184090,-0.198159,51.541866,,,Unknown,"(51.541866, -0.198159)",http://opendatacommunities.org/id/london-borough-council/camden,8300,21/12/2020 02:48:42 PM
1170055690,CAMDEN,1 Driver/Rider,1 Male,16-24,21,1,3 Slight,-2 Unknown,-2 N/A,2 Pedal Cycle,GRAYS INN ROAD J/W SIDMOUTH STREET,2,05/07/2017 11:20:00 AM,Wednesday,11.20,3 Bor,A,5200,6 Single Cwy,2 30 MPH,3 T/Stag Jun,2 Auto Sig,C,0,0 No Xing Facility In 50m,1 Daylight,1 Fine,1 Road-Dry,0 None,0 None,530620,182580,-0.118445,51.527036,,,Unknown,"(51.527036, -0.118445)",http://opendatacommunities.org/id/london-borough-council/camden,7270,21/12/2020 02:48:40 PM
0115EK40491,CAMDEN,2 Passenger,1 Male,25-59,39,1,3 Slight,-2 Unknown,-2 N/A,6 Bus Or Coach,EUSTON ROAD J/W DUKE'S ROAD,2,15/06/2015 10:01:00 AM,Monday,10.01,1 TLRN,A,501,3 Dual Cwy,3 40 MPH,6 Crossroads,2 Auto Sig,Unclassified,0,5 Pedn Phase At Ats,1 Daylight,1 Fine,1 Road-Dry,0 None,0 None,529840,182640,-0.12966,51.527755,,,Unknown,"(51.527755, -0.12966)",http://opendatacommunities.org/id/london-borough-council/camden,4977,21/12/2020 02:48:36 PM
1170010303,CAMDEN,2 Passenger,2 Female,60+,80,1,2 Serious,-2 Unknown,-2 N/A,4 Car,CAMDEN STREET J/W CROWNDALE ROAD,2,01/01/2017 05:20:00 PM,Sunday,17.20,1 TLRN,A,400,6 Single Cwy,2 30 MPH,6 Crossroads,2 Auto Sig,B,512,4 Pelican Or Similar,2 Dark,9 Unknown,9 Unknown (S/R),9 Unknown (S/R),9 Unknown (S/R),529410,183460,-0.135554,51.535223,,,Unknown,"(51.535223, -0.135554)",http://opendatacommunities.org/id/london-borough-council/camden,6560,21/12/2020 02:48:39 PM
1190181771,CAMDEN,1 DRIVER/RIDER,1 MALE,25-59,48,1,3 SLIGHT,'-2 NOT APPLICABLE,'-2 NOT APPLICABLE,2 PEDAL CYCLE,"On Bloomsbury Place, 25 metres east of the junction with Southamptom Row.",2,18/05/2019 04:40:00 PM,Saturday,16.40,3 BOR,5,0,9 UNKNOWN,30,00 NO JUN IN 20M,,0,0,9 UNKNOWN (S/R),2 DAYLIGHT,1 FINE,1 ROAD-DRY,0 NONE,0 NONE,530380,181780,-0.122198,51.519902,,,Unknown,"(51.519902, -0.122198)",http://opendatacommunities.org/id/london-borough-council/camden,9021,21/12/2020 02:48:44 PM
0115EK41099,CAMDEN,2 Passenger,1 Male,25-59,57,1,3 Slight,-2 Unknown,-2 N/A,4 Car,HAVERSTOCK HILL J/W PARKHILL ROAD,4,09/12/2015 04:10:00 PM,Wednesday,16.10,3 Bor,A,502,6 Single Cwy,2 30 MPH,3 T/Stag Jun,4 Give Way/Uncontrolled,C,0,0 No Xing Facility In 50m,2 Dark,1 Fine,2 Road-Wet,0 None,0 None,527720,184750,-0.159439,51.5472,,,Unknown,"(51.5472, -0.159439)",http://opendatacommunities.org/id/london-borough-council/camden,5505,21/12/2020 02:48:37 PM
1190182408,CAMDEN,1 DRIVER/RIDER,2 FEMALE,25-59,26,1,3 SLIGHT,'-2 NOT APPLICABLE,'-2 NOT APPLICABLE,2 PEDAL CYCLE,"On Clerkenwell Road, 5 metres south of the junction with LAYSTALL ROAD.",2,22/05/2019 09:30:00 AM,Wednesday,9.30,3 BOR,A,5201,3 DUAL CWY,20,03 T/STAG JUN,4 GIVE WAY/UNCONTROLLED,6,0,1 ZEBRA,2 DAYLIGHT,1 FINE,1 ROAD-DRY,0 NONE,0 NONE,531161,182031,-0.110855,51.521977,,,Unknown,"(51.521977, -0.110855)",http://opendatacommunities.org/id/london-borough-council/camden,9029,21/12/2020 02:48:44 PM
1170057743,CAMDEN,1 Driver/Rider,1 Male,25-59,30,1,3 Slight,-2 Unknown,-2 N/A,2 Pedal Cycle,KILBURN HIGH ROAD J/W QUEX ROAD,2,04/09/2017 10:45:00 AM,Monday,10.45,3 Bor,A,5,9 Unknown,2 30 MPH,3 T/Stag Jun,9 Unknown (S/R),B,510,9 Unknown (S/R),1 Daylight,9 Unknown,9 Unknown (S/R),0 None,9 Unknown (S/R),525240,183850,-0.195506,51.539667,,,Unknown,"(51.539667, -0.195506)",http://opendatacommunities.org/id/london-borough-council/camden,7305,21/12/2020 02:48:40 PM
1190211831,CAMDEN,3 PEDESTRIAN,1 MALE,16-24,18,1,2 SERIOUS,01 CROSSING ROAD ON PED XING,'-2 NOT APPLICABLE,1 PEDESTRIAN,"On Pentonville Road, near the junction with Kings Cross Road.",1,15/10/2019 01:41:00 PM,Tuesday,13.41,1 TLRN,A,501,6 SINGLE CWY,30,03 T/STAG JUN,2 AUTO SIG,A,501,4 PELICAN OR SIMILAR,2 DAYLIGHT,1 FINE,1 ROAD-DRY,0 NONE,0 NONE,530537,183013,-0.11948,51.530946,,,Unknown,"(51.530946, -0.11948)",http://opendatacommunities.org/id/london-borough-council/camden,9438,21/12/2020 02:48:44 PM
1180154322,CAMDEN,1 Driver/Rider,1 Male,16-24,22,1,3 Slight,-2 Unknown,-2 N/A,4 Car,FINCHLEY ROAD J/W PLATTS LANE,2,25/12/2018 04:01:00 PM,Tuesday,16.01,1 TLRN,A,41,3 Dual Cwy,2 30 MPH,7 Multi Jun,2 Auto Sig,C,0,5 Pedn Phase At Ats,2 Dark,1 Fine,1 Road-Dry,1 Traf Sig Out,0 None,525170,185860,-0.195801,51.557747,,,Unknown,"(51.557747, -0.195801)",http://opendatacommunities.org/id/london-borough-council/camden,8640,21/12/2020 02:48:43 PM
1190194969,CAMDEN,1 DRIVER/RIDER,1 MALE,U,,1,3 SLIGHT,'-2 NOT APPLICABLE,'-2 NOT APPLICABLE,4 CAR,"On Cenacle Close, near the junction with W Heath Road .",2,21/07/2019 07:15:00 AM,Sunday,7.15,3 BOR,5,0,7 SLIP RD,30,03 T/STAG JUN,2 AUTO SIG,5,0,5 PEDN PHASE AT ATS,2 DAYLIGHT,8 OTHER,1 ROAD-DRY,9 UNKNOWN (S/R),0 NONE,525563,186420,-0.189935,51.562692,,,Unknown,"(51.562692, -0.189935)",http://opendatacommunities.org/id/london-borough-council/camden,9207,21/12/2020 02:48:44 PM
1170050247,CAMDEN,1 Driver/Rider,1 Male,25-59,34,1,3 Slight,-2 Unknown,-2 N/A,2 Pedal Cycle,HIGH HOLBORN 25M E OF J/W SOUTH HAMPTON ROW THE NEAREST CLASSIFIED,2,17/07/2017 08:10:00 PM,Monday,20.10,3 Bor,A,40,9 Unknown,1 <= 20 MPH,0 No Jun In 20m,-2 Not Applicable,-2 Not Applicable,0,9 Unknown (S/R),1 Daylight,9 Unknown,1 Road-Dry,9 Unknown (S/R),9 Unknown (S/R),530550,181538,-0.119839,51.517688,,,Unknown,"(51.517688, -0.119839)",http://opendatacommunities.org/id/london-borough-council/camden,7187,21/12/2020 02:48:40 PM
0115EK40321,CAMDEN,1 Driver/Rider,1 Male,25-59,45,1,3 Slight,-2 Unknown,-2 N/A,5 Taxi,CAMDEN STREET J/W GREENLAND ROAD,2,26/04/2015 01:20:00 AM,Sunday,1.20,1 TLRN,A,400,6 Single Cwy,2 30 MPH,3 T/Stag Jun,4 Give Way/Uncontrolled,Unclassified,0,0 No Xing Facility In 50m,2 Dark,1 Fine,2 Road-Wet,0 None,0 None,529130,183960,-0.139406,51.53978,,,Unknown,"(51.53978, -0.139406)",http://opendatacommunities.org/id/london-borough-council/camden,4841,21/12/2020 02:48:36 PM
0116EK40096,CAMDEN,2 Passenger,2 Female,25-59,41,1,3 Slight,-2 Unknown,-2 N/A,6 Bus Or Coach,WEST END LANE 23M S OF DENNINGTON PARK ROAD,1,21/02/2016 10:32:00 AM,Sunday,10.32,3 Bor,B,510,6 Single Cwy,1 <= 20 MPH,0 No Jun In 20m,-2 Not Applicable,-2 Not Applicable,0,0 No Xing Facility In 50m,1 Daylight,1 Fine,1 Road-Dry,0 None,0 None,525490,184990,-0.191497,51.549857,,,Unknown,"(51.549857, -0.191497)",http://opendatacommunities.org/id/london-borough-council/camden,6054,21/12/2020 02:48:38 PM