Reference,London Borough Name,Casualty Class,Casualty Sex,Casualty Age Band,Casualty Age,Number Of Casualties,Casualty Severity,Pedestrian Location,Pedestrian Movement,Mode Of Travel,Attendant Location,Number Of Vehicles,Date,Day,Time,Highway,Road Class 1,Road Number 1,Road Type,Speed Limit,Junction Detail,Junction Control,Road Class 2,Road Number 2,Pedestrian Crossing,Light Condition Band,Weather,Road Surface,Special Conditions,Carriage Way Hazard,Easting,Northing,Longitude,Latitude,Ward Code,Ward Name,Spatial Accuracy,Location,Organisation URI,Socrata ID,Last Uploaded
1190191770,CAMDEN,1 DRIVER/RIDER,1 MALE,16-24,17,1,3 SLIGHT,'-2 NOT APPLICABLE,'-2 NOT APPLICABLE,3 POWERED 2 WHEELER,"On Adelaide Road, near the junction with Lower Merton Rise.",2,05/07/2019 10:30:00 PM,Friday,22.30,3 BOR,B,509,3 DUAL CWY,20,03 T/STAG JUN,4 GIVE WAY/UNCONTROLLED,6,0,5 PEDN PHASE AT ATS,1 DARK,1 FINE,1 ROAD-DRY,0 NONE,0 NONE,527227,184279,-0.166716,51.543079,,,Unknown,"(51.543079, -0.166716)",http://opendatacommunities.org/id/london-borough-council/camden,9166,21/12/2020 02:48:44 PM
0116EK40222,CAMDEN,1 Driver/Rider,2 Female,25-59,28,1,3 Slight,-2 Unknown,-2 N/A,2 Pedal Cycle,GOODGE STREET 22M SW OF GOODGE PLACE,2,15/04/2016 07:41:00 AM,Friday,7.41,3 Bor,B,506,6 Single Cwy,2 30 MPH,0 No Jun In 20m,-2 Not Applicable,-2 Not Applicable,0,0 No Xing Facility In 50m,1 Daylight,2 Raining,2 Road-Wet,0 None,0 None,529390,181660,-0.136503,51.519051,,,Unknown,"(51.519051, -0.136503)",http://opendatacommunities.org/id/london-borough-council/camden,6167,21/12/2020 02:48:38 PM
1170069933,CAMDEN,1 Driver/Rider,2 Female,25-59,45,1,2 Serious,-2 Unknown,-2 N/A,2 Pedal Cycle,EUSTON ROAD 25M W OF J/W YORK WAY,2,13/11/2017 05:20:00 PM,Monday,17.20,1 TLRN,A,501,3 Dual Cwy,2 30 MPH,0 No Jun In 20m,-2 Not Applicable,-2 Not Applicable,0,9 Unknown (S/R),2 Dark,1 Fine,1 Road-Dry,0 None,9 Unknown (S/R),530280,182950,-0.123206,51.530439,,,Unknown,"(51.530439, -0.123206)",http://opendatacommunities.org/id/london-borough-council/camden,7510,21/12/2020 02:48:41 PM
0115EK40432,CAMDEN,1 Driver/Rider,1 Male,25-59,34,1,3 Slight,-2 Unknown,-2 N/A,3 Powered 2 Wheeler,WICKLOW STREET J/W BRITANNIA STREET,2,03/06/2015 09:33:00 AM,Wednesday,9.33,3 Bor,Unclassified,0,6 Single Cwy,2 30 MPH,6 Crossroads,4 Give Way/Uncontrolled,Unclassified,0,0 No Xing Facility In 50m,1 Daylight,1 Fine,1 Road-Dry,0 None,0 None,530550,182860,-0.11935,51.529568,,,Unknown,"(51.529568, -0.11935)",http://opendatacommunities.org/id/london-borough-council/camden,4924,21/12/2020 02:48:36 PM
0115EK41053,CAMDEN,1 Driver/Rider,1 Male,25-59,29,1,3 Slight,-2 Unknown,-2 N/A,2 Pedal Cycle,YORK WAY J/W HANDYSIDE STREET.,2,26/11/2015 06:05:00 PM,Thursday,18.05,3 Bor,A,5200,6 Single Cwy,2 30 MPH,6 Crossroads,2 Auto Sig,A,5200,5 Pedn Phase At Ats,2 Dark,1 Fine,1 Road-Dry,0 None,0 None,530310,183670,-0.122508,51.536903,,,Unknown,"(51.536903, -0.122508)",http://opendatacommunities.org/id/london-borough-council/camden,5468,21/12/2020 02:48:37 PM
1170069090,CAMDEN,3 Pedestrian,2 Female,16-24,22,1,3 Slight,10 Unknown,9 Unknown Or Other,1 Pedestrian,YORK WAY 30M S Of J/W FREIGHT LANE,1,27/10/2017 11:30:00 PM,Friday,23.30,3 Bor,A,5200,6 Single Cwy,2 30 MPH,0 No Jun In 20m,-2 Not Applicable,-2 Not Applicable,0,9 Unknown (S/R),2 Dark,1 Fine,1 Road-Dry,0 None,0 None,530140,184024,-0.124827,51.540123,,,Unknown,"(51.540123, -0.124827)",http://opendatacommunities.org/id/london-borough-council/camden,7497,21/12/2020 02:48:41 PM
1170018384,CAMDEN,2 Passenger,1 Male,25-59,25,1,3 Slight,-2 Unknown,-2 N/A,4 Car,EUSTON ROAD J/W CHURCHWAY,2,14/02/2017 09:00:00 PM,Tuesday,21.00,1 TLRN,A,501,6 Single Cwy,2 30 MPH,6 Crossroads,2 Auto Sig,Unclassified,0,0 No Xing Facility In 50m,2 Dark,1 Fine,1 Road-Dry,0 None,0 None,529850,182640,-0.129516,51.527752,,,Unknown,"(51.527752, -0.129516)",http://opendatacommunities.org/id/london-borough-council/camden,6673,21/12/2020 02:48:39 PM
1180112635,CAMDEN,1 Driver/Rider,1 Male,25-59,25,1,3 Slight,-2 Unknown,-2 N/A,7 Goods Vehicle,CAMDEN ROAD J/W LYME STREET,2,07/06/2018 12:12:00 AM,Thursday,0.12,1 TLRN,A,503,3 Dual Cwy,1 <= 20 MPH,3 T/Stag Jun,1 Auth Person,Unclassified,0,0 No Xing Facility In 50m,2 Dark,1 Fine,1 Road-Dry,0 None,0 None,529120,184060,-0.139513,51.540681,,,Unknown,"(51.540681, -0.139513)",http://opendatacommunities.org/id/london-borough-council/camden,8056,21/12/2020 02:48:42 PM
1170045926,CAMDEN,3 Pedestrian,2 Female,16-24,19,1,3 Slight,01 Crossing Road On Ped Xing,1 From Drivers N/Side,1 Pedestrian,GRAYS INN ROAD J/W SIDMOUTH STREET,1,30/06/2017 01:10:00 PM,Friday,13.10,3 Bor,A,5200,6 Single Cwy,1 <= 20 MPH,3 T/Stag Jun,2 Auto Sig,C,0,5 Pedn Phase At Ats,1 Daylight,1 Fine,1 Road-Dry,0 None,0 None,530610,182590,-0.118585,51.527128,,,Unknown,"(51.527128, -0.118585)",http://opendatacommunities.org/id/london-borough-council/camden,7102,21/12/2020 02:48:40 PM
0116EK40406,CAMDEN,1 Driver/Rider,1 Male,16-24,23,1,3 Slight,-2 Unknown,-2 N/A,2 Pedal Cycle,PARKWAY J/W ALBERT STREET,2,10/06/2016 07:09:00 PM,Friday,19.09,3 Bor,A,4201,2 One-Way St,2 30 MPH,3 T/Stag Jun,4 Give Way/Uncontrolled,Unclassified,0,0 No Xing Facility In 50m,1 Daylight,1 Fine,1 Road-Dry,0 None,0 None,528760,183730,-0.144822,51.537797,,,Unknown,"(51.537797, -0.144822)",http://opendatacommunities.org/id/london-borough-council/camden,6323,21/12/2020 02:48:38 PM
1180154364,CAMDEN,2 Passenger,2 Female,25-59,57,1,3 Slight,-2 Unknown,-2 N/A,4 Car,KILBURN HIGH ROAD 40M NW OF J/W KILBURN PRIORY,2,25/12/2018 10:20:00 PM,Tuesday,22.20,3 Bor,A,5,3 Dual Cwy,2 30 MPH,0 No Jun In 20m,-2 Not Applicable,-2 Not Applicable,0,1 Zebra,2 Dark,1 Fine,1 Road-Dry,0 None,0 None,525600,183390,-0.190482,51.535453,,,Unknown,"(51.535453, -0.190482)",http://opendatacommunities.org/id/london-borough-council/camden,8642,21/12/2020 02:48:43 PM
1190187958,CAMDEN,3 PEDESTRIAN,1 MALE,0-15,0,1,3 SLIGHT,04 CROSSING ROAD WITHIN 50M XING,1 FROM DRIVERS N/SIDE,1 PEDESTRIAN,"On Tottenham Court Road, 15 metres north of the junction with Torrington Place.",1,18/06/2019 11:35:00 AM,Tuesday,11.35,3 BOR,A,400,6 SINGLE CWY,20,05 SLIP ROAD,4 GIVE WAY/UNCONTROLLED,5,0,4 PELICAN OR SIMILAR,2 DAYLIGHT,1 FINE,1 ROAD-DRY,0 NONE,0 NONE,529498,181915,-0.134854,51.521318,,,Unknown,"(51.521318, -0.134854)",http://opendatacommunities.org/id/london-borough-council/camden,9110,21/12/2020 02:48:44 PM
0115EK40109,CAMDEN,1 Driver/Rider,1 Male,25-59,31,1,3 Slight,-2 Unknown,-2 N/A,3 Powered 2 Wheeler,LANSDOWNE TERRACE J/W BRUNSWICK SQUARE,2,12/02/2015 02:40:00 PM,Thursday,14.40,3 Bor,C,0,6 Single Cwy,2 30 MPH,9 Other Jun,4 Give Way/Uncontrolled,Unclassified,0,0 No Xing Facility In 50m,1 Daylight,1 Fine,1 Road-Dry,0 None,0 None,530450,182220,-0.121027,51.52384,,,Unknown,"(51.52384, -0.121027)",http://opendatacommunities.org/id/london-borough-council/camden,4666,21/12/2020 02:48:36 PM
1170073402,CAMDEN,1 Driver/Rider,2 Female,60+,62,1,3 Slight,-2 Unknown,-2 N/A,4 Car,MILL LANE J/W ALDRED ROAD,2,28/11/2017 08:20:00 AM,Tuesday,8.20,3 Bor,C,0,3 Dual Cwy,1 <= 20 MPH,3 T/Stag Jun,4 Give Way/Uncontrolled,Unclassified,0,0 No Xing Facility In 50m,1 Daylight,1 Fine,1 Road-Dry,0 None,0 None,525200,185220,-0.195596,51.551988,,,Unknown,"(51.551988, -0.195596)",http://opendatacommunities.org/id/london-borough-council/camden,7557,21/12/2020 02:48:41 PM
1190161026,CAMDEN,2 PASSENGER,1 MALE,25-59,30,1,2 SERIOUS,'-2 NOT APPLICABLE,'-2 NOT APPLICABLE,4 CAR,"On Eversholt Street, 35 metres south of the junction with Drummon Crescent.",2,02/02/2019 10:56:00 AM,Saturday,10.56,3 BOR,A,4200,3 DUAL CWY,20,00 NO JUN IN 20M,,0,0,0 NO XING FACILITY IN 50M,1 DARK,1 FINE,4 ROAD-FROST/ICE,0 NONE,0 NONE,529609,182803,-0.132928,51.529273,,,Unknown,"(51.529273, -0.132928)",http://opendatacommunities.org/id/london-borough-council/camden,8744,21/12/2020 02:48:43 PM
1190207632,CAMDEN,3 PEDESTRIAN,2 FEMALE,60+,71,1,2 SERIOUS,10 UNKNOWN OR OTHER,'-2 NOT APPLICABLE,1 PEDESTRIAN,"On Pratt Street, near the junction with Bayham Street .",1,22/08/2019 10:02:00 PM,Thursday,22.02,3 BOR,A,503,2 ONE-WAY ST,30,06 CROSSROADS,9 UNKNOWN (S/R),A,503,9 UNKNOWN (S/R),2 DAYLIGHT,9 UNKNOWN,9 UNKNOWN (S/R),9 UNKNOWN (S/R),9 UNKNOWN (S/R),529091,183709,-0.14006,51.537533,,,Unknown,"(51.537533, -0.14006)",http://opendatacommunities.org/id/london-borough-council/camden,9387,21/12/2020 02:48:44 PM
1170033899,CAMDEN,1 Driver/Rider,1 Male,25-59,48,1,3 Slight,-2 Unknown,-2 N/A,2 Pedal Cycle,CALTHORPE STREET J/W PHOENIX PLACE,2,25/04/2017 06:20:00 PM,Tuesday,18.20,3 Bor,B,502,6 Single Cwy,1 <= 20 MPH,6 Crossroads,4 Give Way/Uncontrolled,C,0,4 Pelican Or Similar,1 Daylight,1 Fine,1 Road-Dry,0 None,0 None,530910,182410,-0.11433,51.525441,,,Unknown,"(51.525441, -0.11433)",http://opendatacommunities.org/id/london-borough-council/camden,6909,21/12/2020 02:48:39 PM
1190159073,CAMDEN,3 PEDESTRIAN,2 FEMALE,25-59,26,1,3 SLIGHT,01 CROSSING ROAD ON PED XING,1 FROM DRIVERS N/SIDE,1 PEDESTRIAN,"On Grays Inn Road, 10 metres north of the junction with Guilford Street.",1,23/01/2019 09:21:00 AM,Wednesday,9.21,3 BOR,A,5200,6 SINGLE CWY,20,07 MULTI JUN,2 AUTO SIG,B,502,4 PELICAN OR SIMILAR,2 DAYLIGHT,1 FINE,1 ROAD-DRY,0 NONE,0 NONE,530790,182304,-0.116098,51.524516,,,Unknown,"(51.524516, -0.116098)",http://opendatacommunities.org/id/london-borough-council/camden,8718,21/12/2020 02:48:43 PM
0115EK40343,CAMDEN,1 Driver/Rider,1 Male,16-24,23,1,3 Slight,-2 Unknown,-2 N/A,2 Pedal Cycle,NFL- BARKER DRIVE J/W WEAVERS WAY,2,05/05/2015 06:57:00 PM,Tuesday,18.57,3 Bor,Unclassified,0,6 Single Cwy,2 30 MPH,3 T/Stag Jun,4 Give Way/Uncontrolled,Unclassified,0,0 No Xing Facility In 50m,1 Daylight,1 Fine,1 Road-Dry,0 None,0 None,529590,184040,-0.132747,51.540394,,,Unknown,"(51.540394, -0.132747)",http://opendatacommunities.org/id/london-borough-council/camden,4852,21/12/2020 02:48:36 PM
1180095338,CAMDEN,2 Passenger,2 Female,25-59,25,1,3 Slight,-2 Unknown,-2 N/A,5 Taxi,BLOOMSBURY WAY J/W SOUTHAMPTON PLACE,2,10/03/2018 08:45:00 PM,Saturday,20.45,3 Bor,A,40,6 Single Cwy,1 <= 20 MPH,3 T/Stag Jun,2 Auto Sig,C,0,0 No Xing Facility In 50m,2 Dark,1 Fine,1 Road-Dry,0 None,0 None,530380,181620,-0.122258,51.518464,,,Unknown,"(51.518464, -0.122258)",http://opendatacommunities.org/id/london-borough-council/camden,7808,21/12/2020 02:48:41 PM
0115EK40480,CAMDEN,1 Driver/Rider,1 Male,25-59,40,1,3 Slight,-2 Unknown,-2 N/A,4 Car,CAMDEN ROAD J/W ROCHESTER ROAD,3,12/06/2015 11:03:00 PM,Friday,23.03,1 TLRN,A,503,6 Single Cwy,2 30 MPH,3 T/Stag Jun,4 Give Way/Uncontrolled,Unclassified,0,0 No Xing Facility In 50m,2 Dark,1 Fine,1 Road-Dry,0 None,0 None,529350,184420,-0.136066,51.543864,,,Unknown,"(51.543864, -0.136066)",http://opendatacommunities.org/id/london-borough-council/camden,4971,21/12/2020 02:48:36 PM
1190204947,CAMDEN,1 DRIVER/RIDER,1 MALE,25-59,37,1,3 SLIGHT,'-2 NOT APPLICABLE,'-2 NOT APPLICABLE,3 POWERED 2 WHEELER,"On FINCHLEY ROAD, near the junction with AVLANLEY ROAD.",2,12/09/2019 05:15:00 PM,Thursday,17.15,1 TLRN,A,41,3 DUAL CWY,30,03 T/STAG JUN,4 GIVE WAY/UNCONTROLLED,6,0,0 NO XING FACILITY IN 50M,2 DAYLIGHT,1 FINE,1 ROAD-DRY,0 NONE,0 NONE,525714,185303,-0.188156,51.55262,,,Unknown,"(51.55262, -0.188156)",http://opendatacommunities.org/id/london-borough-council/camden,9357,21/12/2020 02:48:44 PM
1180081909,CAMDEN,1 Driver/Rider,1 Male,0-15,14,1,3 Slight,-2 Unknown,-2 N/A,2 Pedal Cycle,KENTISH TOWN ROAD J/W HIGHGATE ROAD,2,06/01/2018 04:45:00 PM,Saturday,16.45,3 Bor,A,400,6 Single Cwy,1 <= 20 MPH,3 T/Stag Jun,2 Auto Sig,B,518,5 Pedn Phase At Ats,2 Dark,1 Fine,1 Road-Dry,0 None,0 None,528970,185270,-0.141232,51.551589,,,Unknown,"(51.551589, -0.141232)",http://opendatacommunities.org/id/london-borough-council/camden,7654,21/12/2020 02:48:41 PM
1180099488,CAMDEN,1 Driver/Rider,1 Male,25-59,40,1,3 Slight,-2 Unknown,-2 N/A,2 Pedal Cycle,WEST END LANE J/W WEST END LANE,2,01/04/2018 04:40:00 PM,Sunday,16.40,3 Bor,B,510,6 Single Cwy,2 30 MPH,3 T/Stag Jun,4 Give Way/Uncontrolled,B,510,1 Zebra,1 Daylight,1 Fine,1 Road-Dry,0 None,0 None,525400,185210,-0.192716,51.551854,,,Unknown,"(51.551854, -0.192716)",http://opendatacommunities.org/id/london-borough-council/camden,7860,21/12/2020 02:48:41 PM
1170076530,CAMDEN,1 Driver/Rider,1 Male,16-24,21,1,3 Slight,-2 Unknown,-2 N/A,3 Powered 2 Wheeler,FINCHLEY ROAD J/W PARSIFAL ROAD,2,09/12/2017 01:40:00 PM,Saturday,13.40,1 TLRN,A,41,3 Dual Cwy,2 30 MPH,3 T/Stag Jun,4 Give Way/Uncontrolled,Unclassified,0,0 No Xing Facility In 50m,1 Daylight,1 Fine,1 Road-Dry,0 None,0 None,525400,185560,-0.192591,51.555,,,Unknown,"(51.555, -0.192591)",http://opendatacommunities.org/id/london-borough-council/camden,7598,21/12/2020 02:48:41 PM
1170026481,CAMDEN,1 Driver/Rider,1 Male,25-59,30,1,3 Slight,-2 Unknown,-2 N/A,3 Powered 2 Wheeler,ETON ROAD J/W ETON COLLEGE ROAD,2,08/03/2017 01:35:00 PM,Wednesday,13.35,3 Bor,Unclassified,0,9 Unknown,1 <= 20 MPH,6 Crossroads,4 Give Way/Uncontrolled,Unclassified,0,0 No Xing Facility In 50m,1 Daylight,1 Fine,1 Road-Dry,0 None,0 None,527860,184580,-0.157483,51.545641,,,Unknown,"(51.545641, -0.157483)",http://opendatacommunities.org/id/london-borough-council/camden,6796,21/12/2020 02:48:39 PM
1180107390,CAMDEN,1 Driver/Rider,2 Female,25-59,38,1,3 Slight,-2 Unknown,-2 N/A,4 Car,MARSDEN STREET 50M W OF J/W TALACRE ROAD,2,11/05/2018 04:15:00 PM,Friday,16.15,3 Bor,Unclassified,0,6 Single Cwy,1 <= 20 MPH,0 No Jun In 20m,-2 Not Applicable,-2 Not Applicable,0,9 Unknown (S/R),1 Daylight,8 Other,1 Road-Dry,9 Unknown (S/R),0 None,528370,184760,-0.150067,51.547143,,,Unknown,"(51.547143, -0.150067)",http://opendatacommunities.org/id/london-borough-council/camden,7986,21/12/2020 02:48:42 PM
1180110865,CAMDEN,1 Driver/Rider,2 Female,25-59,28,1,3 Slight,-2 Unknown,-2 N/A,4 Car,CAMDEN ROAD J/W ROCHESTER ROAD,1,26/05/2018 12:45:00 PM,Saturday,12.45,1 TLRN,A,503,3 Dual Cwy,2 30 MPH,3 T/Stag Jun,4 Give Way/Uncontrolled,Unclassified,0,4 Pelican Or Similar,1 Daylight,1 Fine,1 Road-Dry,0 None,0 None,529340,184410,-0.136214,51.543776,,,Unknown,"(51.543776, -0.136214)",http://opendatacommunities.org/id/london-borough-council/camden,8030,21/12/2020 02:48:42 PM
0116EK40258,CAMDEN,1 Driver/Rider,2 Female,16-24,24,1,3 Slight,-2 Unknown,-2 N/A,2 Pedal Cycle,GRAY'S INN ROAD J/W MOUNT PLEASANT,2,04/01/2016 07:05:00 AM,Monday,7.05,3 Bor,A,5200,6 Single Cwy,1 <= 20 MPH,3 T/Stag Jun,4 Give Way/Uncontrolled,A,5200,0 No Xing Facility In 50m,1 Daylight,1 Fine,2 Road-Wet,0 None,0 None,530970,182000,-0.113618,51.521743,,,Unknown,"(51.521743, -0.113618)",http://opendatacommunities.org/id/london-borough-council/camden,6197,21/12/2020 02:48:38 PM
1190217392,CAMDEN,3 PEDESTRIAN,2 FEMALE,25-59,57,1,3 SLIGHT,04 CROSSING ROAD WITHIN 50M XING,'-2 NOT APPLICABLE,1 PEDESTRIAN,"On Chalk Farm Road, 15 metres north of the junction with Hawley street.",2,10/11/2019 03:10:00 PM,Sunday,15.10,3 BOR,A,502,3 DUAL CWY,20,03 T/STAG JUN,4 GIVE WAY/UNCONTROLLED,A,502,1 ZEBRA,2 DAYLIGHT,1 FINE,1 ROAD-DRY,0 NONE,0 NONE,528616,184225,-0.146716,51.542279,,,Unknown,"(51.542279, -0.146716)",http://opendatacommunities.org/id/london-borough-council/camden,9507,21/12/2020 02:48:44 PM
1170048448,CAMDEN,1 Driver/Rider,1 Male,25-59,36,1,2 Serious,-2 Unknown,-2 N/A,3 Powered 2 Wheeler,FINCHLEY ROAD J/W PARSIFAL STREET,2,14/07/2017 06:06:00 PM,Friday,18.06,1 TLRN,A,41,3 Dual Cwy,2 30 MPH,3 T/Stag Jun,4 Give Way/Uncontrolled,Unclassified,0,0 No Xing Facility In 50m,1 Daylight,1 Fine,1 Road-Dry,0 None,0 None,525380,185570,-0.192876,51.555094,,,Unknown,"(51.555094, -0.192876)",http://opendatacommunities.org/id/london-borough-council/camden,7150,21/12/2020 02:48:40 PM
1170037968,CAMDEN,3 Pedestrian,1 Male,25-59,49,1,3 Slight,09 In Road - Not Crossing,9 Unknown Or Other,1 Pedestrian,BROADHURST GARDENS J/W FAIRHAZEL GARDENS,1,15/05/2017 04:10:00 PM,Monday,16.10,3 Bor,C,0,2 One-Way St,1 <= 20 MPH,3 T/Stag Jun,4 Give Way/Uncontrolled,Unclassified,0,0 No Xing Facility In 50m,1 Daylight,1 Fine,1 Road-Dry,0 None,0 None,525900,184620,-0.185719,51.54644,,,Unknown,"(51.54644, -0.185719)",http://opendatacommunities.org/id/london-borough-council/camden,6971,21/12/2020 02:48:39 PM
1170049429,CAMDEN,1 Driver/Rider,1 Male,25-59,31,1,3 Slight,-2 Unknown,-2 N/A,2 Pedal Cycle,ROYAL COLLEGE STREET J/W CAMDEN ROAD,2,30/06/2017 08:00:00 PM,Friday,20.00,1 TLRN,A,5202,2 One-Way St,1 <= 20 MPH,7 Multi Jun,2 Auto Sig,A,503,5 Pedn Phase At Ats,1 Daylight,1 Fine,1 Road-Dry,0 None,0 None,529220,184160,-0.138035,51.541557,,,Unknown,"(51.541557, -0.138035)",http://opendatacommunities.org/id/london-borough-council/camden,7165,21/12/2020 02:48:40 PM
1170056044,CAMDEN,3 Pedestrian,2 Female,16-24,20,1,3 Slight,01 Crossing Road On Ped Xing,1 From Drivers N/Side,1 Pedestrian,HILGROVE ROAD J/W BELSIZE ROAD NW6,1,25/08/2017 05:05:00 PM,Friday,17.05,3 Bor,B,509,6 Single Cwy,1 <= 20 MPH,1 Roundabout,4 Give Way/Uncontrolled,B,509,1 Zebra,1 Daylight,1 Fine,1 Road-Dry,0 None,0 None,526370,184120,-0.179124,51.541842,,,Unknown,"(51.541842, -0.179124)",http://opendatacommunities.org/id/london-borough-council/camden,7276,21/12/2020 02:48:40 PM
0115EK40670,CAMDEN,1 Driver/Rider,1 Male,25-59,34,1,3 Slight,-2 Unknown,-2 N/A,3 Powered 2 Wheeler,HIGH HOLBORN 38M W OF HOLBORN PLACE,1,04/08/2015 12:00:00 PM,Tuesday,12.00,3 Bor,A,40,6 Single Cwy,2 30 MPH,0 No Jun In 20m,-2 Not Applicable,-2 Not Applicable,0,0 No Xing Facility In 50m,1 Daylight,1 Fine,1 Road-Dry,0 None,0 None,530680,181550,-0.117962,51.517766,,,Unknown,"(51.517766, -0.117962)",http://opendatacommunities.org/id/london-borough-council/camden,5144,21/12/2020 02:48:36 PM
0115EK40840,CAMDEN,1 Driver/Rider,1 Male,25-59,30,1,3 Slight,-2 Unknown,-2 N/A,3 Powered 2 Wheeler,CAMDEN ROAD J/W ROYAL COLLEGE STREET,2,25/09/2015 09:37:00 PM,Friday,21.37,1 TLRN,A,503,6 Single Cwy,2 30 MPH,6 Crossroads,2 Auto Sig,A,5202,5 Pedn Phase At Ats,2 Dark,1 Fine,1 Road-Dry,0 None,0 None,529180,184170,-0.138608,51.541656,,,Unknown,"(51.541656, -0.138608)",http://opendatacommunities.org/id/london-borough-council/camden,5294,21/12/2020 02:48:37 PM
1160000651,CAMDEN,1 Driver/Rider,1 Male,25-59,37,1,3 Slight,-2 Unknown,-2 N/A,3 Powered 2 Wheeler,KILBURN HIGH ROAD J/W KINGSGATE PLACE,2,07/11/2016 12:15:00 PM,Monday,12.15,3 Bor,A,5,6 Single Cwy,2 30 MPH,3 T/Stag Jun,4 Give Way/Uncontrolled,Unclassified,0,0 No Xing Facility In 50m,1 Daylight,1 Fine,1 Road-Dry,0 None,0 None,525100,184040,-0.197456,51.541406,,,Unknown,"(51.541406, -0.197456)",http://opendatacommunities.org/id/london-borough-council/camden,5646,21/12/2020 02:48:37 PM
0115EK40921,CAMDEN,3 Pedestrian,1 Male,25-59,25,1,3 Slight,05 Crossing Road (Not On Xing),2 From Drivers N/Side Msk,1 Pedestrian,"NFL - AGAR GROVE, 50 METRES NE OF AGAR PLACE.",1,16/10/2015 04:15:00 PM,Friday,16.15,3 Bor,C,0,6 Single Cwy,2 30 MPH,0 No Jun In 20m,-2 Not Applicable,-2 Not Applicable,0,0 No Xing Facility In 50m,1 Daylight,1 Fine,2 Road-Wet,0 None,0 None,529470,184260,-0.134396,51.542398,,,Unknown,"(51.542398, -0.134396)",http://opendatacommunities.org/id/london-borough-council/camden,5355,21/12/2020 02:48:37 PM
0115EK40233,CAMDEN,3 Pedestrian,2 Female,60+,64,1,3 Slight,09 In Road - Not Crossing,5 In Rd Not Crossing,1 Pedestrian,CAMDEN STREET 29M NW OF J/W ST MARTIN'S CLOSE,1,26/02/2015 07:45:00 PM,Thursday,19.45,1 TLRN,A,400,2 One-Way St,2 30 MPH,0 No Jun In 20m,-2 Not Applicable,-2 Not Applicable,0,0 No Xing Facility In 50m,2 Dark,1 Fine,1 Road-Dry,0 None,0 None,529190,183860,-0.138578,51.538868,,,Unknown,"(51.538868, -0.138578)",http://opendatacommunities.org/id/london-borough-council/camden,4762,21/12/2020 02:48:36 PM
1160004970,CAMDEN,1 Driver/Rider,2 Female,25-59,31,1,3 Slight,-2 Unknown,-2 N/A,2 Pedal Cycle,ROYAL COLLEGE STREET J/W GEORGIANA STREET,2,03/12/2016 08:30:00 PM,Saturday,20.30,3 Bor,A,5202,6 Single Cwy,1 <= 20 MPH,6 Crossroads,4 Give Way/Uncontrolled,Unclassified,0,1 Zebra,2 Dark,8 Other,2 Road-Wet,0 None,0 None,529310,183970,-0.136808,51.539829,,,Unknown,"(51.539829, -0.136808)",http://opendatacommunities.org/id/london-borough-council/camden,5731,21/12/2020 02:48:37 PM
0115EK40983,CAMDEN,3 Pedestrian,1 Male,25-59,52,1,3 Slight,04 Crossing Road Within 50m Xing,3 From Drivers O/Side,1 Pedestrian,"WOBURN PLACE, 30 METRES SE OF TAVISTOCK PLACE.",1,03/10/2015 08:30:00 PM,Saturday,20.30,3 Bor,A,4200,6 Single Cwy,1 <= 20 MPH,0 No Jun In 20m,-2 Not Applicable,-2 Not Applicable,0,5 Pedn Phase At Ats,2 Dark,1 Fine,1 Road-Dry,0 None,0 None,529990,182270,-0.127636,51.524395,,,Unknown,"(51.524395, -0.127636)",http://opendatacommunities.org/id/london-borough-council/camden,5414,21/12/2020 02:48:37 PM
1170023845,CAMDEN,1 Driver/Rider,1 Male,25-59,51,1,3 Slight,-2 Unknown,-2 N/A,7 Goods Vehicle,FROGNAL LANE J/W BRACKNELL GARDENS,2,07/03/2017 09:10:00 AM,Tuesday,9.10,3 Bor,Unclassified,0,6 Single Cwy,1 <= 20 MPH,3 T/Stag Jun,4 Give Way/Uncontrolled,Unclassified,0,0 No Xing Facility In 50m,1 Daylight,1 Fine,1 Road-Dry,0 None,0 None,525820,185400,-0.186594,51.553468,,,Unknown,"(51.553468, -0.186594)",http://opendatacommunities.org/id/london-borough-council/camden,6756,21/12/2020 02:48:39 PM
0115EK40458,CAMDEN,1 Driver/Rider,2 Female,25-59,38,1,3 Slight,-2 Unknown,-2 N/A,2 Pedal Cycle,NFL- FINCHLEY ROAD J/W AVENUE ROAD,2,09/06/2015 07:00:00 PM,Tuesday,19.00,1 TLRN,A,41,6 Single Cwy,2 30 MPH,9 Other Jun,2 Auto Sig,A,41,5 Pedn Phase At Ats,1 Daylight,1 Fine,1 Road-Dry,0 None,0 None,526650,184320,-0.175017,51.543577,,,Unknown,"(51.543577, -0.175017)",http://opendatacommunities.org/id/london-borough-council/camden,4950,21/12/2020 02:48:36 PM
1190218963,CAMDEN,3 PEDESTRIAN,2 FEMALE,60+,78,1,3 SLIGHT,01 CROSSING ROAD ON PED XING,'-2 NOT APPLICABLE,1 PEDESTRIAN,"On Hilgrove Road, 25 metres east of the junction with Fairfax Road .",1,13/11/2019 12:25:00 PM,Wednesday,12.25,3 BOR,B,509,6 SINGLE CWY,30,00 NO JUN IN 20M,,0,0,1 ZEBRA,2 DAYLIGHT,1 FINE,1 ROAD-DRY,0 NONE,0 NONE,526374,184110,-0.17907,51.541751,,,Unknown,"(51.541751, -0.17907)",http://opendatacommunities.org/id/london-borough-council/camden,9525,21/12/2020 02:48:44 PM