Reference,London Borough Name,Casualty Class,Casualty Sex,Casualty Age Band,Casualty Age,Number Of Casualties,Casualty Severity,Pedestrian Location,Pedestrian Movement,Mode Of Travel,Attendant Location,Number Of Vehicles,Date,Day,Time,Highway,Road Class 1,Road Number 1,Road Type,Speed Limit,Junction Detail,Junction Control,Road Class 2,Road Number 2,Pedestrian Crossing,Light Condition Band,Weather,Road Surface,Special Conditions,Carriage Way Hazard,Easting,Northing,Longitude,Latitude,Ward Code,Ward Name,Spatial Accuracy,Location,Organisation URI,Socrata ID,Last Uploaded
0115EK41119,CAMDEN,2 Passenger,2 Female,16-24,23,1,3 Slight,-2 Unknown,-2 N/A,6 Bus Or Coach,NEW OXFORD STREET J/W BLOOMSBURY STREET,1,11/12/2015 07:54:00 PM,Friday,19.54,3 Bor,A,40,6 Single Cwy,2 30 MPH,6 Crossroads,2 Auto Sig,A,400,5 Pedn Phase At Ats,2 Dark,1 Fine,2 Road-Wet,0 None,0 None,530040,181430,-0.127225,51.516835,,,Unknown,"(51.516835, -0.127225)",http://opendatacommunities.org/id/london-borough-council/camden,5530,21/12/2020 02:48:37 PM
1190220561,CAMDEN,3 PEDESTRIAN,1 MALE,25-59,25,1,3 SLIGHT,08 IN CENTRE OF CARRIAGEWAY,'-2 NOT APPLICABLE,1 PEDESTRIAN,"On Kilburn High Road Quex Road (Stop M), 50 meters north of junction with Birchington Road.",1,05/11/2019 04:30:00 PM,Tuesday,16.30,3 BOR,A,5,6 SINGLE CWY,20,00 NO JUN IN 20M,,0,0,5 PEDN PHASE AT ATS,2 DAYLIGHT,8 OTHER,2 ROAD-WET,0 NONE,0 NONE,525281,183815,-0.194928,51.539343,,,Unknown,"(51.539343, -0.194928)",http://opendatacommunities.org/id/london-borough-council/camden,9547,21/12/2020 02:48:44 PM
1180105762,CAMDEN,2 Passenger,1 Male,16-24,24,1,3 Slight,-2 Unknown,-2 N/A,2 Pedal Cycle,NEAL STREET J/W SHORTS GARDENS,1,04/05/2018 12:03:00 AM,Friday,0.03,3 Bor,Unclassified,0,2 One-Way St,1 <= 20 MPH,6 Crossroads,4 Give Way/Uncontrolled,Unclassified,0,0 No Xing Facility In 50m,2 Dark,1 Fine,1 Road-Dry,0 None,0 None,530140,181160,-0.125884,51.514385,,,Unknown,"(51.514385, -0.125884)",http://opendatacommunities.org/id/london-borough-council/camden,7955,21/12/2020 02:48:41 PM
1190224041,CAMDEN,1 DRIVER/RIDER,1 MALE,25-59,53,1,3 SLIGHT,'-2 NOT APPLICABLE,'-2 NOT APPLICABLE,3 POWERED 2 WHEELER,"On High Holborn, near the junction with New Oxford Street, London WC1A.",2,10/12/2019 12:00:00 PM,Tuesday,12.00,3 BOR,A,40,2 ONE-WAY ST,30,05 SLIP ROAD,4 GIVE WAY/UNCONTROLLED,A,40,4 PELICAN OR SIMILAR,2 DAYLIGHT,5 RAINING/HIGH WINDS,2 ROAD-WET,0 NONE,0 NONE,530352,181469,-0.122717,51.517113,,,Unknown,"(51.517113, -0.122717)",http://opendatacommunities.org/id/london-borough-council/camden,9607,21/12/2020 02:48:45 PM
1170074507,CAMDEN,1 Driver/Rider,1 Male,25-59,37,1,3 Slight,-2 Unknown,-2 N/A,4 Car,CAMDEN STREET J/W CAMDEN ROAD,1,19/11/2017 07:45:00 AM,Sunday,7.45,1 TLRN,Unclassified,0,9 Unknown,2 30 MPH,6 Crossroads,2 Auto Sig,A,503,5 Pedn Phase At Ats,1 Daylight,9 Unknown,1 Road-Dry,0 None,9 Unknown (S/R),529090,184020,-0.13996,51.540328,,,Unknown,"(51.540328, -0.13996)",http://opendatacommunities.org/id/london-borough-council/camden,7567,21/12/2020 02:48:41 PM
0115EK41149,CAMDEN,1 Driver/Rider,1 Male,25-59,27,1,2 Serious,-2 Unknown,-2 N/A,3 Powered 2 Wheeler,KENTISH TOWN ROAD J/W ANGLERS LANE.,2,12/12/2015 11:15:00 PM,Saturday,23.15,3 Bor,A,400,6 Single Cwy,2 30 MPH,3 T/Stag Jun,4 Give Way/Uncontrolled,Unclassified,0,0 No Xing Facility In 50m,2 Dark,1 Fine,1 Road-Dry,0 None,0 None,528970,184860,-0.141382,51.547905,,,Unknown,"(51.547905, -0.141382)",http://opendatacommunities.org/id/london-borough-council/camden,5551,21/12/2020 02:48:37 PM
1190214045,CAMDEN,1 DRIVER/RIDER,1 MALE,25-59,26,1,3 SLIGHT,'-2 NOT APPLICABLE,'-2 NOT APPLICABLE,4 CAR,"On Kilburn Vale, 50 metres north of the junction with Kilburn Vale.",2,25/10/2019 11:04:00 PM,Friday,23.04,3 BOR,6,0,9 UNKNOWN,20,00 NO JUN IN 20M,,0,0,1 ZEBRA,1 DARK,1 FINE,1 ROAD-DRY,0 NONE,0 NONE,525412,183765,-0.193058,51.538865,,,Unknown,"(51.538865, -0.193058)",http://opendatacommunities.org/id/london-borough-council/camden,9470,21/12/2020 02:48:44 PM
0116QK50598,CAMDEN,1 Driver/Rider,1 Male,25-59,59,1,3 Slight,-2 Unknown,-2 N/A,7 Goods Vehicle,"KILBURN HIGH ROAD, J/W VICTORIA ROAD",3,06/07/2016 05:08:00 PM,Wednesday,17.08,3 Bor,A,5,6 Single Cwy,2 30 MPH,9 Other Jun,2 Auto Sig,A,5,5 Pedn Phase At Ats,1 Daylight,1 Fine,1 Road-Dry,0 None,0 None,525230,183870,-0.195643,51.539849,,,Unknown,"(51.539849, -0.195643)",http://opendatacommunities.org/id/london-borough-council/camden,6552,21/12/2020 02:48:39 PM
1190172077,CAMDEN,3 PEDESTRIAN,2 FEMALE,16-24,23,1,2 SERIOUS,04 CROSSING ROAD WITHIN 50M XING,9 UNKNOWN OR OTHER,1 PEDESTRIAN,"On Tottenham Court Road, near the junction with Oxford Street.",1,29/03/2019 05:04:00 PM,Friday,17.04,3 BOR,A,400,2 ONE-WAY ST,30,06 CROSSROADS,2 AUTO SIG,A,40,4 PELICAN OR SIMILAR,2 DAYLIGHT,1 FINE,1 ROAD-DRY,0 NONE,0 NONE,529824,181388,-0.130352,51.516507,,,Unknown,"(51.516507, -0.130352)",http://opendatacommunities.org/id/london-borough-council/camden,8891,21/12/2020 02:48:43 PM
1180138730,CAMDEN,2 Passenger,1 Male,25-59,29,1,3 Slight,-2 Unknown,-2 N/A,4 Car,CASTLEHAVEN ROAD 32M W OF J/W HAWLEY ROAD,2,13/10/2018 05:35:00 AM,Saturday,5.35,3 Bor,C,0,6 Single Cwy,1 <= 20 MPH,0 No Jun In 20m,-2 Not Applicable,-2 Not Applicable,0,0 No Xing Facility In 50m,2 Dark,1 Fine,1 Road-Dry,0 None,0 None,528770,184280,-0.144477,51.542738,,,Unknown,"(51.542738, -0.144477)",http://opendatacommunities.org/id/london-borough-council/camden,8425,21/12/2020 02:48:43 PM
0115EK41109,CAMDEN,1 Driver/Rider,2 Female,25-59,35,1,3 Slight,-2 Unknown,-2 N/A,4 Car,PRIMROSE HILL ROAD J/W FELLOWS ROAD.,2,11/12/2015 03:43:00 PM,Friday,15.43,3 Bor,C,0,6 Single Cwy,2 30 MPH,6 Crossroads,4 Give Way/Uncontrolled,Unclassified,0,0 No Xing Facility In 50m,1 Daylight,1 Fine,1 Road-Dry,0 None,0 None,527500,184450,-0.162719,51.544554,,,Unknown,"(51.544554, -0.162719)",http://opendatacommunities.org/id/london-borough-council/camden,5516,21/12/2020 02:48:37 PM
0116EK40599,CAMDEN,1 Driver/Rider,1 Male,16-24,22,1,3 Slight,-2 Unknown,-2 N/A,3 Powered 2 Wheeler,"GREAT QUEEN STREET, 50 METRES SW OF NEWTON STREET.",2,19/08/2016 01:05:00 PM,Friday,13.05,3 Bor,B,402,6 Single Cwy,2 30 MPH,0 No Jun In 20m,-2 Not Applicable,-2 Not Applicable,0,0 No Xing Facility In 50m,1 Daylight,2 Raining,2 Road-Wet,0 None,0 None,530470,181290,-0.121083,51.515477,,,Unknown,"(51.515477, -0.121083)",http://opendatacommunities.org/id/london-borough-council/camden,6481,21/12/2020 02:48:39 PM
1190161422,CAMDEN,1 DRIVER/RIDER,1 MALE,25-59,51,1,3 SLIGHT,'-2 NOT APPLICABLE,'-2 NOT APPLICABLE,2 PEDAL CYCLE,"On Plender Street, 50 metres west of the junction with Camden Street.",2,04/02/2019 06:00:00 PM,Sunday,18.00,3 BOR,6,0,2 ONE-WAY ST,20,00 NO JUN IN 20M,,0,0,1 ZEBRA,1 DARK,1 FINE,9 UNKNOWN (S/R),0 NONE,0 NONE,529274,183610,-0.137459,51.536602,,,Unknown,"(51.536602, -0.137459)",http://opendatacommunities.org/id/london-borough-council/camden,8756,21/12/2020 02:48:43 PM
1170022621,CAMDEN,3 Pedestrian,2 Female,25-59,31,1,3 Slight,05 Crossing Road (Not On Xing),1 From Drivers N/Side,1 Pedestrian,PRIMROSE HILL ROAD J/W ADELAIDE ROAD,1,02/03/2017 06:15:00 PM,Thursday,18.15,3 Bor,C,0,6 Single Cwy,1 <= 20 MPH,3 T/Stag Jun,2 Auto Sig,B,509,0 No Xing Facility In 50m,1 Daylight,1 Fine,1 Road-Dry,0 None,0 None,527510,184360,-0.162607,51.543743,,,Unknown,"(51.543743, -0.162607)",http://opendatacommunities.org/id/london-borough-council/camden,6736,21/12/2020 02:48:39 PM
1180092694,CAMDEN,3 Pedestrian,1 Male,Unknown,0,1,3 Slight,10 Unknown,9 Unknown Or Other,1 Pedestrian,FINCHLEY ROAD 25M N OF J/W FINCHLEY ROAD THE NEAREST CLASSIFIED RO,2,26/02/2018 03:40:00 PM,Monday,15.40,1 TLRN,A,41,3 Dual Cwy,2 30 MPH,0 No Jun In 20m,-2 Not Applicable,-2 Not Applicable,0,5 Pedn Phase At Ats,1 Daylight,3 Snowing,2 Road-Wet,0 None,0 None,526010,185120,-0.183955,51.550909,,,Unknown,"(51.550909, -0.183955)",http://opendatacommunities.org/id/london-borough-council/camden,7778,21/12/2020 02:48:41 PM
1160004961,CAMDEN,1 Driver/Rider,1 Male,25-59,46,1,3 Slight,-2 Unknown,-2 N/A,2 Pedal Cycle,THEOBALDS ROAD J/W BOSWELL STREET,2,03/12/2016 04:00:00 PM,Saturday,16.00,3 Bor,A,401,2 One-Way St,1 <= 20 MPH,3 T/Stag Jun,4 Give Way/Uncontrolled,A,401,5 Pedn Phase At Ats,1 Daylight,1 Fine,1 Road-Dry,0 None,0 None,530500,181750,-0.120481,51.519604,,,Unknown,"(51.519604, -0.120481)",http://opendatacommunities.org/id/london-borough-council/camden,5728,21/12/2020 02:48:37 PM
0115EK40058,CAMDEN,1 Driver/Rider,1 Male,25-59,38,1,3 Slight,-2 Unknown,-2 N/A,3 Powered 2 Wheeler,BAYHAM STREET J/W GREENLAND ROAD,2,28/01/2015 01:45:00 PM,Wednesday,13.45,3 Bor,A,503,2 One-Way St,2 30 MPH,6 Crossroads,4 Give Way/Uncontrolled,Unclassified,0,0 No Xing Facility In 50m,1 Daylight,1 Fine,1 Road-Dry,0 None,0 None,528990,183880,-0.141453,51.539093,,,Unknown,"(51.539093, -0.141453)",http://opendatacommunities.org/id/london-borough-council/camden,4625,21/12/2020 02:48:35 PM
1180151516,CAMDEN,1 Driver/Rider,1 Male,25-59,35,1,3 Slight,-2 Unknown,-2 N/A,7 Goods Vehicle,NFL ROWLAND HILL STREET 160M E OF ROSSLYN HILL,1,12/12/2018 07:13:00 AM,Wednesday,7.13,3 Bor,Unclassified,0,7 Slip Rd,2 30 MPH,0 No Jun In 20m,-2 Not Applicable,-2 Not Applicable,0,0 No Xing Facility In 50m,2 Dark,1 Fine,1 Road-Dry,0 None,2 Other Object In Cwy,527260,185310,-0.165867,51.552337,,,Unknown,"(51.552337, -0.165867)",http://opendatacommunities.org/id/london-borough-council/camden,8604,21/12/2020 02:48:43 PM
1190177646,CAMDEN,2 PASSENGER,'-1 UNKNOWN,U,,4,3 SLIGHT,'-2 NOT APPLICABLE,'-2 NOT APPLICABLE,4 CAR,Location uncertain Finchley Road,1,28/04/2019 12:45:00 AM,Sunday,0.45,1 TLRN,A,41,6 SINGLE CWY,30,06 CROSSROADS,2 AUTO SIG,6,0,5 PEDN PHASE AT ATS,1 DARK,1 FINE,1 ROAD-DRY,0 NONE,0 NONE,525977,185165,-0.184414,51.551321,,,Unknown,"(51.551321, -0.184414)",http://opendatacommunities.org/id/london-borough-council/camden,8954,21/12/2020 02:48:44 PM
0115EK40183,CAMDEN,1 Driver/Rider,1 Male,25-59,52,1,3 Slight,-2 Unknown,-2 N/A,4 Car,NFL- EUSTON ROAD J/W GORDON STREET,2,16/02/2015 01:30:00 PM,Monday,13.30,1 TLRN,A,501,3 Dual Cwy,3 40 MPH,6 Crossroads,2 Auto Sig,C,0,5 Pedn Phase At Ats,1 Daylight,1 Fine,1 Road-Dry,0 None,0 None,529590,182480,-0.133321,51.526374,,,Unknown,"(51.526374, -0.133321)",http://opendatacommunities.org/id/london-borough-council/camden,4723,21/12/2020 02:48:36 PM
1190202091,CAMDEN,1 DRIVER/RIDER,1 MALE,25-59,36,1,3 SLIGHT,'-2 NOT APPLICABLE,'-2 NOT APPLICABLE,2 PEDAL CYCLE,"On Bloomsbury Square, near the junction with Great Russell Street.",2,28/08/2019 11:00:00 PM,Wednesday,23.00,3 BOR,5,0,6 SINGLE CWY,20,03 T/STAG JUN,9 UNKNOWN (S/R),6,0,0 NO XING FACILITY IN 50M,1 DARK,1 FINE,1 ROAD-DRY,0 NONE,0 NONE,530272,181694,-0.123786,51.519154,,,Unknown,"(51.519154, -0.123786)",http://opendatacommunities.org/id/london-borough-council/camden,9309,21/12/2020 02:48:44 PM
1180084758,CAMDEN,1 Driver/Rider,1 Male,25-59,46,1,3 Slight,-2 Unknown,-2 N/A,3 Powered 2 Wheeler,KILBURN HIGH ROAD J/W BRONDESBURY ROAD,2,20/01/2018 11:00:00 AM,Saturday,11.00,3 Bor,A,5,6 Single Cwy,2 30 MPH,9 Other Jun,2 Auto Sig,Unclassified,0,5 Pedn Phase At Ats,1 Daylight,1 Fine,2 Road-Wet,0 None,0 None,525200,183910,-0.196061,51.540215,,,Unknown,"(51.540215, -0.196061)",http://opendatacommunities.org/id/london-borough-council/camden,7683,21/12/2020 02:48:41 PM
0115EK40998,CAMDEN,1 Driver/Rider,2 Female,25-59,34,1,3 Slight,-2 Unknown,-2 N/A,4 Car,BLOOMSBURY STREET J/W GREAT RUSSELL STREET,2,08/11/2015 12:45:00 PM,Sunday,12.45,3 Bor,A,400,2 One-Way St,2 30 MPH,6 Crossroads,2 Auto Sig,C,0,5 Pedn Phase At Ats,1 Daylight,1 Fine,1 Road-Dry,0 None,0 None,529990,181520,-0.127912,51.517655,,,Unknown,"(51.517655, -0.127912)",http://opendatacommunities.org/id/london-borough-council/camden,5424,21/12/2020 02:48:37 PM
1180120159,CAMDEN,1 Driver/Rider,2 Female,25-59,30,1,3 Slight,-2 Unknown,-2 N/A,2 Pedal Cycle,GUILFORD STREET J/W LANSDOWNE TERRACE,2,10/07/2018 09:20:00 PM,Tuesday,21.20,3 Bor,B,502,6 Single Cwy,2 30 MPH,3 T/Stag Jun,4 Give Way/Uncontrolled,C,0,0 No Xing Facility In 50m,2 Dark,1 Fine,1 Road-Dry,0 None,0 None,530480,182150,-0.120621,51.523204,,,Unknown,"(51.523204, -0.120621)",http://opendatacommunities.org/id/london-borough-council/camden,8165,21/12/2020 02:48:42 PM
1190195347,CAMDEN,3 PEDESTRIAN,2 FEMALE,0-15,15,4,3 SLIGHT,04 CROSSING ROAD WITHIN 50M XING,'-2 NOT APPLICABLE,1 PEDESTRIAN,"On Gower Street, near the junction with Kepple  St.",1,23/07/2019 10:55:00 AM,Tuesday,10.55,3 BOR,A,400,6 SINGLE CWY,20,06 CROSSROADS,2 AUTO SIG,A,400,4 PELICAN OR SIMILAR,2 DAYLIGHT,1 FINE,1 ROAD-DRY,4 ROADWORKS,0 NONE,529825,181825,-0.130177,51.520434,,,Unknown,"(51.520434, -0.130177)",http://opendatacommunities.org/id/london-borough-council/camden,9220,21/12/2020 02:48:44 PM
0115EK40696,CAMDEN,2 Passenger,1 Male,25-59,40,1,3 Slight,-2 Unknown,-2 N/A,6 Bus Or Coach,PRIMROSE HILL ROAD J/W FELLOWS ROAD,2,09/08/2015 11:31:00 AM,Sunday,11.31,3 Bor,C,0,6 Single Cwy,2 30 MPH,6 Crossroads,4 Give Way/Uncontrolled,Unclassified,0,0 No Xing Facility In 50m,1 Daylight,1 Fine,1 Road-Dry,0 None,0 None,527500,184450,-0.162719,51.544554,,,Unknown,"(51.544554, -0.162719)",http://opendatacommunities.org/id/london-borough-council/camden,5171,21/12/2020 02:48:36 PM
1170046119,CAMDEN,1 Driver/Rider,1 Male,16-24,23,1,3 Slight,-2 Unknown,-2 N/A,3 Powered 2 Wheeler,HAMPSTEAD ROAD J/W GRANBY TERRACE,3,02/07/2017 06:30:00 PM,Sunday,18.30,1 TLRN,A,400,6 Single Cwy,2 30 MPH,3 T/Stag Jun,2 Auto Sig,C,0,4 Pelican Or Similar,1 Daylight,1 Fine,1 Road-Dry,0 None,0 None,529173,183083,-0.139108,51.531889,,,Unknown,"(51.531889, -0.139108)",http://opendatacommunities.org/id/london-borough-council/camden,7108,21/12/2020 02:48:40 PM
1170057624,CAMDEN,3 Pedestrian,2 Female,0-15,14,1,3 Slight,01 Crossing Road On Ped Xing,3 From Drivers O/Side,1 Pedestrian,HARBEN PARADE J/W FINCHLEY ROAD,2,06/09/2017 01:57:00 PM,Wednesday,13.57,1 TLRN,A,41,3 Dual Cwy,2 30 MPH,9 Other Jun,2 Auto Sig,C,0,5 Pedn Phase At Ats,1 Daylight,1 Fine,1 Road-Dry,0 None,0 None,526480,184500,-0.177402,51.545232,,,Unknown,"(51.545232, -0.177402)",http://opendatacommunities.org/id/london-borough-council/camden,7301,21/12/2020 02:48:40 PM
1190212479,CAMDEN,3 PEDESTRIAN,2 FEMALE,0-15,0,1,3 SLIGHT,05 CROSSING ROAD (NOT ON XING),'-2 NOT APPLICABLE,1 PEDESTRIAN,"On Arlington Road, 20 metres south of the junction with Inverness Street.",1,09/10/2019 06:35:00 PM,Wednesday,18.35,3 BOR,6,0,9 UNKNOWN,20,09 OTHER JUN,9 UNKNOWN (S/R),6,0,9 UNKNOWN (S/R),1 DARK,1 FINE,1 ROAD-DRY,0 NONE,0 NONE,528780,183882,-0.144478,51.539159,,,Unknown,"(51.539159, -0.144478)",http://opendatacommunities.org/id/london-borough-council/camden,9449,21/12/2020 02:48:44 PM
1160028478,CAMDEN,1 Driver/Rider,1 Male,25-59,37,1,3 Slight,-2 Unknown,-2 N/A,5 Taxi,YORK WAY J/W PENTONVILLE ROAD,2,15/10/2016 09:24:00 PM,Saturday,21.24,1 TLRN,A,5200,2 One-Way St,1 <= 20 MPH,9 Other Jun,2 Auto Sig,A,501,5 Pedn Phase At Ats,2 Dark,1 Fine,2 Road-Wet,0 None,0 None,530320,183000,-0.122612,51.53088,,,Unknown,"(51.53088, -0.122612)",http://opendatacommunities.org/id/london-borough-council/camden,5957,21/12/2020 02:48:38 PM
1180109852,CAMDEN,3 Pedestrian,2 Female,16-24,17,1,2 Serious,01 Crossing Road On Ped Xing,2 From Drivers N/Side Msk,1 Pedestrian,THEOBALDS ROAD J/W SOUTHAMPTON ROW,1,23/05/2018 11:11:00 AM,Wednesday,11.11,3 Bor,A,401,2 One-Way St,1 <= 20 MPH,6 Crossroads,2 Auto Sig,A,4200,5 Pedn Phase At Ats,1 Daylight,1 Fine,1 Road-Dry,0 None,0 None,530450,181710,-0.121216,51.519257,,,Unknown,"(51.519257, -0.121216)",http://opendatacommunities.org/id/london-borough-council/camden,8015,21/12/2020 02:48:42 PM
1190200312,CAMDEN,1 DRIVER/RIDER,2 FEMALE,25-59,31,1,2 SERIOUS,'-2 NOT APPLICABLE,7 IN RD FACING TRAFFIC,2 PEDAL CYCLE,"On Avenue Road, 30 metres east of the junction with Elsworthy Road.",2,19/08/2019 07:50:00 AM,Monday,7.50,3 BOR,B,525,6 SINGLE CWY,30,00 NO JUN IN 20M,,0,0,4 PELICAN OR SIMILAR,2 DAYLIGHT,1 FINE,1 ROAD-DRY,0 NONE,0 NONE,526987,183837,-0.170334,51.53916,,,Unknown,"(51.53916, -0.170334)",http://opendatacommunities.org/id/london-borough-council/camden,9284,21/12/2020 02:48:44 PM
1190225450,CAMDEN,2 PASSENGER,'-1 UNKNOWN,U,,3,3 SLIGHT,'-2 NOT APPLICABLE,1 FROM DRIVERS N/SIDE,4 CAR,"On Robert Street, near the junction with Stanhope Street.",1,13/12/2019 10:15:00 PM,Friday,22.15,3 BOR,6,0,6 SINGLE CWY,20,06 CROSSROADS,4 GIVE WAY/UNCONTROLLED,6,0,9 UNKNOWN (S/R),2 DAYLIGHT,5 RAINING/HIGH WINDS,2 ROAD-WET,9 UNKNOWN (S/R),0 NONE,529063,182711,-0.140829,51.528571,,,Unknown,"(51.528571, -0.140829)",http://opendatacommunities.org/id/london-borough-council/camden,9626,21/12/2020 02:48:45 PM
1190194095,CAMDEN,1 DRIVER/RIDER,1 MALE,25-59,48,1,3 SLIGHT,'-2 NOT APPLICABLE,'-2 NOT APPLICABLE,7 GOODS VEHICLE,"On Gordon House Road , near the junction with Mansfield Road .",2,10/07/2019 05:00:00 PM,Wednesday,17.00,3 BOR,6,0,6 SINGLE CWY,20,03 T/STAG JUN,9 UNKNOWN (S/R),6,0,9 UNKNOWN (S/R),2 DAYLIGHT,1 FINE,1 ROAD-DRY,0 NONE,0 NONE,526932,185230,-0.170624,51.551692,,,Unknown,"(51.551692, -0.170624)",http://opendatacommunities.org/id/london-borough-council/camden,9194,21/12/2020 02:48:44 PM
1160027527,CAMDEN,3 Pedestrian,2 Female,25-59,32,1,3 Slight,04 Crossing Road Within 50m Xing,2 From Drivers N/Side Msk,1 Pedestrian,YORK WAY J/W AGAR GROVE,1,05/10/2016 08:05:00 PM,Wednesday,20.05,3 Bor,A,5200,6 Single Cwy,2 30 MPH,3 T/Stag Jun,2 Auto Sig,C,0,5 Pedn Phase At Ats,2 Dark,1 Fine,1 Road-Dry,0 None,0 None,530050,184370,-0.125996,51.543254,,,Unknown,"(51.543254, -0.125996)",http://opendatacommunities.org/id/london-borough-council/camden,5956,21/12/2020 02:48:38 PM
0115EK40179,CAMDEN,2 Passenger,2 Female,0-15,9,1,3 Slight,-2 Unknown,-2 N/A,4 Car,FINCHLEY ROAD J/W REDINGTON GARDENS,3,01/03/2015 03:12:00 AM,Sunday,3.12,1 TLRN,A,41,6 Single Cwy,2 30 MPH,6 Crossroads,2 Auto Sig,Unclassified,0,5 Pedn Phase At Ats,2 Dark,1 Fine,2 Road-Wet,0 None,0 None,525500,185480,-0.191178,51.554258,,,Unknown,"(51.554258, -0.191178)",http://opendatacommunities.org/id/london-borough-council/camden,4719,21/12/2020 02:48:36 PM
1190191463,CAMDEN,1 DRIVER/RIDER,1 MALE,U,,2,3 SLIGHT,'-2 NOT APPLICABLE,9 UNKNOWN OR OTHER,2 PEDAL CYCLE,"On Howland Street, near the junction with Totthenham Court Road.",1,04/07/2019 08:39:00 AM,Thursday,8.39,3 BOR,5,0,6 SINGLE CWY,30,03 T/STAG JUN,2 AUTO SIG,A,400,4 PELICAN OR SIMILAR,2 DAYLIGHT,1 FINE,1 ROAD-DRY,0 NONE,0 NONE,529389,181990,-0.136397,51.522017,,,Unknown,"(51.522017, -0.136397)",http://opendatacommunities.org/id/london-borough-council/camden,9158,21/12/2020 02:48:44 PM
0116EK40262,CAMDEN,3 Pedestrian,2 Female,16-24,21,1,3 Slight,04 Crossing Road Within 50m Xing,3 From Drivers O/Side,1 Pedestrian,ENDELL STREET J/W SHORTS GARDENS,1,01/01/2016 12:15:00 PM,Friday,12.15,3 Bor,B,401,2 One-Way St,2 30 MPH,6 Crossroads,4 Give Way/Uncontrolled,Unclassified,0,1 Zebra,1 Daylight,1 Fine,1 Road-Dry,0 None,0 None,530190,181210,-0.125146,51.514823,,,Unknown,"(51.514823, -0.125146)",http://opendatacommunities.org/id/london-borough-council/camden,6202,21/12/2020 02:48:38 PM
1180108346,CAMDEN,1 Driver/Rider,1 Male,25-59,27,1,3 Slight,-2 Unknown,-2 N/A,5 Taxi,CAMDEN ROAD J/W CAMDEN STREET,2,15/05/2018 08:05:00 PM,Tuesday,20.05,1 TLRN,A,503,6 Single Cwy,2 30 MPH,6 Crossroads,2 Auto Sig,A,400,9 Unknown (S/R),1 Daylight,1 Fine,1 Road-Dry,9 Unknown (S/R),0 None,529090,184040,-0.139953,51.540508,,,Unknown,"(51.540508, -0.139953)",http://opendatacommunities.org/id/london-borough-council/camden,7997,21/12/2020 02:48:42 PM
1160008837,CAMDEN,2 Passenger,1 Male,0-15,11,1,3 Slight,-2 Unknown,-2 N/A,4 Car,FINCHLEY ROAD J/W AVENUE ROAD,2,23/12/2016 01:30:00 PM,Friday,13.30,1 TLRN,A,41,6 Single Cwy,3 40 MPH,7 Multi Jun,4 Give Way/Uncontrolled,C,0,0 No Xing Facility In 50m,1 Daylight,1 Fine,1 Road-Dry,0 None,0 None,526650,184270,-0.175035,51.543127,,,Unknown,"(51.543127, -0.175035)",http://opendatacommunities.org/id/london-borough-council/camden,5806,21/12/2020 02:48:37 PM
0115EK40382,CAMDEN,1 Driver/Rider,1 Male,25-59,27,1,2 Serious,-2 Unknown,-2 N/A,4 Car,SPANIARDS ROAD J/W SPANIARDS END,1,14/05/2015 10:35:00 PM,Thursday,22.35,3 Bor,B,519,6 Single Cwy,2 30 MPH,3 T/Stag Jun,4 Give Way/Uncontrolled,Unclassified,0,0 No Xing Facility In 50m,2 Dark,2 Raining,2 Road-Wet,0 None,0 None,526580,187130,-0.175015,51.568846,,,Unknown,"(51.568846, -0.175015)",http://opendatacommunities.org/id/london-borough-council/camden,4885,21/12/2020 02:48:36 PM
1190213930,CAMDEN,3 PEDESTRIAN,2 FEMALE,25-59,56,1,3 SLIGHT,01 CROSSING ROAD ON PED XING,'-2 NOT APPLICABLE,1 PEDESTRIAN,"On Lincoln's Inn Fields, near the junction with kingsway.",1,25/10/2019 02:40:00 PM,Friday,14.40,3 BOR,A,4200,6 SINGLE CWY,20,06 CROSSROADS,2 AUTO SIG,B,402,4 PELICAN OR SIMILAR,2 DAYLIGHT,1 FINE,1 ROAD-DRY,0 NONE,0 NONE,530591,181407,-0.119297,51.516501,,,Unknown,"(51.516501, -0.119297)",http://opendatacommunities.org/id/london-borough-council/camden,9468,21/12/2020 02:48:44 PM
1160012402,CAMDEN,3 Pedestrian,1 Male,60+,66,1,3 Slight,09 In Road - Not Crossing,9 Unknown Or Other,1 Pedestrian,"ON EUSTON ROAD, NEAR THE JUNCTION WITH JUDD STREET .",1,12/09/2016 08:10:00 PM,Monday,20.10,1 TLRN,A,501,3 Dual Cwy,3 40 MPH,6 Crossroads,2 Auto Sig,B,504,5 Pedn Phase At Ats,2 Dark,1 Fine,1 Road-Dry,0 None,0 None,530070,182780,-0.126295,51.52896,,,Unknown,"(51.52896, -0.126295)",http://opendatacommunities.org/id/london-borough-council/camden,5829,21/12/2020 02:48:37 PM
1190226272,CAMDEN,1 DRIVER/RIDER,1 MALE,25-59,36,1,3 SLIGHT,'-2 NOT APPLICABLE,'-2 NOT APPLICABLE,5 TAXI,"On Upper Wolburn Place, near the junction with Endsleigh Gardens.",2,17/12/2019 11:40:00 PM,Tuesday,23.40,3 BOR,A,4200,6 SINGLE CWY,30,99 UNKNOWN (S/R),9 UNKNOWN (S/R),6,0,0 NO XING FACILITY IN 50M,1 DARK,1 FINE,1 ROAD-DRY,0 NONE,0 NONE,529804,182533,-0.130218,51.526801,,,Unknown,"(51.526801, -0.130218)",http://opendatacommunities.org/id/london-borough-council/camden,9641,21/12/2020 02:48:45 PM