Reference,London Borough Name,Casualty Class,Casualty Sex,Casualty Age Band,Casualty Age,Number Of Casualties,Casualty Severity,Pedestrian Location,Pedestrian Movement,Mode Of Travel,Attendant Location,Number Of Vehicles,Date,Day,Time,Highway,Road Class 1,Road Number 1,Road Type,Speed Limit,Junction Detail,Junction Control,Road Class 2,Road Number 2,Pedestrian Crossing,Light Condition Band,Weather,Road Surface,Special Conditions,Carriage Way Hazard,Easting,Northing,Longitude,Latitude,Ward Code,Ward Name,Spatial Accuracy,Location,Organisation URI,Socrata ID,Last Uploaded
1190199353,CAMDEN,3 PEDESTRIAN,2 FEMALE,25-59,57,1,2 SERIOUS,01 CROSSING ROAD ON PED XING,'-2 NOT APPLICABLE,1 PEDESTRIAN,"On Judd Street, near the junction with Euston Road.",1,13/08/2019 06:40:00 PM,Tuesday,18.40,1 TLRN,B,504,2 ONE-WAY ST,30,06 CROSSROADS,2 AUTO SIG,A,501,5 PEDN PHASE AT ATS,2 DAYLIGHT,1 FINE,1 ROAD-DRY,0 NONE,0 NONE,530089,182780,-0.126021,51.528956,,,Unknown,"(51.528956, -0.126021)",http://opendatacommunities.org/id/london-borough-council/camden,9270,21/12/2020 02:48:44 PM
1170028673,CAMDEN,3 Pedestrian,1 Male,16-24,19,1,3 Slight,10 Unknown,9 Unknown Or Other,1 Pedestrian,HAMPSTEAD HIGH STREET J/W HEATH STREET,1,10/03/2017 03:25:00 PM,Friday,15.25,3 Bor,A,502,6 Single Cwy,1 <= 20 MPH,99 Unknown (S/R),9 Unknown (S/R),Unclassified,0,9 Unknown (S/R),1 Daylight,1 Fine,1 Road-Dry,9 Unknown (S/R),9 Unknown (S/R),526470,185680,-0.177123,51.555839,,,Unknown,"(51.555839, -0.177123)",http://opendatacommunities.org/id/london-borough-council/camden,6826,21/12/2020 02:48:39 PM
1190160855,CAMDEN,1 DRIVER/RIDER,1 MALE,25-59,49,1,3 SLIGHT,'-2 NOT APPLICABLE,'-2 NOT APPLICABLE,4 CAR,"On New Oxford Street, near the junction with Shaftesbury Court.",2,31/01/2019 11:00:00 AM,Thursday,11.00,3 BOR,A,40,9 UNKNOWN,30,06 CROSSROADS,2 AUTO SIG,A,401,9 UNKNOWN (S/R),2 DAYLIGHT,1 FINE,9 UNKNOWN (S/R),0 NONE,0 NONE,530110,181440,-0.126213,51.516908,,,Unknown,"(51.516908, -0.126213)",http://opendatacommunities.org/id/london-borough-council/camden,8741,21/12/2020 02:48:43 PM
1170023034,CAMDEN,1 Driver/Rider,1 Male,25-59,31,1,3 Slight,-2 Unknown,-2 N/A,3 Powered 2 Wheeler,KILBURN HIGH ROAD J/W KINGSGATE PLACE,2,05/03/2017 08:40:00 PM,Sunday,20.40,3 Bor,A,5,6 Single Cwy,2 30 MPH,6 Crossroads,2 Auto Sig,Unclassified,0,5 Pedn Phase At Ats,2 Dark,2 Raining,2 Road-Wet,0 None,0 None,525090,184050,-0.197597,51.541498,,,Unknown,"(51.541498, -0.197597)",http://opendatacommunities.org/id/london-borough-council/camden,6742,21/12/2020 02:48:39 PM
0116EK40552,CAMDEN,2 Passenger,1 Male,0-15,5,1,3 Slight,-2 Unknown,-2 N/A,6 Bus Or Coach,CAMDEN HIGH STREET 67M SE OF J/W PRATT STREET,1,31/07/2016 02:29:00 PM,Sunday,14.29,1 TLRN,A,502,2 One-Way St,1 <= 20 MPH,0 No Jun In 20m,-2 Not Applicable,-2 Not Applicable,0,0 No Xing Facility In 50m,1 Daylight,1 Fine,1 Road-Dry,0 None,0 None,529060,183600,-0.140546,51.536561,,,Unknown,"(51.536561, -0.140546)",http://opendatacommunities.org/id/london-borough-council/camden,6446,21/12/2020 02:48:38 PM
1190180645,CAMDEN,3 PEDESTRIAN,1 MALE,25-59,59,1,3 SLIGHT,04 CROSSING ROAD WITHIN 50M XING,2 FROM DRIVERS N/SIDE MSK,1 PEDESTRIAN,"On Camden High Street, 100 metres north of the junction with Hurdwick place.. The nearest classified road was the A400",1,13/05/2019 03:50:00 PM,Monday,15.50,1 TLRN,A,400,2 ONE-WAY ST,20,00 NO JUN IN 20M,,0,0,4 PELICAN OR SIMILAR,2 DAYLIGHT,1 FINE,1 ROAD-DRY,0 NONE,0 NONE,529167,183431,-0.139067,51.535018,,,Unknown,"(51.535018, -0.139067)",http://opendatacommunities.org/id/london-borough-council/camden,9000,21/12/2020 02:48:44 PM
1180134330,CAMDEN,1 Driver/Rider,1 Male,16-24,24,1,3 Slight,-2 Unknown,-2 N/A,3 Powered 2 Wheeler,ALBANY STREET J/W LONGFORD STREET,3,22/09/2018 11:10:00 PM,Saturday,23.10,3 Bor,A,4201,6 Single Cwy,1 <= 20 MPH,3 T/Stag Jun,4 Give Way/Uncontrolled,Unclassified,0,0 No Xing Facility In 50m,2 Dark,2 Raining,2 Road-Wet,0 None,0 None,528830,182380,-0.144307,51.525649,,,Unknown,"(51.525649, -0.144307)",http://opendatacommunities.org/id/london-borough-council/camden,8347,21/12/2020 02:48:42 PM
0116EK40107,CAMDEN,2 Passenger,2 Female,60+,91,1,3 Slight,-2 Unknown,-2 N/A,4 Car,HEATH STREET J/W HAMPSTEAD SQUARE,2,28/02/2016 03:40:00 PM,Sunday,15.40,3 Bor,A,502,6 Single Cwy,1 <= 20 MPH,3 T/Stag Jun,4 Give Way/Uncontrolled,Unclassified,0,0 No Xing Facility In 50m,1 Daylight,1 Fine,1 Road-Dry,0 None,0 None,526360,186080,-0.178565,51.559459,,,Unknown,"(51.559459, -0.178565)",http://opendatacommunities.org/id/london-borough-council/camden,6064,21/12/2020 02:48:38 PM
0115EK40816,CAMDEN,3 Pedestrian,1 Male,25-59,37,1,3 Slight,04 Crossing Road Within 50m Xing,1 From Drivers N/Side,1 Pedestrian,CAMDEN ROAD J/W CAMDEN STREET,1,19/09/2015 12:03:00 PM,Saturday,12.03,1 TLRN,A,503,6 Single Cwy,2 30 MPH,6 Crossroads,2 Auto Sig,A,400,5 Pedn Phase At Ats,1 Daylight,1 Fine,1 Road-Dry,0 None,0 None,529100,184040,-0.139809,51.540506,,,Unknown,"(51.540506, -0.139809)",http://opendatacommunities.org/id/london-borough-council/camden,5275,21/12/2020 02:48:37 PM
0116EK40145,CAMDEN,1 Driver/Rider,1 Male,25-59,54,1,3 Slight,-2 Unknown,-2 N/A,3 Powered 2 Wheeler,EUSTON ROAD J/W EUSTON SQUARE,2,13/03/2016 07:50:00 PM,Sunday,19.50,1 TLRN,A,501,3 Dual Cwy,2 30 MPH,6 Crossroads,2 Auto Sig,C,0,5 Pedn Phase At Ats,2 Dark,1 Fine,1 Road-Dry,0 None,0 None,529560,182480,-0.133753,51.526381,,,Unknown,"(51.526381, -0.133753)",http://opendatacommunities.org/id/london-borough-council/camden,6101,21/12/2020 02:48:38 PM
0115EK40787,CAMDEN,1 Driver/Rider,1 Male,25-59,44,1,3 Slight,-2 Unknown,-2 N/A,3 Powered 2 Wheeler,CAMDEN STREET J/W CAMDEN GARDENS.,2,10/09/2015 04:40:00 PM,Thursday,16.40,3 Bor,A,400,2 One-Way St,2 30 MPH,3 T/Stag Jun,4 Give Way/Uncontrolled,Unclassified,0,0 No Xing Facility In 50m,1 Daylight,1 Fine,1 Road-Dry,0 None,0 None,529030,184150,-0.140777,51.54151,,,Unknown,"(51.54151, -0.140777)",http://opendatacommunities.org/id/london-borough-council/camden,5254,21/12/2020 02:48:37 PM
0115EK40648,CAMDEN,1 Driver/Rider,1 Male,25-59,28,1,3 Slight,-2 Unknown,-2 N/A,3 Powered 2 Wheeler,ROYAL COLLEGE STREET J/W PRATT STREET,2,30/07/2015 03:18:00 PM,Thursday,15.18,3 Bor,A,5202,6 Single Cwy,2 30 MPH,6 Crossroads,4 Give Way/Uncontrolled,C,0,1 Zebra,1 Daylight,1 Fine,1 Road-Dry,0 None,0 None,529360,183890,-0.136117,51.539098,,,Unknown,"(51.539098, -0.136117)",http://opendatacommunities.org/id/london-borough-council/camden,5124,21/12/2020 02:48:36 PM
1180132207,CAMDEN,1 Driver/Rider,2 Female,25-59,31,1,3 Slight,-2 Unknown,-2 N/A,2 Pedal Cycle,ROYAL COLLEGE STREET J/W COLLEGE PLACE,2,12/09/2018 07:50:00 PM,Wednesday,19.50,3 Bor,A,5202,3 Dual Cwy,1 <= 20 MPH,3 T/Stag Jun,9 Unknown (S/R),Unclassified,0,9 Unknown (S/R),2 Dark,1 Fine,1 Road-Dry,4 Roadworks,0 None,529550,183530,-0.133511,51.53582,,,Unknown,"(51.53582, -0.133511)",http://opendatacommunities.org/id/london-borough-council/camden,8318,21/12/2020 02:48:42 PM
1180106870,CAMDEN,1 Driver/Rider,1 Male,25-59,25,1,2 Serious,-2 Unknown,-2 N/A,3 Powered 2 Wheeler,KINGSWAY J/W KEELEY STREET,1,09/05/2018 05:15:00 PM,Wednesday,17.15,3 Bor,A,4200,3 Dual Cwy,2 30 MPH,3 T/Stag Jun,2 Auto Sig,Unclassified,0,4 Pelican Or Similar,1 Daylight,1 Fine,1 Road-Dry,0 None,0 None,530610,181270,-0.119074,51.515265,,,Unknown,"(51.515265, -0.119074)",http://opendatacommunities.org/id/london-borough-council/camden,7974,21/12/2020 02:48:42 PM
0115EK40299,CAMDEN,3 Pedestrian,1 Male,25-59,45,1,3 Slight,01 Crossing Road On Ped Xing,1 From Drivers N/Side,1 Pedestrian,NEW OXFORD STREET J/W MUSEUM STREET,1,20/04/2015 06:45:00 PM,Monday,18.45,3 Bor,A,40,6 Single Cwy,2 30 MPH,6 Crossroads,2 Auto Sig,C,0,5 Pedn Phase At Ats,1 Daylight,1 Fine,1 Road-Dry,0 None,0 None,530180,181460,-0.125198,51.517072,,,Unknown,"(51.517072, -0.125198)",http://opendatacommunities.org/id/london-borough-council/camden,4818,21/12/2020 02:48:36 PM
1180129949,CAMDEN,1 Driver/Rider,1 Male,16-24,21,1,3 Slight,-2 Unknown,-2 N/A,4 Car,A41 50M E OF J/W FROGNAL LANE,3,31/08/2018 10:51:00 PM,Friday,22.51,1 TLRN,A,41,3 Dual Cwy,2 30 MPH,0 No Jun In 20m,-2 Not Applicable,-2 Not Applicable,0,0 No Xing Facility In 50m,2 Dark,1 Fine,1 Road-Dry,0 None,0 None,525770,185290,-0.187354,51.552491,,,Unknown,"(51.552491, -0.187354)",http://opendatacommunities.org/id/london-borough-council/camden,8295,21/12/2020 02:48:42 PM
0115CW10579,CAMDEN,1 Driver/Rider,1 Male,25-59,31,1,3 Slight,-2 Unknown,-2 N/A,5 Taxi,KINGSWAY J/W SARDINIA STREET.,2,02/02/2015 01:00:00 PM,Monday,13.00,3 Bor,A,4200,6 Single Cwy,2 30 MPH,3 T/Stag Jun,4 Give Way/Uncontrolled,A,4200,0 No Xing Facility In 50m,1 Daylight,1 Fine,1 Road-Dry,0 None,0 None,530640,181230,-0.118657,51.514899,,,Unknown,"(51.514899, -0.118657)",http://opendatacommunities.org/id/london-borough-council/camden,4561,21/12/2020 02:48:35 PM
0116EK40120,CAMDEN,1 Driver/Rider,1 Male,16-24,22,1,3 Slight,-2 Unknown,-2 N/A,7 Goods Vehicle,HIGHGATE HIGH STREET J/W SOUTHWOOD LANE.,2,04/03/2016 12:00:00 PM,Friday,12.00,3 Bor,B,519,1 Roundabout,2 30 MPH,1 Roundabout,4 Give Way/Uncontrolled,B,550,1 Zebra,1 Daylight,1 Fine,1 Road-Dry,0 None,0 None,528370,187410,-0.1491,51.570958,,,Unknown,"(51.570958, -0.1491)",http://opendatacommunities.org/id/london-borough-council/camden,6076,21/12/2020 02:48:38 PM
1180119503,CAMDEN,1 Driver/Rider,1 Male,25-59,31,1,3 Slight,-2 Unknown,-2 N/A,2 Pedal Cycle,BLOOMSBURY STREET J/W GREAT RUSSELL STREET,2,05/07/2018 05:30:00 PM,Thursday,17.30,3 Bor,A,400,2 One-Way St,1 <= 20 MPH,3 T/Stag Jun,2 Auto Sig,C,0,5 Pedn Phase At Ats,1 Daylight,1 Fine,1 Road-Dry,0 None,0 None,530000,181540,-0.127761,51.517832,,,Unknown,"(51.517832, -0.127761)",http://opendatacommunities.org/id/london-borough-council/camden,8153,21/12/2020 02:48:42 PM
1160012421,CAMDEN,2 Passenger,1 Male,16-24,24,1,3 Slight,-2 Unknown,-2 N/A,4 Car,"ON PLENDER STREET, NEAR THE JUNCTION WITH BAYHAM STREET .",2,17/09/2016 01:40:00 AM,Saturday,1.40,3 Bor,C,0,2 One-Way St,2 30 MPH,6 Crossroads,4 Give Way/Uncontrolled,Unclassified,0,1 Zebra,2 Dark,9 Unknown,1 Road-Dry,0 None,0 None,529190,183560,-0.138688,51.536172,,,Unknown,"(51.536172, -0.138688)",http://opendatacommunities.org/id/london-borough-council/camden,5833,21/12/2020 02:48:38 PM
1170030437,CAMDEN,1 Driver/Rider,1 Male,25-59,31,1,2 Serious,-2 Unknown,-2 N/A,2 Pedal Cycle,OUTER CIRCLE 55M N OF J/W CHESTER ROAD NW1,2,04/04/2017 09:30:00 PM,Tuesday,21.30,3 Bor,Unclassified,0,6 Single Cwy,2 30 MPH,0 No Jun In 20m,-2 Not Applicable,-2 Not Applicable,0,0 No Xing Facility In 50m,2 Dark,1 Fine,1 Road-Dry,0 None,0 None,528700,182830,-0.146016,51.529723,,,Unknown,"(51.529723, -0.146016)",http://opendatacommunities.org/id/london-borough-council/camden,6847,21/12/2020 02:48:39 PM
1180137420,CAMDEN,1 Driver/Rider,1 Male,25-59,43,1,3 Slight,-2 Unknown,-2 N/A,5 Taxi,NFL SHAFTESBURY AVENUE BETWEEN PRINCES CIRCUS AND BLOOMSBURY STREE,2,06/10/2018 07:05:00 PM,Saturday,19.05,3 Bor,A,401,2 One-Way St,1 <= 20 MPH,0 No Jun In 20m,-2 Not Applicable,-2 Not Applicable,0,0 No Xing Facility In 50m,1 Daylight,1 Fine,1 Road-Dry,0 None,0 None,530104,181344,-0.126335,51.516047,,,Unknown,"(51.516047, -0.126335)",http://opendatacommunities.org/id/london-borough-council/camden,8394,21/12/2020 02:48:42 PM
1190172337,CAMDEN,3 PEDESTRIAN,1 MALE,0-15,10,1,3 SLIGHT,09 IN ROAD - NOT CROSSING,7 IN RD FACING TRAFFIC,1 PEDESTRIAN,"On South End Green, near the junction with South End Close.",1,26/03/2019 10:00:00 AM,Tuesday,10.00,3 BOR,6,0,6 SINGLE CWY,20,09 OTHER JUN,4 GIVE WAY/UNCONTROLLED,6,0,1 ZEBRA,2 DAYLIGHT,1 FINE,1 ROAD-DRY,0 NONE,0 NONE,527310,185552,-0.165059,51.5545,,,Unknown,"(51.5545, -0.165059)",http://opendatacommunities.org/id/london-borough-council/camden,8894,21/12/2020 02:48:44 PM
0115EK41065,CAMDEN,3 Pedestrian,2 Female,16-24,23,1,3 Slight,01 Crossing Road On Ped Xing,1 From Drivers N/Side,1 Pedestrian,BERNARD STREET J/W MARCHMONT STREET.,1,30/11/2015 01:27:00 PM,Monday,13.27,3 Bor,B,504,2 One-Way St,2 30 MPH,3 T/Stag Jun,4 Give Way/Uncontrolled,Unclassified,0,1 Zebra,1 Daylight,1 Fine,1 Road-Dry,0 None,0 None,530235,182152,-0.12415,51.523278,,,Unknown,"(51.523278, -0.12415)",http://opendatacommunities.org/id/london-borough-council/camden,5477,21/12/2020 02:48:37 PM
1190225653,CAMDEN,3 PEDESTRIAN,2 FEMALE,25-59,54,1,3 SLIGHT,01 CROSSING ROAD ON PED XING,'-2 NOT APPLICABLE,1 PEDESTRIAN,"On West End Lane, 30 metres north of the junction with Blackburn Road.",1,17/12/2019 06:35:00 PM,Tuesday,18.35,3 BOR,B,520,3 DUAL CWY,20,00 NO JUN IN 20M,,0,0,4 PELICAN OR SIMILAR,1 DARK,1 FINE,2 ROAD-WET,0 NONE,0 NONE,525517,184728,-0.191201,51.547496,,,Unknown,"(51.547496, -0.191201)",http://opendatacommunities.org/id/london-borough-council/camden,9628,21/12/2020 02:48:45 PM
1170074709,CAMDEN,2 Passenger,2 Female,60+,70,1,3 Slight,-2 Unknown,-2 N/A,6 Bus Or Coach,UPPER WOBURN PLACE 20M S OF J/W EUSTON ROAD,1,01/12/2017 04:04:00 PM,Friday,16.04,1 TLRN,A,4200,6 Single Cwy,1 <= 20 MPH,6 Crossroads,2 Auto Sig,A,501,5 Pedn Phase At Ats,2 Dark,2 Raining,1 Road-Dry,0 None,0 None,529776,182565,-0.13061,51.527095,,,Unknown,"(51.527095, -0.13061)",http://opendatacommunities.org/id/london-borough-council/camden,7572,21/12/2020 02:48:41 PM
0116EK40491,CAMDEN,1 Driver/Rider,1 Male,25-59,30,1,3 Slight,-2 Unknown,-2 N/A,3 Powered 2 Wheeler,HAMPSTEAD ROAD J/W WILLIAM ROAD,2,11/07/2016 08:05:00 AM,Monday,8.05,1 TLRN,A,400,6 Single Cwy,2 30 MPH,3 T/Stag Jun,4 Give Way/Uncontrolled,Unclassified,0,0 No Xing Facility In 50m,1 Daylight,9 Unknown,1 Road-Dry,0 None,0 None,529220,182570,-0.138619,51.527268,,,Unknown,"(51.527268, -0.138619)",http://opendatacommunities.org/id/london-borough-council/camden,6402,21/12/2020 02:48:38 PM
1160004970,CAMDEN,1 Driver/Rider,1 Male,25-59,30,1,3 Slight,-2 Unknown,-2 N/A,7 Goods Vehicle,ROYAL COLLEGE STREET J/W GEORGIANA STREET,2,03/12/2016 08:30:00 PM,Saturday,20.30,3 Bor,A,5202,6 Single Cwy,1 <= 20 MPH,6 Crossroads,4 Give Way/Uncontrolled,Unclassified,0,1 Zebra,2 Dark,8 Other,2 Road-Wet,0 None,0 None,529310,183970,-0.136808,51.539829,,,Unknown,"(51.539829, -0.136808)",http://opendatacommunities.org/id/london-borough-council/camden,5730,21/12/2020 02:48:37 PM
1170016051,CAMDEN,3 Pedestrian,2 Female,25-59,27,1,2 Serious,05 Crossing Road (Not On Xing),1 From Drivers N/Side,1 Pedestrian,FORTESS ROAD J/W FORTESS WALK,1,03/02/2017 07:10:00 PM,Friday,19.10,3 Bor,A,400,6 Single Cwy,2 30 MPH,3 T/Stag Jun,4 Give Way/Uncontrolled,Unclassified,0,0 No Xing Facility In 50m,2 Dark,2 Raining,2 Road-Wet,0 None,0 None,528980,185360,-0.141055,51.552396,,,Unknown,"(51.552396, -0.141055)",http://opendatacommunities.org/id/london-borough-council/camden,6642,21/12/2020 02:48:39 PM
1180142661,CAMDEN,3 Pedestrian,1 Male,16-24,20,1,3 Slight,06 On Footpath - Verge,9 Unknown Or Other,1 Pedestrian,QUEENS CRESCENT 52M E OF J/W WEEDINGTON ROAD,1,01/11/2018 12:39:00 PM,Thursday,12.39,3 Bor,Unclassified,0,6 Single Cwy,1 <= 20 MPH,0 No Jun In 20m,-2 Not Applicable,-2 Not Applicable,0,0 No Xing Facility In 50m,1 Daylight,2 Raining,2 Road-Wet,0 None,2 Other Object In Cwy,528330,185130,-0.150508,51.550477,,,Unknown,"(51.550477, -0.150508)",http://opendatacommunities.org/id/london-borough-council/camden,8485,21/12/2020 02:48:43 PM
0115EK40185,CAMDEN,1 Driver/Rider,1 Male,60+,61,1,3 Slight,-2 Unknown,-2 N/A,2 Pedal Cycle,KENTISH TOWN ROAD J/W PRINCE OF WALES ROAD,2,04/03/2015 06:45:00 PM,Wednesday,18.45,3 Bor,A,400,6 Single Cwy,2 30 MPH,3 T/Stag Jun,2 Auto Sig,C,0,5 Pedn Phase At Ats,2 Dark,1 Fine,2 Road-Wet,0 None,0 None,528950,184720,-0.141721,51.546651,,,Unknown,"(51.546651, -0.141721)",http://opendatacommunities.org/id/london-borough-council/camden,4727,21/12/2020 02:48:36 PM
0115EK41141,CAMDEN,1 Driver/Rider,1 Male,0-15,14,1,3 Slight,-2 Unknown,-2 N/A,2 Pedal Cycle,CHALK FARM ROAD J/W REGENT'S PARK ROAD.,2,18/12/2015 04:00:00 PM,Friday,16.00,3 Bor,A,502,6 Single Cwy,2 30 MPH,6 Crossroads,2 Auto Sig,Unclassified,0,5 Pedn Phase At Ats,1 Daylight,1 Fine,1 Road-Dry,0 None,0 None,528190,184380,-0.1528,51.543769,,,Unknown,"(51.543769, -0.1528)",http://opendatacommunities.org/id/london-borough-council/camden,5545,21/12/2020 02:48:37 PM
1190179102,CAMDEN,1 DRIVER/RIDER,2 FEMALE,25-59,45,2,3 SLIGHT,'-2 NOT APPLICABLE,1 FROM DRIVERS N/SIDE,3 POWERED 2 WHEELER,"On Euston Road, near the junction with ARGYLLE road.",1,05/05/2019 11:10:00 PM,Sunday,23.10,1 TLRN,A,501,3 DUAL CWY,30,03 T/STAG JUN,2 AUTO SIG,5,0,4 PELICAN OR SIMILAR,1 DARK,1 FINE,1 ROAD-DRY,0 NONE,0 NONE,530205,182869,-0.124317,51.529729,,,Unknown,"(51.529729, -0.124317)",http://opendatacommunities.org/id/london-borough-council/camden,8982,21/12/2020 02:48:44 PM
1190191149,CAMDEN,1 DRIVER/RIDER,1 MALE,25-59,32,1,2 SERIOUS,'-2 NOT APPLICABLE,'-2 NOT APPLICABLE,2 PEDAL CYCLE,"On Kentish Town Road, near the junction with Bartholomew Road.",2,03/07/2019 08:30:00 AM,Wednesday,8.30,3 BOR,A,400,6 SINGLE CWY,30,09 OTHER JUN,4 GIVE WAY/UNCONTROLLED,6,0,5 PEDN PHASE AT ATS,2 DAYLIGHT,1 FINE,1 ROAD-DRY,0 NONE,0 NONE,528956,184615,-0.141673,51.545706,,,Unknown,"(51.545706, -0.141673)",http://opendatacommunities.org/id/london-borough-council/camden,9154,21/12/2020 02:48:44 PM
1170059431,CAMDEN,1 Driver/Rider,1 Male,Unknown,0,1,3 Slight,-2 Unknown,-2 N/A,3 Powered 2 Wheeler,FROGNAL RISE NW£ J/W LOWER TERRACE NW3,2,18/09/2017 03:02:00 AM,Monday,3.02,3 Bor,Unclassified,0,6 Single Cwy,1 <= 20 MPH,3 T/Stag Jun,4 Give Way/Uncontrolled,Unclassified,0,0 No Xing Facility In 50m,2 Dark,1 Fine,2 Road-Wet,0 None,0 None,526140,186030,-0.181755,51.559059,,,Unknown,"(51.559059, -0.181755)",http://opendatacommunities.org/id/london-borough-council/camden,7325,21/12/2020 02:48:40 PM
1190157863,CAMDEN,1 DRIVER/RIDER,1 MALE,25-59,51,1,3 SLIGHT,'-2 NOT APPLICABLE,'-2 NOT APPLICABLE,3 POWERED 2 WHEELER,"On Chalk Farm Road, near the junction with Hawley Street.",4,04/01/2019 03:45:00 PM,Friday,15.45,3 BOR,A,502,6 SINGLE CWY,30,03 T/STAG JUN,4 GIVE WAY/UNCONTROLLED,A,502,1 ZEBRA,2 DAYLIGHT,8 OTHER,1 ROAD-DRY,0 NONE,0 NONE,528644,184207,-0.146319,51.542111,,,Unknown,"(51.542111, -0.146319)",http://opendatacommunities.org/id/london-borough-council/camden,8694,21/12/2020 02:48:43 PM
1180098949,CAMDEN,3 Pedestrian,2 Female,Unknown,0,1,3 Slight,05 Crossing Road (Not On Xing),9 Unknown Or Other,1 Pedestrian,SAINT PANCRAS WAY J/W PRATT STREET,1,28/03/2018 08:40:00 AM,Wednesday,8.40,3 Bor,C,0,3 Dual Cwy,1 <= 20 MPH,3 T/Stag Jun,4 Give Way/Uncontrolled,C,0,1 Zebra,1 Daylight,2 Raining,2 Road-Wet,0 None,0 None,529430,183930,-0.135093,51.539442,,,Unknown,"(51.539442, -0.135093)",http://opendatacommunities.org/id/london-borough-council/camden,7852,21/12/2020 02:48:41 PM
1190194082,CAMDEN,2 PASSENGER,2 FEMALE,25-59,44,1,3 SLIGHT,'-2 NOT APPLICABLE,'-2 NOT APPLICABLE,6 BUS OR COACH,"On TOTTENHAM COURT ROAD WC1, 23 metres north of the junction with GREAT RUSSEL STREET WC1.",1,17/07/2019 11:40:00 AM,Wednesday,11.40,3 BOR,A,400,6 SINGLE CWY,20,00 NO JUN IN 20M,,0,0,0 NO XING FACILITY IN 50M,2 DAYLIGHT,1 FINE,1 ROAD-DRY,0 NONE,6 PED IN CWY - NOT INJ,529786,181473,-0.130868,51.517279,,,Unknown,"(51.517279, -0.130868)",http://opendatacommunities.org/id/london-borough-council/camden,9193,21/12/2020 02:48:44 PM
1170041722,CAMDEN,1 Driver/Rider,1 Male,25-59,29,1,2 Serious,-2 Unknown,-2 N/A,3 Powered 2 Wheeler,ALDRED ROAD J/W HILLFIELD ROAD,2,07/06/2017 01:16:00 PM,Wednesday,13.16,3 Bor,Unclassified,0,6 Single Cwy,1 <= 20 MPH,3 T/Stag Jun,4 Give Way/Uncontrolled,Unclassified,0,0 No Xing Facility In 50m,1 Daylight,1 Fine,1 Road-Dry,0 None,0 None,525130,185330,-0.196566,51.552992,,,Unknown,"(51.552992, -0.196566)",http://opendatacommunities.org/id/london-borough-council/camden,7019,21/12/2020 02:48:39 PM
0115EK40448,CAMDEN,1 Driver/Rider,1 Male,25-59,43,1,2 Serious,-2 Unknown,-2 N/A,5 Taxi,BUCKLAND CRESCENT J/W LANCASTER GROVE,2,25/06/2015 08:25:00 PM,Thursday,20.25,3 Bor,C,0,6 Single Cwy,2 30 MPH,3 T/Stag Jun,4 Give Way/Uncontrolled,C,0,0 No Xing Facility In 50m,2 Dark,1 Fine,1 Road-Dry,0 None,0 None,526807,184709,-0.172614,51.547037,,,Unknown,"(51.547037, -0.172614)",http://opendatacommunities.org/id/london-borough-council/camden,4941,21/12/2020 02:48:36 PM
1190193282,CAMDEN,2 PASSENGER,1 MALE,25-59,28,3,3 SLIGHT,'-2 NOT APPLICABLE,'-2 NOT APPLICABLE,4 CAR,"On Camden Road, 30 metres north of the junction with Canal Blvd.",2,13/07/2019 06:40:00 AM,Saturday,6.40,1 TLRN,A,503,3 DUAL CWY,30,00 NO JUN IN 20M,,0,0,0 NO XING FACILITY IN 50M,2 DAYLIGHT,1 FINE,1 ROAD-DRY,0 NONE,0 NONE,529443,184530,-0.134686,51.544831,,,Unknown,"(51.544831, -0.134686)",http://opendatacommunities.org/id/london-borough-council/camden,9180,21/12/2020 02:48:44 PM
1180121514,CAMDEN,1 Driver/Rider,1 Male,25-59,43,1,3 Slight,-2 Unknown,-2 N/A,2 Pedal Cycle,OXFORD STREET J/W TOTTNHAM COURT ROAD,2,17/07/2018 01:06:00 PM,Tuesday,13.06,3 Bor,A,40,6 Single Cwy,1 <= 20 MPH,6 Crossroads,2 Auto Sig,A,40,4 Pelican Or Similar,1 Daylight,1 Fine,1 Road-Dry,0 None,0 None,529790,181370,-0.130848,51.516353,,,Unknown,"(51.516353, -0.130848)",http://opendatacommunities.org/id/london-borough-council/camden,8184,21/12/2020 02:48:42 PM
1180110201,CAMDEN,3 Pedestrian,2 Female,25-59,44,1,3 Slight,06 On Footpath - Verge,9 Unknown Or Other,1 Pedestrian,KINGSWAY J/W GREAT QUEEN STREET,1,24/05/2018 02:34:00 PM,Thursday,14.34,3 Bor,A,4200,6 Single Cwy,1 <= 20 MPH,3 T/Stag Jun,2 Auto Sig,B,402,5 Pedn Phase At Ats,1 Daylight,1 Fine,1 Road-Dry,0 None,0 None,530560,181390,-0.11975,51.516355,,,Unknown,"(51.516355, -0.11975)",http://opendatacommunities.org/id/london-borough-council/camden,8020,21/12/2020 02:48:42 PM
1180152169,CAMDEN,3 Pedestrian,1 Male,0-15,13,1,3 Slight,10 Unknown,9 Unknown Or Other,1 Pedestrian,FROGNAL 50M N OF J/W FROGNAL CLOSE,1,11/12/2018 06:38:00 PM,Tuesday,18.38,3 Bor,Unclassified,0,6 Single Cwy,2 30 MPH,0 No Jun In 20m,-2 Not Applicable,-2 Not Applicable,0,0 No Xing Facility In 50m,2 Dark,1 Fine,1 Road-Dry,0 None,0 None,526160,185390,-0.181696,51.553302,,,Unknown,"(51.553302, -0.181696)",http://opendatacommunities.org/id/london-borough-council/camden,8611,21/12/2020 02:48:43 PM