Reference,London Borough Name,Casualty Class,Casualty Sex,Casualty Age Band,Casualty Age,Number Of Casualties,Casualty Severity,Pedestrian Location,Pedestrian Movement,Mode Of Travel,Attendant Location,Number Of Vehicles,Date,Day,Time,Highway,Road Class 1,Road Number 1,Road Type,Speed Limit,Junction Detail,Junction Control,Road Class 2,Road Number 2,Pedestrian Crossing,Light Condition Band,Weather,Road Surface,Special Conditions,Carriage Way Hazard,Easting,Northing,Longitude,Latitude,Ward Code,Ward Name,Spatial Accuracy,Location,Organisation URI,Socrata ID,Last Uploaded
0116EK40607,CAMDEN,3 Pedestrian,1 Male,25-59,33,1,3 Slight,05 Crossing Road (Not On Xing),1 From Drivers N/Side,1 Pedestrian,"NFL - GOODS WAY, 60 METRES WEST OF YORK WAY.",1,23/08/2016 06:25:00 PM,Tuesday,18.25,3 Bor,C,0,6 Single Cwy,1 <= 20 MPH,0 No Jun In 20m,-2 Not Applicable,-2 Not Applicable,0,0 No Xing Facility In 50m,1 Daylight,1 Fine,1 Road-Dry,0 None,0 None,530260,183450,-0.12331,51.534937,,,Unknown,"(51.534937, -0.12331)",http://opendatacommunities.org/id/london-borough-council/camden,6486,21/12/2020 02:48:39 PM
1180145309,CAMDEN,3 Pedestrian,2 Female,60+,73,1,3 Slight,05 Crossing Road (Not On Xing),4 From Drivers O/Side Msk,1 Pedestrian,KENTISH TOWN ROAD 20M N OF J/W LEIGHTON ROAD,1,13/11/2018 10:10:00 AM,Tuesday,10.10,3 Bor,A,400,6 Single Cwy,1 <= 20 MPH,6 Crossroads,2 Auto Sig,Unclassified,0,5 Pedn Phase At Ats,1 Daylight,1 Fine,1 Road-Dry,0 None,0 None,528940,185000,-0.141763,51.54917,,,Unknown,"(51.54917, -0.141763)",http://opendatacommunities.org/id/london-borough-council/camden,8519,21/12/2020 02:48:43 PM
0115EK40839,CAMDEN,1 Driver/Rider,1 Male,25-59,34,1,3 Slight,-2 Unknown,-2 N/A,2 Pedal Cycle,NEW OXFORD STREET J/W CHARING CROSS ROAD,2,06/08/2015 01:45:00 PM,Thursday,13.45,3 Bor,A,40,3 Dual Cwy,2 30 MPH,6 Crossroads,2 Auto Sig,A,40,5 Pedn Phase At Ats,1 Daylight,1 Fine,1 Road-Dry,0 None,0 None,529830,181370,-0.130272,51.516344,,,Unknown,"(51.516344, -0.130272)",http://opendatacommunities.org/id/london-borough-council/camden,5293,21/12/2020 02:48:37 PM
1190174832,CAMDEN,1 DRIVER/RIDER,1 MALE,25-59,25,2,3 SLIGHT,'-2 NOT APPLICABLE,'-2 NOT APPLICABLE,4 CAR,"On Fairfax Road, near the junction with Fairfax Place.",3,12/04/2019 06:11:00 PM,Friday,18.11,3 BOR,B,509,7 SLIP RD,20,01 ROUNDABOUT,4 GIVE WAY/UNCONTROLLED,5,0,0 NO XING FACILITY IN 50M,2 DAYLIGHT,1 FINE,1 ROAD-DRY,0 NONE,0 NONE,526290,184127,-0.180275,51.541923,,,Unknown,"(51.541923, -0.180275)",http://opendatacommunities.org/id/london-borough-council/camden,8921,21/12/2020 02:48:44 PM
1170047705,CAMDEN,3 Pedestrian,2 Female,25-59,42,1,3 Slight,05 Crossing Road (Not On Xing),1 From Drivers N/Side,1 Pedestrian,PANCRAS WAY J/W CAMDEN ROAD,1,11/07/2017 12:55:00 PM,Tuesday,12.55,1 TLRN,A,5202,2 One-Way St,2 30 MPH,6 Crossroads,2 Auto Sig,A,503,5 Pedn Phase At Ats,1 Daylight,2 Raining,2 Road-Wet,0 None,0 None,529250,184290,-0.137555,51.542718,,,Unknown,"(51.542718, -0.137555)",http://opendatacommunities.org/id/london-borough-council/camden,7140,21/12/2020 02:48:40 PM
1180134011,CAMDEN,1 Driver/Rider,1 Male,25-59,31,1,3 Slight,-2 Unknown,-2 N/A,3 Powered 2 Wheeler,TOTTENHAM COURT ROAD J/W WARREN STREET,2,19/09/2018 05:20:00 PM,Wednesday,17.20,3 Bor,A,400,2 One-Way St,1 <= 20 MPH,3 T/Stag Jun,9 Unknown (S/R),Unclassified,0,5 Pedn Phase At Ats,1 Daylight,1 Fine,1 Road-Dry,0 None,0 None,529280,182250,-0.137872,51.524378,,,Unknown,"(51.524378, -0.137872)",http://opendatacommunities.org/id/london-borough-council/camden,8342,21/12/2020 02:48:42 PM
0115EK40630,CAMDEN,1 Driver/Rider,1 Male,25-59,40,1,2 Serious,-2 Unknown,-2 N/A,3 Powered 2 Wheeler,FROGNAL LANE J/W GREENAWAY GARDENS,2,28/07/2015 07:17:00 PM,Tuesday,19.17,3 Bor,Unclassified,0,6 Single Cwy,2 30 MPH,3 T/Stag Jun,4 Give Way/Uncontrolled,Unclassified,0,0 No Xing Facility In 50m,1 Daylight,1 Fine,2 Road-Wet,0 None,0 None,525880,185440,-0.185714,51.553814,,,Unknown,"(51.553814, -0.185714)",http://opendatacommunities.org/id/london-borough-council/camden,5110,21/12/2020 02:48:36 PM
1170045949,CAMDEN,1 Driver/Rider,1 Male,16-24,20,1,3 Slight,-2 Unknown,-2 N/A,3 Powered 2 Wheeler,COPENHAGEN STREET 10M E OF J/W YORK WAY,2,30/06/2017 07:49:00 PM,Friday,19.49,3 Bor,A,5200,6 Single Cwy,1 <= 20 MPH,3 T/Stag Jun,2 Auto Sig,B,154,0 No Xing Facility In 50m,1 Daylight,1 Fine,1 Road-Dry,0 None,0 None,530340,183670,-0.122076,51.536896,,,Unknown,"(51.536896, -0.122076)",http://opendatacommunities.org/id/london-borough-council/camden,7104,21/12/2020 02:48:40 PM
0115EK40566,CAMDEN,2 Passenger,1 Male,Unknown,0,1,3 Slight,-2 Unknown,-2 N/A,4 Car,NFL SOUTHAMPTON ROW 50M SE J.W BLOOMSBURY PLACE,5,11/07/2015 05:15:00 PM,Saturday,17.15,3 Bor,A,4200,6 Single Cwy,2 30 MPH,0 No Jun In 20m,-2 Not Applicable,-2 Not Applicable,0,0 No Xing Facility In 50m,1 Daylight,1 Fine,1 Road-Dry,0 None,0 None,530400,181730,-0.121929,51.519448,,,Unknown,"(51.519448, -0.121929)",http://opendatacommunities.org/id/london-borough-council/camden,5056,21/12/2020 02:48:36 PM
1160024708,CAMDEN,1 Driver/Rider,1 Male,16-24,17,1,3 Slight,-2 Unknown,-2 N/A,3 Powered 2 Wheeler,OAKLEY SQUARE 88M N OF J/W EVERSHOLT STREET,2,03/10/2016 07:49:00 PM,Monday,19.49,3 Bor,Unclassified,0,6 Single Cwy,1 <= 20 MPH,0 No Jun In 20m,-2 Not Applicable,-2 Not Applicable,0,0 No Xing Facility In 50m,2 Dark,1 Fine,1 Road-Dry,0 None,0 None,529330,183310,-0.136762,51.533893,,,Unknown,"(51.533893, -0.136762)",http://opendatacommunities.org/id/london-borough-council/camden,5927,21/12/2020 02:48:38 PM
1190187391,CAMDEN,3 PEDESTRIAN,1 MALE,25-59,53,2,3 SLIGHT,04 CROSSING ROAD WITHIN 50M XING,'-2 NOT APPLICABLE,1 PEDESTRIAN,"On EUSTON ROAD, near the junction with MABLEDON PLACE.",1,15/06/2019 01:00:00 PM,Saturday,13.00,1 TLRN,A,501,3 DUAL CWY,30,03 T/STAG JUN,2 AUTO SIG,A,501,5 PEDN PHASE AT ATS,2 DAYLIGHT,1 FINE,1 ROAD-DRY,0 NONE,0 NONE,529962,182724,-0.127872,51.528482,,,Unknown,"(51.528482, -0.127872)",http://opendatacommunities.org/id/london-borough-council/camden,9097,21/12/2020 02:48:44 PM
0116EK40411,CAMDEN,1 Driver/Rider,1 Male,25-59,32,1,3 Slight,-2 Unknown,-2 N/A,2 Pedal Cycle,GUILFORD STREET J/W MILLMAN STREET,2,07/06/2016 02:30:00 PM,Tuesday,14.30,3 Bor,B,502,6 Single Cwy,1 <= 20 MPH,3 T/Stag Jun,4 Give Way/Uncontrolled,Unclassified,0,1 Zebra,1 Daylight,2 Raining,2 Road-Wet,0 None,0 None,530640,182220,-0.11829,51.523796,,,Unknown,"(51.523796, -0.11829)",http://opendatacommunities.org/id/london-borough-council/camden,6329,21/12/2020 02:48:38 PM
1170057493,CAMDEN,1 Driver/Rider,1 Male,25-59,39,1,3 Slight,-2 Unknown,-2 N/A,2 Pedal Cycle,GREAT QUEEN STREET 21M N OF J/W WILD STREET,2,30/08/2017 02:20:00 PM,Wednesday,14.20,3 Bor,B,402,2 One-Way St,2 30 MPH,0 No Jun In 20m,-2 Not Applicable,-2 Not Applicable,0,0 No Xing Facility In 50m,1 Daylight,2 Raining,2 Road-Wet,0 None,0 None,530430,181250,-0.121674,51.515127,,,Unknown,"(51.515127, -0.121674)",http://opendatacommunities.org/id/london-borough-council/camden,7294,21/12/2020 02:48:40 PM
1160024371,CAMDEN,1 Driver/Rider,1 Male,16-24,24,1,3 Slight,-2 Unknown,-2 N/A,2 Pedal Cycle,THEOBALDS ROAD 28M N OF J/W BEDFORD ROW,2,17/10/2016 09:40:00 AM,Monday,9.40,3 Bor,A,401,6 Single Cwy,2 30 MPH,0 No Jun In 20m,-2 Not Applicable,-2 Not Applicable,0,4 Pelican Or Similar,1 Daylight,1 Fine,1 Road-Dry,0 None,0 None,530800,181890,-0.116108,51.520793,,,Unknown,"(51.520793, -0.116108)",http://opendatacommunities.org/id/london-borough-council/camden,5891,21/12/2020 02:48:38 PM
0115EK40129,CAMDEN,1 Driver/Rider,1 Male,25-59,44,1,3 Slight,-2 Unknown,-2 N/A,3 Powered 2 Wheeler,GRAY'S INN ROAD 28M NW OF J/W CALTHORPE STREET,2,19/02/2015 07:10:00 PM,Thursday,19.10,3 Bor,A,5200,6 Single Cwy,2 30 MPH,0 No Jun In 20m,-2 Not Applicable,-2 Not Applicable,0,5 Pedn Phase At Ats,2 Dark,2 Raining,2 Road-Wet,0 None,0 None,530780,182310,-0.11624,51.524572,,,Unknown,"(51.524572, -0.11624)",http://opendatacommunities.org/id/london-borough-council/camden,4681,21/12/2020 02:48:36 PM
1180150772,CAMDEN,1 Driver/Rider,1 Male,25-59,37,1,3 Slight,-2 Unknown,-2 N/A,3 Powered 2 Wheeler,ARKWRIGHT ROAD NW3 J/W FROGNAL NW3,2,08/12/2018 03:00:00 PM,Saturday,15.00,3 Bor,C,0,6 Single Cwy,1 <= 20 MPH,6 Crossroads,4 Give Way/Uncontrolled,Unclassified,0,0 No Xing Facility In 50m,1 Daylight,1 Fine,2 Road-Wet,0 None,0 None,526230,185230,-0.180744,51.551849,,,Unknown,"(51.551849, -0.180744)",http://opendatacommunities.org/id/london-borough-council/camden,8594,21/12/2020 02:48:43 PM
1180085624,CAMDEN,3 Pedestrian,1 Male,25-59,34,1,3 Slight,05 Crossing Road (Not On Xing),3 From Drivers O/Side,1 Pedestrian,HENDON WAY J/W FINCHLEY ROAD,1,24/01/2018 09:16:00 PM,Wednesday,21.16,1 TLRN,A,41,3 Dual Cwy,3 40 MPH,7 Multi Jun,1 Auth Person,A,41,8 Central Refuge,2 Dark,1 Fine,2 Road-Wet,0 None,0 None,525060,186030,-0.197326,51.559299,,,Unknown,"(51.559299, -0.197326)",http://opendatacommunities.org/id/london-borough-council/camden,7692,21/12/2020 02:48:41 PM
0115EK40475,CAMDEN,1 Driver/Rider,1 Male,16-24,22,1,3 Slight,-2 Unknown,-2 N/A,3 Powered 2 Wheeler,CROFTDOWN ROAD 64M SW CHESTER ROAD,1,13/06/2015 03:45:00 PM,Saturday,15.45,3 Bor,Unclassified,0,6 Single Cwy,2 30 MPH,0 No Jun In 20m,-2 Not Applicable,-2 Not Applicable,0,0 No Xing Facility In 50m,1 Daylight,1 Fine,1 Road-Dry,0 None,0 None,528740,186570,-0.144072,51.563325,,,Unknown,"(51.563325, -0.144072)",http://opendatacommunities.org/id/london-borough-council/camden,4967,21/12/2020 02:48:36 PM
1170065245,CAMDEN,1 Driver/Rider,1 Male,25-59,58,1,3 Slight,-2 Unknown,-2 N/A,4 Car,CAMDEN ROAD J/W CAMDEN PARK ROAD,3,18/10/2017 12:26:00 PM,Wednesday,12.26,1 TLRN,A,503,3 Dual Cwy,5 60 MPH,6 Crossroads,2 Auto Sig,A,5200,1 Zebra,1 Daylight,2 Raining,2 Road-Wet,0 None,0 None,529719,184867,-0.130583,51.547796,,,Unknown,"(51.547796, -0.130583)",http://opendatacommunities.org/id/london-borough-council/camden,7434,21/12/2020 02:48:40 PM
1180137136,CAMDEN,1 Driver/Rider,1 Male,25-59,36,1,3 Slight,-2 Unknown,-2 N/A,2 Pedal Cycle,FITZROY STREET 30M N OF J/W MAPLE STREET,2,05/10/2018 08:20:00 AM,Friday,8.20,3 Bor,Unclassified,0,2 One-Way St,2 30 MPH,0 No Jun In 20m,-2 Not Applicable,-2 Not Applicable,0,9 Unknown (S/R),1 Daylight,1 Fine,1 Road-Dry,0 None,0 None,529240,181990,-0.138543,51.522051,,,Unknown,"(51.522051, -0.138543)",http://opendatacommunities.org/id/london-borough-council/camden,8388,21/12/2020 02:48:42 PM
1170012084,CAMDEN,3 Pedestrian,1 Male,25-59,51,1,3 Slight,01 Crossing Road On Ped Xing,1 From Drivers N/Side,1 Pedestrian,KILBURN HIGH ROAD J/W WILLESDEN LANE,1,17/01/2017 12:25:00 AM,Tuesday,0.25,3 Bor,A,5,6 Single Cwy,2 30 MPH,6 Crossroads,2 Auto Sig,A,4003,4 Pelican Or Similar,2 Dark,1 Fine,1 Road-Dry,0 None,0 None,525050,184100,-0.198156,51.541956,,,Unknown,"(51.541956, -0.198156)",http://opendatacommunities.org/id/london-borough-council/camden,6588,21/12/2020 02:48:39 PM
0115EK41098,CAMDEN,1 Driver/Rider,2 Female,60+,75,1,3 Slight,-2 Unknown,-2 N/A,2 Pedal Cycle,TAVISTOCK SQUARE J/W BEDFORD WAY,2,10/12/2015 10:35:00 AM,Thursday,10.35,3 Bor,C,0,6 Single Cwy,2 30 MPH,6 Crossroads,2 Auto Sig,C,0,5 Pedn Phase At Ats,1 Daylight,1 Fine,1 Road-Dry,0 None,0 None,529890,182240,-0.129087,51.524148,,,Unknown,"(51.524148, -0.129087)",http://opendatacommunities.org/id/london-borough-council/camden,5503,21/12/2020 02:48:37 PM
1190224754,CAMDEN,2 PASSENGER,2 FEMALE,60+,75,1,3 SLIGHT,'-2 NOT APPLICABLE,'-2 NOT APPLICABLE,6 BUS OR COACH,"On Highgate Rd, near the junction with Chetwynd Rd.",1,13/12/2019 11:45:00 AM,Friday,11.45,3 BOR,B,518,6 SINGLE CWY,20,06 CROSSROADS,2 AUTO SIG,5,0,1 ZEBRA,2 DAYLIGHT,1 FINE,1 ROAD-DRY,0 NONE,0 NONE,528578,185840,-0.146674,51.556801,,,Unknown,"(51.556801, -0.146674)",http://opendatacommunities.org/id/london-borough-council/camden,9615,21/12/2020 02:48:45 PM
1190176929,CAMDEN,1 DRIVER/RIDER,2 FEMALE,25-59,28,1,3 SLIGHT,'-2 NOT APPLICABLE,'-2 NOT APPLICABLE,2 PEDAL CYCLE,"On Bainbridge Street, near the junction with Dyott street.",2,25/04/2019 10:30:00 AM,Thursday,10.30,3 BOR,6,0,2 ONE-WAY ST,20,06 CROSSROADS,4 GIVE WAY/UNCONTROLLED,6,0,0 NO XING FACILITY IN 50M,2 DAYLIGHT,2 RAINING,2 ROAD-WET,0 NONE,0 NONE,529980,181448,-0.128083,51.51701,,,Unknown,"(51.51701, -0.128083)",http://opendatacommunities.org/id/london-borough-council/camden,8945,21/12/2020 02:48:44 PM
0116EK40127,CAMDEN,3 Pedestrian,2 Female,25-59,48,1,3 Slight,05 Crossing Road (Not On Xing),3 From Drivers O/Side,1 Pedestrian,NFL - SHAFTESBURY AVENUE J/W GRAPE STREET.,1,04/03/2016 10:47:00 AM,Friday,10.47,3 Bor,A,401,2 One-Way St,1 <= 20 MPH,3 T/Stag Jun,4 Give Way/Uncontrolled,Unclassified,0,0 No Xing Facility In 50m,1 Daylight,1 Fine,1 Road-Dry,0 None,0 None,530120,181420,-0.126077,51.516726,,,Unknown,"(51.516726, -0.126077)",http://opendatacommunities.org/id/london-borough-council/camden,6084,21/12/2020 02:48:38 PM
1170031128,CAMDEN,2 Passenger,2 Female,16-24,23,1,2 Serious,-2 Unknown,-2 N/A,6 Bus Or Coach,GOWER STREET 10M S OF J/W CHENIES STREET,1,09/04/2017 11:05:00 AM,Sunday,11.05,3 Bor,A,400,2 One-Way St,2 30 MPH,3 T/Stag Jun,4 Give Way/Uncontrolled,Unclassified,0,0 No Xing Facility In 50m,1 Daylight,1 Fine,1 Road-Dry,0 None,0 None,529750,181890,-0.131233,51.521035,,,Unknown,"(51.521035, -0.131233)",http://opendatacommunities.org/id/london-borough-council/camden,6864,21/12/2020 02:48:39 PM
0116EK40097,CAMDEN,1 Driver/Rider,1 Male,25-59,41,1,3 Slight,-2 Unknown,-2 N/A,2 Pedal Cycle,COLLEGE CRESCENT 21M NE OF FINCHLEY ROAD,2,22/02/2016 12:50:00 PM,Monday,12.50,1 TLRN,A,41,3 Dual Cwy,2 30 MPH,0 No Jun In 20m,-2 Not Applicable,-2 Not Applicable,0,0 No Xing Facility In 50m,1 Daylight,1 Fine,1 Road-Dry,0 None,0 None,526430,184560,-0.178102,51.545783,,,Unknown,"(51.545783, -0.178102)",http://opendatacommunities.org/id/london-borough-council/camden,6055,21/12/2020 02:48:38 PM
0115EK40800,CAMDEN,1 Driver/Rider,2 Female,25-59,53,1,3 Slight,-2 Unknown,-2 N/A,4 Car,PRINCE OF WALES ROAD J/W GRAFTON ROAD,2,14/09/2015 11:58:00 AM,Monday,11.58,3 Bor,C,0,6 Single Cwy,2 30 MPH,3 T/Stag Jun,2 Auto Sig,C,0,5 Pedn Phase At Ats,1 Daylight,2 Raining,2 Road-Wet,0 None,0 None,528760,184710,-0.144464,51.546605,,,Unknown,"(51.546605, -0.144464)",http://opendatacommunities.org/id/london-borough-council/camden,5260,21/12/2020 02:48:37 PM
0115EK40629,CAMDEN,1 Driver/Rider,1 Male,25-59,43,1,3 Slight,-2 Unknown,-2 N/A,2 Pedal Cycle,CAMDEN HIGH STREET J/W SYMES MEWS,2,27/07/2015 01:30:00 PM,Monday,13.30,1 TLRN,A,502,6 Single Cwy,2 30 MPH,3 T/Stag Jun,4 Give Way/Uncontrolled,Unclassified,0,0 No Xing Facility In 50m,1 Daylight,1 Fine,1 Road-Dry,4 Roadworks,0 None,529140,183470,-0.139441,51.535374,,,Unknown,"(51.535374, -0.139441)",http://opendatacommunities.org/id/london-borough-council/camden,5108,21/12/2020 02:48:36 PM
1170017451,CAMDEN,3 Pedestrian,2 Female,25-59,54,1,3 Slight,05 Crossing Road (Not On Xing),2 From Drivers N/Side Msk,1 Pedestrian,GRAYS INN ROAD J/W BRITANNIA STREET,1,09/02/2017 12:15:00 PM,Thursday,12.15,1 TLRN,A,501,3 Dual Cwy,2 30 MPH,3 T/Stag Jun,4 Give Way/Uncontrolled,Unclassified,0,0 No Xing Facility In 50m,1 Daylight,8 Other,2 Road-Wet,0 None,0 None,530490,182840,-0.120221,51.529402,,,Unknown,"(51.529402, -0.120221)",http://opendatacommunities.org/id/london-borough-council/camden,6662,21/12/2020 02:48:39 PM
1180138730,CAMDEN,2 Passenger,2 Female,25-59,31,1,3 Slight,-2 Unknown,-2 N/A,4 Car,CASTLEHAVEN ROAD 32M W OF J/W HAWLEY ROAD,2,13/10/2018 05:35:00 AM,Saturday,5.35,3 Bor,C,0,6 Single Cwy,1 <= 20 MPH,0 No Jun In 20m,-2 Not Applicable,-2 Not Applicable,0,0 No Xing Facility In 50m,2 Dark,1 Fine,1 Road-Dry,0 None,0 None,528770,184280,-0.144477,51.542738,,,Unknown,"(51.542738, -0.144477)",http://opendatacommunities.org/id/london-borough-council/camden,8423,21/12/2020 02:48:43 PM
1160001628,CAMDEN,2 Passenger,2 Female,0-15,10,1,3 Slight,-2 Unknown,-2 N/A,5 Taxi,AVENUE ROAD 50M N OF J/W PRINCE ALBERT ROAD,1,15/11/2016 08:10:00 AM,Tuesday,8.10,3 Bor,B,525,6 Single Cwy,2 30 MPH,0 No Jun In 20m,-2 Not Applicable,-2 Not Applicable,0,0 No Xing Facility In 50m,1 Daylight,1 Fine,2 Road-Wet,0 None,2 Other Object In Cwy,527300,183530,-0.165934,51.536331,,,Unknown,"(51.536331, -0.165934)",http://opendatacommunities.org/id/london-borough-council/camden,5669,21/12/2020 02:48:37 PM
0115EK40790,CAMDEN,1 Driver/Rider,1 Male,25-59,54,1,3 Slight,-2 Unknown,-2 N/A,2 Pedal Cycle,HAMPSTEAD ROAD 60M N OF VARNDELL STREET,2,09/09/2015 09:43:00 AM,Wednesday,9.43,1 TLRN,A,400,6 Single Cwy,2 30 MPH,0 No Jun In 20m,-2 Not Applicable,-2 Not Applicable,0,0 No Xing Facility In 50m,1 Daylight,1 Fine,1 Road-Dry,0 None,0 None,529210,182860,-0.138656,51.529876,,,Unknown,"(51.529876, -0.138656)",http://opendatacommunities.org/id/london-borough-council/camden,5256,21/12/2020 02:48:37 PM
0115EK41209,CAMDEN,3 Pedestrian,2 Female,16-24,18,1,3 Slight,05 Crossing Road (Not On Xing),2 From Drivers N/Side Msk,1 Pedestrian,"GUILFORD STREET, 30 METRES NE OF LANSDOWNE TERRACE.",2,07/12/2015 03:20:00 PM,Monday,15.20,3 Bor,B,502,6 Single Cwy,2 30 MPH,0 No Jun In 20m,-2 Not Applicable,-2 Not Applicable,0,0 No Xing Facility In 50m,1 Daylight,1 Fine,1 Road-Dry,0 None,0 None,530510,182160,-0.120185,51.523287,,,Unknown,"(51.523287, -0.120185)",http://opendatacommunities.org/id/london-borough-council/camden,5582,21/12/2020 02:48:37 PM
1190215738,CAMDEN,2 PASSENGER,2 FEMALE,U,,2,3 SLIGHT,'-2 NOT APPLICABLE,3 FROM DRIVERS O/SIDE,4 CAR,"On Robert Street, near the junction with Albany Street.",1,03/11/2019 03:03:00 AM,Sunday,3.03,3 BOR,A,4201,6 SINGLE CWY,20,03 T/STAG JUN,2 AUTO SIG,6,0,9 UNKNOWN (S/R),2 DAYLIGHT,1 FINE,1 ROAD-DRY,4 ROADWORKS,0 NONE,528806,182842,-0.144484,51.529807,,,Unknown,"(51.529807, -0.144484)",http://opendatacommunities.org/id/london-borough-council/camden,9490,21/12/2020 02:48:44 PM
1190169137,CAMDEN,3 PEDESTRIAN,2 FEMALE,60+,77,1,3 SLIGHT,05 CROSSING ROAD (NOT ON XING),3 FROM DRIVERS O/SIDE,1 PEDESTRIAN,"On Grafton Way, near the junction with BEAUMONT PLACE.",1,14/03/2019 09:06:00 PM,Thursday,21.06,3 BOR,5,0,2 ONE-WAY ST,30,03 T/STAG JUN,4 GIVE WAY/UNCONTROLLED,6,0,1 ZEBRA,1 DARK,1 FINE,1 ROAD-DRY,0 NONE,0 NONE,529418,182239,-0.135888,51.524248,,,Unknown,"(51.524248, -0.135888)",http://opendatacommunities.org/id/london-borough-council/camden,8845,21/12/2020 02:48:43 PM
1190158962,CAMDEN,2 PASSENGER,2 FEMALE,U,,2,3 SLIGHT,'-2 NOT APPLICABLE,'-2 NOT APPLICABLE,4 CAR,"On Finchley Road, near the junction with Frognal Road.",2,03/01/2019 08:45:00 AM,Thursday,8.45,1 TLRN,A,41,3 DUAL CWY,40,09 OTHER JUN,2 AUTO SIG,5,0,5 PEDN PHASE AT ATS,2 DAYLIGHT,1 FINE,1 ROAD-DRY,0 NONE,0 NONE,525684,185315,-0.188585,51.552735,,,Unknown,"(51.552735, -0.188585)",http://opendatacommunities.org/id/london-borough-council/camden,8717,21/12/2020 02:48:43 PM
1180092125,CAMDEN,1 Driver/Rider,1 Male,25-59,36,1,3 Slight,-2 Unknown,-2 N/A,2 Pedal Cycle,EUSTON ROAD J/W HAMPSTEAD ROAD,2,23/02/2018 09:50:00 AM,Friday,9.50,1 TLRN,A,501,3 Dual Cwy,2 30 MPH,6 Crossroads,2 Auto Sig,A,400,5 Pedn Phase At Ats,1 Daylight,1 Fine,1 Road-Dry,0 None,0 None,529250,182330,-0.138274,51.525104,,,Unknown,"(51.525104, -0.138274)",http://opendatacommunities.org/id/london-borough-council/camden,7768,21/12/2020 02:48:41 PM
1160005086,CAMDEN,3 Pedestrian,1 Male,0-15,12,1,2 Serious,05 Crossing Road (Not On Xing),3 From Drivers O/Side,1 Pedestrian,SOUTHAMPTON PLACE J/W HIGH HOLBORN,1,03/12/2016 02:58:00 PM,Saturday,14.58,3 Bor,A,40,2 One-Way St,1 <= 20 MPH,3 T/Stag Jun,4 Give Way/Uncontrolled,C,0,0 No Xing Facility In 50m,1 Daylight,1 Fine,1 Road-Dry,0 None,0 None,530430,181520,-0.121574,51.517554,,,Unknown,"(51.517554, -0.121574)",http://opendatacommunities.org/id/london-borough-council/camden,5736,21/12/2020 02:48:37 PM
0115CW11551,CAMDEN,1 Driver/Rider,2 Female,25-59,40,1,2 Serious,-2 Unknown,-2 N/A,2 Pedal Cycle,CHARLOTTE STREET J/W GOODGE STREET,2,14/10/2015 10:55:00 AM,Wednesday,10.55,3 Bor,B,506,6 Single Cwy,2 30 MPH,6 Crossroads,2 Auto Sig,Unclassified,0,5 Pedn Phase At Ats,1 Daylight,1 Fine,1 Road-Dry,0 None,0 None,529450,181680,-0.135632,51.519217,,,Unknown,"(51.519217, -0.135632)",http://opendatacommunities.org/id/london-borough-council/camden,4579,21/12/2020 02:48:35 PM
1190222565,CAMDEN,1 DRIVER/RIDER,1 MALE,25-59,59,1,3 SLIGHT,'-2 NOT APPLICABLE,'-2 NOT APPLICABLE,2 PEDAL CYCLE,"On Camden High Street, near the junction with Inverness street.",2,03/12/2019 10:15:00 PM,Tuesday,22.15,3 BOR,A,502,2 ONE-WAY ST,20,03 T/STAG JUN,4 GIVE WAY/UNCONTROLLED,6,0,0 NO XING FACILITY IN 50M,1 DARK,1 FINE,2 ROAD-WET,0 NONE,0 NONE,528859,183948,-0.143316,51.539734,,,Unknown,"(51.539734, -0.143316)",http://opendatacommunities.org/id/london-borough-council/camden,9579,21/12/2020 02:48:45 PM
0116EK40201,CAMDEN,3 Pedestrian,2 Female,25-59,51,1,2 Serious,01 Crossing Road On Ped Xing,1 From Drivers N/Side,1 Pedestrian,BLOOMSBURY WAY J/W BLOOMSBURY SQUARE,1,04/04/2016 03:00:00 PM,Monday,15.00,3 Bor,A,40,6 Single Cwy,1 <= 20 MPH,3 T/Stag Jun,4 Give Way/Uncontrolled,Unclassified,0,4 Pelican Or Similar,1 Daylight,1 Fine,1 Road-Dry,0 None,0 None,530330,181580,-0.122993,51.518116,,,Unknown,"(51.518116, -0.122993)",http://opendatacommunities.org/id/london-borough-council/camden,6148,21/12/2020 02:48:38 PM
1170050199,CAMDEN,1 Driver/Rider,1 Male,25-59,30,1,3 Slight,-2 Unknown,-2 N/A,3 Powered 2 Wheeler,CAMDEN HIGH STREET 25M W OF J/W BUCK STREET,2,15/07/2017 08:02:00 PM,Saturday,20.02,3 Bor,A,502,6 Single Cwy,2 30 MPH,0 No Jun In 20m,-2 Not Applicable,-2 Not Applicable,0,0 No Xing Facility In 50m,1 Daylight,1 Fine,1 Road-Dry,0 None,0 None,528840,183960,-0.143585,51.539846,,,Unknown,"(51.539846, -0.143585)",http://opendatacommunities.org/id/london-borough-council/camden,7183,21/12/2020 02:48:40 PM
1180148060,CAMDEN,1 Driver/Rider,1 Male,25-59,28,1,3 Slight,-2 Unknown,-2 N/A,2 Pedal Cycle,SOUTHAMPTON ROW 30M S OF J/W RUSSELL SQUARE,2,26/11/2018 08:20:00 AM,Monday,8.20,3 Bor,A,4200,6 Single Cwy,1 <= 20 MPH,0 No Jun In 20m,-2 Not Applicable,-2 Not Applicable,0,5 Pedn Phase At Ats,1 Daylight,1 Fine,1 Road-Dry,0 None,2 Other Object In Cwy,530266,181924,-0.123787,51.521222,,,Unknown,"(51.521222, -0.123787)",http://opendatacommunities.org/id/london-borough-council/camden,8554,21/12/2020 02:48:43 PM