Reference,London Borough Name,Casualty Class,Casualty Sex,Casualty Age Band,Casualty Age,Number Of Casualties,Casualty Severity,Pedestrian Location,Pedestrian Movement,Mode Of Travel,Attendant Location,Number Of Vehicles,Date,Day,Time,Highway,Road Class 1,Road Number 1,Road Type,Speed Limit,Junction Detail,Junction Control,Road Class 2,Road Number 2,Pedestrian Crossing,Light Condition Band,Weather,Road Surface,Special Conditions,Carriage Way Hazard,Easting,Northing,Longitude,Latitude,Ward Code,Ward Name,Spatial Accuracy,Location,Organisation URI,Socrata ID,Last Uploaded
0115EK40289,CAMDEN,1 Driver/Rider,1 Male,25-59,54,1,3 Slight,-2 Unknown,-2 N/A,7 Goods Vehicle,EUSTON ROAD J/W UPPER WOBURN PLACE,2,24/03/2015 10:00:00 PM,Tuesday,22.00,1 TLRN,A,501,3 Dual Cwy,3 40 MPH,6 Crossroads,2 Auto Sig,A,4200,5 Pedn Phase At Ats,2 Dark,1 Fine,2 Road-Wet,0 None,0 None,529770,182590,-0.130687,51.527321,,,Unknown,"(51.527321, -0.130687)",http://opendatacommunities.org/id/london-borough-council/camden,4813,21/12/2020 02:48:36 PM
1180125887,CAMDEN,1 Driver/Rider,1 Male,16-24,19,1,2 Serious,-2 Unknown,-2 N/A,2 Pedal Cycle,EVERSHOLT STREET J/W PHEONIX ROAD,2,08/08/2018 03:30:00 PM,Wednesday,15.30,3 Bor,A,4200,6 Single Cwy,1 <= 20 MPH,3 T/Stag Jun,4 Give Way/Uncontrolled,C,0,1 Zebra,1 Daylight,1 Fine,1 Road-Dry,0 None,0 None,529540,182880,-0.133894,51.52998,,,Unknown,"(51.52998, -0.133894)",http://opendatacommunities.org/id/london-borough-council/camden,8230,21/12/2020 02:48:42 PM
1190201188,CAMDEN,1 DRIVER/RIDER,1 MALE,25-59,40,1,3 SLIGHT,'-2 NOT APPLICABLE,7 IN RD FACING TRAFFIC,3 POWERED 2 WHEELER,"On Camden Road, near the junction with Camden Street .",2,23/08/2019 02:15:00 PM,Friday,14.15,1 TLRN,A,503,6 SINGLE CWY,30,06 CROSSROADS,2 AUTO SIG,A,400,4 PELICAN OR SIMILAR,2 DAYLIGHT,1 FINE,1 ROAD-DRY,0 NONE,0 NONE,529094,184041,-0.139895,51.540516,,,Unknown,"(51.540516, -0.139895)",http://opendatacommunities.org/id/london-borough-council/camden,9295,21/12/2020 02:48:44 PM
1190189139,CAMDEN,1 DRIVER/RIDER,1 MALE,25-59,37,1,3 SLIGHT,'-2 NOT APPLICABLE,'-2 NOT APPLICABLE,2 PEDAL CYCLE,"On Grays Inn Road, near the junction with BRITANNIA STREET.",2,23/06/2019 09:28:00 PM,Sunday,21.28,1 TLRN,A,501,2 ONE-WAY ST,30,03 T/STAG JUN,4 GIVE WAY/UNCONTROLLED,6,0,1 ZEBRA,1 DARK,1 FINE,1 ROAD-DRY,0 NONE,0 NONE,530508,182826,-0.119967,51.529272,,,Unknown,"(51.529272, -0.119967)",http://opendatacommunities.org/id/london-borough-council/camden,9126,21/12/2020 02:48:44 PM
1170033061,CAMDEN,3 Pedestrian,2 Female,0-15,12,1,3 Slight,01 Crossing Road On Ped Xing,9 Unknown Or Other,1 Pedestrian,JUNIPER CRESCENT J/W CHALK FARM ROAD,1,24/03/2017 05:25:00 PM,Friday,17.25,3 Bor,Unclassified,0,6 Single Cwy,2 30 MPH,3 T/Stag Jun,2 Auto Sig,Unclassified,0,1 Zebra,1 Daylight,1 Fine,1 Road-Dry,0 None,0 None,528350,184180,-0.150566,51.541935,,,Unknown,"(51.541935, -0.150566)",http://opendatacommunities.org/id/london-borough-council/camden,6900,21/12/2020 02:48:39 PM
1180136798,CAMDEN,1 Driver/Rider,1 Male,25-59,28,1,3 Slight,-2 Unknown,-2 N/A,4 Car,CONWAY STREET J/W MAPLE STREET,2,19/09/2018 01:15:00 PM,Wednesday,13.15,3 Bor,Unclassified,0,6 Single Cwy,2 30 MPH,9 Other Jun,2 Auto Sig,Unclassified,0,9 Unknown (S/R),1 Daylight,1 Fine,1 Road-Dry,0 None,0 None,529160,181970,-0.139703,51.521889,,,Unknown,"(51.521889, -0.139703)",http://opendatacommunities.org/id/london-borough-council/camden,8377,21/12/2020 02:48:42 PM
1170031918,CAMDEN,3 Pedestrian,2 Female,16-24,23,1,3 Slight,05 Crossing Road (Not On Xing),1 From Drivers N/Side,1 Pedestrian,FINCHLEY ROAD 50M N OF J/W LITHOS ROAD41,1,12/04/2017 05:50:00 PM,Wednesday,17.50,1 TLRN,A,41,3 Dual Cwy,2 30 MPH,0 No Jun In 20m,-2 Not Applicable,-2 Not Applicable,0,0 No Xing Facility In 50m,1 Daylight,1 Fine,1 Road-Dry,0 None,0 None,526060,185060,-0.183255,51.550359,,,Unknown,"(51.550359, -0.183255)",http://opendatacommunities.org/id/london-borough-council/camden,6877,21/12/2020 02:48:39 PM
0115EK40318,CAMDEN,1 Driver/Rider,1 Male,25-59,28,1,3 Slight,-2 Unknown,-2 N/A,2 Pedal Cycle,CHARING CROSS ROAD J/W NEW OXFORD STREET,2,25/04/2015 07:50:00 AM,Saturday,7.50,3 Bor,A,40,6 Single Cwy,2 30 MPH,6 Crossroads,2 Auto Sig,A,40,5 Pedn Phase At Ats,1 Daylight,2 Raining,2 Road-Wet,0 None,0 None,529820,181370,-0.130416,51.516346,,,Unknown,"(51.516346, -0.130416)",http://opendatacommunities.org/id/london-borough-council/camden,4838,21/12/2020 02:48:36 PM
1170047141,CAMDEN,3 Pedestrian,2 Female,25-59,26,1,3 Slight,05 Crossing Road (Not On Xing),1 From Drivers N/Side,1 Pedestrian,BIRCHINGTON ROAD 25M N OF J/W KILBURN HIGH ROAD THE NEAREST CLASSI,1,03/07/2017 02:20:00 PM,Monday,14.20,3 Bor,Unclassified,0,6 Single Cwy,2 30 MPH,0 No Jun In 20m,-2 Not Applicable,-2 Not Applicable,0,0 No Xing Facility In 50m,1 Daylight,1 Fine,1 Road-Dry,0 None,0 None,525350,183820,-0.193932,51.539373,,,Unknown,"(51.539373, -0.193932)",http://opendatacommunities.org/id/london-borough-council/camden,7125,21/12/2020 02:48:40 PM
1180145078,CAMDEN,2 Passenger,1 Male,0-15,2,1,3 Slight,-2 Unknown,-2 N/A,6 Bus Or Coach,KILBURN HIGH ROAD 5M S OF J/W BRONDESBURY VILLAS NW6,1,12/11/2018 11:44:00 AM,Monday,11.44,3 Bor,A,5,6 Single Cwy,2 30 MPH,9 Other Jun,2 Auto Sig,Unclassified,0,5 Pedn Phase At Ats,1 Daylight,8 Other,2 Road-Wet,0 None,0 None,525410,183620,-0.193138,51.537562,,,Unknown,"(51.537562, -0.193138)",http://opendatacommunities.org/id/london-borough-council/camden,8517,21/12/2020 02:48:43 PM
1180089054,CAMDEN,1 Driver/Rider,2 Female,60+,70,1,3 Slight,-2 Unknown,-2 N/A,4 Car,NFL FINCHLEY ROAD 20M S OF J/W CANNON HILL,1,08/02/2018 10:06:00 PM,Thursday,22.06,1 TLRN,A,41,3 Dual Cwy,2 30 MPH,6 Crossroads,2 Auto Sig,Unclassified,0,8 Central Refuge,2 Dark,1 Fine,1 Road-Dry,0 None,0 None,525540,185450,-0.190612,51.55398,,,Unknown,"(51.55398, -0.190612)",http://opendatacommunities.org/id/london-borough-council/camden,7733,21/12/2020 02:48:41 PM
1180125704,CAMDEN,1 Driver/Rider,1 Male,25-59,48,1,3 Slight,-2 Unknown,-2 N/A,2 Pedal Cycle,BAYNES STREET J/W ROYAL COLLEGE STREET,2,03/08/2018 11:00:00 PM,Friday,23.00,3 Bor,Unclassified,0,2 One-Way St,1 <= 20 MPH,3 T/Stag Jun,4 Give Way/Uncontrolled,A,5202,9 Unknown (S/R),2 Dark,1 Fine,1 Road-Dry,9 Unknown (S/R),0 None,529250,184080,-0.137632,51.540831,,,Unknown,"(51.540831, -0.137632)",http://opendatacommunities.org/id/london-borough-council/camden,8226,21/12/2020 02:48:42 PM
1170067623,CAMDEN,3 Pedestrian,2 Female,16-24,23,1,3 Slight,09 In Road - Not Crossing,9 Unknown Or Other,1 Pedestrian,GOWER STREET 100M E OF J/W EUSTON ROAD THE NEAREST CLASSIFIED ROAD,1,01/11/2017 05:24:00 PM,Wednesday,17.24,3 Bor,A,400,6 Single Cwy,2 30 MPH,0 No Jun In 20m,-2 Not Applicable,-2 Not Applicable,0,0 No Xing Facility In 50m,2 Dark,1 Fine,1 Road-Dry,0 None,0 None,529464,182309,-0.135199,51.524866,,,Unknown,"(51.524866, -0.135199)",http://opendatacommunities.org/id/london-borough-council/camden,7473,21/12/2020 02:48:40 PM
1160024819,CAMDEN,3 Pedestrian,1 Male,16-24,22,1,3 Slight,04 Crossing Road Within 50m Xing,1 From Drivers N/Side,1 Pedestrian,ADELAIDE ROAD 30M W OF J/W HAVERSTOCK HILL,1,23/10/2016 12:28:00 AM,Sunday,0.28,3 Bor,B,509,6 Single Cwy,2 30 MPH,0 No Jun In 20m,-2 Not Applicable,-2 Not Applicable,0,5 Pedn Phase At Ats,2 Dark,1 Fine,1 Road-Dry,0 None,0 None,528140,184390,-0.153517,51.54387,,,Unknown,"(51.54387, -0.153517)",http://opendatacommunities.org/id/london-borough-council/camden,5934,21/12/2020 02:48:38 PM
1170049582,CAMDEN,3 Pedestrian,2 Female,25-59,26,1,2 Serious,05 Crossing Road (Not On Xing),3 From Drivers O/Side,1 Pedestrian,CAMDEN ROAD 20M SW OF J/W CAMDEN STREET,1,20/07/2017 06:43:00 PM,Thursday,18.43,1 TLRN,A,503,2 One-Way St,1 <= 20 MPH,3 T/Stag Jun,4 Give Way/Uncontrolled,A,400,1 Zebra,1 Daylight,1 Fine,1 Road-Dry,0 None,0 None,529067,184020,-0.140292,51.540334,,,Unknown,"(51.540334, -0.140292)",http://opendatacommunities.org/id/london-borough-council/camden,7171,21/12/2020 02:48:40 PM
1190209687,CAMDEN,3 PEDESTRIAN,2 FEMALE,16-24,19,1,3 SLIGHT,01 CROSSING ROAD ON PED XING,'-2 NOT APPLICABLE,1 PEDESTRIAN,"On Red Lion Square, near the junction with Theobalds Road .",1,05/10/2019 04:31:00 AM,Saturday,4.31,3 BOR,A,40,2 ONE-WAY ST,20,06 CROSSROADS,2 AUTO SIG,A,401,4 PELICAN OR SIMILAR,1 DARK,1 FINE,1 ROAD-DRY,0 NONE,0 NONE,530533,181724,-0.120015,51.519363,,,Unknown,"(51.519363, -0.120015)",http://opendatacommunities.org/id/london-borough-council/camden,9411,21/12/2020 02:48:44 PM
1180118188,CAMDEN,1 Driver/Rider,2 Female,16-24,24,1,3 Slight,-2 Unknown,-2 N/A,2 Pedal Cycle,MILLFIELD LN J/W MILLFIELD LN,2,01/07/2018 04:40:00 PM,Sunday,16.40,3 Bor,Unclassified,0,9 Unknown,1 <= 20 MPH,3 T/Stag Jun,4 Give Way/Uncontrolled,Unclassified,0,9 Unknown (S/R),1 Daylight,1 Fine,1 Road-Dry,0 None,0 None,527910,186710,-0.155988,51.564771,,,Unknown,"(51.564771, -0.155988)",http://opendatacommunities.org/id/london-borough-council/camden,8140,21/12/2020 02:48:42 PM
0116EO40177,CAMDEN,1 Driver/Rider,1 Male,25-59,53,1,3 Slight,-2 Unknown,-2 N/A,5 Taxi,MARKET ROAD J/W YORK WAY,1,14/02/2016 07:29:00 AM,Sunday,7.29,3 Bor,Unclassified,0,6 Single Cwy,1 <= 20 MPH,2 Mini,4 Give Way/Uncontrolled,A,5200,1 Zebra,1 Daylight,1 Fine,2 Road-Wet,0 None,0 None,530030,184570,-0.12621,51.545056,,,Unknown,"(51.545056, -0.12621)",http://opendatacommunities.org/id/london-borough-council/camden,6524,21/12/2020 02:48:39 PM
0115EK40434,CAMDEN,1 Driver/Rider,1 Male,25-59,29,1,3 Slight,-2 Unknown,-2 N/A,3 Powered 2 Wheeler,TOTTENHAM COURT ROAD J/W GREAT RUSSELL STREET,2,03/06/2015 11:45:00 PM,Wednesday,23.45,3 Bor,A,400,6 Single Cwy,2 30 MPH,6 Crossroads,2 Auto Sig,C,0,5 Pedn Phase At Ats,2 Dark,1 Fine,1 Road-Dry,0 None,0 None,529790,181450,-0.130819,51.517072,,,Unknown,"(51.517072, -0.130819)",http://opendatacommunities.org/id/london-borough-council/camden,4926,21/12/2020 02:48:36 PM
1160001842,CAMDEN,1 Driver/Rider,2 Female,25-59,45,1,3 Slight,-2 Unknown,-2 N/A,2 Pedal Cycle,CLEVELAND STREET J/W MAPLE STREET,2,16/11/2016 09:30:00 AM,Wednesday,9.30,3 Bor,Unclassified,0,2 One-Way St,1 <= 20 MPH,3 T/Stag Jun,4 Give Way/Uncontrolled,Unclassified,0,0 No Xing Facility In 50m,1 Daylight,1 Fine,2 Road-Wet,0 None,0 None,529140,181930,-0.140006,51.521534,,,Unknown,"(51.521534, -0.140006)",http://opendatacommunities.org/id/london-borough-council/camden,5673,21/12/2020 02:48:37 PM
0116EK40095,CAMDEN,1 Driver/Rider,1 Male,25-59,47,1,3 Slight,-2 Unknown,-2 N/A,3 Powered 2 Wheeler,"ARLINGTON ROAD, 55 METRES SE OF JAMESTOWN ROAD.",2,21/02/2016 05:05:00 PM,Sunday,17.05,3 Bor,Unclassified,0,6 Single Cwy,2 30 MPH,8 Priv Drive,4 Give Way/Uncontrolled,Unclassified,0,0 No Xing Facility In 50m,1 Daylight,1 Fine,1 Road-Dry,0 None,0 None,528720,183960,-0.145314,51.539874,,,Unknown,"(51.539874, -0.145314)",http://opendatacommunities.org/id/london-borough-council/camden,6053,21/12/2020 02:48:38 PM
1180132178,CAMDEN,3 Pedestrian,2 Female,25-59,38,1,3 Slight,08 In Centre Of Carriageway,3 From Drivers O/Side,1 Pedestrian,WEST END ROAD J/W KILBURN HIGH ROAD,1,12/09/2018 06:30:00 PM,Wednesday,18.30,3 Bor,A,5,6 Single Cwy,1 <= 20 MPH,3 T/Stag Jun,4 Give Way/Uncontrolled,A,5,4 Pelican Or Similar,1 Daylight,1 Fine,1 Road-Dry,0 None,0 None,525370,183690,-0.19369,51.5382,,,Unknown,"(51.5382, -0.19369)",http://opendatacommunities.org/id/london-borough-council/camden,8317,21/12/2020 02:48:42 PM
0115EK40869,CAMDEN,1 Driver/Rider,1 Male,25-59,37,1,3 Slight,-2 Unknown,-2 N/A,3 Powered 2 Wheeler,"NFL - EUSTON ROAD, 60 METRES SW OF PANCRAS ROAD.",2,02/10/2015 01:17:00 PM,Friday,13.17,1 TLRN,A,501,3 Dual Cwy,3 40 MPH,0 No Jun In 20m,-2 Not Applicable,-2 Not Applicable,0,0 No Xing Facility In 50m,1 Daylight,1 Fine,1 Road-Dry,0 None,0 None,530170,182870,-0.124821,51.529746,,,Unknown,"(51.529746, -0.124821)",http://opendatacommunities.org/id/london-borough-council/camden,5316,21/12/2020 02:48:37 PM
0115EK40626,CAMDEN,1 Driver/Rider,1 Male,25-59,28,1,3 Slight,-2 Unknown,-2 N/A,4 Car,FINCHLEY ROAD J/W HENDON WAY.,2,24/07/2015 07:39:00 PM,Friday,19.39,1 TLRN,A,41,3 Dual Cwy,2 30 MPH,3 T/Stag Jun,2 Auto Sig,A,41,5 Pedn Phase At Ats,1 Daylight,1 Fine,2 Road-Wet,0 None,0 None,525080,186030,-0.197038,51.559294,,,Unknown,"(51.559294, -0.197038)",http://opendatacommunities.org/id/london-borough-council/camden,5106,21/12/2020 02:48:36 PM
0115EK40039,CAMDEN,3 Pedestrian,2 Female,25-59,28,1,3 Slight,04 Crossing Road Within 50m Xing,2 From Drivers N/Side Msk,1 Pedestrian,KILBURN HIGH ROAD J/W GASCONY AVENUE,1,04/01/2015 05:50:00 PM,Sunday,17.50,3 Bor,A,5,6 Single Cwy,2 30 MPH,3 T/Stag Jun,2 Auto Sig,A,5,5 Pedn Phase At Ats,2 Dark,8 Other,1 Road-Dry,0 None,0 None,525073,184086,-0.197829,51.541825,,,Unknown,"(51.541825, -0.197829)",http://opendatacommunities.org/id/london-borough-council/camden,4610,21/12/2020 02:48:35 PM
1170051353,CAMDEN,3 Pedestrian,2 Female,25-59,30,1,3 Slight,10 Unknown,9 Unknown Or Other,1 Pedestrian,KEPPEL STREET J/W MALLET STREET,1,31/07/2017 05:18:00 PM,Monday,17.18,3 Bor,Unclassified,0,6 Single Cwy,1 <= 20 MPH,3 T/Stag Jun,4 Give Way/Uncontrolled,Unclassified,0,0 No Xing Facility In 50m,1 Daylight,1 Fine,1 Road-Dry,0 None,0 None,529870,181850,-0.129519,51.520648,,,Unknown,"(51.520648, -0.129519)",http://opendatacommunities.org/id/london-borough-council/camden,7207,21/12/2020 02:48:40 PM
1170067406,CAMDEN,1 Driver/Rider,1 Male,16-24,21,1,3 Slight,-2 Unknown,-2 N/A,3 Powered 2 Wheeler,HIGHGATE ROAD J/W CHETWYND ROAD,2,31/10/2017 05:20:00 PM,Tuesday,17.20,3 Bor,B,518,3 Dual Cwy,2 30 MPH,6 Crossroads,4 Give Way/Uncontrolled,C,0,4 Pelican Or Similar,2 Dark,1 Fine,1 Road-Dry,0 None,0 None,528575,185849,-0.146714,51.556883,,,Unknown,"(51.556883, -0.146714)",http://opendatacommunities.org/id/london-borough-council/camden,7472,21/12/2020 02:48:40 PM
1170047268,CAMDEN,3 Pedestrian,1 Male,25-59,43,1,3 Slight,09 In Road - Not Crossing,9 Unknown Or Other,1 Pedestrian,GRAYS INN ROAD J/W SIDMOUTH STREET,1,07/07/2017 06:30:00 PM,Friday,18.30,3 Bor,A,5200,6 Single Cwy,1 <= 20 MPH,3 T/Stag Jun,4 Give Way/Uncontrolled,C,0,4 Pelican Or Similar,1 Daylight,2 Raining,1 Road-Dry,0 None,0 None,530619,182597,-0.118453,51.527189,,,Unknown,"(51.527189, -0.118453)",http://opendatacommunities.org/id/london-borough-council/camden,7130,21/12/2020 02:48:40 PM
1170075923,CAMDEN,3 Pedestrian,2 Female,25-59,28,1,3 Slight,01 Crossing Road On Ped Xing,1 From Drivers N/Side,1 Pedestrian,EUSTON ROAD J/W HAMPSTEAD ROAD,1,27/11/2017 07:40:00 AM,Monday,7.40,1 TLRN,A,501,2 One-Way St,2 30 MPH,7 Multi Jun,2 Auto Sig,A,400,1 Zebra,1 Daylight,1 Fine,2 Road-Wet,0 None,0 None,529220,182300,-0.138718,51.524841,,,Unknown,"(51.524841, -0.138718)",http://opendatacommunities.org/id/london-borough-council/camden,7589,21/12/2020 02:48:41 PM
1190223399,CAMDEN,3 PEDESTRIAN,2 FEMALE,60+,63,1,3 SLIGHT,01 CROSSING ROAD ON PED XING,'-2 NOT APPLICABLE,1 PEDESTRIAN,"On Pond Street, 25 metres west of the junction with South end road .",1,06/12/2019 12:19:00 PM,Friday,12.19,3 BOR,B,518,6 SINGLE CWY,30,00 NO JUN IN 20M,,0,0,1 ZEBRA,2 DAYLIGHT,1 FINE,1 ROAD-DRY,0 NONE,0 NONE,527270,185498,-0.165655,51.554024,,,Unknown,"(51.554024, -0.165655)",http://opendatacommunities.org/id/london-borough-council/camden,9598,21/12/2020 02:48:45 PM
0116QK50197,CAMDEN,2 Passenger,1 Male,25-59,37,1,3 Slight,-2 Unknown,-2 N/A,6 Bus Or Coach,NFL KILBURN HIGH ROAD 30M SOUTH J/W CAMBRIDGE AVENUE,1,23/02/2016 02:11:00 PM,Tuesday,14.11,3 Bor,A,5,6 Single Cwy,2 30 MPH,0 No Jun In 20m,-2 Not Applicable,-2 Not Applicable,0,0 No Xing Facility In 50m,1 Daylight,1 Fine,1 Road-Dry,0 None,0 None,525500,183510,-0.19188,51.536554,,,Unknown,"(51.536554, -0.19188)",http://opendatacommunities.org/id/london-borough-council/camden,6546,21/12/2020 02:48:39 PM
0115EK40135,CAMDEN,1 Driver/Rider,1 Male,25-59,41,1,3 Slight,-2 Unknown,-2 N/A,6 Bus Or Coach,KILBURN HIGH ROAD J/W WEST END LANE,2,20/02/2015 09:40:00 AM,Friday,9.40,3 Bor,A,5,6 Single Cwy,2 30 MPH,3 T/Stag Jun,4 Give Way/Uncontrolled,Unclassified,0,0 No Xing Facility In 50m,1 Daylight,1 Fine,1 Road-Dry,0 None,0 None,525370,183680,-0.193693,51.53811,,,Unknown,"(51.53811, -0.193693)",http://opendatacommunities.org/id/london-borough-council/camden,4686,21/12/2020 02:48:36 PM
1180129705,CAMDEN,1 Driver/Rider,2 Female,25-59,33,1,2 Serious,-2 Unknown,-2 N/A,2 Pedal Cycle,CLERKENWELL ROAD J/W ROSEBERY AVENUE,2,30/08/2018 09:45:00 AM,Thursday,9.45,3 Bor,A,5201,6 Single Cwy,2 30 MPH,9 Other Jun,9 Unknown (S/R),A,401,5 Pedn Phase At Ats,1 Daylight,1 Fine,1 Road-Dry,4 Roadworks,0 None,531060,182000,-0.112321,51.521722,,,Unknown,"(51.521722, -0.112321)",http://opendatacommunities.org/id/london-borough-council/camden,8285,21/12/2020 02:48:42 PM
1170056183,CAMDEN,3 Pedestrian,1 Male,16-24,22,1,3 Slight,07 On Refuge,9 Unknown Or Other,1 Pedestrian,THEOBALDS ROAD J/W BEDFORD ROW,1,26/08/2017 02:45:00 PM,Saturday,14.45,3 Bor,A,401,6 Single Cwy,2 30 MPH,6 Crossroads,4 Give Way/Uncontrolled,Unclassified,0,4 Pelican Or Similar,1 Daylight,1 Fine,1 Road-Dry,0 None,0 None,530730,181850,-0.117131,51.52045,,,Unknown,"(51.52045, -0.117131)",http://opendatacommunities.org/id/london-borough-council/camden,7279,21/12/2020 02:48:40 PM
1190212548,CAMDEN,1 DRIVER/RIDER,2 FEMALE,16-24,23,1,3 SLIGHT,'-2 NOT APPLICABLE,3 FROM DRIVERS O/SIDE,2 PEDAL CYCLE,"On West End Lane, near the junction with Lymington Road.",2,18/10/2019 08:30:00 AM,Friday,8.30,3 BOR,B,510,6 SINGLE CWY,30,03 T/STAG JUN,9 UNKNOWN (S/R),6,0,1 ZEBRA,2 DAYLIGHT,2 RAINING,2 ROAD-WET,0 NONE,0 NONE,525503,184935,-0.191329,51.54936,,,Unknown,"(51.54936, -0.191329)",http://opendatacommunities.org/id/london-borough-council/camden,9452,21/12/2020 02:48:44 PM
1170070658,CAMDEN,3 Pedestrian,2 Female,25-59,52,1,3 Slight,07 On Refuge,9 Unknown Or Other,1 Pedestrian,CAMDEN HIGH STREET J/W GREENLAND ROAD,2,16/11/2017 05:15:00 PM,Thursday,17.15,1 TLRN,A,400,6 Single Cwy,1 <= 20 MPH,7 Multi Jun,2 Auto Sig,A,502,4 Pelican Or Similar,2 Dark,1 Fine,1 Road-Dry,0 None,0 None,528920,183860,-0.142469,51.538929,,,Unknown,"(51.538929, -0.142469)",http://opendatacommunities.org/id/london-borough-council/camden,7516,21/12/2020 02:48:41 PM
0115EK40906,CAMDEN,1 Driver/Rider,1 Male,25-59,59,1,3 Slight,-2 Unknown,-2 N/A,4 Car,"FREIGHT LANE, 120 METRES WEST OF YORK WAY.",2,09/10/2015 02:40:00 PM,Friday,14.40,3 Bor,Unclassified,0,6 Single Cwy,2 30 MPH,8 Priv Drive,4 Give Way/Uncontrolled,Unclassified,0,0 No Xing Facility In 50m,1 Daylight,1 Fine,1 Road-Dry,0 None,0 None,530030,184030,-0.12641,51.540203,,,Unknown,"(51.540203, -0.12641)",http://opendatacommunities.org/id/london-borough-council/camden,5347,21/12/2020 02:48:37 PM
1160008196,CAMDEN,1 Driver/Rider,1 Male,25-59,39,1,3 Slight,-2 Unknown,-2 N/A,4 Car,GRAYS INN ROAD J/W EUSTON ROAD,2,20/11/2016 04:35:00 PM,Sunday,16.35,1 TLRN,A,5200,2 One-Way St,1 <= 20 MPH,7 Multi Jun,2 Auto Sig,A,501,5 Pedn Phase At Ats,1 Daylight,2 Raining,2 Road-Wet,9 Unknown (S/R),0 None,530360,182970,-0.122046,51.530601,,,Unknown,"(51.530601, -0.122046)",http://opendatacommunities.org/id/london-borough-council/camden,5793,21/12/2020 02:48:37 PM
1160002096,CAMDEN,1 Driver/Rider,1 Male,25-59,32,1,3 Slight,-2 Unknown,-2 N/A,4 Car,GORDON HOUSE ROAD J/W OAK VILLAGE,1,17/11/2016 06:00:00 PM,Thursday,18.00,3 Bor,B,518,6 Single Cwy,1 <= 20 MPH,3 T/Stag Jun,4 Give Way/Uncontrolled,Unclassified,0,4 Pelican Or Similar,2 Dark,5 Raining/High Winds,2 Road-Wet,0 None,0 None,528270,185630,-0.151191,51.554984,,,Unknown,"(51.554984, -0.151191)",http://opendatacommunities.org/id/london-borough-council/camden,5677,21/12/2020 02:48:37 PM
1180113257,CAMDEN,1 Driver/Rider,1 Male,25-59,32,1,3 Slight,-2 Unknown,-2 N/A,4 Car,NFL CHALK FARM ROAD J/W FERDINAND STREET,2,09/06/2018 08:15:00 PM,Saturday,20.15,3 Bor,A,502,6 Single Cwy,1 <= 20 MPH,3 T/Stag Jun,2 Auto Sig,B,517,5 Pedn Phase At Ats,1 Daylight,1 Fine,2 Road-Wet,0 None,0 None,528440,184290,-0.149229,51.542903,,,Unknown,"(51.542903, -0.149229)",http://opendatacommunities.org/id/london-borough-council/camden,8062,21/12/2020 02:48:42 PM
1190161787,CAMDEN,1 DRIVER/RIDER,1 MALE,25-59,40,1,3 SLIGHT,'-2 NOT APPLICABLE,'-2 NOT APPLICABLE,2 PEDAL CYCLE,"On Gower Street, near the junction with Grafton Way.",2,06/02/2019 04:10:00 PM,Wednesday,16.10,3 BOR,A,400,2 ONE-WAY ST,30,06 CROSSROADS,2 AUTO SIG,5,0,9 UNKNOWN (S/R),2 DAYLIGHT,1 FINE,1 ROAD-DRY,0 NONE,0 NONE,529507,182248,-0.134602,51.524308,,,Unknown,"(51.524308, -0.134602)",http://opendatacommunities.org/id/london-borough-council/camden,8761,21/12/2020 02:48:43 PM
1190181597,CAMDEN,3 PEDESTRIAN,2 FEMALE,16-24,23,1,3 SLIGHT,01 CROSSING ROAD ON PED XING,1 FROM DRIVERS N/SIDE,1 PEDESTRIAN,"On FINCHLEY ROAD, near the junction with ADELAIDE ROAD.",1,18/05/2019 02:45:00 AM,Saturday,2.45,1 TLRN,A,41,3 DUAL CWY,30,07 MULTI JUN,2 AUTO SIG,A,41,5 PEDN PHASE AT ATS,1 DARK,1 FINE,2 ROAD-WET,0 NONE,0 NONE,526645,184133,-0.175156,51.541897,,,Unknown,"(51.541897, -0.175156)",http://opendatacommunities.org/id/london-borough-council/camden,9016,21/12/2020 02:48:44 PM
1160006346,CAMDEN,1 Driver/Rider,1 Male,25-59,39,1,2 Serious,-2 Unknown,-2 N/A,3 Powered 2 Wheeler,FINCHLEY RD J/W BURRARDS RD,3,11/12/2016 06:27:00 PM,Sunday,18.27,1 TLRN,A,41,3 Dual Cwy,1 <= 20 MPH,3 T/Stag Jun,4 Give Way/Uncontrolled,Unclassified,0,0 No Xing Facility In 50m,2 Dark,1 Fine,1 Road-Dry,0 None,0 None,525370,185620,-0.193003,51.555545,,,Unknown,"(51.555545, -0.193003)",http://opendatacommunities.org/id/london-borough-council/camden,5761,21/12/2020 02:48:37 PM
1180140406,CAMDEN,2 Passenger,2 Female,Unknown,0,1,3 Slight,-2 Unknown,-2 N/A,4 Car,HIGHGATE ROAD 35M E OF J/W GORDON HOUSE ROAD,2,20/10/2018 07:00:00 PM,Saturday,19.00,3 Bor,B,518,9 Unknown,2 30 MPH,0 No Jun In 20m,-2 Not Applicable,-2 Not Applicable,0,5 Pedn Phase At Ats,1 Daylight,1 Fine,1 Road-Dry,0 None,0 None,528600,185790,-0.146375,51.556347,,,Unknown,"(51.556347, -0.146375)",http://opendatacommunities.org/id/london-borough-council/camden,8449,21/12/2020 02:48:43 PM