Reference,London Borough Name,Casualty Class,Casualty Sex,Casualty Age Band,Casualty Age,Number Of Casualties,Casualty Severity,Pedestrian Location,Pedestrian Movement,Mode Of Travel,Attendant Location,Number Of Vehicles,Date,Day,Time,Highway,Road Class 1,Road Number 1,Road Type,Speed Limit,Junction Detail,Junction Control,Road Class 2,Road Number 2,Pedestrian Crossing,Light Condition Band,Weather,Road Surface,Special Conditions,Carriage Way Hazard,Easting,Northing,Longitude,Latitude,Ward Code,Ward Name,Spatial Accuracy,Location,Organisation URI,Socrata ID,Last Uploaded
1170062932,CAMDEN,1 Driver/Rider,1 Male,25-59,39,1,3 Slight,-2 Unknown,-2 N/A,2 Pedal Cycle,BEDFORD AVENUE J/W BLOOMSBURY STREET,2,29/09/2017 10:05:00 AM,Friday,10.05,3 Bor,Unclassified,0,6 Single Cwy,2 30 MPH,9 Other Jun,2 Auto Sig,A,400,5 Pedn Phase At Ats,1 Daylight,1 Fine,1 Road-Dry,0 None,0 None,529950,181610,-0.128455,51.518473,,,Unknown,"(51.518473, -0.128455)",http://opendatacommunities.org/id/london-borough-council/camden,7386,21/12/2020 02:48:40 PM
0115EK40021,CAMDEN,3 Pedestrian,2 Female,16-24,19,1,3 Slight,04 Crossing Road Within 50m Xing,4 From Drivers O/Side Msk,1 Pedestrian,NFL- NEW OXFORD STREET J/W EARNSHAW STREET,1,17/01/2015 03:22:00 AM,Saturday,3.22,3 Bor,A,40,3 Dual Cwy,3 40 MPH,3 T/Stag Jun,2 Auto Sig,Unclassified,0,5 Pedn Phase At Ats,2 Dark,1 Fine,1 Road-Dry,0 None,0 None,529940,181400,-0.128677,51.516588,,,Unknown,"(51.516588, -0.128677)",http://opendatacommunities.org/id/london-borough-council/camden,4599,21/12/2020 02:48:35 PM
1170085458,CAMDEN,1 Driver/Rider,1 Male,25-59,43,1,3 Slight,-2 Unknown,-2 N/A,2 Pedal Cycle,HIGH HOLBORN J/W RED LION STREET,2,01/12/2017 08:50:00 AM,Friday,8.50,3 Bor,A,40,9 Unknown,2 30 MPH,99 Unknown (S/R),9 Unknown (S/R),Unclassified,0,9 Unknown (S/R),1 Daylight,9 Unknown,9 Unknown (S/R),9 Unknown (S/R),9 Unknown (S/R),530780,181570,-0.116514,51.517922,,,Unknown,"(51.517922, -0.116514)",http://opendatacommunities.org/id/london-borough-council/camden,7638,21/12/2020 02:48:41 PM
0116EK40252,CAMDEN,3 Pedestrian,2 Female,25-59,59,1,3 Slight,04 Crossing Road Within 50m Xing,3 From Drivers O/Side,1 Pedestrian,GOLDHURST TERRACE J/W FINCHLEY ROAD,1,07/01/2016 08:20:00 AM,Thursday,8.20,1 TLRN,Unclassified,0,6 Single Cwy,2 30 MPH,3 T/Stag Jun,2 Auto Sig,A,41,5 Pedn Phase At Ats,1 Daylight,1 Fine,1 Road-Dry,0 None,0 None,526360,184590,-0.1791,51.546068,,,Unknown,"(51.546068, -0.1791)",http://opendatacommunities.org/id/london-borough-council/camden,6190,21/12/2020 02:48:38 PM
1180117111,CAMDEN,1 Driver/Rider,1 Male,60+,65,1,3 Slight,-2 Unknown,-2 N/A,5 Taxi,CAMDEN ROAD J/W ST PANCRAS WAY,2,27/06/2018 11:54:00 AM,Wednesday,11.54,1 TLRN,A,503,3 Dual Cwy,1 <= 20 MPH,6 Crossroads,2 Auto Sig,A,5202,5 Pedn Phase At Ats,1 Daylight,1 Fine,1 Road-Dry,0 None,0 None,529250,184300,-0.137552,51.542808,,,Unknown,"(51.542808, -0.137552)",http://opendatacommunities.org/id/london-borough-council/camden,8126,21/12/2020 02:48:42 PM
0116EK40401,CAMDEN,1 Driver/Rider,2 Female,25-59,51,1,3 Slight,-2 Unknown,-2 N/A,2 Pedal Cycle,"FINCHLEY ROAD, 40 METRES SE OF PARSIFAL ROAD.",3,09/06/2016 04:25:00 PM,Thursday,16.25,1 TLRN,A,41,6 Single Cwy,2 30 MPH,0 No Jun In 20m,-2 Not Applicable,-2 Not Applicable,0,4 Pelican Or Similar,1 Daylight,1 Fine,1 Road-Dry,0 None,0 None,525370,185590,-0.193013,51.555276,,,Unknown,"(51.555276, -0.193013)",http://opendatacommunities.org/id/london-borough-council/camden,6319,21/12/2020 02:48:38 PM
1180083947,CAMDEN,3 Pedestrian,2 Female,25-59,49,1,3 Slight,08 In Centre Of Carriageway,9 Unknown Or Other,1 Pedestrian,FORTESS ROAD 50M S OF J/W BRECKNOCK ROAD THE NEAREST CLASSIFIED RO,1,16/01/2018 04:20:00 PM,Tuesday,16.20,3 Bor,A,400,6 Single Cwy,1 <= 20 MPH,0 No Jun In 20m,-2 Not Applicable,-2 Not Applicable,0,0 No Xing Facility In 50m,2 Dark,1 Fine,1 Road-Dry,0 None,0 None,529120,185810,-0.138871,51.556408,,,Unknown,"(51.556408, -0.138871)",http://opendatacommunities.org/id/london-borough-council/camden,7671,21/12/2020 02:48:41 PM
0116EO40160,CAMDEN,1 Driver/Rider,2 Female,25-59,27,1,3 Slight,-2 Unknown,-2 N/A,2 Pedal Cycle,"FARRINGDON ROAD, J/W ST CROSS STREET",2,13/03/2016 09:55:00 AM,Sunday,9.55,1 TLRN,A,201,6 Single Cwy,2 30 MPH,3 T/Stag Jun,4 Give Way/Uncontrolled,Unclassified,0,0 No Xing Facility In 50m,1 Daylight,1 Fine,1 Road-Dry,0 None,0 None,531480,181940,-0.106294,51.521085,,,Unknown,"(51.521085, -0.106294)",http://opendatacommunities.org/id/london-borough-council/camden,6523,21/12/2020 02:48:39 PM
1190219183,CAMDEN,3 PEDESTRIAN,1 MALE,25-59,59,1,3 SLIGHT,04 CROSSING ROAD WITHIN 50M XING,'-2 NOT APPLICABLE,1 PEDESTRIAN,"On Finchley Road, near the junction with Goldhurst Terrace.",1,18/11/2019 04:30:00 PM,Monday,16.30,1 TLRN,A,41,6 SINGLE CWY,30,07 MULTI JUN,2 AUTO SIG,6,0,5 PEDN PHASE AT ATS,1 DARK,1 FINE,1 ROAD-DRY,0 NONE,0 NONE,526370,184622,-0.178944,51.546353,,,Unknown,"(51.546353, -0.178944)",http://opendatacommunities.org/id/london-borough-council/camden,9530,21/12/2020 02:48:44 PM
1190233676,CAMDEN,1 DRIVER/RIDER,1 MALE,60+,62,1,3 SLIGHT,'-2 NOT APPLICABLE,'-2 NOT APPLICABLE,4 CAR,"On Euston Road, 050 metres east of the junction with Ossulston Street.",2,01/12/2019 07:50:00 PM,Sunday,19.50,1 TLRN,A,501,3 DUAL CWY,40,00 NO JUN IN 20M,,0,0,0 NO XING FACILITY IN 50M,1 DARK,1 FINE,1 ROAD-DRY,0 NONE,0 NONE,530017,182742,-0.127073,51.528631,,,Unknown,"(51.528631, -0.127073)",http://opendatacommunities.org/id/london-borough-council/camden,9666,21/12/2020 02:48:45 PM
1170028044,CAMDEN,2 Passenger,1 Male,25-59,48,1,3 Slight,-2 Unknown,-2 N/A,5 Taxi,GREAT QUEEN STREET 30M W OF J/W KINGSWAY THE NEAREST CLASSIFIED RO,2,25/03/2017 06:36:00 PM,Saturday,18.36,3 Bor,B,402,6 Single Cwy,1 <= 20 MPH,0 No Jun In 20m,-2 Not Applicable,-2 Not Applicable,0,0 No Xing Facility In 50m,2 Dark,1 Fine,1 Road-Dry,0 None,0 None,530530,181350,-0.120197,51.516003,,,Unknown,"(51.516003, -0.120197)",http://opendatacommunities.org/id/london-borough-council/camden,6818,21/12/2020 02:48:39 PM
1180127625,CAMDEN,1 Driver/Rider,2 Female,25-59,30,1,3 Slight,-2 Unknown,-2 N/A,4 Car,HAMPSTEAD HIGH STREET J/W HEAT STREET,2,17/08/2018 05:18:00 PM,Friday,17.18,3 Bor,A,502,6 Single Cwy,1 <= 20 MPH,6 Crossroads,2 Auto Sig,A,502,5 Pedn Phase At Ats,1 Daylight,1 Fine,1 Road-Dry,4 Roadworks,0 None,526360,185760,-0.17868,51.556583,,,Unknown,"(51.556583, -0.17868)",http://opendatacommunities.org/id/london-borough-council/camden,8259,21/12/2020 02:48:42 PM
0115EK41042,CAMDEN,1 Driver/Rider,2 Female,25-59,45,1,3 Slight,-2 Unknown,-2 N/A,3 Powered 2 Wheeler,FINCHLEY ROAD J/W LITHOS ROAD,2,17/11/2015 06:10:00 PM,Tuesday,18.10,1 TLRN,A,41,3 Dual Cwy,2 30 MPH,3 T/Stag Jun,4 Give Way/Uncontrolled,Unclassified,0,0 No Xing Facility In 50m,2 Dark,5 Raining/High Winds,2 Road-Wet,0 None,0 None,526130,185000,-0.182268,51.549804,,,Unknown,"(51.549804, -0.182268)",http://opendatacommunities.org/id/london-borough-council/camden,5459,21/12/2020 02:48:37 PM
1160012142,CAMDEN,1 Driver/Rider,1 Male,25-59,31,1,3 Slight,-2 Unknown,-2 N/A,3 Powered 2 Wheeler,"ON FINCHLEY ROAD , NEAR THE JUNCTION WITH FROGNAL LANE .",2,20/09/2016 04:09:00 PM,Tuesday,16.09,1 TLRN,A,41,3 Dual Cwy,3 40 MPH,6 Crossroads,2 Auto Sig,C,0,5 Pedn Phase At Ats,1 Daylight,1 Fine,1 Road-Dry,0 None,0 None,525670,185330,-0.188781,51.552872,,,Unknown,"(51.552872, -0.188781)",http://opendatacommunities.org/id/london-borough-council/camden,5822,21/12/2020 02:48:37 PM
48160134554,CAMDEN,1 Driver/Rider,1 Male,25-59,27,1,3 Slight,-2 Unknown,-2 N/A,2 Pedal Cycle,CHARTERHOUSE STREET B500 15 METRES EAST OF JUNCTION WITH ELY PLACE,2,12/11/2016 11:10:00 AM,Saturday,11.10,3 Bor,B,500,6 Single Cwy,1 <= 20 MPH,3 T/Stag Jun,4 Give Way/Uncontrolled,Unclassified,0,0 No Xing Facility In 50m,1 Daylight,5 Raining/High Winds,2 Road-Wet,0 None,0 None,531470,181610,-0.106561,51.518122,,,Unknown,"(51.518122, -0.106561)",http://opendatacommunities.org/id/london-borough-council/camden,5962,21/12/2020 02:48:38 PM
0115EK40714,CAMDEN,3 Pedestrian,1 Male,25-59,47,1,2 Serious,04 Crossing Road Within 50m Xing,1 From Drivers N/Side,1 Pedestrian,HAMPSTEAD ROAD J/W MORNINGTON CRESCENT,1,01/08/2015 01:01:00 AM,Saturday,1.01,1 TLRN,A,400,6 Single Cwy,2 30 MPH,3 T/Stag Jun,4 Give Way/Uncontrolled,Unclassified,0,4 Pelican Or Similar,2 Dark,1 Fine,1 Road-Dry,0 None,0 None,529160,183380,-0.139186,51.534561,,,Unknown,"(51.534561, -0.139186)",http://opendatacommunities.org/id/london-borough-council/camden,5186,21/12/2020 02:48:37 PM
1180096729,CAMDEN,1 Driver/Rider,1 Male,16-24,22,1,2 Serious,-2 Unknown,-2 N/A,2 Pedal Cycle,HIGH HOLBORN J/W NEWTON STREET,2,17/03/2018 10:58:00 AM,Saturday,10.58,3 Bor,A,40,2 One-Way St,1 <= 20 MPH,3 T/Stag Jun,4 Give Way/Uncontrolled,Unclassified,0,0 No Xing Facility In 50m,1 Daylight,3 Snowing,2 Road-Wet,0 None,0 None,530390,181490,-0.122162,51.517293,,,Unknown,"(51.517293, -0.122162)",http://opendatacommunities.org/id/london-borough-council/camden,7820,21/12/2020 02:48:41 PM
1190221803,CAMDEN,3 PEDESTRIAN,2 FEMALE,60+,62,1,3 SLIGHT,01 CROSSING ROAD ON PED XING,'-2 NOT APPLICABLE,1 PEDESTRIAN,"On Gloucester Avenue, near the junction with Oval Road.",1,30/11/2019 11:56:00 AM,Saturday,11.56,3 BOR,5,0,6 SINGLE CWY,20,03 T/STAG JUN,2 AUTO SIG,5,0,5 PEDN PHASE AT ATS,2 DAYLIGHT,1 FINE,1 ROAD-DRY,0 NONE,0 NONE,528620,183652,-0.146868,51.537128,,,Unknown,"(51.537128, -0.146868)",http://opendatacommunities.org/id/london-borough-council/camden,9562,21/12/2020 02:48:45 PM
1180121535,CAMDEN,1 Driver/Rider,1 Male,25-59,54,1,3 Slight,-2 Unknown,-2 N/A,3 Powered 2 Wheeler,EVERSHOLT STREET NW1 J/W OAKLEY SQUARE NW1,2,17/07/2018 08:00:00 AM,Tuesday,8.00,1 TLRN,A,4200,6 Single Cwy,1 <= 20 MPH,3 T/Stag Jun,4 Give Way/Uncontrolled,A,400,4 Pelican Or Similar,1 Daylight,1 Fine,1 Road-Dry,0 None,0 None,529300,183230,-0.137224,51.533181,,,Unknown,"(51.533181, -0.137224)",http://opendatacommunities.org/id/london-borough-council/camden,8186,21/12/2020 02:48:42 PM
1180143340,CAMDEN,1 Driver/Rider,2 Female,25-59,31,1,3 Slight,-2 Unknown,-2 N/A,2 Pedal Cycle,HAVERSTOCK HILL J/W ADELAIDE ROAD,2,02/11/2018 08:25:00 PM,Friday,20.25,3 Bor,A,502,9 Unknown,2 30 MPH,3 T/Stag Jun,9 Unknown (S/R),B,509,9 Unknown (S/R),1 Daylight,1 Fine,1 Road-Dry,0 None,0 None,528172,184405,-0.15305,51.543997,,,Unknown,"(51.543997, -0.15305)",http://opendatacommunities.org/id/london-borough-council/camden,8492,21/12/2020 02:48:43 PM
1160024768,CAMDEN,2 Passenger,2 Female,25-59,31,1,3 Slight,-2 Unknown,-2 N/A,3 Powered 2 Wheeler,MILL LANE J/W GONDAR GARDENS,3,30/10/2016 07:02:00 PM,Sunday,19.02,3 Bor,C,0,6 Single Cwy,2 30 MPH,3 T/Stag Jun,4 Give Way/Uncontrolled,Unclassified,0,4 Pelican Or Similar,2 Dark,1 Fine,1 Road-Dry,0 None,0 None,524810,185110,-0.201257,51.551086,,,Unknown,"(51.551086, -0.201257)",http://opendatacommunities.org/id/london-borough-council/camden,5931,21/12/2020 02:48:38 PM
1180129200,CAMDEN,2 Passenger,1 Male,Unknown,0,1,3 Slight,-2 Unknown,-2 N/A,4 Car,CAMDEN ROAD J/W ST PANCRAS WAY,2,24/08/2018 05:32:00 PM,Friday,17.32,1 TLRN,A,503,6 Single Cwy,2 30 MPH,3 T/Stag Jun,2 Auto Sig,A,5202,5 Pedn Phase At Ats,1 Daylight,1 Fine,1 Road-Dry,0 None,0 None,529254,184302,-0.137493,51.542825,,,Unknown,"(51.542825, -0.137493)",http://opendatacommunities.org/id/london-borough-council/camden,8277,21/12/2020 02:48:42 PM
1180088492,CAMDEN,1 Driver/Rider,1 Male,25-59,55,1,3 Slight,-2 Unknown,-2 N/A,4 Car,REGIS ROAD 312M W OF J/W KENTISH TOWN RD THE NEAREST CLASSIFIED RO,2,07/02/2018 06:30:00 AM,Wednesday,6.30,3 Bor,Unclassified,0,6 Single Cwy,1 <= 20 MPH,0 No Jun In 20m,-2 Not Applicable,-2 Not Applicable,0,0 No Xing Facility In 50m,1 Daylight,1 Fine,1 Road-Dry,0 None,0 None,528690,185140,-0.145315,51.550485,,,Unknown,"(51.550485, -0.145315)",http://opendatacommunities.org/id/london-borough-council/camden,7726,21/12/2020 02:48:41 PM
0115EK41112,CAMDEN,1 Driver/Rider,1 Male,16-24,22,1,3 Slight,-2 Unknown,-2 N/A,4 Car,CAMDEN STREET J/W CAMDEN ROAD.,3,12/12/2015 10:30:00 PM,Saturday,22.30,1 TLRN,A,400,2 One-Way St,2 30 MPH,6 Crossroads,2 Auto Sig,A,503,5 Pedn Phase At Ats,2 Dark,1 Fine,1 Road-Dry,0 None,0 None,529080,184050,-0.140093,51.5406,,,Unknown,"(51.5406, -0.140093)",http://opendatacommunities.org/id/london-borough-council/camden,5521,21/12/2020 02:48:37 PM
0116EK40056,CAMDEN,3 Pedestrian,2 Female,25-59,43,1,3 Slight,01 Crossing Road On Ped Xing,1 From Drivers N/Side,1 Pedestrian,PRINCE OF WALES ROAD J/W KENTISH TOWN ROAD,1,06/02/2016 01:10:00 AM,Saturday,1.10,3 Bor,C,0,6 Single Cwy,1 <= 20 MPH,3 T/Stag Jun,2 Auto Sig,A,400,5 Pedn Phase At Ats,2 Dark,1 Fine,1 Road-Dry,0 None,0 None,528930,184700,-0.142017,51.546476,,,Unknown,"(51.546476, -0.142017)",http://opendatacommunities.org/id/london-borough-council/camden,6025,21/12/2020 02:48:38 PM
1160006508,CAMDEN,1 Driver/Rider,1 Male,16-24,21,1,3 Slight,-2 Unknown,-2 N/A,3 Powered 2 Wheeler,THEOBALDS ROAD J/W KING'S MEWS,2,12/12/2016 06:05:00 PM,Monday,18.05,3 Bor,A,401,6 Single Cwy,1 <= 20 MPH,3 T/Stag Jun,4 Give Way/Uncontrolled,Unclassified,0,0 No Xing Facility In 50m,2 Dark,1 Fine,1 Road-Dry,0 None,0 None,530950,181950,-0.113925,51.521298,,,Unknown,"(51.521298, -0.113925)",http://opendatacommunities.org/id/london-borough-council/camden,5767,21/12/2020 02:48:37 PM
0115EO40743,CAMDEN,1 Driver/Rider,2 Female,25-59,28,1,3 Slight,-2 Unknown,-2 N/A,4 Car,YORK WAY J/W WHARFDALE ROAD,2,05/09/2015 08:11:00 PM,Saturday,20.11,3 Bor,A,5200,6 Single Cwy,1 <= 20 MPH,3 T/Stag Jun,4 Give Way/Uncontrolled,C,0,0 No Xing Facility In 50m,2 Dark,1 Fine,1 Road-Dry,0 None,0 None,530320,183310,-0.122497,51.533665,,,Unknown,"(51.533665, -0.122497)",http://opendatacommunities.org/id/london-borough-council/camden,5602,21/12/2020 02:48:37 PM
1180098292,CAMDEN,1 Driver/Rider,2 Female,25-59,26,1,3 Slight,-2 Unknown,-2 N/A,4 Car,LYMINGTON ROAD J/W CREDITON HILL,2,25/03/2018 03:21:00 PM,Sunday,15.21,3 Bor,C,0,6 Single Cwy,1 <= 20 MPH,3 T/Stag Jun,4 Give Way/Uncontrolled,Unclassified,0,0 No Xing Facility In 50m,1 Daylight,1 Fine,1 Road-Dry,0 None,1 Vehicle Load In Cwy,525660,184920,-0.189071,51.54919,,,Unknown,"(51.54919, -0.189071)",http://opendatacommunities.org/id/london-borough-council/camden,7840,21/12/2020 02:48:41 PM
0116EK40019,CAMDEN,1 Driver/Rider,1 Male,16-24,21,1,3 Slight,-2 Unknown,-2 N/A,2 Pedal Cycle,KENTISH TOWN ROAD J/W CASTLE ROAD,2,14/01/2016 10:30:00 PM,Thursday,22.30,3 Bor,A,400,6 Single Cwy,2 30 MPH,6 Crossroads,2 Auto Sig,C,0,5 Pedn Phase At Ats,2 Dark,1 Fine,2 Road-Wet,0 None,0 None,528960,184540,-0.141643,51.545031,,,Unknown,"(51.545031, -0.141643)",http://opendatacommunities.org/id/london-borough-council/camden,5997,21/12/2020 02:48:38 PM
1160024394,CAMDEN,3 Pedestrian,1 Male,16-24,18,1,3 Slight,04 Crossing Road Within 50m Xing,1 From Drivers N/Side,1 Pedestrian,WEST END LANE J/W FAWLEY ROAD,1,23/10/2016 12:19:00 PM,Sunday,12.19,3 Bor,B,510,6 Single Cwy,2 30 MPH,6 Crossroads,4 Give Way/Uncontrolled,Unclassified,0,1 Zebra,1 Daylight,1 Fine,1 Road-Dry,0 None,0 None,525490,185020,-0.191486,51.550126,,,Unknown,"(51.550126, -0.191486)",http://opendatacommunities.org/id/london-borough-council/camden,5899,21/12/2020 02:48:38 PM
0116EK40275,CAMDEN,1 Driver/Rider,1 Male,60+,68,1,3 Slight,-2 Unknown,-2 N/A,3 Powered 2 Wheeler,CAMDEN HIGH STREET 22M NW OF BUCK STREET,1,24/04/2016 01:02:00 PM,Sunday,13.02,3 Bor,A,502,2 One-Way St,1 <= 20 MPH,0 No Jun In 20m,-2 Not Applicable,-2 Not Applicable,0,0 No Xing Facility In 50m,1 Daylight,1 Fine,1 Road-Dry,0 None,0 None,528820,184000,-0.143859,51.54021,,,Unknown,"(51.54021, -0.143859)",http://opendatacommunities.org/id/london-borough-council/camden,6213,21/12/2020 02:48:38 PM
1160003536,CAMDEN,3 Pedestrian,2 Female,Unknown,0,1,2 Serious,04 Crossing Road Within 50m Xing,1 From Drivers N/Side,1 Pedestrian,TAVISTOCK SQUARE 25M N OF J/W TAVISTOCK PLACE,1,26/11/2016 09:27:00 AM,Saturday,9.27,3 Bor,A,4200,6 Single Cwy,1 <= 20 MPH,0 No Jun In 20m,-2 Not Applicable,-2 Not Applicable,0,4 Pelican Or Similar,2 Dark,1 Fine,1 Road-Dry,0 None,0 None,529940,182380,-0.128315,51.525395,,,Unknown,"(51.525395, -0.128315)",http://opendatacommunities.org/id/london-borough-council/camden,5702,21/12/2020 02:48:37 PM
0116EK40481,CAMDEN,1 Driver/Rider,1 Male,16-24,24,1,2 Serious,-2 Unknown,-2 N/A,2 Pedal Cycle,EUSTON ROAD J/W EUSTON SQUARE,2,29/06/2016 08:40:00 AM,Wednesday,8.40,1 TLRN,A,501,3 Dual Cwy,1 <= 20 MPH,6 Crossroads,2 Auto Sig,C,0,5 Pedn Phase At Ats,1 Daylight,1 Fine,1 Road-Dry,0 None,0 None,529550,182470,-0.133901,51.526293,,,Unknown,"(51.526293, -0.133901)",http://opendatacommunities.org/id/london-borough-council/camden,6390,21/12/2020 02:48:38 PM
0115CW11897,CAMDEN,1 Driver/Rider,1 Male,25-59,26,1,3 Slight,-2 Unknown,-2 N/A,4 Car,KILBURN HIGH ROAD J/W KILBURN PARK ROAD,2,10/12/2015 10:21:00 PM,Thursday,22.21,3 Bor,A,5,6 Single Cwy,2 30 MPH,3 T/Stag Jun,4 Give Way/Uncontrolled,B,414,1 Zebra,2 Dark,1 Fine,1 Road-Dry,0 None,0 None,525660,183350,-0.189632,51.53508,,,Unknown,"(51.53508, -0.189632)",http://opendatacommunities.org/id/london-borough-council/camden,4584,21/12/2020 02:48:35 PM
0115EK40826,CAMDEN,1 Driver/Rider,1 Male,25-59,59,1,3 Slight,-2 Unknown,-2 N/A,2 Pedal Cycle,"BRUNSWICK SQUARE, 25 METRES NORTH OF BERNARD STREET.",2,15/09/2015 04:50:00 PM,Tuesday,16.50,3 Bor,B,504,2 One-Way St,2 30 MPH,0 No Jun In 20m,-2 Not Applicable,-2 Not Applicable,0,0 No Xing Facility In 50m,1 Daylight,1 Fine,1 Road-Dry,0 None,0 None,530350,182230,-0.122464,51.523953,,,Unknown,"(51.523953, -0.122464)",http://opendatacommunities.org/id/london-borough-council/camden,5282,21/12/2020 02:48:37 PM
1190182796,CAMDEN,1 DRIVER/RIDER,1 MALE,25-59,32,2,3 SLIGHT,'-2 NOT APPLICABLE,'-2 NOT APPLICABLE,9 PRIVATE HIRE,"On Kilburn High Road, near the junction with Kilburn Priory.",2,23/05/2019 05:05:00 PM,Thursday,17.05,3 BOR,A,5,6 SINGLE CWY,30,03 T/STAG JUN,3 STOP SIGN,5,0,0 NO XING FACILITY IN 50M,2 DAYLIGHT,1 FINE,1 ROAD-DRY,0 NONE,0 NONE,525646,183373,-0.189825,51.53529,,,Unknown,"(51.53529, -0.189825)",http://opendatacommunities.org/id/london-borough-council/camden,9034,21/12/2020 02:48:44 PM
1170025382,CAMDEN,3 Pedestrian,1 Male,25-59,36,1,2 Serious,09 In Road - Not Crossing,9 Unknown Or Other,1 Pedestrian,BLOOMSBURY WAY J/W BURY PLACE WC1,1,15/03/2017 09:49:00 AM,Wednesday,9.49,3 Bor,A,40,2 One-Way St,2 30 MPH,8 Priv Drive,4 Give Way/Uncontrolled,Unclassified,0,5 Pedn Phase At Ats,1 Daylight,1 Fine,1 Road-Dry,0 None,0 None,530250,181530,-0.124163,51.517685,,,Unknown,"(51.517685, -0.124163)",http://opendatacommunities.org/id/london-borough-council/camden,6780,21/12/2020 02:48:39 PM
1180121413,CAMDEN,1 Driver/Rider,1 Male,16-24,19,1,3 Slight,-2 Unknown,-2 N/A,3 Powered 2 Wheeler,OAKLEY SQUARE J/W CROWNDALE ROAD,1,16/07/2018 07:50:00 PM,Monday,19.50,1 TLRN,A,400,6 Single Cwy,1 <= 20 MPH,6 Crossroads,2 Auto Sig,B,512,4 Pelican Or Similar,1 Daylight,1 Fine,1 Road-Dry,0 None,0 None,529420,183440,-0.135418,51.535041,,,Unknown,"(51.535041, -0.135418)",http://opendatacommunities.org/id/london-borough-council/camden,8182,21/12/2020 02:48:42 PM
0115EK40143,CAMDEN,2 Passenger,1 Male,16-24,17,1,3 Slight,-2 Unknown,-2 N/A,4 Car,HAMPSTEAD HIGH STREET J/W HEATH STREET,2,10/01/2015 03:25:00 AM,Saturday,3.25,3 Bor,A,502,6 Single Cwy,2 30 MPH,6 Crossroads,2 Auto Sig,A,502,5 Pedn Phase At Ats,2 Dark,1 Fine,2 Road-Wet,0 None,0 None,526360,185770,-0.178676,51.556673,,,Unknown,"(51.556673, -0.178676)",http://opendatacommunities.org/id/london-borough-council/camden,4692,21/12/2020 02:48:36 PM
1170043677,CAMDEN,1 Driver/Rider,1 Male,16-24,21,1,3 Slight,-2 Unknown,-2 N/A,2 Pedal Cycle,ROYAL COLLEGE STREET NW1 J/W GEORGINA STREET NW1,2,19/06/2017 11:20:00 AM,Monday,11.20,3 Bor,A,5202,2 One-Way St,2 30 MPH,3 T/Stag Jun,4 Give Way/Uncontrolled,Unclassified,0,0 No Xing Facility In 50m,1 Daylight,1 Fine,1 Road-Dry,0 None,0 None,529310,183980,-0.136804,51.539919,,,Unknown,"(51.539919, -0.136804)",http://opendatacommunities.org/id/london-borough-council/camden,7056,21/12/2020 02:48:39 PM
1180137543,CAMDEN,3 Pedestrian,2 Female,25-59,56,1,3 Slight,01 Crossing Road On Ped Xing,1 From Drivers N/Side,1 Pedestrian,PRIMROSE HILL ROAD 015M S OF J/W ELSWORTHY ROAD,1,08/10/2018 08:50:00 AM,Monday,8.50,3 Bor,C,0,6 Single Cwy,1 <= 20 MPH,3 T/Stag Jun,4 Give Way/Uncontrolled,Unclassified,0,1 Zebra,1 Daylight,8 Other,1 Road-Dry,0 None,0 None,527550,184160,-0.162103,51.541936,,,Unknown,"(51.541936, -0.162103)",http://opendatacommunities.org/id/london-borough-council/camden,8399,21/12/2020 02:48:42 PM
1180119174,CAMDEN,3 Pedestrian,1 Male,25-59,36,1,2 Serious,09 In Road - Not Crossing,9 Unknown Or Other,1 Pedestrian,CAMDEN ROAD J/W CAMDEN ST,1,06/07/2018 12:50:00 AM,Friday,0.50,1 TLRN,A,503,6 Single Cwy,1 <= 20 MPH,6 Crossroads,2 Auto Sig,A,400,5 Pedn Phase At Ats,2 Dark,1 Fine,1 Road-Dry,0 None,0 None,529100,184040,-0.139809,51.540506,,,Unknown,"(51.540506, -0.139809)",http://opendatacommunities.org/id/london-borough-council/camden,8150,21/12/2020 02:48:42 PM
1190191752,CAMDEN,1 DRIVER/RIDER,1 MALE,25-59,37,2,3 SLIGHT,'-2 NOT APPLICABLE,'-2 NOT APPLICABLE,2 PEDAL CYCLE,"On Camden High Street, 3 metres north of the junction with GREENLAND STREET NW1.",2,05/07/2019 08:15:00 PM,Friday,20.15,1 TLRN,A,502,2 ONE-WAY ST,20,03 T/STAG JUN,4 GIVE WAY/UNCONTROLLED,6,0,4 PELICAN OR SIMILAR,2 DAYLIGHT,1 FINE,1 ROAD-DRY,0 NONE,0 NONE,528957,183775,-0.141967,51.538157,,,Unknown,"(51.538157, -0.141967)",http://opendatacommunities.org/id/london-borough-council/camden,9164,21/12/2020 02:48:44 PM
0115EK41026,CAMDEN,2 Passenger,1 Male,Unknown,0,1,3 Slight,-2 Unknown,-2 N/A,7 Goods Vehicle,BLOOMSBURY STREET J/W GREAT RUSSELL STREET.,2,18/11/2015 04:45:00 PM,Wednesday,16.45,3 Bor,A,400,2 One-Way St,2 30 MPH,6 Crossroads,2 Auto Sig,C,0,5 Pedn Phase At Ats,2 Dark,1 Fine,2 Road-Wet,0 None,0 None,530010,181530,-0.12762,51.51774,,,Unknown,"(51.51774, -0.12762)",http://opendatacommunities.org/id/london-borough-council/camden,5445,21/12/2020 02:48:37 PM
0115EK40443,CAMDEN,3 Pedestrian,2 Female,16-24,16,1,2 Serious,05 Crossing Road (Not On Xing),3 From Drivers O/Side,1 Pedestrian,YORK RISE J/W CHETWYND ROAD,1,06/06/2015 07:35:00 PM,Saturday,19.35,3 Bor,Unclassified,0,6 Single Cwy,2 30 MPH,6 Crossroads,4 Give Way/Uncontrolled,Unclassified,0,0 No Xing Facility In 50m,1 Daylight,1 Fine,1 Road-Dry,0 None,0 None,528809,186009,-0.143282,51.558267,,,Unknown,"(51.558267, -0.143282)",http://opendatacommunities.org/id/london-borough-council/camden,4936,21/12/2020 02:48:36 PM