Reference,London Borough Name,Casualty Class,Casualty Sex,Casualty Age Band,Casualty Age,Number Of Casualties,Casualty Severity,Pedestrian Location,Pedestrian Movement,Mode Of Travel,Attendant Location,Number Of Vehicles,Date,Day,Time,Highway,Road Class 1,Road Number 1,Road Type,Speed Limit,Junction Detail,Junction Control,Road Class 2,Road Number 2,Pedestrian Crossing,Light Condition Band,Weather,Road Surface,Special Conditions,Carriage Way Hazard,Easting,Northing,Longitude,Latitude,Ward Code,Ward Name,Spatial Accuracy,Location,Organisation URI,Socrata ID,Last Uploaded
1170044997,CAMDEN,1 Driver/Rider,1 Male,25-59,50,1,3 Slight,-2 Unknown,-2 N/A,4 Car,YORK WAY J/W BREWERY ROAD,2,26/06/2017 03:25:00 PM,Monday,15.25,3 Bor,A,5200,6 Single Cwy,2 30 MPH,3 T/Stag Jun,4 Give Way/Uncontrolled,Unclassified,0,0 No Xing Facility In 50m,1 Daylight,1 Fine,1 Road-Dry,0 None,0 None,530040,184470,-0.126103,51.544155,,,Unknown,"(51.544155, -0.126103)",http://opendatacommunities.org/id/london-borough-council/camden,7083,21/12/2020 02:48:40 PM
1190173115,CAMDEN,1 DRIVER/RIDER,1 MALE,25-59,48,2,3 SLIGHT,'-2 NOT APPLICABLE,'-2 NOT APPLICABLE,3 POWERED 2 WHEELER,"On Shaftesbury Avenue, 35 metres east of the junction with Mercer Street.",2,03/04/2019 02:30:00 PM,Wednesday,14.30,3 BOR,A,401,6 SINGLE CWY,30,00 NO JUN IN 20M,,0,0,1 ZEBRA,2 DAYLIGHT,3 SNOWING,1 ROAD-DRY,0 NONE,0 NONE,530019,181160,-0.127627,51.514413,,,Unknown,"(51.514413, -0.127627)",http://opendatacommunities.org/id/london-borough-council/camden,8904,21/12/2020 02:48:44 PM
0116EK40458,CAMDEN,1 Driver/Rider,1 Male,25-59,39,1,3 Slight,-2 Unknown,-2 N/A,2 Pedal Cycle,CAMDEN ROAD J/W ST PANCRAS WAY,2,24/06/2016 11:36:00 AM,Friday,11.36,1 TLRN,A,503,6 Single Cwy,2 30 MPH,6 Crossroads,2 Auto Sig,A,5202,5 Pedn Phase At Ats,1 Daylight,1 Fine,1 Road-Dry,0 None,0 None,529250,184290,-0.137555,51.542718,,,Unknown,"(51.542718, -0.137555)",http://opendatacommunities.org/id/london-borough-council/camden,6371,21/12/2020 02:48:38 PM
1190215730,CAMDEN,1 DRIVER/RIDER,1 MALE,25-59,25,1,3 SLIGHT,'-2 NOT APPLICABLE,'-2 NOT APPLICABLE,3 POWERED 2 WHEELER,"On High Holborn, 77 metres west of the junction with Holborn Place.",2,02/11/2019 06:58:00 PM,Saturday,18.58,3 BOR,A,40,9 UNKNOWN,20,00 NO JUN IN 20M,,0,0,9 UNKNOWN (S/R),1 DARK,1 FINE,1 ROAD-DRY,9 UNKNOWN (S/R),0 NONE,530641,181545,-0.118526,51.51773,,,Unknown,"(51.51773, -0.118526)",http://opendatacommunities.org/id/london-borough-council/camden,9488,21/12/2020 02:48:44 PM
1160024219,CAMDEN,1 Driver/Rider,1 Male,25-59,36,1,3 Slight,-2 Unknown,-2 N/A,3 Powered 2 Wheeler,FINCHLEY ROAD J/W FROGNAL LANE,2,25/10/2016 10:00:00 AM,Tuesday,10.00,1 TLRN,A,41,6 Single Cwy,2 30 MPH,6 Crossroads,2 Auto Sig,C,0,5 Pedn Phase At Ats,1 Daylight,1 Fine,1 Road-Dry,0 None,0 None,525660,185340,-0.188922,51.552965,,,Unknown,"(51.552965, -0.188922)",http://opendatacommunities.org/id/london-borough-council/camden,5883,21/12/2020 02:48:38 PM
1170017916,CAMDEN,1 Driver/Rider,1 Male,25-59,25,1,3 Slight,-2 Unknown,-2 N/A,2 Pedal Cycle,CHESTER ROAD J/W SWAINS LANE,2,12/02/2017 05:06:00 PM,Sunday,17.06,3 Bor,Unclassified,0,3 Dual Cwy,2 30 MPH,3 T/Stag Jun,4 Give Way/Uncontrolled,Unclassified,0,1 Zebra,1 Daylight,1 Fine,2 Road-Wet,0 None,0 None,528560,186570,-0.146667,51.563366,,,Unknown,"(51.563366, -0.146667)",http://opendatacommunities.org/id/london-borough-council/camden,6664,21/12/2020 02:48:39 PM
1180149738,CAMDEN,2 Passenger,1 Male,60+,71,1,3 Slight,-2 Unknown,-2 N/A,6 Bus Or Coach,KILBURN HIGH ROAD J/W VICTORIA ROAD,1,04/12/2018 12:30:00 AM,Tuesday,0.30,3 Bor,A,5,3 Dual Cwy,2 30 MPH,6 Crossroads,2 Auto Sig,A,5,0 No Xing Facility In 50m,2 Dark,1 Fine,2 Road-Wet,0 None,0 None,525240,183850,-0.195506,51.539667,,,Unknown,"(51.539667, -0.195506)",http://opendatacommunities.org/id/london-borough-council/camden,8585,21/12/2020 02:48:43 PM
1190198220,CAMDEN,1 DRIVER/RIDER,1 MALE,U,,1,3 SLIGHT,'-2 NOT APPLICABLE,'-2 NOT APPLICABLE,3 POWERED 2 WHEELER,"On New Oxford Street, near the junction with COPTIC STREET.",2,07/08/2019 08:40:00 AM,Wednesday,8.40,3 BOR,A,40,2 ONE-WAY ST,20,07 MULTI JUN,2 AUTO SIG,5,0,5 PEDN PHASE AT ATS,2 DAYLIGHT,1 FINE,1 ROAD-DRY,0 NONE,0 NONE,530134,181457,-0.125861,51.517056,,,Unknown,"(51.517056, -0.125861)",http://opendatacommunities.org/id/london-borough-council/camden,9260,21/12/2020 02:48:44 PM
1180152950,CAMDEN,1 Driver/Rider,1 Male,25-59,27,1,3 Slight,-2 Unknown,-2 N/A,2 Pedal Cycle,NFL BRUNSWICK SQUARE J/W HUNTER STREET,2,18/12/2018 04:56:00 PM,Tuesday,16.56,3 Bor,C,0,1 Roundabout,1 <= 20 MPH,1 Roundabout,4 Give Way/Uncontrolled,B,504,0 No Xing Facility In 50m,2 Dark,2 Raining,2 Road-Wet,0 None,0 None,530349,182243,-0.122474,51.52407,,,Unknown,"(51.52407, -0.122474)",http://opendatacommunities.org/id/london-borough-council/camden,8625,21/12/2020 02:48:43 PM
1170019787,CAMDEN,1 Driver/Rider,1 Male,25-59,26,1,3 Slight,-2 Unknown,-2 N/A,7 Goods Vehicle,CAMDEN HIGH STREET J/W GREENLAND STREET,2,05/02/2017 07:37:00 PM,Sunday,19.37,1 TLRN,A,502,9 Unknown,2 30 MPH,3 T/Stag Jun,9 Unknown (S/R),Unclassified,0,9 Unknown (S/R),2 Dark,9 Unknown,9 Unknown (S/R),9 Unknown (S/R),9 Unknown (S/R),528960,183750,-0.141933,51.537932,,,Unknown,"(51.537932, -0.141933)",http://opendatacommunities.org/id/london-borough-council/camden,6694,21/12/2020 02:48:39 PM
1180126068,CAMDEN,3 Pedestrian,1 Male,25-59,43,1,3 Slight,01 Crossing Road On Ped Xing,3 From Drivers O/Side,1 Pedestrian,LEIGHTON ROAD J/W TORRIANO AVE,1,09/08/2018 11:25:00 AM,Thursday,11.25,3 Bor,A,5200,2 One-Way St,1 <= 20 MPH,6 Crossroads,4 Give Way/Uncontrolled,A,5200,1 Zebra,1 Daylight,2 Raining,2 Road-Wet,0 None,0 None,529550,185180,-0.132904,51.550648,,,Unknown,"(51.550648, -0.132904)",http://opendatacommunities.org/id/london-borough-council/camden,8235,21/12/2020 02:48:42 PM
1170063367,CAMDEN,3 Pedestrian,1 Male,25-59,57,1,2 Serious,01 Crossing Road On Ped Xing,9 Unknown Or Other,1 Pedestrian,ABBEY ROAD J/W BELSIZE ROAD,1,09/10/2017 12:00:00 PM,Monday,12.00,3 Bor,B,507,6 Single Cwy,1 <= 20 MPH,6 Crossroads,2 Auto Sig,B,509,4 Pelican Or Similar,1 Daylight,1 Fine,1 Road-Dry,0 None,0 None,525790,183890,-0.187566,51.539904,,,Unknown,"(51.539904, -0.187566)",http://opendatacommunities.org/id/london-borough-council/camden,7392,21/12/2020 02:48:40 PM
1190185657,CAMDEN,1 DRIVER/RIDER,1 MALE,25-59,44,1,3 SLIGHT,'-2 NOT APPLICABLE,'-2 NOT APPLICABLE,3 POWERED 2 WHEELER,Location uncertain Avenue Road,2,06/06/2019 08:15:00 AM,Thursday,8.15,3 BOR,B,525,6 SINGLE CWY,20,00 NO JUN IN 20M,,0,0,5 PEDN PHASE AT ATS,2 DAYLIGHT,1 FINE,1 ROAD-DRY,4 ROADWORKS,0 NONE,527058,183772,-0.169334,51.53856,,,Unknown,"(51.53856, -0.169334)",http://opendatacommunities.org/id/london-borough-council/camden,9074,21/12/2020 02:48:44 PM
1170046957,CAMDEN,3 Pedestrian,1 Male,25-59,55,1,1 Fatal,05 Crossing Road (Not On Xing),3 From Drivers O/Side,1 Pedestrian,DUKE'S ROAD J/W EUSTON ROAD WC1,1,06/07/2017 09:30:00 AM,Thursday,9.30,1 TLRN,Unclassified,0,3 Dual Cwy,2 30 MPH,6 Crossroads,2 Auto Sig,A,501,5 Pedn Phase At Ats,1 Daylight,1 Fine,1 Road-Dry,0 None,0 None,529840,182610,-0.129671,51.527485,,,Unknown,"(51.527485, -0.129671)",http://opendatacommunities.org/id/london-borough-council/camden,7122,21/12/2020 02:48:40 PM
0115EK40763,CAMDEN,2 Passenger,2 Female,25-59,30,1,3 Slight,-2 Unknown,-2 N/A,4 Car,"EUSTON ROAD, 200 METRES NE OF EUSTON ROAD SLIP ROAD.",4,01/09/2015 04:26:00 PM,Tuesday,16.26,1 TLRN,A,501,3 Dual Cwy,4 50 MPH,0 No Jun In 20m,-2 Not Applicable,-2 Not Applicable,0,0 No Xing Facility In 50m,1 Daylight,1 Fine,1 Road-Dry,0 None,0 None,529260,182330,-0.13813,51.525102,,,Unknown,"(51.525102, -0.13813)",http://opendatacommunities.org/id/london-borough-council/camden,5230,21/12/2020 02:48:37 PM
0115EK40904,CAMDEN,1 Driver/Rider,1 Male,25-59,41,1,3 Slight,-2 Unknown,-2 N/A,2 Pedal Cycle,HAMPSTEAD ROAD J/W ROBERT STREET,2,04/10/2015 07:03:00 PM,Sunday,19.03,1 TLRN,A,400,6 Single Cwy,2 30 MPH,3 T/Stag Jun,4 Give Way/Uncontrolled,Unclassified,0,0 No Xing Facility In 50m,2 Dark,1 Fine,1 Road-Dry,0 None,0 None,529210,182710,-0.138711,51.528528,,,Unknown,"(51.528528, -0.138711)",http://opendatacommunities.org/id/london-borough-council/camden,5343,21/12/2020 02:48:37 PM
1180087849,CAMDEN,3 Pedestrian,2 Female,25-59,50,1,3 Slight,05 Crossing Road (Not On Xing),3 From Drivers O/Side,1 Pedestrian,MELTON STREET J/W EUSTON ROAD,1,03/02/2018 08:10:00 PM,Saturday,20.10,1 TLRN,C,0,3 Dual Cwy,1 <= 20 MPH,6 Crossroads,2 Auto Sig,A,501,0 No Xing Facility In 50m,2 Dark,2 Raining,2 Road-Wet,0 None,0 None,529568,182483,-0.133637,51.526406,,,Unknown,"(51.526406, -0.133637)",http://opendatacommunities.org/id/london-borough-council/camden,7720,21/12/2020 02:48:41 PM
1180138027,CAMDEN,2 Passenger,1 Male,25-59,28,1,3 Slight,-2 Unknown,-2 N/A,6 Bus Or Coach,HIGH HOLBORN J/W SOUTHAMPTON ROW,1,06/10/2018 05:53:00 AM,Saturday,5.53,3 Bor,A,40,2 One-Way St,1 <= 20 MPH,6 Crossroads,2 Auto Sig,A,4200,0 No Xing Facility In 50m,1 Daylight,1 Fine,1 Road-Dry,0 None,0 None,530530,181530,-0.12013,51.51762,,,Unknown,"(51.51762, -0.12013)",http://opendatacommunities.org/id/london-borough-council/camden,8409,21/12/2020 02:48:42 PM
0116EK40405,CAMDEN,1 Driver/Rider,1 Male,16-24,23,1,3 Slight,-2 Unknown,-2 N/A,2 Pedal Cycle,EUSTON ROAD J/W BIRKENHEAD STREET,2,12/06/2016 03:35:00 PM,Sunday,15.35,1 TLRN,A,501,3 Dual Cwy,2 30 MPH,3 T/Stag Jun,4 Give Way/Uncontrolled,A,501,4 Pelican Or Similar,1 Daylight,1 Fine,1 Road-Dry,0 None,0 None,530320,182960,-0.122626,51.53052,,,Unknown,"(51.53052, -0.122626)",http://opendatacommunities.org/id/london-borough-council/camden,6322,21/12/2020 02:48:38 PM
1180132849,CAMDEN,2 Passenger,1 Male,25-59,56,1,3 Slight,-2 Unknown,-2 N/A,5 Taxi,MALDEN ROAD NW5 31M W OF J/W HAVERSTOCK ROAD NW5,2,16/09/2018 03:10:00 AM,Sunday,3.10,3 Bor,B,517,2 One-Way St,1 <= 20 MPH,0 No Jun In 20m,-2 Not Applicable,-2 Not Applicable,0,0 No Xing Facility In 50m,2 Dark,1 Fine,1 Road-Dry,0 None,0 None,527960,185150,-0.155835,51.550741,,,Unknown,"(51.550741, -0.155835)",http://opendatacommunities.org/id/london-borough-council/camden,8329,21/12/2020 02:48:42 PM
0115EK40277,CAMDEN,1 Driver/Rider,1 Male,25-59,44,1,3 Slight,-2 Unknown,-2 N/A,3 Powered 2 Wheeler,ARLINGTON ROAD 31M NW OF J/W UNDERHILL STREET,3,04/04/2015 11:23:00 AM,Saturday,11.23,3 Bor,Unclassified,0,6 Single Cwy,2 30 MPH,0 No Jun In 20m,-2 Not Applicable,-2 Not Applicable,0,1 Zebra,1 Daylight,1 Fine,2 Road-Wet,0 None,0 None,528850,183750,-0.143518,51.537957,,,Unknown,"(51.537957, -0.143518)",http://opendatacommunities.org/id/london-borough-council/camden,4803,21/12/2020 02:48:36 PM
0115EK41131,CAMDEN,3 Pedestrian,2 Female,16-24,20,1,3 Slight,01 Crossing Road On Ped Xing,3 From Drivers O/Side,1 Pedestrian,GRAY'S INN ROAD J/W NORTHINGTON STREET.,1,16/12/2015 06:40:00 PM,Wednesday,18.40,3 Bor,A,5200,6 Single Cwy,2 30 MPH,3 T/Stag Jun,4 Give Way/Uncontrolled,Unclassified,0,1 Zebra,2 Dark,1 Fine,1 Road-Dry,0 None,0 None,530940,182080,-0.11402,51.522468,,,Unknown,"(51.522468, -0.11402)",http://opendatacommunities.org/id/london-borough-council/camden,5541,21/12/2020 02:48:37 PM
1170030752,CAMDEN,1 Driver/Rider,1 Male,25-59,34,1,3 Slight,-2 Unknown,-2 N/A,3 Powered 2 Wheeler,PRINCE OF WALES ROAD J/W MALDEN ROAD,2,06/04/2017 06:28:00 PM,Thursday,18.28,3 Bor,C,0,6 Single Cwy,1 <= 20 MPH,9 Other Jun,2 Auto Sig,B,517,4 Pelican Or Similar,1 Daylight,1 Fine,1 Road-Dry,0 None,2 Other Object In Cwy,528320,184620,-0.150838,51.545896,,,Unknown,"(51.545896, -0.150838)",http://opendatacommunities.org/id/london-borough-council/camden,6853,21/12/2020 02:48:39 PM
1170071398,CAMDEN,1 Driver/Rider,1 Male,25-59,56,1,2 Serious,-2 Unknown,-2 N/A,3 Powered 2 Wheeler,PLENDER STREET J/W BAYHAM STREET,2,20/11/2017 01:56:00 PM,Monday,13.56,3 Bor,Unclassified,0,6 Single Cwy,2 30 MPH,6 Crossroads,4 Give Way/Uncontrolled,C,0,1 Zebra,1 Daylight,1 Fine,2 Road-Wet,0 None,0 None,529200,183560,-0.138544,51.536169,,,Unknown,"(51.536169, -0.138544)",http://opendatacommunities.org/id/london-borough-council/camden,7525,21/12/2020 02:48:41 PM
0115EK40777,CAMDEN,1 Driver/Rider,1 Male,25-59,25,1,3 Slight,-2 Unknown,-2 N/A,2 Pedal Cycle,PANCRAS ROAD 50M NW OF EUSTON ROAD,2,04/09/2015 06:55:00 AM,Friday,6.55,3 Bor,A,5202,6 Single Cwy,2 30 MPH,0 No Jun In 20m,-2 Not Applicable,-2 Not Applicable,0,0 No Xing Facility In 50m,1 Daylight,1 Fine,1 Road-Dry,0 None,0 None,530190,182940,-0.124507,51.53037,,,Unknown,"(51.53037, -0.124507)",http://opendatacommunities.org/id/london-borough-council/camden,5244,21/12/2020 02:48:37 PM
0115EK41155,CAMDEN,1 Driver/Rider,2 Female,25-59,30,1,3 Slight,-2 Unknown,-2 N/A,4 Car,NFL - RUSSELL SQUARE J/W BERNARD STREET.,2,25/12/2015 07:10:00 AM,Friday,7.10,3 Bor,A,4200,6 Single Cwy,2 30 MPH,6 Crossroads,2 Auto Sig,B,504,5 Pedn Phase At Ats,2 Dark,1 Fine,1 Road-Dry,0 None,0 None,530120,182080,-0.125833,51.522658,,,Unknown,"(51.522658, -0.125833)",http://opendatacommunities.org/id/london-borough-council/camden,5558,21/12/2020 02:48:37 PM
1180152860,CAMDEN,2 Passenger,1 Male,16-24,17,1,3 Slight,-2 Unknown,-2 N/A,4 Car,YORK WAY J/W BROADFIELD LANE,2,18/12/2018 09:30:00 AM,Tuesday,9.30,3 Bor,A,5200,6 Single Cwy,2 30 MPH,9 Other Jun,4 Give Way/Uncontrolled,Unclassified,0,1 Zebra,1 Daylight,1 Fine,1 Road-Dry,0 None,0 None,530070,184250,-0.125752,51.542171,,,Unknown,"(51.542171, -0.125752)",http://opendatacommunities.org/id/london-borough-council/camden,8623,21/12/2020 02:48:43 PM
0115EK40066,CAMDEN,3 Pedestrian,2 Female,0-15,13,1,3 Slight,05 Crossing Road (Not On Xing),9 Unknown Or Other,1 Pedestrian,STRATHRAY GARDENS 69M S OF J/W LANCASTER GROVE,1,29/01/2015 03:30:00 PM,Thursday,15.30,3 Bor,Unclassified,0,6 Single Cwy,2 30 MPH,0 No Jun In 20m,-2 Not Applicable,-2 Not Applicable,0,0 No Xing Facility In 50m,1 Daylight,1 Fine,1 Road-Dry,0 None,0 None,527010,184530,-0.169753,51.545383,,,Unknown,"(51.545383, -0.169753)",http://opendatacommunities.org/id/london-borough-council/camden,4631,21/12/2020 02:48:35 PM
0115EK40763,CAMDEN,1 Driver/Rider,1 Male,60+,66,1,3 Slight,-2 Unknown,-2 N/A,5 Taxi,"EUSTON ROAD, 200 METRES NE OF EUSTON ROAD SLIP ROAD.",4,01/09/2015 04:26:00 PM,Tuesday,16.26,1 TLRN,A,501,3 Dual Cwy,4 50 MPH,0 No Jun In 20m,-2 Not Applicable,-2 Not Applicable,0,0 No Xing Facility In 50m,1 Daylight,1 Fine,1 Road-Dry,0 None,0 None,529260,182330,-0.13813,51.525102,,,Unknown,"(51.525102, -0.13813)",http://opendatacommunities.org/id/london-borough-council/camden,5229,21/12/2020 02:48:37 PM
1180106977,CAMDEN,1 Driver/Rider,1 Male,60+,67,1,3 Slight,-2 Unknown,-2 N/A,4 Car,BOUNDARY ROAD J/W ABBEY RD,2,10/05/2018 08:00:00 AM,Thursday,8.00,3 Bor,B,507,6 Single Cwy,2 30 MPH,6 Crossroads,4 Give Way/Uncontrolled,B,507,0 No Xing Facility In 50m,1 Daylight,1 Fine,1 Road-Dry,0 None,0 None,526000,183670,-0.184618,51.53788,,,Unknown,"(51.53788, -0.184618)",http://opendatacommunities.org/id/london-borough-council/camden,7979,21/12/2020 02:48:42 PM
0115EK40794,CAMDEN,1 Driver/Rider,1 Male,16-24,23,1,3 Slight,-2 Unknown,-2 N/A,2 Pedal Cycle,GORDON STREET 22M SE OF GOWER PLACE,2,11/09/2015 01:25:00 PM,Friday,13.25,3 Bor,C,0,6 Single Cwy,2 30 MPH,0 No Jun In 20m,-2 Not Applicable,-2 Not Applicable,0,0 No Xing Facility In 50m,1 Daylight,1 Fine,1 Road-Dry,0 None,0 None,529610,182400,-0.133062,51.525651,,,Unknown,"(51.525651, -0.133062)",http://opendatacommunities.org/id/london-borough-council/camden,5258,21/12/2020 02:48:37 PM
1190223852,CAMDEN,3 PEDESTRIAN,2 FEMALE,25-59,44,2,2 SERIOUS,01 CROSSING ROAD ON PED XING,'-2 NOT APPLICABLE,1 PEDESTRIAN,"On Charring Cross Road, near the junction with New Oxford Street.",1,09/12/2019 02:20:00 PM,Monday,14.20,3 BOR,A,400,6 SINGLE CWY,20,06 CROSSROADS,2 AUTO SIG,A,40,5 PEDN PHASE AT ATS,2 DAYLIGHT,1 FINE,1 ROAD-DRY,0 NONE,0 NONE,529826,181362,-0.130333,51.516273,,,Unknown,"(51.516273, -0.130333)",http://opendatacommunities.org/id/london-borough-council/camden,9606,21/12/2020 02:48:45 PM
1180132785,CAMDEN,1 Driver/Rider,1 Male,25-59,30,1,3 Slight,-2 Unknown,-2 N/A,3 Powered 2 Wheeler,ELSWORTHY ROAD 50M N OF J/W KING HENRY ROAD,1,15/09/2018 05:34:00 PM,Saturday,17.34,3 Bor,Unclassified,0,6 Single Cwy,1 <= 20 MPH,0 No Jun In 20m,-2 Not Applicable,-2 Not Applicable,0,0 No Xing Facility In 50m,1 Daylight,8 Other,1 Road-Dry,0 None,0 None,527490,184160,-0.162968,51.54195,,,Unknown,"(51.54195, -0.162968)",http://opendatacommunities.org/id/london-borough-council/camden,8328,21/12/2020 02:48:42 PM
1170035329,CAMDEN,1 Driver/Rider,1 Male,16-24,19,1,3 Slight,-2 Unknown,-2 N/A,3 Powered 2 Wheeler,SHAFTESBURRY AVENUE J/W BLOOMSBURY STREET,2,03/05/2017 06:10:00 PM,Wednesday,18.10,3 Bor,A,401,6 Single Cwy,2 30 MPH,7 Multi Jun,2 Auto Sig,B,522,5 Pedn Phase At Ats,1 Daylight,1 Fine,1 Road-Dry,0 None,0 None,530080,181310,-0.126693,51.515747,,,Unknown,"(51.515747, -0.126693)",http://opendatacommunities.org/id/london-borough-council/camden,6935,21/12/2020 02:48:39 PM
0115EK40744,CAMDEN,1 Driver/Rider,1 Male,25-59,42,1,3 Slight,-2 Unknown,-2 N/A,5 Taxi,PRIMROSE HILL ROAD J/W FELLOWS ROAD,2,25/08/2015 11:25:00 AM,Tuesday,11.25,3 Bor,C,0,6 Single Cwy,2 30 MPH,6 Crossroads,4 Give Way/Uncontrolled,Unclassified,0,0 No Xing Facility In 50m,1 Daylight,1 Fine,1 Road-Dry,0 None,0 None,527500,184460,-0.162715,51.544644,,,Unknown,"(51.544644, -0.162715)",http://opendatacommunities.org/id/london-borough-council/camden,5212,21/12/2020 02:48:37 PM
1180128915,CAMDEN,1 Driver/Rider,1 Male,25-59,32,1,3 Slight,-2 Unknown,-2 N/A,3 Powered 2 Wheeler,INVERNESS STREET J/W ARLINGTON ROAD,2,23/08/2018 09:42:00 PM,Thursday,21.42,3 Bor,Unclassified,0,6 Single Cwy,1 <= 20 MPH,3 T/Stag Jun,4 Give Way/Uncontrolled,Unclassified,0,0 No Xing Facility In 50m,2 Dark,1 Fine,1 Road-Dry,0 None,0 None,528760,183890,-0.144764,51.539235,,,Unknown,"(51.539235, -0.144764)",http://opendatacommunities.org/id/london-borough-council/camden,8274,21/12/2020 02:48:42 PM
1180081281,CAMDEN,1 Driver/Rider,1 Male,0-15,13,1,3 Slight,-2 Unknown,-2 N/A,2 Pedal Cycle,BACK HILL 77M N OF J/W CLARKENWELL ROAD THE NEAREST CLASSIFIED ROA,2,03/01/2018 11:00:00 AM,Wednesday,11.00,3 Bor,Unclassified,0,6 Single Cwy,1 <= 20 MPH,0 No Jun In 20m,-2 Not Applicable,-2 Not Applicable,0,0 No Xing Facility In 50m,1 Daylight,1 Fine,1 Road-Dry,0 None,0 None,531263,182123,-0.109351,51.52278,,,Unknown,"(51.52278, -0.109351)",http://opendatacommunities.org/id/london-borough-council/camden,7647,21/12/2020 02:48:41 PM
1180135371,CAMDEN,1 Driver/Rider,1 Male,25-59,45,1,3 Slight,-2 Unknown,-2 N/A,2 Pedal Cycle,RUSSELL SQUARE (STOP E)  J/W BEDFORD WAY,2,26/09/2018 07:55:00 PM,Wednesday,19.55,3 Bor,A,4200,6 Single Cwy,1 <= 20 MPH,3 T/Stag Jun,4 Give Way/Uncontrolled,C,0,0 No Xing Facility In 50m,2 Dark,1 Fine,1 Road-Dry,0 None,0 None,530040,182040,-0.127,51.522317,,,Unknown,"(51.522317, -0.127)",http://opendatacommunities.org/id/london-borough-council/camden,8359,21/12/2020 02:48:42 PM
1160004458,CAMDEN,3 Pedestrian,1 Male,25-59,48,1,3 Slight,09 In Road - Not Crossing,5 In Rd Not Crossing,1 Pedestrian,HIGHGATE ROAD J/W CARKERS LANE,2,01/12/2016 08:40:00 AM,Thursday,8.40,3 Bor,B,518,6 Single Cwy,1 <= 20 MPH,9 Other Jun,4 Give Way/Uncontrolled,Unclassified,0,1 Zebra,1 Daylight,1 Fine,1 Road-Dry,0 None,0 None,528800,185510,-0.143594,51.553785,,,Unknown,"(51.553785, -0.143594)",http://opendatacommunities.org/id/london-borough-council/camden,5718,21/12/2020 02:48:37 PM
1190203320,CAMDEN,1 DRIVER/RIDER,1 MALE,25-59,35,1,3 SLIGHT,'-2 NOT APPLICABLE,'-2 NOT APPLICABLE,5 TAXI,"On Endsleigh Gardens, 50 metres east of the junction with Endsleigh Street.",2,31/08/2019 04:59:00 AM,Saturday,4.59,3 BOR,6,0,2 ONE-WAY ST,30,00 NO JUN IN 20M,,0,0,9 UNKNOWN (S/R),1 DARK,8 OTHER,1 ROAD-DRY,0 NONE,0 NONE,529699,182486,-0.131748,51.526403,,,Unknown,"(51.526403, -0.131748)",http://opendatacommunities.org/id/london-borough-council/camden,9333,21/12/2020 02:48:44 PM
1180089611,CAMDEN,1 Driver/Rider,1 Male,25-59,47,1,3 Slight,-2 Unknown,-2 N/A,3 Powered 2 Wheeler,BLOOMSBURY STREET WC2 J/W SHAFTESBURY AVENUE WC2,2,12/02/2018 09:50:00 AM,Monday,9.50,3 Bor,B,522,2 One-Way St,1 <= 20 MPH,6 Crossroads,2 Auto Sig,Unclassified,0,5 Pedn Phase At Ats,1 Daylight,1 Fine,1 Road-Dry,0 None,0 None,530090,181380,-0.126523,51.516374,,,Unknown,"(51.516374, -0.126523)",http://opendatacommunities.org/id/london-borough-council/camden,7740,21/12/2020 02:48:41 PM
0116EK40375,CAMDEN,1 Driver/Rider,1 Male,25-59,34,1,2 Serious,-2 Unknown,-2 N/A,2 Pedal Cycle,THEOBALD'S RD J/W OLD GLOUCESTER STREET,2,04/05/2016 06:00:00 PM,Wednesday,18.00,3 Bor,A,401,6 Single Cwy,2 30 MPH,3 T/Stag Jun,4 Give Way/Uncontrolled,A,401,0 No Xing Facility In 50m,1 Daylight,1 Fine,1 Road-Dry,0 None,0 None,530500,181720,-0.120492,51.519335,,,Unknown,"(51.519335, -0.120492)",http://opendatacommunities.org/id/london-borough-council/camden,6296,21/12/2020 02:48:38 PM
0115EO40899,CAMDEN,1 Driver/Rider,1 Male,25-59,30,1,3 Slight,-2 Unknown,-2 N/A,4 Car,YORK WAY J/W WHARFDALE RD,2,13/11/2015 11:00:00 PM,Friday,23.00,3 Bor,A,5200,6 Single Cwy,1 <= 20 MPH,3 T/Stag Jun,4 Give Way/Uncontrolled,C,0,8 Central Refuge,2 Dark,1 Fine,1 Road-Dry,0 None,0 None,530330,183310,-0.122353,51.533663,,,Unknown,"(51.533663, -0.122353)",http://opendatacommunities.org/id/london-borough-council/camden,5608,21/12/2020 02:48:37 PM
1190194838,CAMDEN,1 DRIVER/RIDER,2 FEMALE,25-59,30,1,3 SLIGHT,'-2 NOT APPLICABLE,'-2 NOT APPLICABLE,2 PEDAL CYCLE,"On New Oxford Street, near the junction with Bloomsbury Street.",2,20/07/2019 01:35:00 PM,Saturday,13.35,3 BOR,A,40,3 DUAL CWY,20,06 CROSSROADS,2 AUTO SIG,A,400,5 PEDN PHASE AT ATS,2 DAYLIGHT,1 FINE,1 ROAD-DRY,0 NONE,0 NONE,530052,181437,-0.12705,51.516895,,,Unknown,"(51.516895, -0.12705)",http://opendatacommunities.org/id/london-borough-council/camden,9205,21/12/2020 02:48:44 PM