Reference,London Borough Name,Casualty Class,Casualty Sex,Casualty Age Band,Casualty Age,Number Of Casualties,Casualty Severity,Pedestrian Location,Pedestrian Movement,Mode Of Travel,Attendant Location,Number Of Vehicles,Date,Day,Time,Highway,Road Class 1,Road Number 1,Road Type,Speed Limit,Junction Detail,Junction Control,Road Class 2,Road Number 2,Pedestrian Crossing,Light Condition Band,Weather,Road Surface,Special Conditions,Carriage Way Hazard,Easting,Northing,Longitude,Latitude,Ward Code,Ward Name,Spatial Accuracy,Location,Organisation URI,Socrata ID,Last Uploaded
0115CW10579,CAMDEN,2 Passenger,2 Female,16-24,22,1,3 Slight,-2 Unknown,-2 N/A,6 Bus Or Coach,KINGSWAY J/W SARDINIA STREET.,2,02/02/2015 01:00:00 PM,Monday,13.00,3 Bor,A,4200,6 Single Cwy,2 30 MPH,3 T/Stag Jun,4 Give Way/Uncontrolled,A,4200,0 No Xing Facility In 50m,1 Daylight,1 Fine,1 Road-Dry,0 None,0 None,530640,181230,-0.118657,51.514899,,,Unknown,"(51.514899, -0.118657)",http://opendatacommunities.org/id/london-borough-council/camden,4560,21/12/2020 02:48:35 PM
1180147876,CAMDEN,2 Passenger,1 Male,25-59,25,1,2 Serious,-2 Unknown,-2 N/A,5 Taxi,PANCRAS ROAD J/W EUSTON ROAD NW1,2,25/11/2018 12:30:00 AM,Sunday,0.30,3 Bor,A,5202,6 Single Cwy,1 <= 20 MPH,9 Other Jun,2 Auto Sig,Unclassified,0,4 Pelican Or Similar,2 Dark,1 Fine,1 Road-Dry,0 None,0 None,530160,182970,-0.124928,51.530647,,,Unknown,"(51.530647, -0.124928)",http://opendatacommunities.org/id/london-borough-council/camden,8552,21/12/2020 02:48:43 PM
0115EK40741,CAMDEN,1 Driver/Rider,1 Male,60+,67,1,3 Slight,-2 Unknown,-2 N/A,4 Car,FINCHLEY ROAD J/W ROSEMONT ROAD,2,24/08/2015 11:30:00 AM,Monday,11.30,1 TLRN,A,41,6 Single Cwy,2 30 MPH,6 Crossroads,2 Auto Sig,Unclassified,0,5 Pedn Phase At Ats,1 Daylight,2 Raining,2 Road-Wet,0 None,0 None,526170,184970,-0.181702,51.549526,,,Unknown,"(51.549526, -0.181702)",http://opendatacommunities.org/id/london-borough-council/camden,5209,21/12/2020 02:48:37 PM
1190219329,CAMDEN,1 DRIVER/RIDER,1 MALE,16-24,24,1,3 SLIGHT,'-2 NOT APPLICABLE,'-2 NOT APPLICABLE,3 POWERED 2 WHEELER,"On Parkway, 50 metres west of the junction with Arlington Road.",2,17/11/2019 03:30:00 PM,Sunday,15.30,3 BOR,A,4201,9 UNKNOWN,20,00 NO JUN IN 20M,,0,0,1 ZEBRA,2 DAYLIGHT,1 FINE,1 ROAD-DRY,0 NONE,0 NONE,528810,183800,-0.144076,51.538415,,,Unknown,"(51.538415, -0.144076)",http://opendatacommunities.org/id/london-borough-council/camden,9532,21/12/2020 02:48:44 PM
1170047239,CAMDEN,2 Passenger,2 Female,60+,86,1,3 Slight,-2 Unknown,-2 N/A,6 Bus Or Coach,FINCLEY ROAD J/W HILLGROVE ROAD,2,07/07/2017 03:20:00 PM,Friday,15.20,1 TLRN,A,41,3 Dual Cwy,2 30 MPH,6 Crossroads,2 Auto Sig,B,509,5 Pedn Phase At Ats,1 Daylight,1 Fine,1 Road-Dry,0 None,0 None,526630,184120,-0.175377,51.541784,,,Unknown,"(51.541784, -0.175377)",http://opendatacommunities.org/id/london-borough-council/camden,7129,21/12/2020 02:48:40 PM
1190161559,CAMDEN,1 DRIVER/RIDER,1 MALE,25-59,28,1,3 SLIGHT,'-2 NOT APPLICABLE,'-2 NOT APPLICABLE,4 CAR,"On Euston Square, near the junction with Grafton Place.",3,05/02/2019 07:24:00 AM,Tuesday,7.24,3 BOR,A,4200,6 SINGLE CWY,20,06 CROSSROADS,2 AUTO SIG,5,0,0 NO XING FACILITY IN 50M,2 DAYLIGHT,1 FINE,1 ROAD-DRY,0 NONE,0 NONE,529722,182638,-0.131361,51.527764,,,Unknown,"(51.527764, -0.131361)",http://opendatacommunities.org/id/london-borough-council/camden,8759,21/12/2020 02:48:43 PM
1190196689,CAMDEN,1 DRIVER/RIDER,1 MALE,25-59,40,2,3 SLIGHT,'-2 NOT APPLICABLE,'-2 NOT APPLICABLE,4 CAR,"On Euston Road, near the junction with MIDLAND ROAD.",3,30/07/2019 04:50:00 AM,Tuesday,4.50,1 TLRN,A,501,3 DUAL CWY,20,03 T/STAG JUN,2 AUTO SIG,5,0,5 PEDN PHASE AT ATS,2 DAYLIGHT,1 FINE,1 ROAD-DRY,0 NONE,0 NONE,530058,182791,-0.126464,51.529062,,,Unknown,"(51.529062, -0.126464)",http://opendatacommunities.org/id/london-borough-council/camden,9239,21/12/2020 02:48:44 PM
0115EK40032,CAMDEN,1 Driver/Rider,1 Male,25-59,47,1,3 Slight,-2 Unknown,-2 N/A,2 Pedal Cycle,WESTBERE ROAD J/W MINSTER ROAD,2,16/01/2015 07:00:00 PM,Friday,19.00,3 Bor,Unclassified,0,6 Single Cwy,2 30 MPH,6 Crossroads,4 Give Way/Uncontrolled,Unclassified,0,0 No Xing Facility In 50m,2 Dark,9 Unknown,2 Road-Wet,0 None,0 None,524520,185290,-0.205373,51.552768,,,Unknown,"(51.552768, -0.205373)",http://opendatacommunities.org/id/london-borough-council/camden,4604,21/12/2020 02:48:35 PM
1180107076,CAMDEN,3 Pedestrian,1 Male,25-59,33,1,3 Slight,05 Crossing Road (Not On Xing),9 Unknown Or Other,1 Pedestrian,CHURCHWAY 20M N OF J/W GRAFTON PLACE,1,10/05/2018 08:30:00 AM,Thursday,8.30,3 Bor,Unclassified,0,6 Single Cwy,1 <= 20 MPH,3 T/Stag Jun,4 Give Way/Uncontrolled,Unclassified,0,0 No Xing Facility In 50m,1 Daylight,8 Other,1 Road-Dry,0 None,0 None,529790,182710,-0.130355,51.528395,,,Unknown,"(51.528395, -0.130355)",http://opendatacommunities.org/id/london-borough-council/camden,7981,21/12/2020 02:48:42 PM
1160005718,CAMDEN,1 Driver/Rider,1 Male,16-24,17,1,3 Slight,-2 Unknown,-2 N/A,3 Powered 2 Wheeler,GRAYS INN ROAD J/W HOLBURN,2,17/11/2016 09:23:00 AM,Thursday,9.23,3 Bor,A,5200,7 Slip Rd,2 30 MPH,9 Other Jun,2 Auto Sig,A,40,9 Unknown (S/R),1 Daylight,9 Unknown,9 Unknown (S/R),9 Unknown (S/R),9 Unknown (S/R),531130,181610,-0.111458,51.518201,,,Unknown,"(51.518201, -0.111458)",http://opendatacommunities.org/id/london-borough-council/camden,5750,21/12/2020 02:48:37 PM
1190186677,CAMDEN,1 DRIVER/RIDER,1 MALE,16-24,19,1,3 SLIGHT,'-2 NOT APPLICABLE,'-2 NOT APPLICABLE,3 POWERED 2 WHEELER,"On Camden Road, near the junction with YORK WAY.",2,11/06/2019 09:10:00 PM,Tuesday,21.10,1 TLRN,A,503,6 SINGLE CWY,30,06 CROSSROADS,2 AUTO SIG,A,5200,5 PEDN PHASE AT ATS,2 DAYLIGHT,1 FINE,1 ROAD-DRY,0 NONE,0 NONE,529756,184910,-0.130034,51.548174,,,Unknown,"(51.548174, -0.130034)",http://opendatacommunities.org/id/london-borough-council/camden,9085,21/12/2020 02:48:44 PM
1170021429,CAMDEN,1 Driver/Rider,1 Male,25-59,45,1,2 Serious,-2 Unknown,-2 N/A,2 Pedal Cycle,CAMDEN ROAD J/W ROYAL COLLEGE STREET,1,27/02/2017 09:20:00 AM,Monday,9.20,1 TLRN,A,503,6 Single Cwy,1 <= 20 MPH,6 Crossroads,2 Auto Sig,A,5202,5 Pedn Phase At Ats,1 Daylight,1 Fine,2 Road-Wet,0 None,0 None,529190,184180,-0.13846,51.541743,,,Unknown,"(51.541743, -0.13846)",http://opendatacommunities.org/id/london-borough-council/camden,6721,21/12/2020 02:48:39 PM
1160008854,CAMDEN,3 Pedestrian,1 Male,25-59,35,1,3 Slight,10 Unknown,9 Unknown Or Other,1 Pedestrian,KILBURN HIGH ROAD 60M S OF J/W QUEX ROAD,1,27/12/2016 01:04:00 PM,Tuesday,13.04,3 Bor,A,5,6 Single Cwy,1 <= 20 MPH,0 No Jun In 20m,-2 Not Applicable,-2 Not Applicable,0,5 Pedn Phase At Ats,1 Daylight,1 Fine,1 Road-Dry,0 None,0 None,525210,183910,-0.195917,51.540213,,,Unknown,"(51.540213, -0.195917)",http://opendatacommunities.org/id/london-borough-council/camden,5807,21/12/2020 02:48:37 PM
0115EK40697,CAMDEN,3 Pedestrian,1 Male,16-24,19,1,3 Slight,01 Crossing Road On Ped Xing,3 From Drivers O/Side,1 Pedestrian,MANSFIELD ROAD J/W OAK VILLAGE,1,10/08/2015 07:40:00 PM,Monday,19.40,3 Bor,B,518,6 Single Cwy,2 30 MPH,3 T/Stag Jun,4 Give Way/Uncontrolled,C,0,4 Pelican Or Similar,1 Daylight,1 Fine,1 Road-Dry,0 None,0 None,528210,185600,-0.152067,51.554728,,,Unknown,"(51.554728, -0.152067)",http://opendatacommunities.org/id/london-borough-council/camden,5173,21/12/2020 02:48:36 PM
1180086504,CAMDEN,1 Driver/Rider,1 Male,Unknown,0,1,3 Slight,-2 Unknown,-2 N/A,3 Powered 2 Wheeler,CONSTANTINE ROAD J/W AGINCOURT ROAD,2,29/01/2018 04:35:00 PM,Monday,16.35,3 Bor,C,0,6 Single Cwy,1 <= 20 MPH,3 T/Stag Jun,4 Give Way/Uncontrolled,Unclassified,0,0 No Xing Facility In 50m,1 Daylight,1 Fine,2 Road-Wet,0 None,6 Ped In Cwy (Not Inj),527470,185580,-0.162742,51.554716,,,Unknown,"(51.554716, -0.162742)",http://opendatacommunities.org/id/london-borough-council/camden,7702,21/12/2020 02:48:41 PM
0116EK40146,CAMDEN,1 Driver/Rider,1 Male,25-59,29,1,3 Slight,-2 Unknown,-2 N/A,3 Powered 2 Wheeler,CAMDEN HIGH STREET J/W PARKWAY,1,14/03/2016 11:53:00 AM,Monday,11.53,1 TLRN,A,400,6 Single Cwy,1 <= 20 MPH,7 Multi Jun,2 Auto Sig,A,4201,5 Pedn Phase At Ats,1 Daylight,1 Fine,1 Road-Dry,0 None,0 None,528910,183850,-0.142617,51.538842,,,Unknown,"(51.538842, -0.142617)",http://opendatacommunities.org/id/london-borough-council/camden,6103,21/12/2020 02:48:38 PM
1180136257,CAMDEN,1 Driver/Rider,2 Female,25-59,39,1,3 Slight,-2 Unknown,-2 N/A,4 Car,FINCHLEY ROAD J/W CANFIELD GARDENS,2,01/10/2018 08:55:00 AM,Monday,8.55,1 TLRN,A,41,2 One-Way St,1 <= 20 MPH,3 T/Stag Jun,2 Auto Sig,C,0,1 Zebra,1 Daylight,1 Fine,1 Road-Dry,0 None,0 None,526300,184660,-0.179939,51.546711,,,Unknown,"(51.546711, -0.179939)",http://opendatacommunities.org/id/london-borough-council/camden,8372,21/12/2020 02:48:42 PM
1190175817,CAMDEN,3 PEDESTRIAN,2 FEMALE,25-59,49,1,3 SLIGHT,02 CROSSING ROAD IN ZIG-ZAG APP,1 FROM DRIVERS N/SIDE,1 PEDESTRIAN,"On Grays Inn Road, 5 metres north of the junction with Northington Street.",1,18/04/2019 11:30:00 AM,Thursday,11.30,3 BOR,A,5200,6 SINGLE CWY,20,03 T/STAG JUN,4 GIVE WAY/UNCONTROLLED,6,0,1 ZEBRA,2 DAYLIGHT,1 FINE,1 ROAD-DRY,0 NONE,0 NONE,530909,182103,-0.114458,51.522682,,,Unknown,"(51.522682, -0.114458)",http://opendatacommunities.org/id/london-borough-council/camden,8935,21/12/2020 02:48:44 PM
1170020593,CAMDEN,2 Passenger,1 Male,0-15,12,1,3 Slight,-2 Unknown,-2 N/A,4 Car,FLEET ROAD J/W POND STREET,2,11/02/2017 03:00:00 PM,Saturday,15.00,3 Bor,Unclassified,0,2 One-Way St,1 <= 20 MPH,3 T/Stag Jun,4 Give Way/Uncontrolled,B,518,1 Zebra,1 Daylight,8 Other,2 Road-Wet,0 None,0 None,527340,185490,-0.164649,51.553936,,,Unknown,"(51.553936, -0.164649)",http://opendatacommunities.org/id/london-borough-council/camden,6708,21/12/2020 02:48:39 PM
0116EK40313,CAMDEN,1 Driver/Rider,1 Male,25-59,34,1,3 Slight,-2 Unknown,-2 N/A,2 Pedal Cycle,GORDON SQUARE J/W WOBURN SQUARE,2,28/04/2016 10:00:00 AM,Thursday,10.00,3 Bor,C,0,2 One-Way St,2 30 MPH,3 T/Stag Jun,4 Give Way/Uncontrolled,Unclassified,0,0 No Xing Facility In 50m,1 Daylight,1 Fine,1 Road-Dry,0 None,0 None,529830,182200,-0.129966,51.523803,,,Unknown,"(51.523803, -0.129966)",http://opendatacommunities.org/id/london-borough-council/camden,6246,21/12/2020 02:48:38 PM
1190215041,CAMDEN,3 PEDESTRIAN,1 MALE,16-24,19,1,3 SLIGHT,01 CROSSING ROAD ON PED XING,'-2 NOT APPLICABLE,1 PEDESTRIAN,"On Gloucester Gate, 25 metres west of the junction with Albany Street.",1,30/10/2019 12:30:00 PM,Wednesday,12.30,3 BOR,6,0,3 DUAL CWY,20,00 NO JUN IN 20M,,0,0,5 PEDN PHASE AT ATS,2 DAYLIGHT,1 FINE,1 ROAD-DRY,0 NONE,9 UNKNOWN (S/R),528620,183463,-0.146937,51.53543,,,Unknown,"(51.53543, -0.146937)",http://opendatacommunities.org/id/london-borough-council/camden,9476,21/12/2020 02:48:44 PM
1180095911,CAMDEN,1 Driver/Rider,1 Male,25-59,50,1,2 Serious,-2 Unknown,-2 N/A,2 Pedal Cycle,EUSTON ROAD J/W CHURCHWAY,2,13/03/2018 11:20:00 AM,Tuesday,11.20,1 TLRN,A,501,3 Dual Cwy,2 30 MPH,6 Crossroads,2 Auto Sig,Unclassified,0,5 Pedn Phase At Ats,1 Daylight,1 Fine,1 Road-Dry,0 None,0 None,529830,182640,-0.129804,51.527757,,,Unknown,"(51.527757, -0.129804)",http://opendatacommunities.org/id/london-borough-council/camden,7812,21/12/2020 02:48:41 PM
1190203074,CAMDEN,1 DRIVER/RIDER,1 MALE,U,,1,3 SLIGHT,'-2 NOT APPLICABLE,'-2 NOT APPLICABLE,3 POWERED 2 WHEELER,"On Finchley Road, near the junction with LITHOS ROAD.",2,03/09/2019 03:20:00 PM,Tuesday,15.20,1 TLRN,A,41,6 SINGLE CWY,30,03 T/STAG JUN,4 GIVE WAY/UNCONTROLLED,6,0,0 NO XING FACILITY IN 50M,2 DAYLIGHT,9 UNKNOWN,1 ROAD-DRY,0 NONE,0 NONE,526133,185008,-0.182222,51.549875,,,Unknown,"(51.549875, -0.182222)",http://opendatacommunities.org/id/london-borough-council/camden,9326,21/12/2020 02:48:44 PM
1190178488,CAMDEN,2 PASSENGER,1 MALE,60+,69,2,3 SLIGHT,'-2 NOT APPLICABLE,'-2 NOT APPLICABLE,6 BUS OR COACH,"On Pancras Road, 5 metres south of the junction with St Pancras Way.",2,02/05/2019 05:05:00 PM,Thursday,17.05,3 BOR,A,5202,6 SINGLE CWY,20,03 T/STAG JUN,2 AUTO SIG,A,5202,5 PEDN PHASE AT ATS,2 DAYLIGHT,2 RAINING,2 ROAD-WET,0 NONE,0 NONE,529617,183490,-0.13256,51.535445,,,Unknown,"(51.535445, -0.13256)",http://opendatacommunities.org/id/london-borough-council/camden,8972,21/12/2020 02:48:44 PM
0116EO40238,CAMDEN,3 Pedestrian,1 Male,25-59,27,1,3 Slight,04 Crossing Road Within 50m Xing,4 From Drivers O/Side Msk,1 Pedestrian,"FARRINGDON ROAD, J/W CHARTERHOUSE STREET",1,24/03/2016 09:28:00 PM,Thursday,21.28,1 TLRN,A,201,6 Single Cwy,2 30 MPH,6 Crossroads,2 Auto Sig,Unclassified,0,5 Pedn Phase At Ats,2 Dark,9 Unknown,1 Road-Dry,0 None,0 None,531520,181800,-0.10577,51.519817,,,Unknown,"(51.519817, -0.10577)",http://opendatacommunities.org/id/london-borough-council/camden,6529,21/12/2020 02:48:39 PM
0115EK40585,CAMDEN,1 Driver/Rider,1 Male,25-59,30,1,3 Slight,-2 Unknown,-2 N/A,3 Powered 2 Wheeler,HAMPSTEAD ROAD J/W EUSTON ROAD,2,15/07/2015 08:53:00 PM,Wednesday,20.53,1 TLRN,A,400,6 Single Cwy,2 30 MPH,7 Multi Jun,2 Auto Sig,A,501,5 Pedn Phase At Ats,1 Daylight,1 Fine,1 Road-Dry,0 None,0 None,529250,182340,-0.138271,51.525194,,,Unknown,"(51.525194, -0.138271)",http://opendatacommunities.org/id/london-borough-council/camden,5071,21/12/2020 02:48:36 PM
1180103708,CAMDEN,1 Driver/Rider,1 Male,25-59,48,1,3 Slight,-2 Unknown,-2 N/A,2 Pedal Cycle,JOHN STREET J/W THEOBALDS ROAD,2,24/04/2018 08:45:00 AM,Tuesday,8.45,3 Bor,Unclassified,0,6 Single Cwy,1 <= 20 MPH,3 T/Stag Jun,4 Give Way/Uncontrolled,A,401,5 Pedn Phase At Ats,1 Daylight,1 Fine,1 Road-Dry,0 None,0 None,530890,181930,-0.114796,51.521132,,,Unknown,"(51.521132, -0.114796)",http://opendatacommunities.org/id/london-borough-council/camden,7923,21/12/2020 02:48:41 PM
1190187240,CAMDEN,3 PEDESTRIAN,2 FEMALE,25-59,34,1,3 SLIGHT,01 CROSSING ROAD ON PED XING,1 FROM DRIVERS N/SIDE,1 PEDESTRIAN,"On Euston Road, near the junction with melton street.",1,13/06/2019 10:20:00 AM,Thursday,10.20,1 TLRN,A,501,6 SINGLE CWY,30,03 T/STAG JUN,2 AUTO SIG,5,0,5 PEDN PHASE AT ATS,2 DAYLIGHT,2 RAINING,2 ROAD-WET,0 NONE,0 NONE,529564,182471,-0.133699,51.526299,,,Unknown,"(51.526299, -0.133699)",http://opendatacommunities.org/id/london-borough-council/camden,9093,21/12/2020 02:48:44 PM
1170063861,CAMDEN,1 Driver/Rider,1 Male,25-59,33,1,3 Slight,-2 Unknown,-2 N/A,4 Car,GUILFORD STREET 25M W OF J/W GRAY INN ROAD THE NEAREST CLASSIFIED,2,19/09/2017 01:19:00 PM,Tuesday,13.19,3 Bor,B,502,9 Unknown,2 30 MPH,0 No Jun In 20m,-2 Not Applicable,-2 Not Applicable,0,9 Unknown (S/R),1 Daylight,1 Fine,1 Road-Dry,9 Unknown (S/R),9 Unknown (S/R),530490,182160,-0.120473,51.523291,,,Unknown,"(51.523291, -0.120473)",http://opendatacommunities.org/id/london-borough-council/camden,7405,21/12/2020 02:48:40 PM
0116EK40116,CAMDEN,1 Driver/Rider,1 Male,25-59,29,1,3 Slight,-2 Unknown,-2 N/A,4 Car,ADELAIDE ROAD J/W WINCHESTER ROAD,2,02/02/2016 01:55:00 PM,Tuesday,13.55,3 Bor,B,509,6 Single Cwy,1 <= 20 MPH,6 Crossroads,2 Auto Sig,Unclassified,0,5 Pedn Phase At Ats,1 Daylight,1 Fine,1 Road-Dry,0 None,0 None,526890,184150,-0.171619,51.541995,,,Unknown,"(51.541995, -0.171619)",http://opendatacommunities.org/id/london-borough-council/camden,6072,21/12/2020 02:48:38 PM
1170037228,CAMDEN,2 Passenger,2 Female,16-24,22,1,3 Slight,-2 Unknown,-2 N/A,4 Car,ABBEY ROAD J/W BELSIZE ROAD,2,13/05/2017 08:08:00 PM,Saturday,20.08,3 Bor,B,507,6 Single Cwy,2 30 MPH,6 Crossroads,2 Auto Sig,B,509,4 Pelican Or Similar,1 Daylight,1 Fine,1 Road-Dry,0 None,0 None,525800,183880,-0.187425,51.539812,,,Unknown,"(51.539812, -0.187425)",http://opendatacommunities.org/id/london-borough-council/camden,6960,21/12/2020 02:48:39 PM
1190190273,CAMDEN,1 DRIVER/RIDER,1 MALE,16-24,23,1,3 SLIGHT,'-2 NOT APPLICABLE,'-2 NOT APPLICABLE,4 CAR,"On High Holborn, 5 metres west of the junction with New Oxford Street.",3,28/06/2019 09:44:00 PM,Friday,21.44,3 BOR,A,40,2 ONE-WAY ST,30,03 T/STAG JUN,2 AUTO SIG,A,40,5 PEDN PHASE AT ATS,1 DARK,1 FINE,1 ROAD-DRY,0 NONE,0 NONE,530334,181455,-0.122981,51.516992,,,Unknown,"(51.516992, -0.122981)",http://opendatacommunities.org/id/london-borough-council/camden,9143,21/12/2020 02:48:44 PM
1170016038,CAMDEN,1 Driver/Rider,2 Female,25-59,41,1,3 Slight,-2 Unknown,-2 N/A,3 Powered 2 Wheeler,GLOUCESTER GATE J/W GLOUCESTER GATE,2,03/02/2017 02:19:00 PM,Friday,14.19,3 Bor,Unclassified,0,6 Single Cwy,2 30 MPH,3 T/Stag Jun,4 Give Way/Uncontrolled,Unclassified,0,4 Pelican Or Similar,1 Daylight,1 Fine,1 Road-Dry,0 None,0 None,528540,183430,-0.148102,51.535151,,,Unknown,"(51.535151, -0.148102)",http://opendatacommunities.org/id/london-borough-council/camden,6641,21/12/2020 02:48:39 PM
1170047431,CAMDEN,3 Pedestrian,2 Female,25-59,54,1,3 Slight,01 Crossing Road On Ped Xing,1 From Drivers N/Side,1 Pedestrian,CAMDEN HIGH STREET 23M S OF J/W CAMDEN HIGH ROAD,1,24/06/2017 09:00:00 PM,Saturday,21.00,1 TLRN,A,502,6 Single Cwy,2 30 MPH,0 No Jun In 20m,-2 Not Applicable,-2 Not Applicable,0,1 Zebra,2 Dark,9 Unknown,1 Road-Dry,9 Unknown (S/R),9 Unknown (S/R),528929,183822,-0.142353,51.538586,,,Unknown,"(51.538586, -0.142353)",http://opendatacommunities.org/id/london-borough-council/camden,7135,21/12/2020 02:48:40 PM
1180138425,CAMDEN,1 Driver/Rider,1 Male,16-24,23,1,2 Serious,-2 Unknown,-2 N/A,3 Powered 2 Wheeler,EUSTON ROAD 5M S OF J/W MABLEDON ROAD,3,11/10/2018 06:00:00 PM,Thursday,18.00,1 TLRN,A,501,3 Dual Cwy,2 30 MPH,3 T/Stag Jun,2 Auto Sig,C,0,4 Pelican Or Similar,1 Daylight,1 Fine,1 Road-Dry,0 None,0 None,529940,182700,-0.128197,51.528271,,,Unknown,"(51.528271, -0.128197)",http://opendatacommunities.org/id/london-borough-council/camden,8413,21/12/2020 02:48:43 PM
1180122304,CAMDEN,1 Driver/Rider,1 Male,16-24,24,1,3 Slight,-2 Unknown,-2 N/A,3 Powered 2 Wheeler,KILBURN HIGH ROAD 10M N OF J/W KINGSGATE PLACE,2,20/07/2018 06:16:00 PM,Friday,18.16,3 Bor,A,5,6 Single Cwy,2 30 MPH,3 T/Stag Jun,4 Give Way/Uncontrolled,Unclassified,0,4 Pelican Or Similar,1 Daylight,1 Fine,1 Road-Dry,0 None,0 None,525098,184055,-0.19748,51.541541,,,Unknown,"(51.541541, -0.19748)",http://opendatacommunities.org/id/london-borough-council/camden,8190,21/12/2020 02:48:42 PM
0115EK40993,CAMDEN,1 Driver/Rider,1 Male,25-59,33,1,3 Slight,-2 Unknown,-2 N/A,4 Car,HAVERSTOCK HILL J/W UPPER PARK ROAD.,3,06/11/2015 03:43:00 PM,Friday,15.43,3 Bor,A,502,6 Single Cwy,2 30 MPH,3 T/Stag Jun,4 Give Way/Uncontrolled,Unclassified,0,0 No Xing Facility In 50m,1 Daylight,1 Fine,1 Road-Dry,0 None,0 None,527500,184960,-0.162534,51.549137,,,Unknown,"(51.549137, -0.162534)",http://opendatacommunities.org/id/london-borough-council/camden,5420,21/12/2020 02:48:37 PM
1180110648,CAMDEN,3 Pedestrian,1 Male,25-59,31,1,3 Slight,05 Crossing Road (Not On Xing),1 From Drivers N/Side,1 Pedestrian,KENTISH TOWN ROAD J/W CAMDEN ROAD,1,26/05/2018 03:04:00 PM,Saturday,15.04,1 TLRN,A,400,3 Dual Cwy,1 <= 20 MPH,7 Multi Jun,2 Auto Sig,A,503,5 Pedn Phase At Ats,1 Daylight,1 Fine,1 Road-Dry,0 None,0 None,528920,183910,-0.14245,51.539379,,,Unknown,"(51.539379, -0.14245)",http://opendatacommunities.org/id/london-borough-council/camden,8027,21/12/2020 02:48:42 PM
0116EK40291,CAMDEN,1 Driver/Rider,1 Male,25-59,32,1,2 Serious,-2 Unknown,-2 N/A,2 Pedal Cycle,THEOBALD'S ROAD J/W OLD GLOUCESTER STREET,2,19/02/2016 11:00:00 PM,Friday,23.00,3 Bor,A,401,6 Single Cwy,2 30 MPH,3 T/Stag Jun,4 Give Way/Uncontrolled,A,401,0 No Xing Facility In 50m,2 Dark,1 Fine,1 Road-Dry,0 None,0 None,530490,181710,-0.12064,51.519247,,,Unknown,"(51.519247, -0.12064)",http://opendatacommunities.org/id/london-borough-council/camden,6227,21/12/2020 02:48:38 PM
0115EK40534,CAMDEN,3 Pedestrian,2 Female,25-59,25,1,3 Slight,09 In Road - Not Crossing,5 In Rd Not Crossing,1 Pedestrian,HAVERSTOCK HILL 32M NW OF GLENLOCH ROAD,1,01/07/2015 04:30:00 PM,Wednesday,16.30,3 Bor,A,502,6 Single Cwy,2 30 MPH,0 No Jun In 20m,-2 Not Applicable,-2 Not Applicable,0,0 No Xing Facility In 50m,1 Daylight,1 Fine,1 Road-Dry,0 None,0 None,527310,185120,-0.165215,51.550618,,,Unknown,"(51.550618, -0.165215)",http://opendatacommunities.org/id/london-borough-council/camden,5022,21/12/2020 02:48:36 PM
1170064483,CAMDEN,2 Passenger,1 Male,16-24,16,1,3 Slight,-2 Unknown,-2 N/A,6 Bus Or Coach,FINCHLEY ROAD J/W HILGROVE ROAD,2,14/10/2017 10:58:00 AM,Saturday,10.58,1 TLRN,A,41,2 One-Way St,2 30 MPH,6 Crossroads,2 Auto Sig,B,509,5 Pedn Phase At Ats,1 Daylight,1 Fine,1 Road-Dry,0 None,0 None,526630,184100,-0.175384,51.541604,,,Unknown,"(51.541604, -0.175384)",http://opendatacommunities.org/id/london-borough-council/camden,7419,21/12/2020 02:48:40 PM
1160006824,CAMDEN,1 Driver/Rider,1 Male,25-59,43,1,3 Slight,-2 Unknown,-2 N/A,8 Other Vehicle,LEIGHTON ROAD J/W KENTISH TOWN ROAD,2,06/12/2016 07:50:00 AM,Tuesday,7.50,3 Bor,Unclassified,0,6 Single Cwy,1 <= 20 MPH,3 T/Stag Jun,2 Auto Sig,A,400,5 Pedn Phase At Ats,1 Daylight,9 Unknown,2 Road-Wet,0 None,0 None,529010,185180,-0.140688,51.550771,,,Unknown,"(51.550771, -0.140688)",http://opendatacommunities.org/id/london-borough-council/camden,5771,21/12/2020 02:48:37 PM
0115EK40888,CAMDEN,3 Pedestrian,2 Female,25-59,31,1,3 Slight,04 Crossing Road Within 50m Xing,1 From Drivers N/Side,1 Pedestrian,COLLEGE CRESCENT J/W FINCHLEY ROAD.,1,07/10/2015 11:12:00 PM,Wednesday,23.12,1 TLRN,B,511,6 Single Cwy,2 30 MPH,3 T/Stag Jun,4 Give Way/Uncontrolled,A,41,4 Pelican Or Similar,2 Dark,1 Fine,1 Road-Dry,0 None,0 None,526662,184345,-0.174835,51.543799,,,Unknown,"(51.543799, -0.174835)",http://opendatacommunities.org/id/london-borough-council/camden,5331,21/12/2020 02:48:37 PM
1160006354,CAMDEN,1 Driver/Rider,1 Male,25-59,34,1,3 Slight,-2 Unknown,-2 N/A,4 Car,A41 J/W FINCHLEY ROAD,2,11/12/2016 07:45:00 PM,Sunday,19.45,1 TLRN,A,41,6 Single Cwy,2 30 MPH,3 T/Stag Jun,2 Auto Sig,A,598,0 No Xing Facility In 50m,2 Dark,1 Fine,2 Road-Wet,0 None,0 None,525070,186030,-0.197182,51.559297,,,Unknown,"(51.559297, -0.197182)",http://opendatacommunities.org/id/london-borough-council/camden,5765,21/12/2020 02:48:37 PM
1180098862,CAMDEN,1 Driver/Rider,1 Male,25-59,52,1,3 Slight,-2 Unknown,-2 N/A,3 Powered 2 Wheeler,BURRARD ROAD J/W FINCHLEY ROAD,2,28/03/2018 04:40:00 PM,Wednesday,16.40,1 TLRN,Unclassified,0,6 Single Cwy,2 30 MPH,9 Other Jun,4 Give Way/Uncontrolled,A,41,0 No Xing Facility In 50m,1 Daylight,1 Fine,1 Road-Dry,0 None,0 None,525320,185620,-0.193723,51.555557,,,Unknown,"(51.555557, -0.193723)",http://opendatacommunities.org/id/london-borough-council/camden,7849,21/12/2020 02:48:41 PM