Reference,London Borough Name,Casualty Class,Casualty Sex,Casualty Age Band,Casualty Age,Number Of Casualties,Casualty Severity,Pedestrian Location,Pedestrian Movement,Mode Of Travel,Attendant Location,Number Of Vehicles,Date,Day,Time,Highway,Road Class 1,Road Number 1,Road Type,Speed Limit,Junction Detail,Junction Control,Road Class 2,Road Number 2,Pedestrian Crossing,Light Condition Band,Weather,Road Surface,Special Conditions,Carriage Way Hazard,Easting,Northing,Longitude,Latitude,Ward Code,Ward Name,Spatial Accuracy,Location,Organisation URI,Socrata ID,Last Uploaded
1190163095,CAMDEN,3 PEDESTRIAN,1 MALE,25-59,28,1,3 SLIGHT,10 UNKNOWN OR OTHER,9 UNKNOWN OR OTHER,1 PEDESTRIAN,"On Fleet Road, near the junction with parkhill road.",1,13/02/2019 05:50:00 PM,Wednesday,17.50,3 BOR,B,518,2 ONE-WAY ST,20,03 T/STAG JUN,4 GIVE WAY/UNCONTROLLED,6,0,1 ZEBRA,2 DAYLIGHT,1 FINE,1 ROAD-DRY,0 NONE,0 NONE,527533,185430,-0.161888,51.553354,,,Unknown,"(51.553354, -0.161888)",http://opendatacommunities.org/id/london-borough-council/camden,8779,21/12/2020 02:48:43 PM
1160008729,CAMDEN,3 Pedestrian,1 Male,16-24,24,1,3 Slight,09 In Road - Not Crossing,7 In Rd Facing Traffic,1 Pedestrian,CAMDEN STREET J/W PLENDER STREET,1,25/12/2016 12:35:00 AM,Sunday,0.35,1 TLRN,A,400,2 One-Way St,1 <= 20 MPH,6 Crossroads,2 Auto Sig,Unclassified,0,5 Pedn Phase At Ats,2 Dark,1 Fine,1 Road-Dry,0 None,0 None,529320,183640,-0.136785,51.536861,,,Unknown,"(51.536861, -0.136785)",http://opendatacommunities.org/id/london-borough-council/camden,5804,21/12/2020 02:48:37 PM
1180136659,CAMDEN,1 Driver/Rider,1 Male,25-59,33,1,3 Slight,-2 Unknown,-2 N/A,3 Powered 2 Wheeler,FINCHLEY ROAD 500M S OF J/W ARKWRIGHT RD,2,03/10/2018 06:25:00 PM,Wednesday,18.25,1 TLRN,A,41,3 Dual Cwy,2 30 MPH,0 No Jun In 20m,-2 Not Applicable,-2 Not Applicable,0,0 No Xing Facility In 50m,2 Dark,1 Fine,1 Road-Dry,0 None,0 None,525960,185200,-0.184647,51.55164,,,Unknown,"(51.55164, -0.184647)",http://opendatacommunities.org/id/london-borough-council/camden,8374,21/12/2020 02:48:42 PM
0116EK40380,CAMDEN,1 Driver/Rider,1 Male,25-59,56,1,2 Serious,-2 Unknown,-2 N/A,5 Taxi,ENGLAND'S LANE 21M SOUTH WEST OF J/W CHALCOT GARDENS SLIP RD,2,24/05/2016 07:31:00 AM,Tuesday,7.31,3 Bor,C,0,6 Single Cwy,1 <= 20 MPH,0 No Jun In 20m,-2 Not Applicable,-2 Not Applicable,0,1 Zebra,1 Daylight,1 Fine,1 Road-Dry,0 None,0 None,527520,184590,-0.16238,51.545807,,,Unknown,"(51.545807, -0.16238)",http://opendatacommunities.org/id/london-borough-council/camden,6303,21/12/2020 02:48:38 PM
1190196176,CAMDEN,1 DRIVER/RIDER,1 MALE,25-59,27,1,3 SLIGHT,'-2 NOT APPLICABLE,5 IN RD NOT CROSSING,4 CAR,"On Arlington Road, near the junction with Delancey Street.",2,26/07/2019 11:30:00 PM,Friday,23.30,3 BOR,A,503,2 ONE-WAY ST,20,06 CROSSROADS,3 STOP SIGN,6,0,9 UNKNOWN (S/R),1 DARK,2 RAINING,2 ROAD-WET,9 UNKNOWN (S/R),0 NONE,528943,183622,-0.142224,51.536785,,,Unknown,"(51.536785, -0.142224)",http://opendatacommunities.org/id/london-borough-council/camden,9232,21/12/2020 02:48:44 PM
1160005025,CAMDEN,1 Driver/Rider,2 Female,16-24,24,1,3 Slight,-2 Unknown,-2 N/A,4 Car,KENTISH TOWN ROAD J/W KELLY STREET NW5,2,02/12/2016 08:31:00 PM,Friday,20.31,3 Bor,A,400,6 Single Cwy,1 <= 20 MPH,6 Crossroads,4 Give Way/Uncontrolled,Unclassified,0,0 No Xing Facility In 50m,2 Dark,1 Fine,2 Road-Wet,0 None,0 None,528950,184590,-0.141769,51.545483,,,Unknown,"(51.545483, -0.141769)",http://opendatacommunities.org/id/london-borough-council/camden,5733,21/12/2020 02:48:37 PM
0115EK40010,CAMDEN,3 Pedestrian,2 Female,60+,72,1,2 Serious,06 On Footpath - Verge,9 Unknown Or Other,1 Pedestrian,PARKWAY J/W CAMDEN HIGH STREET,2,14/01/2015 08:12:00 AM,Wednesday,8.12,1 TLRN,A,4201,6 Single Cwy,2 30 MPH,6 Crossroads,2 Auto Sig,A,400,5 Pedn Phase At Ats,1 Daylight,1 Fine,1 Road-Dry,0 None,0 None,528900,183860,-0.142757,51.538934,,,Unknown,"(51.538934, -0.142757)",http://opendatacommunities.org/id/london-borough-council/camden,4591,21/12/2020 02:48:35 PM
0116EK40570,CAMDEN,1 Driver/Rider,2 Female,25-59,46,1,3 Slight,-2 Unknown,-2 N/A,2 Pedal Cycle,PARKWAY 29M N OF J/W PRINCE ALBERT ROAD,2,21/07/2016 04:05:00 PM,Thursday,16.05,3 Bor,A,4201,6 Single Cwy,2 30 MPH,0 No Jun In 20m,-2 Not Applicable,-2 Not Applicable,0,5 Pedn Phase At Ats,1 Daylight,1 Fine,1 Road-Dry,0 None,0 None,528640,183560,-0.146613,51.536297,,,Unknown,"(51.536297, -0.146613)",http://opendatacommunities.org/id/london-borough-council/camden,6461,21/12/2020 02:48:39 PM
1170029311,CAMDEN,1 Driver/Rider,1 Male,25-59,30,1,3 Slight,-2 Unknown,-2 N/A,3 Powered 2 Wheeler,BURRARD ROAD J/W FINCHLEY ROAD,2,31/03/2017 02:42:00 PM,Friday,14.42,1 TLRN,Unclassified,0,3 Dual Cwy,3 40 MPH,3 T/Stag Jun,4 Give Way/Uncontrolled,A,41,4 Pelican Or Similar,1 Daylight,1 Fine,1 Road-Dry,0 None,0 None,525320,185620,-0.193723,51.555557,,,Unknown,"(51.555557, -0.193723)",http://opendatacommunities.org/id/london-borough-council/camden,6834,21/12/2020 02:48:39 PM
0115CW10228,CAMDEN,1 Driver/Rider,2 Female,25-59,30,1,3 Slight,-2 Unknown,-2 N/A,3 Powered 2 Wheeler,ABBEY ROAD J/W BOUNDARY ROAD.,2,26/02/2015 07:40:00 AM,Thursday,7.40,3 Bor,B,507,6 Single Cwy,2 30 MPH,6 Crossroads,4 Give Way/Uncontrolled,B,507,1 Zebra,1 Daylight,1 Fine,2 Road-Wet,0 None,0 None,525990,183670,-0.184762,51.537883,,,Unknown,"(51.537883, -0.184762)",http://opendatacommunities.org/id/london-borough-council/camden,4555,21/12/2020 02:48:35 PM
1180101075,CAMDEN,3 Pedestrian,2 Female,25-59,50,1,3 Slight,01 Crossing Road On Ped Xing,3 From Drivers O/Side,1 Pedestrian,MALDEN ROAD J/W PRINCE OF WALES ROAD,1,11/04/2018 09:14:00 AM,Wednesday,9.14,3 Bor,B,517,6 Single Cwy,1 <= 20 MPH,6 Crossroads,2 Auto Sig,C,0,4 Pelican Or Similar,1 Daylight,2 Raining,2 Road-Wet,0 None,0 None,528320,184620,-0.150838,51.545896,,,Unknown,"(51.545896, -0.150838)",http://opendatacommunities.org/id/london-borough-council/camden,7878,21/12/2020 02:48:41 PM
1170062465,CAMDEN,1 Driver/Rider,2 Female,25-59,31,1,3 Slight,-2 Unknown,-2 N/A,2 Pedal Cycle,SAINT GILES HIGH STREET 21M E OF J/W EARNSHAW STREET,2,12/09/2017 08:30:00 AM,Tuesday,8.30,3 Bor,A,40,2 One-Way St,2 30 MPH,0 No Jun In 20m,-2 Not Applicable,-2 Not Applicable,0,0 No Xing Facility In 50m,1 Daylight,9 Unknown,1 Road-Dry,0 None,0 None,529980,181290,-0.128141,51.51559,,,Unknown,"(51.51559, -0.128141)",http://opendatacommunities.org/id/london-borough-council/camden,7376,21/12/2020 02:48:40 PM
0115EK40663,CAMDEN,3 Pedestrian,2 Female,25-59,37,1,3 Slight,01 Crossing Road On Ped Xing,3 From Drivers O/Side,1 Pedestrian,HAMPSTEAD HIGH STREET J/W BIRD IN HAND YARD,1,02/08/2015 05:54:00 PM,Sunday,17.54,3 Bor,A,502,6 Single Cwy,2 30 MPH,3 T/Stag Jun,4 Give Way/Uncontrolled,Unclassified,0,1 Zebra,1 Daylight,1 Fine,1 Road-Dry,0 None,0 None,526430,185710,-0.177689,51.556118,,,Unknown,"(51.556118, -0.177689)",http://opendatacommunities.org/id/london-borough-council/camden,5137,21/12/2020 02:48:36 PM
1170031904,CAMDEN,1 Driver/Rider,1 Male,60+,60,1,2 Serious,-2 Unknown,-2 N/A,5 Taxi,FINCHLEY ROAD J/W FROGNAL COURT,2,12/04/2017 01:50:00 PM,Wednesday,13.50,1 TLRN,A,41,3 Dual Cwy,2 30 MPH,3 T/Stag Jun,2 Auto Sig,Unclassified,0,4 Pelican Or Similar,1 Daylight,1 Fine,1 Road-Dry,0 None,0 None,526230,184840,-0.180884,51.548344,,,Unknown,"(51.548344, -0.180884)",http://opendatacommunities.org/id/london-borough-council/camden,6876,21/12/2020 02:48:39 PM
1180146143,CAMDEN,3 Pedestrian,1 Male,25-59,57,1,3 Slight,01 Crossing Road On Ped Xing,3 From Drivers O/Side,1 Pedestrian,CANFIELD GARDENS J/W BROADHURST GARDENS,1,16/11/2018 07:19:00 PM,Friday,19.19,3 Bor,Unclassified,0,6 Single Cwy,1 <= 20 MPH,6 Crossroads,4 Give Way/Uncontrolled,C,0,1 Zebra,2 Dark,8 Other,2 Road-Wet,0 None,0 None,526250,184630,-0.180671,51.546452,,,Unknown,"(51.546452, -0.180671)",http://opendatacommunities.org/id/london-borough-council/camden,8523,21/12/2020 02:48:43 PM
1170040654,CAMDEN,1 Driver/Rider,1 Male,25-59,39,1,3 Slight,-2 Unknown,-2 N/A,3 Powered 2 Wheeler,GRAYS INN ROAD J/W ELM STREET,2,08/05/2017 06:30:00 AM,Monday,6.30,3 Bor,A,5200,6 Single Cwy,2 30 MPH,99 Unknown (S/R),9 Unknown (S/R),Unclassified,0,9 Unknown (S/R),1 Daylight,9 Unknown,9 Unknown (S/R),9 Unknown (S/R),9 Unknown (S/R),530920,182110,-0.114297,51.522743,,,Unknown,"(51.522743, -0.114297)",http://opendatacommunities.org/id/london-borough-council/camden,7009,21/12/2020 02:48:39 PM
1180146664,CAMDEN,2 Passenger,2 Female,25-59,47,1,3 Slight,-2 Unknown,-2 N/A,4 Car,FINCHLEY ROAD J/W BLACKBURN ROAD,2,19/11/2018 08:20:00 PM,Monday,20.20,1 TLRN,A,41,3 Dual Cwy,2 30 MPH,7 Multi Jun,2 Auto Sig,Unclassified,0,5 Pedn Phase At Ats,2 Dark,8 Other,2 Road-Wet,0 None,0 None,526225,184841,-0.180956,51.548354,,,Unknown,"(51.548354, -0.180956)",http://opendatacommunities.org/id/london-borough-council/camden,8532,21/12/2020 02:48:43 PM
1180126993,CAMDEN,2 Passenger,2 Female,25-59,33,1,3 Slight,-2 Unknown,-2 N/A,6 Bus Or Coach,A501 10M E OF J/W KINGS CROSS ROAD,2,14/08/2018 03:00:00 PM,Tuesday,15.00,1 TLRN,A,501,2 One-Way St,2 30 MPH,7 Multi Jun,2 Auto Sig,A,501,4 Pelican Or Similar,1 Daylight,1 Fine,1 Road-Dry,0 None,0 None,530540,183010,-0.119438,51.530919,,,Unknown,"(51.530919, -0.119438)",http://opendatacommunities.org/id/london-borough-council/camden,8247,21/12/2020 02:48:42 PM
1170061892,CAMDEN,2 Passenger,1 Male,16-24,23,1,3 Slight,-2 Unknown,-2 N/A,4 Car,PLENDER STREET J/W BAYHAM STREET,2,30/09/2017 11:15:00 PM,Saturday,23.15,3 Bor,C,0,2 One-Way St,1 <= 20 MPH,6 Crossroads,4 Give Way/Uncontrolled,Unclassified,0,1 Zebra,2 Dark,1 Fine,2 Road-Wet,0 None,0 None,529190,183560,-0.138688,51.536172,,,Unknown,"(51.536172, -0.138688)",http://opendatacommunities.org/id/london-borough-council/camden,7363,21/12/2020 02:48:40 PM
1170042585,CAMDEN,1 Driver/Rider,1 Male,25-59,38,1,3 Slight,-2 Unknown,-2 N/A,2 Pedal Cycle,UPPER WOBURN PLACE J/W ENDSLEIGH PLACE,2,25/05/2017 09:00:00 AM,Thursday,9.00,3 Bor,A,4200,6 Single Cwy,2 30 MPH,6 Crossroads,4 Give Way/Uncontrolled,Unclassified,0,1 Zebra,1 Daylight,1 Fine,1 Road-Dry,0 None,0 None,529860,182450,-0.129442,51.526043,,,Unknown,"(51.526043, -0.129442)",http://opendatacommunities.org/id/london-borough-council/camden,7035,21/12/2020 02:48:39 PM
1170055312,CAMDEN,1 Driver/Rider,1 Male,16-24,19,1,3 Slight,-2 Unknown,-2 N/A,4 Car,ROYAL COLLEGE STREET J/W FARRIER STREET,2,21/08/2017 09:15:00 PM,Monday,21.15,3 Bor,A,5202,7 Slip Rd,1 <= 20 MPH,3 T/Stag Jun,1 Auth Person,A,5202,1 Zebra,2 Dark,1 Fine,1 Road-Dry,0 None,0 None,529060,184400,-0.140253,51.54375,,,Unknown,"(51.54375, -0.140253)",http://opendatacommunities.org/id/london-borough-council/camden,7263,21/12/2020 02:48:40 PM
1180147462,CAMDEN,3 Pedestrian,2 Female,25-59,27,1,3 Slight,01 Crossing Road On Ped Xing,3 From Drivers O/Side,1 Pedestrian,ADELAIDE ROAD J/W BRIDGE APPROACH,4,22/11/2018 06:40:00 PM,Thursday,18.40,3 Bor,B,509,6 Single Cwy,1 <= 20 MPH,7 Multi Jun,4 Give Way/Uncontrolled,Unclassified,0,1 Zebra,2 Dark,1 Fine,1 Road-Dry,0 None,0 None,528060,184390,-0.15467,51.543888,,,Unknown,"(51.543888, -0.15467)",http://opendatacommunities.org/id/london-borough-council/camden,8543,21/12/2020 02:48:43 PM
1160008859,CAMDEN,1 Driver/Rider,1 Male,25-59,30,1,3 Slight,-2 Unknown,-2 N/A,2 Pedal Cycle,HIGHGATE ROAD 10M S OF J/W GROVE TERRACE,4,27/12/2016 01:45:00 PM,Tuesday,13.45,3 Bor,C,0,6 Single Cwy,1 <= 20 MPH,3 T/Stag Jun,4 Give Way/Uncontrolled,Unclassified,0,4 Pelican Or Similar,1 Daylight,1 Fine,1 Road-Dry,0 None,0 None,528440,186030,-0.148594,51.55854,,,Unknown,"(51.55854, -0.148594)",http://opendatacommunities.org/id/london-borough-council/camden,5809,21/12/2020 02:48:37 PM
1170021074,CAMDEN,1 Driver/Rider,2 Female,25-59,27,1,3 Slight,-2 Unknown,-2 N/A,4 Car,FROGNAL RISE J/W LOWER TERRACE,2,25/02/2017 04:38:00 PM,Saturday,16.38,3 Bor,Unclassified,0,6 Single Cwy,1 <= 20 MPH,3 T/Stag Jun,4 Give Way/Uncontrolled,Unclassified,0,0 No Xing Facility In 50m,1 Daylight,2 Raining,2 Road-Wet,0 None,0 None,526140,186030,-0.181755,51.559059,,,Unknown,"(51.559059, -0.181755)",http://opendatacommunities.org/id/london-borough-council/camden,6715,21/12/2020 02:48:39 PM
1180103293,CAMDEN,3 Pedestrian,1 Male,0-15,3,1,3 Slight,05 Crossing Road (Not On Xing),9 Unknown Or Other,1 Pedestrian,KENTISH TOWN ROAD 12M N OF J/W PATSHULL ROAD NW5,1,22/04/2018 06:45:00 PM,Sunday,18.45,3 Bor,A,400,6 Single Cwy,1 <= 20 MPH,3 T/Stag Jun,2 Auto Sig,Unclassified,0,0 No Xing Facility In 50m,1 Daylight,1 Fine,1 Road-Dry,0 None,0 None,528960,184810,-0.141544,51.547458,,,Unknown,"(51.547458, -0.141544)",http://opendatacommunities.org/id/london-borough-council/camden,7920,21/12/2020 02:48:41 PM
0115EK40360,CAMDEN,1 Driver/Rider,1 Male,16-24,19,1,3 Slight,-2 Unknown,-2 N/A,3 Powered 2 Wheeler,CAMDEN STREET J/W CAMDEN ROAD,2,08/05/2015 09:13:00 PM,Friday,21.13,1 TLRN,A,400,6 Single Cwy,2 30 MPH,6 Crossroads,2 Auto Sig,A,503,5 Pedn Phase At Ats,2 Dark,8 Other,2 Road-Wet,0 None,0 None,529090,184030,-0.139957,51.540418,,,Unknown,"(51.540418, -0.139957)",http://opendatacommunities.org/id/london-borough-council/camden,4867,21/12/2020 02:48:36 PM
1170042029,CAMDEN,1 Driver/Rider,2 Female,25-59,26,1,3 Slight,-2 Unknown,-2 N/A,2 Pedal Cycle,CALTHORPE STREET WC1 J/W PHEONIX PLACE WC1,2,08/06/2017 10:30:00 PM,Thursday,22.30,3 Bor,B,502,6 Single Cwy,1 <= 20 MPH,3 T/Stag Jun,4 Give Way/Uncontrolled,C,0,0 No Xing Facility In 50m,2 Dark,2 Raining,2 Road-Wet,0 None,0 None,530910,182410,-0.11433,51.525441,,,Unknown,"(51.525441, -0.11433)",http://opendatacommunities.org/id/london-borough-council/camden,7026,21/12/2020 02:48:39 PM
0116EK40561,CAMDEN,1 Driver/Rider,1 Male,25-59,38,1,3 Slight,-2 Unknown,-2 N/A,2 Pedal Cycle,OUTER CIRCLE J/W CHESTER ROAD.,2,14/08/2016 07:40:00 PM,Sunday,19.40,3 Bor,Unclassified,0,6 Single Cwy,2 30 MPH,3 T/Stag Jun,4 Give Way/Uncontrolled,Unclassified,0,0 No Xing Facility In 50m,1 Daylight,1 Fine,1 Road-Dry,0 None,0 None,528700,182740,-0.146048,51.528914,,,Unknown,"(51.528914, -0.146048)",http://opendatacommunities.org/id/london-borough-council/camden,6453,21/12/2020 02:48:38 PM
0116EK40239,CAMDEN,3 Pedestrian,2 Female,16-24,22,1,2 Serious,05 Crossing Road (Not On Xing),4 From Drivers O/Side Msk,1 Pedestrian,FORTRESS ROAD 57M SOUTH J/W BRECKNOCK ROAD,1,14/01/2016 11:50:00 AM,Thursday,11.50,3 Bor,A,400,6 Single Cwy,2 30 MPH,0 No Jun In 20m,-2 Not Applicable,-2 Not Applicable,0,0 No Xing Facility In 50m,1 Daylight,1 Fine,1 Road-Dry,0 None,0 None,529120,185800,-0.138875,51.556318,,,Unknown,"(51.556318, -0.138875)",http://opendatacommunities.org/id/london-borough-council/camden,6177,21/12/2020 02:48:38 PM
1180108282,CAMDEN,1 Driver/Rider,2 Female,25-59,40,1,3 Slight,-2 Unknown,-2 N/A,2 Pedal Cycle,OAKLEY SQUARE J/W EVERSHOLT STREET,2,16/05/2018 08:56:00 AM,Wednesday,8.56,1 TLRN,A,400,2 One-Way St,1 <= 20 MPH,7 Multi Jun,2 Auto Sig,A,4200,5 Pedn Phase At Ats,1 Daylight,1 Fine,1 Road-Dry,0 None,0 None,529320,183220,-0.136939,51.533086,,,Unknown,"(51.533086, -0.136939)",http://opendatacommunities.org/id/london-borough-council/camden,7996,21/12/2020 02:48:42 PM
1170064483,CAMDEN,1 Driver/Rider,2 Female,25-59,28,1,3 Slight,-2 Unknown,-2 N/A,4 Car,FINCHLEY ROAD J/W HILGROVE ROAD,2,14/10/2017 10:58:00 AM,Saturday,10.58,1 TLRN,A,41,2 One-Way St,2 30 MPH,6 Crossroads,2 Auto Sig,B,509,5 Pedn Phase At Ats,1 Daylight,1 Fine,1 Road-Dry,0 None,0 None,526630,184100,-0.175384,51.541604,,,Unknown,"(51.541604, -0.175384)",http://opendatacommunities.org/id/london-borough-council/camden,7417,21/12/2020 02:48:40 PM
0115QK50703,CAMDEN,2 Passenger,2 Female,25-59,41,1,3 Slight,-2 Unknown,-2 N/A,6 Bus Or Coach,KILBURN HIGH RD 40M NORTH WEST OF J/W BIRCHINGTON RD,1,10/09/2015 12:30:00 PM,Thursday,12.30,3 Bor,A,5,6 Single Cwy,2 30 MPH,0 No Jun In 20m,-2 Not Applicable,-2 Not Applicable,0,0 No Xing Facility In 50m,1 Daylight,1 Fine,1 Road-Dry,0 None,0 None,525270,183800,-0.195092,51.539211,,,Unknown,"(51.539211, -0.195092)",http://opendatacommunities.org/id/london-borough-council/camden,5625,21/12/2020 02:48:37 PM
1190167487,CAMDEN,3 PEDESTRIAN,1 MALE,25-59,31,1,2 SERIOUS,05 CROSSING ROAD (NOT ON XING),1 FROM DRIVERS N/SIDE,1 PEDESTRIAN,"On Bloomsbury Way, 40 metres south of the junction with Bury Place.",1,07/03/2019 09:30:00 AM,Thursday,9.30,3 BOR,A,40,3 DUAL CWY,20,00 NO JUN IN 20M,,0,0,9 UNKNOWN (S/R),2 DAYLIGHT,1 FINE,1 ROAD-DRY,0 NONE,0 NONE,530259,181517,-0.124039,51.517566,,,Unknown,"(51.517566, -0.124039)",http://opendatacommunities.org/id/london-borough-council/camden,8826,21/12/2020 02:48:43 PM
1170050978,CAMDEN,1 Driver/Rider,1 Male,25-59,29,1,2 Serious,-2 Unknown,-2 N/A,3 Powered 2 Wheeler,KILBURN HIGH ROAD J/W KINGSGATE ROAD,2,28/07/2017 09:20:00 AM,Friday,9.20,3 Bor,A,5,6 Single Cwy,2 30 MPH,3 T/Stag Jun,4 Give Way/Uncontrolled,Unclassified,0,0 No Xing Facility In 50m,1 Daylight,1 Fine,1 Road-Dry,0 None,0 None,525100,184040,-0.197456,51.541406,,,Unknown,"(51.541406, -0.197456)",http://opendatacommunities.org/id/london-borough-council/camden,7197,21/12/2020 02:48:40 PM
1160024699,CAMDEN,1 Driver/Rider,1 Male,25-59,39,1,3 Slight,-2 Unknown,-2 N/A,2 Pedal Cycle,EVERSHOLT STREET J/W GRAFTON PLACE,2,06/10/2016 08:27:00 PM,Thursday,20.27,3 Bor,A,4200,6 Single Cwy,2 30 MPH,6 Crossroads,2 Auto Sig,A,4200,5 Pedn Phase At Ats,2 Dark,9 Unknown,1 Road-Dry,0 None,0 None,529720,182640,-0.131389,51.527782,,,Unknown,"(51.527782, -0.131389)",http://opendatacommunities.org/id/london-borough-council/camden,5926,21/12/2020 02:48:38 PM
0115EK40906,CAMDEN,1 Driver/Rider,1 Male,25-59,28,1,3 Slight,-2 Unknown,-2 N/A,4 Car,"FREIGHT LANE, 120 METRES WEST OF YORK WAY.",2,09/10/2015 02:40:00 PM,Friday,14.40,3 Bor,Unclassified,0,6 Single Cwy,2 30 MPH,8 Priv Drive,4 Give Way/Uncontrolled,Unclassified,0,0 No Xing Facility In 50m,1 Daylight,1 Fine,1 Road-Dry,0 None,0 None,530030,184030,-0.12641,51.540203,,,Unknown,"(51.540203, -0.12641)",http://opendatacommunities.org/id/london-borough-council/camden,5345,21/12/2020 02:48:37 PM
1190175816,CAMDEN,1 DRIVER/RIDER,1 MALE,25-59,47,1,3 SLIGHT,'-2 NOT APPLICABLE,'-2 NOT APPLICABLE,2 PEDAL CYCLE,"On Southampton Row, near the junction with Kingsway.",2,18/04/2019 12:55:00 PM,Thursday,12.55,3 BOR,A,401,2 ONE-WAY ST,20,06 CROSSROADS,2 AUTO SIG,A,4200,0 NO XING FACILITY IN 50M,2 DAYLIGHT,1 FINE,1 ROAD-DRY,0 NONE,0 NONE,530465,181684,-0.12101,51.519019,,,Unknown,"(51.519019, -0.12101)",http://opendatacommunities.org/id/london-borough-council/camden,8934,21/12/2020 02:48:44 PM
1190227001,CAMDEN,3 PEDESTRIAN,1 MALE,25-59,49,1,3 SLIGHT,01 CROSSING ROAD ON PED XING,'-2 NOT APPLICABLE,1 PEDESTRIAN,"On Chalk Farm Road, 25 metres south of the junction with Eton Park Road .",1,23/12/2019 05:10:00 PM,Monday,17.10,3 BOR,B,509,6 SINGLE CWY,20,00 NO JUN IN 20M,,0,0,1 ZEBRA,1 DARK,1 FINE,1 ROAD-DRY,0 NONE,0 NONE,528077,184397,-0.154422,51.543947,,,Unknown,"(51.543947, -0.154422)",http://opendatacommunities.org/id/london-borough-council/camden,9648,21/12/2020 02:48:45 PM
0116EK40137,CAMDEN,1 Driver/Rider,2 Female,25-59,28,1,3 Slight,-2 Unknown,-2 N/A,4 Car,EUSTON RD 112M NORTH EAST OF J/W EUSTON RD SLIP RD,2,10/03/2016 12:08:00 PM,Thursday,12.08,1 TLRN,A,501,3 Dual Cwy,2 30 MPH,0 No Jun In 20m,-2 Not Applicable,-2 Not Applicable,0,0 No Xing Facility In 50m,1 Daylight,1 Fine,1 Road-Dry,0 None,0 None,529170,182280,-0.139445,51.524673,,,Unknown,"(51.524673, -0.139445)",http://opendatacommunities.org/id/london-borough-council/camden,6095,21/12/2020 02:48:38 PM
1190211308,CAMDEN,3 PEDESTRIAN,1 MALE,16-24,24,1,3 SLIGHT,10 UNKNOWN OR OTHER,'-2 NOT APPLICABLE,1 PEDESTRIAN,"On Bartholomew Road, near the junction with GAISFORD ROAD.",1,13/10/2019 04:00:00 AM,Sunday,4.00,3 BOR,6,0,3 DUAL CWY,20,07 MULTI JUN,4 GIVE WAY/UNCONTROLLED,6,0,0 NO XING FACILITY IN 50M,1 DARK,2 RAINING,2 ROAD-WET,0 NONE,0 NONE,529401,184831,-0.13518,51.547546,,,Unknown,"(51.547546, -0.13518)",http://opendatacommunities.org/id/london-borough-council/camden,9428,21/12/2020 02:48:44 PM
1180135043,CAMDEN,1 Driver/Rider,1 Male,25-59,25,1,3 Slight,-2 Unknown,-2 N/A,2 Pedal Cycle,SOUTHAMPTON ROW J/W VERNON PLACE,2,26/09/2018 11:47:00 AM,Wednesday,11.47,3 Bor,A,4200,6 Single Cwy,1 <= 20 MPH,6 Crossroads,2 Auto Sig,A,401,5 Pedn Phase At Ats,1 Daylight,1 Fine,1 Road-Dry,0 None,0 None,530450,181650,-0.121238,51.518717,,,Unknown,"(51.518717, -0.121238)",http://opendatacommunities.org/id/london-borough-council/camden,8356,21/12/2020 02:48:42 PM
0116EK40482,CAMDEN,1 Driver/Rider,1 Male,25-59,34,1,3 Slight,-2 Unknown,-2 N/A,2 Pedal Cycle,PANCRAS ROAD 60M N OF J/W EUSTON ROAD,2,08/07/2016 07:52:00 AM,Friday,7.52,3 Bor,A,5202,6 Single Cwy,2 30 MPH,0 No Jun In 20m,-2 Not Applicable,-2 Not Applicable,0,0 No Xing Facility In 50m,1 Daylight,1 Fine,1 Road-Dry,0 None,0 None,530180,182950,-0.124647,51.530462,,,Unknown,"(51.530462, -0.124647)",http://opendatacommunities.org/id/london-borough-council/camden,6391,21/12/2020 02:48:38 PM
1160025677,CAMDEN,1 Driver/Rider,1 Male,25-59,30,1,3 Slight,-2 Unknown,-2 N/A,3 Powered 2 Wheeler,EUSTON ROAD 25M E OF J/W CONWAY STREET,2,17/10/2016 07:30:00 PM,Monday,19.30,1 TLRN,A,501,3 Dual Cwy,2 30 MPH,0 No Jun In 20m,-2 Not Applicable,-2 Not Applicable,0,4 Pelican Or Similar,2 Dark,1 Fine,1 Road-Dry,0 None,0 None,529050,182220,-0.141196,51.524161,,,Unknown,"(51.524161, -0.141196)",http://opendatacommunities.org/id/london-borough-council/camden,5952,21/12/2020 02:48:38 PM
1170037628,CAMDEN,1 Driver/Rider,1 Male,25-59,54,1,3 Slight,-2 Unknown,-2 N/A,2 Pedal Cycle,EUSTON ROAD J/W FITZROY STREET,2,11/05/2017 06:00:00 PM,Thursday,18.00,1 TLRN,A,501,7 Slip Rd,2 30 MPH,3 T/Stag Jun,4 Give Way/Uncontrolled,Unclassified,0,0 No Xing Facility In 50m,1 Daylight,9 Unknown,1 Road-Dry,0 None,9 Unknown (S/R),529090,182230,-0.140616,51.524242,,,Unknown,"(51.524242, -0.140616)",http://opendatacommunities.org/id/london-borough-council/camden,6968,21/12/2020 02:48:39 PM