Reference,London Borough Name,Casualty Class,Casualty Sex,Casualty Age Band,Casualty Age,Number Of Casualties,Casualty Severity,Pedestrian Location,Pedestrian Movement,Mode Of Travel,Attendant Location,Number Of Vehicles,Date,Day,Time,Highway,Road Class 1,Road Number 1,Road Type,Speed Limit,Junction Detail,Junction Control,Road Class 2,Road Number 2,Pedestrian Crossing,Light Condition Band,Weather,Road Surface,Special Conditions,Carriage Way Hazard,Easting,Northing,Longitude,Latitude,Ward Code,Ward Name,Spatial Accuracy,Location,Organisation URI,Socrata ID,Last Uploaded
1190165232,CAMDEN,3 PEDESTRIAN,1 MALE,60+,73,1,2 SERIOUS,01 CROSSING ROAD ON PED XING,3 FROM DRIVERS O/SIDE,1 PEDESTRIAN,"On Lidlington Place, near the junction with Eversholt Street.",1,23/02/2019 06:02:00 PM,Saturday,18.02,1 TLRN,A,400,6 SINGLE CWY,20,06 CROSSROADS,2 AUTO SIG,A,4200,4 PELICAN OR SIMILAR,1 DARK,1 FINE,1 ROAD-DRY,0 NONE,0 NONE,529308,183220,-0.137112,51.533089,,,Unknown,"(51.533089, -0.137112)",http://opendatacommunities.org/id/london-borough-council/camden,8801,21/12/2020 02:48:43 PM
0115EK40820,CAMDEN,1 Driver/Rider,1 Male,25-59,55,1,3 Slight,-2 Unknown,-2 N/A,3 Powered 2 Wheeler,PARKWAY J/W ARLINGTON ROAD.,1,20/09/2015 07:43:00 PM,Sunday,19.43,3 Bor,A,4201,2 One-Way St,2 30 MPH,6 Crossroads,2 Auto Sig,Unclassified,0,5 Pedn Phase At Ats,2 Dark,1 Fine,1 Road-Dry,0 None,0 None,528820,183810,-0.143928,51.538503,,,Unknown,"(51.538503, -0.143928)",http://opendatacommunities.org/id/london-borough-council/camden,5277,21/12/2020 02:48:37 PM
1180102282,CAMDEN,1 Driver/Rider,1 Male,25-59,43,1,3 Slight,-2 Unknown,-2 N/A,3 Powered 2 Wheeler,ADELAIDE ROAD NW3 J/W WINCHESTER ROAD NW3,1,14/04/2018 06:10:00 PM,Saturday,18.10,3 Bor,B,509,6 Single Cwy,1 <= 20 MPH,7 Multi Jun,2 Auto Sig,Unclassified,0,5 Pedn Phase At Ats,1 Daylight,1 Fine,1 Road-Dry,0 None,0 None,526900,184170,-0.171468,51.542173,,,Unknown,"(51.542173, -0.171468)",http://opendatacommunities.org/id/london-borough-council/camden,7900,21/12/2020 02:48:41 PM
1170014708,CAMDEN,1 Driver/Rider,1 Male,25-59,33,1,3 Slight,-2 Unknown,-2 N/A,3 Powered 2 Wheeler,FINCHLEY ROAD 50M N OF J/W LITHOS ROAD,1,27/01/2017 05:34:00 PM,Friday,17.34,1 TLRN,A,41,3 Dual Cwy,2 30 MPH,0 No Jun In 20m,-2 Not Applicable,-2 Not Applicable,0,0 No Xing Facility In 50m,2 Dark,1 Fine,2 Road-Wet,0 None,0 None,526080,185050,-0.182971,51.550265,,,Unknown,"(51.550265, -0.182971)",http://opendatacommunities.org/id/london-borough-council/camden,6617,21/12/2020 02:48:39 PM
1190213487,CAMDEN,1 DRIVER/RIDER,2 FEMALE,25-59,31,1,3 SLIGHT,'-2 NOT APPLICABLE,9 UNKNOWN OR OTHER,2 PEDAL CYCLE,"On Rosebery Avenue, 100 metres south of the junction with Farringdon Road.. The nearest classified road was the A201. The nearest classified road was the A201",2,23/10/2019 09:30:00 AM,Wednesday,9.30,3 BOR,A,401,6 SINGLE CWY,30,00 NO JUN IN 20M,,0,0,0 NO XING FACILITY IN 50M,2 DAYLIGHT,1 FINE,1 ROAD-DRY,0 NONE,0 NONE,531091,182122,-0.111829,51.522811,,,Unknown,"(51.522811, -0.111829)",http://opendatacommunities.org/id/london-borough-council/camden,9462,21/12/2020 02:48:44 PM
1180146297,CAMDEN,3 Pedestrian,2 Female,25-59,45,1,3 Slight,05 Crossing Road (Not On Xing),3 From Drivers O/Side,1 Pedestrian,TORRINGTON PLACE J/W HUNTLEY STREET,1,14/11/2018 01:20:00 PM,Wednesday,13.20,3 Bor,C,0,2 One-Way St,1 <= 20 MPH,3 T/Stag Jun,9 Unknown (S/R),Unclassified,0,0 No Xing Facility In 50m,1 Daylight,1 Fine,1 Road-Dry,0 None,0 None,529570,181990,-0.133789,51.521975,,,Unknown,"(51.521975, -0.133789)",http://opendatacommunities.org/id/london-borough-council/camden,8525,21/12/2020 02:48:43 PM
0115EK40080,CAMDEN,1 Driver/Rider,1 Male,25-59,32,1,3 Slight,-2 Unknown,-2 N/A,4 Car,HAVERSTOCK HILL J/W GLENLOCH ROAD,2,28/01/2015 11:50:00 AM,Wednesday,11.50,3 Bor,A,502,6 Single Cwy,2 30 MPH,3 T/Stag Jun,4 Give Way/Uncontrolled,Unclassified,0,4 Pelican Or Similar,1 Daylight,1 Fine,1 Road-Dry,0 None,0 None,527340,185090,-0.164794,51.550342,,,Unknown,"(51.550342, -0.164794)",http://opendatacommunities.org/id/london-borough-council/camden,4645,21/12/2020 02:48:35 PM
0115EK40252,CAMDEN,2 Passenger,1 Male,0-15,11,1,3 Slight,-2 Unknown,-2 N/A,4 Car,CAMDEN ROAD J/W ROUSDEN STREET,2,20/03/2015 08:53:00 PM,Friday,20.53,1 TLRN,A,503,6 Single Cwy,2 30 MPH,3 T/Stag Jun,4 Give Way/Uncontrolled,Unclassified,0,0 No Xing Facility In 50m,2 Dark,1 Fine,1 Road-Dry,0 None,0 None,529210,184220,-0.138157,51.542098,,,Unknown,"(51.542098, -0.138157)",http://opendatacommunities.org/id/london-borough-council/camden,4779,21/12/2020 02:48:36 PM
1170038650,CAMDEN,3 Pedestrian,2 Female,25-59,38,1,3 Slight,09 In Road - Not Crossing,9 Unknown Or Other,1 Pedestrian,PARKWAY NW1 30M N OF J/W ARLINGTON ROAD NW1,1,20/05/2017 02:30:00 PM,Saturday,14.30,3 Bor,A,4201,2 One-Way St,1 <= 20 MPH,0 No Jun In 20m,-2 Not Applicable,-2 Not Applicable,0,5 Pedn Phase At Ats,1 Daylight,2 Raining,2 Road-Wet,0 None,0 None,528817,183808,-0.143972,51.538485,,,Unknown,"(51.538485, -0.143972)",http://opendatacommunities.org/id/london-borough-council/camden,6988,21/12/2020 02:48:39 PM
1180112635,CAMDEN,2 Passenger,1 Male,25-59,57,1,3 Slight,-2 Unknown,-2 N/A,7 Goods Vehicle,CAMDEN ROAD J/W LYME STREET,2,07/06/2018 12:12:00 AM,Thursday,0.12,1 TLRN,A,503,3 Dual Cwy,1 <= 20 MPH,3 T/Stag Jun,1 Auth Person,Unclassified,0,0 No Xing Facility In 50m,2 Dark,1 Fine,1 Road-Dry,0 None,0 None,529120,184060,-0.139513,51.540681,,,Unknown,"(51.540681, -0.139513)",http://opendatacommunities.org/id/london-borough-council/camden,8054,21/12/2020 02:48:42 PM
1190188444,CAMDEN,1 DRIVER/RIDER,1 MALE,25-59,39,1,3 SLIGHT,'-2 NOT APPLICABLE,'-2 NOT APPLICABLE,3 POWERED 2 WHEELER,"On Parkway, 25 metres east of the junction with Arlington way .",2,18/06/2019 04:40:00 PM,Tuesday,16.40,3 BOR,A,4201,2 ONE-WAY ST,20,00 NO JUN IN 20M,,0,0,5 PEDN PHASE AT ATS,2 DAYLIGHT,2 RAINING,2 ROAD-WET,0 NONE,0 NONE,528811,183816,-0.144056,51.538559,,,Unknown,"(51.538559, -0.144056)",http://opendatacommunities.org/id/london-borough-council/camden,9119,21/12/2020 02:48:44 PM
1170036164,CAMDEN,1 Driver/Rider,1 Male,25-59,31,1,3 Slight,-2 Unknown,-2 N/A,2 Pedal Cycle,CUBITT STREET J/W AMPTON STREET,1,06/05/2017 03:30:00 PM,Saturday,15.30,3 Bor,Unclassified,0,6 Single Cwy,2 30 MPH,9 Other Jun,2 Auto Sig,Unclassified,0,9 Unknown (S/R),1 Daylight,1 Fine,1 Road-Dry,0 None,0 None,530770,182660,-0.116254,51.52772,,,Unknown,"(51.52772, -0.116254)",http://opendatacommunities.org/id/london-borough-council/camden,6946,21/12/2020 02:48:39 PM
1170060351,CAMDEN,1 Driver/Rider,1 Male,25-59,25,1,3 Slight,-2 Unknown,-2 N/A,4 Car,FINCHLEY ROAD J/W ALVANLEY GARDENS,2,08/05/2017 10:00:00 PM,Monday,22.00,1 TLRN,A,41,6 Single Cwy,3 40 MPH,3 T/Stag Jun,4 Give Way/Uncontrolled,Unclassified,0,9 Unknown (S/R),2 Dark,1 Fine,1 Road-Dry,0 None,0 None,525760,185300,-0.187494,51.552583,,,Unknown,"(51.552583, -0.187494)",http://opendatacommunities.org/id/london-borough-council/camden,7337,21/12/2020 02:48:40 PM
1170018410,CAMDEN,1 Driver/Rider,1 Male,25-59,41,1,3 Slight,-2 Unknown,-2 N/A,2 Pedal Cycle,REGENT SQUARE J/W TAVISTOCK PLACE,2,14/02/2017 04:15:00 PM,Tuesday,16.15,3 Bor,C,0,2 One-Way St,2 30 MPH,3 T/Stag Jun,9 Unknown (S/R),Unclassified,0,5 Pedn Phase At Ats,1 Daylight,1 Fine,1 Road-Dry,0 None,0 None,530360,182520,-0.122213,51.526557,,,Unknown,"(51.526557, -0.122213)",http://opendatacommunities.org/id/london-borough-council/camden,6675,21/12/2020 02:48:39 PM
1170050515,CAMDEN,2 Passenger,2 Female,Unknown,0,1,3 Slight,-2 Unknown,-2 N/A,6 Bus Or Coach,CLERKENWELL ROAD J/W CLERKENWELL ROAD,1,06/07/2017 05:50:00 PM,Thursday,17.50,3 Bor,A,401,6 Single Cwy,1 <= 20 MPH,3 T/Stag Jun,2 Auto Sig,Unclassified,0,0 No Xing Facility In 50m,1 Daylight,1 Fine,1 Road-Dry,0 None,0 None,531100,182070,-0.111719,51.522341,,,Unknown,"(51.522341, -0.111719)",http://opendatacommunities.org/id/london-borough-council/camden,7193,21/12/2020 02:48:40 PM
0116EK40238,CAMDEN,3 Pedestrian,1 Male,60+,72,1,3 Slight,05 Crossing Road (Not On Xing),1 From Drivers N/Side,1 Pedestrian,KILBURN HIGH ROAD J/W BIRCHINGTON ROAD,1,15/01/2016 03:50:00 PM,Friday,15.50,3 Bor,A,5,6 Single Cwy,2 30 MPH,3 T/Stag Jun,4 Give Way/Uncontrolled,Unclassified,0,0 No Xing Facility In 50m,1 Daylight,1 Fine,1 Road-Dry,0 None,0 None,525290,183790,-0.194807,51.539117,,,Unknown,"(51.539117, -0.194807)",http://opendatacommunities.org/id/london-borough-council/camden,6176,21/12/2020 02:48:38 PM
1170076451,CAMDEN,1 Driver/Rider,1 Male,16-24,19,1,3 Slight,-2 Unknown,-2 N/A,4 Car,QUEEN'S CRESCENT J/W MALDEN ROAD,2,08/12/2017 11:10:00 PM,Friday,23.10,3 Bor,Unclassified,0,9 Unknown,1 <= 20 MPH,6 Crossroads,4 Give Way/Uncontrolled,B,517,0 No Xing Facility In 50m,1 Daylight,1 Fine,2 Road-Wet,0 None,0 None,528160,184990,-0.15301,51.549257,,,Unknown,"(51.549257, -0.15301)",http://opendatacommunities.org/id/london-borough-council/camden,7597,21/12/2020 02:48:41 PM
1170018331,CAMDEN,3 Pedestrian,1 Male,60+,61,1,3 Slight,04 Crossing Road Within 50m Xing,1 From Drivers N/Side,1 Pedestrian,BLOOMSBURY WAY J/W BURY PLACE,1,14/02/2017 09:30:00 AM,Tuesday,9.30,3 Bor,Unclassified,0,2 One-Way St,1 <= 20 MPH,6 Crossroads,2 Auto Sig,Unclassified,0,4 Pelican Or Similar,1 Daylight,1 Fine,2 Road-Wet,0 None,0 None,530290,181550,-0.12358,51.517856,,,Unknown,"(51.517856, -0.12358)",http://opendatacommunities.org/id/london-borough-council/camden,6670,21/12/2020 02:48:39 PM
0115EK40137,CAMDEN,1 Driver/Rider,1 Male,25-59,29,1,3 Slight,-2 Unknown,-2 N/A,2 Pedal Cycle,OAKLEY SQUARE 92M NE OF J/W EVERSHOLT STREET,2,06/01/2015 07:00:00 PM,Tuesday,19.00,1 TLRN,A,400,6 Single Cwy,2 30 MPH,0 No Jun In 20m,-2 Not Applicable,-2 Not Applicable,0,0 No Xing Facility In 50m,2 Dark,1 Fine,1 Road-Dry,0 None,0 None,529370,183280,-0.136197,51.533614,,,Unknown,"(51.533614, -0.136197)",http://opendatacommunities.org/id/london-borough-council/camden,4688,21/12/2020 02:48:36 PM
0115EK40643,CAMDEN,1 Driver/Rider,1 Male,25-59,33,1,3 Slight,-2 Unknown,-2 N/A,4 Car,HAVERSTOCK HILL J/W ASPERN GROVE,2,18/07/2015 10:13:00 PM,Saturday,22.13,3 Bor,A,502,6 Single Cwy,2 30 MPH,3 T/Stag Jun,4 Give Way/Uncontrolled,Unclassified,0,4 Pelican Or Similar,2 Dark,1 Fine,1 Road-Dry,0 None,0 None,527260,185170,-0.165918,51.551079,,,Unknown,"(51.551079, -0.165918)",http://opendatacommunities.org/id/london-borough-council/camden,5121,21/12/2020 02:48:36 PM
1170067202,CAMDEN,1 Driver/Rider,1 Male,25-59,48,1,3 Slight,-2 Unknown,-2 N/A,2 Pedal Cycle,MABLEDON PLACE J/W BIDBOROUGH STREET,2,20/10/2017 08:25:00 PM,Friday,20.25,3 Bor,C,0,2 One-Way St,1 <= 20 MPH,6 Crossroads,4 Give Way/Uncontrolled,Unclassified,0,9 Unknown (S/R),2 Dark,1 Fine,9 Unknown (S/R),0 None,0 None,529990,182650,-0.127496,51.52781,,,Unknown,"(51.52781, -0.127496)",http://opendatacommunities.org/id/london-borough-council/camden,7468,21/12/2020 02:48:40 PM
0116EK40378,CAMDEN,1 Driver/Rider,1 Male,25-59,28,1,2 Serious,-2 Unknown,-2 N/A,2 Pedal Cycle,PARKWAY J/W ARLINGTON RD,2,13/05/2016 08:00:00 AM,Friday,8.00,3 Bor,A,4201,2 One-Way St,2 30 MPH,6 Crossroads,4 Give Way/Uncontrolled,Unclassified,0,1 Zebra,1 Daylight,1 Fine,1 Road-Dry,0 None,0 None,528800,183790,-0.144224,51.538328,,,Unknown,"(51.538328, -0.144224)",http://opendatacommunities.org/id/london-borough-council/camden,6300,21/12/2020 02:48:38 PM
0115EK40255,CAMDEN,3 Pedestrian,1 Male,25-59,48,1,3 Slight,04 Crossing Road Within 50m Xing,1 From Drivers N/Side,1 Pedestrian,SHAFTESBURY AVENUE J/W MONMOUTH STREET,1,05/04/2015 01:16:00 AM,Sunday,1.16,3 Bor,A,401,6 Single Cwy,2 30 MPH,3 T/Stag Jun,4 Give Way/Uncontrolled,B,404,1 Zebra,2 Dark,1 Fine,1 Road-Dry,0 None,0 None,530060,181230,-0.127011,51.515033,,,Unknown,"(51.515033, -0.127011)",http://opendatacommunities.org/id/london-borough-council/camden,4784,21/12/2020 02:48:36 PM
0115EK40316,CAMDEN,2 Passenger,1 Male,25-59,57,1,3 Slight,-2 Unknown,-2 N/A,4 Car,KING HENRY'S ROAD 190 M W OF J/W AINGER ROAD,3,25/04/2015 06:45:00 PM,Saturday,18.45,3 Bor,Unclassified,0,6 Single Cwy,2 30 MPH,8 Priv Drive,4 Give Way/Uncontrolled,Unclassified,0,0 No Xing Facility In 50m,1 Daylight,1 Fine,1 Road-Dry,0 None,0 None,527700,184230,-0.159916,51.542531,,,Unknown,"(51.542531, -0.159916)",http://opendatacommunities.org/id/london-borough-council/camden,4837,21/12/2020 02:48:36 PM
0115EK40844,CAMDEN,2 Passenger,2 Female,16-24,23,1,3 Slight,-2 Unknown,-2 N/A,4 Car,MAYGROVE ROAD J/W ARIEL ROAD,2,27/09/2015 02:00:00 PM,Sunday,14.00,3 Bor,C,0,6 Single Cwy,2 30 MPH,3 T/Stag Jun,4 Give Way/Uncontrolled,Unclassified,0,0 No Xing Facility In 50m,1 Daylight,1 Fine,1 Road-Dry,0 None,0 None,525030,184770,-0.198206,51.547982,,,Unknown,"(51.547982, -0.198206)",http://opendatacommunities.org/id/london-borough-council/camden,5296,21/12/2020 02:48:37 PM
1160024768,CAMDEN,1 Driver/Rider,1 Male,25-59,38,1,3 Slight,-2 Unknown,-2 N/A,3 Powered 2 Wheeler,MILL LANE J/W GONDAR GARDENS,3,30/10/2016 07:02:00 PM,Sunday,19.02,3 Bor,C,0,6 Single Cwy,2 30 MPH,3 T/Stag Jun,4 Give Way/Uncontrolled,Unclassified,0,4 Pelican Or Similar,2 Dark,1 Fine,1 Road-Dry,0 None,0 None,524810,185110,-0.201257,51.551086,,,Unknown,"(51.551086, -0.201257)",http://opendatacommunities.org/id/london-borough-council/camden,5932,21/12/2020 02:48:38 PM
0115SX20838,CAMDEN,1 Driver/Rider,1 Male,25-59,27,1,2 Serious,-2 Unknown,-2 N/A,7 Goods Vehicle,"WEST HEATH ROAD, 87M EAST OF J/W TEMPLEWOOD AVENUE",3,21/09/2015 11:53:00 AM,Monday,11.53,3 Bor,C,0,6 Single Cwy,2 30 MPH,0 No Jun In 20m,-2 Not Applicable,-2 Not Applicable,0,0 No Xing Facility In 50m,1 Daylight,2 Raining,2 Road-Wet,0 None,0 None,525930,186370,-0.184661,51.562161,,,Unknown,"(51.562161, -0.184661)",http://opendatacommunities.org/id/london-borough-council/camden,5633,21/12/2020 02:48:37 PM
1170072304,CAMDEN,3 Pedestrian,1 Male,60+,71,1,3 Slight,10 Unknown,9 Unknown Or Other,1 Pedestrian,KILBURN HIGH ROAD 2M S OF J/W WEST END LANE,1,23/11/2017 05:31:00 PM,Thursday,17.31,3 Bor,A,5,6 Single Cwy,1 <= 20 MPH,3 T/Stag Jun,9 Unknown (S/R),A,5,5 Pedn Phase At Ats,2 Dark,1 Fine,2 Road-Wet,0 None,0 None,525377,183687,-0.19359,51.538172,,,Unknown,"(51.538172, -0.19359)",http://opendatacommunities.org/id/london-borough-council/camden,7540,21/12/2020 02:48:41 PM
1180125150,CAMDEN,2 Passenger,2 Female,60+,80,1,3 Slight,-2 Unknown,-2 N/A,4 Car,LITHOS ROAD J/W LITHOS ROAD,2,04/08/2018 06:50:00 PM,Saturday,18.50,1 TLRN,A,41,6 Single Cwy,2 30 MPH,3 T/Stag Jun,4 Give Way/Uncontrolled,Unclassified,0,0 No Xing Facility In 50m,1 Daylight,1 Fine,1 Road-Dry,0 None,0 None,526120,185000,-0.182412,51.549806,,,Unknown,"(51.549806, -0.182412)",http://opendatacommunities.org/id/london-borough-council/camden,8222,21/12/2020 02:48:42 PM
1170035542,CAMDEN,1 Driver/Rider,1 Male,25-59,46,1,3 Slight,-2 Unknown,-2 N/A,5 Taxi,FINCHLEY ROAD J/W BURRARD ROAD,2,04/05/2017 03:15:00 PM,Thursday,15.15,1 TLRN,A,41,3 Dual Cwy,3 40 MPH,3 T/Stag Jun,4 Give Way/Uncontrolled,Unclassified,0,0 No Xing Facility In 50m,1 Daylight,1 Fine,1 Road-Dry,0 None,0 None,525330,185620,-0.193579,51.555554,,,Unknown,"(51.555554, -0.193579)",http://opendatacommunities.org/id/london-borough-council/camden,6939,21/12/2020 02:48:39 PM
0115EK40621,CAMDEN,1 Driver/Rider,1 Male,25-59,25,1,3 Slight,-2 Unknown,-2 N/A,3 Powered 2 Wheeler,KILBURN HIGH ROAD J/W KILBURN PARK ROAD,2,23/07/2015 08:12:00 AM,Thursday,8.12,3 Bor,A,5,6 Single Cwy,2 30 MPH,3 T/Stag Jun,4 Give Way/Uncontrolled,B,414,1 Zebra,1 Daylight,1 Fine,1 Road-Dry,0 None,0 None,525650,183360,-0.189772,51.535172,,,Unknown,"(51.535172, -0.189772)",http://opendatacommunities.org/id/london-borough-council/camden,5102,21/12/2020 02:48:36 PM
0115EK40931,CAMDEN,1 Driver/Rider,1 Male,16-24,21,1,3 Slight,-2 Unknown,-2 N/A,2 Pedal Cycle,BARTHOLOMEW ROAD J/W LEIGHTON ROAD,2,10/10/2015 08:50:00 PM,Saturday,20.50,3 Bor,C,0,6 Single Cwy,2 30 MPH,3 T/Stag Jun,4 Give Way/Uncontrolled,Unclassified,0,0 No Xing Facility In 50m,2 Dark,1 Fine,1 Road-Dry,0 None,0 None,529420,185170,-0.134782,51.550588,,,Unknown,"(51.550588, -0.134782)",http://opendatacommunities.org/id/london-borough-council/camden,5361,21/12/2020 02:48:37 PM
0116EK40185,CAMDEN,3 Pedestrian,2 Female,25-59,54,1,3 Slight,04 Crossing Road Within 50m Xing,1 From Drivers N/Side,1 Pedestrian,TOTTENHAM COURT ROAD J/W WARREN STREET,1,24/03/2016 06:26:00 PM,Thursday,18.26,3 Bor,A,400,2 One-Way St,2 30 MPH,3 T/Stag Jun,4 Give Way/Uncontrolled,Unclassified,0,5 Pedn Phase At Ats,2 Dark,2 Raining,2 Road-Wet,0 None,0 None,529270,182270,-0.138008,51.52456,,,Unknown,"(51.52456, -0.138008)",http://opendatacommunities.org/id/london-borough-council/camden,6131,21/12/2020 02:48:38 PM
0116EK40407,CAMDEN,3 Pedestrian,2 Female,0-15,11,1,3 Slight,01 Crossing Road On Ped Xing,1 From Drivers N/Side,1 Pedestrian,HIGHGATE ROAD J/W GORDON HOUSE ROAD,1,14/06/2016 08:15:00 AM,Tuesday,8.15,3 Bor,B,518,6 Single Cwy,2 30 MPH,3 T/Stag Jun,2 Auto Sig,B,518,5 Pedn Phase At Ats,1 Daylight,1 Fine,1 Road-Dry,0 None,0 None,528590,185810,-0.146512,51.556529,,,Unknown,"(51.556529, -0.146512)",http://opendatacommunities.org/id/london-borough-council/camden,6324,21/12/2020 02:48:38 PM
0116EK40290,CAMDEN,3 Pedestrian,1 Male,25-59,36,1,2 Serious,05 Crossing Road (Not On Xing),1 From Drivers N/Side,1 Pedestrian,NEW OXFORD STREET 22M W OF DYOTT STREET,1,28/04/2016 10:20:00 AM,Thursday,10.20,3 Bor,A,40,6 Single Cwy,2 30 MPH,0 No Jun In 20m,-2 Not Applicable,-2 Not Applicable,0,0 No Xing Facility In 50m,1 Daylight,1 Fine,1 Road-Dry,0 None,0 None,529990,181420,-0.127949,51.516756,,,Unknown,"(51.516756, -0.127949)",http://opendatacommunities.org/id/london-borough-council/camden,6225,21/12/2020 02:48:38 PM
1170047181,CAMDEN,1 Driver/Rider,2 Female,16-24,24,1,3 Slight,-2 Unknown,-2 N/A,2 Pedal Cycle,PLENDER STREET J/W BAYHAM STREET,2,07/07/2017 12:18:00 PM,Friday,12.18,3 Bor,C,0,2 One-Way St,1 <= 20 MPH,6 Crossroads,4 Give Way/Uncontrolled,Unclassified,0,1 Zebra,1 Daylight,1 Fine,1 Road-Dry,0 None,0 None,529190,183560,-0.138688,51.536172,,,Unknown,"(51.536172, -0.138688)",http://opendatacommunities.org/id/london-borough-council/camden,7126,21/12/2020 02:48:40 PM
1170023671,CAMDEN,3 Pedestrian,2 Female,25-59,25,1,3 Slight,01 Crossing Road On Ped Xing,1 From Drivers N/Side,1 Pedestrian,HIGH HOLBORN J/W KINGSWAY,1,08/03/2017 09:02:00 AM,Wednesday,9.02,3 Bor,A,40,6 Single Cwy,2 30 MPH,7 Multi Jun,2 Auto Sig,A,4200,5 Pedn Phase At Ats,1 Daylight,2 Raining,2 Road-Wet,0 None,0 None,530500,181520,-0.120566,51.517538,,,Unknown,"(51.517538, -0.120566)",http://opendatacommunities.org/id/london-borough-council/camden,6752,21/12/2020 02:48:39 PM
1190188358,CAMDEN,3 PEDESTRIAN,2 FEMALE,16-24,21,1,3 SLIGHT,04 CROSSING ROAD WITHIN 50M XING,3 FROM DRIVERS O/SIDE,1 PEDESTRIAN,"On Grays Inn Road, 60 metres north of the junction with Wren street .. The nearest classified road was the B502. The nearest classified road was the B502",1,19/06/2019 11:16:00 PM,Wednesday,23.16,3 BOR,A,5200,6 SINGLE CWY,20,00 NO JUN IN 20M,,0,0,1 ZEBRA,1 DARK,1 FINE,2 ROAD-WET,0 NONE,0 NONE,530723,182408,-0.117025,51.525466,,,Unknown,"(51.525466, -0.117025)",http://opendatacommunities.org/id/london-borough-council/camden,9117,21/12/2020 02:48:44 PM
1170055490,CAMDEN,1 Driver/Rider,1 Male,60+,67,1,3 Slight,-2 Unknown,-2 N/A,2 Pedal Cycle,HARLEY ROAD NW3 3BN 100M N OF J/W ADELIADE ROAD,2,22/08/2017 11:00:00 PM,Tuesday,23.00,3 Bor,Unclassified,0,6 Single Cwy,2 30 MPH,0 No Jun In 20m,-2 Not Applicable,-2 Not Applicable,0,0 No Xing Facility In 50m,2 Dark,2 Raining,2 Road-Wet,0 None,0 None,527000,184050,-0.17007,51.541072,,,Unknown,"(51.541072, -0.17007)",http://opendatacommunities.org/id/london-borough-council/camden,7267,21/12/2020 02:48:40 PM
1190158962,CAMDEN,1 DRIVER/RIDER,1 MALE,25-59,44,2,3 SLIGHT,'-2 NOT APPLICABLE,'-2 NOT APPLICABLE,4 CAR,"On Finchley Road, near the junction with Frognal Road.",2,03/01/2019 08:45:00 AM,Thursday,8.45,1 TLRN,A,41,3 DUAL CWY,40,09 OTHER JUN,2 AUTO SIG,5,0,5 PEDN PHASE AT ATS,2 DAYLIGHT,1 FINE,1 ROAD-DRY,0 NONE,0 NONE,525684,185315,-0.188585,51.552735,,,Unknown,"(51.552735, -0.188585)",http://opendatacommunities.org/id/london-borough-council/camden,8716,21/12/2020 02:48:43 PM
0115QK50911,CAMDEN,2 Passenger,2 Female,25-59,35,1,3 Slight,-2 Unknown,-2 N/A,7 Goods Vehicle,KILBURN HIGH RD 23M SOUTH EAST OF J/W QUEX RD,3,17/11/2015 10:11:00 AM,Tuesday,10.11,3 Bor,A,5,6 Single Cwy,2 30 MPH,0 No Jun In 20m,-2 Not Applicable,-2 Not Applicable,0,0 No Xing Facility In 50m,1 Daylight,9 Unknown,1 Road-Dry,0 None,0 None,525250,183830,-0.195369,51.539485,,,Unknown,"(51.539485, -0.195369)",http://opendatacommunities.org/id/london-borough-council/camden,5627,21/12/2020 02:48:37 PM
1170058836,CAMDEN,1 Driver/Rider,1 Male,25-59,30,1,3 Slight,-2 Unknown,-2 N/A,3 Powered 2 Wheeler,FLAXMAN TERRACE 15M W OF J/W MABLEDON PLACE,2,12/09/2017 02:00:00 PM,Tuesday,14.00,3 Bor,Unclassified,0,6 Single Cwy,1 <= 20 MPH,3 T/Stag Jun,4 Give Way/Uncontrolled,C,0,0 No Xing Facility In 50m,1 Daylight,1 Fine,1 Road-Dry,0 None,0 None,529970,182650,-0.127784,51.527815,,,Unknown,"(51.527815, -0.127784)",http://opendatacommunities.org/id/london-borough-council/camden,7319,21/12/2020 02:48:40 PM
1180102995,CAMDEN,3 Pedestrian,2 Female,25-59,27,1,3 Slight,05 Crossing Road (Not On Xing),1 From Drivers N/Side,1 Pedestrian,GRAY'S INN SQUARE J/W VERULAM STREET,1,20/04/2018 06:45:00 PM,Friday,18.45,3 Bor,A,5200,6 Single Cwy,1 <= 20 MPH,3 T/Stag Jun,4 Give Way/Uncontrolled,Unclassified,0,4 Pelican Or Similar,1 Daylight,1 Fine,1 Road-Dry,0 None,0 None,531060,181820,-0.112388,51.520104,,,Unknown,"(51.520104, -0.112388)",http://opendatacommunities.org/id/london-borough-council/camden,7914,21/12/2020 02:48:41 PM
0115EK41032,CAMDEN,1 Driver/Rider,2 Female,25-59,58,1,3 Slight,-2 Unknown,-2 N/A,4 Car,"NFL - EUSTON ROAD, 60 METRES SW OF EVERSHOLT STREET.",2,27/10/2015 03:00:00 PM,Tuesday,15.00,1 TLRN,A,501,3 Dual Cwy,2 30 MPH,0 No Jun In 20m,-2 Not Applicable,-2 Not Applicable,0,0 No Xing Facility In 50m,1 Daylight,1 Fine,1 Road-Dry,0 None,0 None,529700,182560,-0.131707,51.527068,,,Unknown,"(51.527068, -0.131707)",http://opendatacommunities.org/id/london-borough-council/camden,5451,21/12/2020 02:48:37 PM