Reference,London Borough Name,Casualty Class,Casualty Sex,Casualty Age Band,Casualty Age,Number Of Casualties,Casualty Severity,Pedestrian Location,Pedestrian Movement,Mode Of Travel,Attendant Location,Number Of Vehicles,Date,Day,Time,Highway,Road Class 1,Road Number 1,Road Type,Speed Limit,Junction Detail,Junction Control,Road Class 2,Road Number 2,Pedestrian Crossing,Light Condition Band,Weather,Road Surface,Special Conditions,Carriage Way Hazard,Easting,Northing,Longitude,Latitude,Ward Code,Ward Name,Spatial Accuracy,Location,Organisation URI,Socrata ID,Last Uploaded
1160004278,CAMDEN,3 Pedestrian,1 Male,25-59,51,1,2 Serious,01 Crossing Road On Ped Xing,3 From Drivers O/Side,1 Pedestrian,MANSFIELD ROAD J/W ESTELLE ROAD,1,30/11/2016 03:23:00 PM,Wednesday,15.23,3 Bor,B,518,6 Single Cwy,1 <= 20 MPH,3 T/Stag Jun,4 Give Way/Uncontrolled,Unclassified,0,1 Zebra,1 Daylight,1 Fine,1 Road-Dry,0 None,0 None,528050,185521,-0.154402,51.554054,,,Unknown,"(51.554054, -0.154402)",http://opendatacommunities.org/id/london-borough-council/camden,5713,21/12/2020 02:48:37 PM
0115EK40685,CAMDEN,2 Passenger,1 Male,Unknown,0,1,3 Slight,-2 Unknown,-2 N/A,4 Car,THEOBALD'S ROAD J/W GRAY'S INN ROAD,2,09/08/2015 05:50:00 AM,Sunday,5.50,3 Bor,A,401,6 Single Cwy,2 30 MPH,6 Crossroads,2 Auto Sig,A,5200,5 Pedn Phase At Ats,1 Daylight,1 Fine,1 Road-Dry,0 None,0 None,530980,181970,-0.113485,51.521471,,,Unknown,"(51.521471, -0.113485)",http://opendatacommunities.org/id/london-borough-council/camden,5159,21/12/2020 02:48:36 PM
0116EK40232,CAMDEN,1 Driver/Rider,1 Male,25-59,31,1,3 Slight,-2 Unknown,-2 N/A,3 Powered 2 Wheeler,WEST END LANE J/W DENNINGTON PARK ROAD,2,08/01/2016 08:40:00 PM,Friday,20.40,3 Bor,B,510,6 Single Cwy,2 30 MPH,3 T/Stag Jun,4 Give Way/Uncontrolled,Unclassified,0,0 No Xing Facility In 50m,2 Dark,1 Fine,1 Road-Dry,0 None,0 None,525490,185010,-0.19149,51.550037,,,Unknown,"(51.550037, -0.19149)",http://opendatacommunities.org/id/london-borough-council/camden,6172,21/12/2020 02:48:38 PM
0115EK40224,CAMDEN,1 Driver/Rider,1 Male,16-24,24,1,3 Slight,-2 Unknown,-2 N/A,4 Car,CAMDEN HIGH STREET J/W DELANCEY STREET,2,24/03/2015 09:45:00 PM,Tuesday,21.45,1 TLRN,A,502,6 Single Cwy,2 30 MPH,3 T/Stag Jun,2 Auto Sig,A,503,5 Pedn Phase At Ats,2 Dark,1 Fine,1 Road-Dry,0 None,0 None,529010,183660,-0.141245,51.537111,,,Unknown,"(51.537111, -0.141245)",http://opendatacommunities.org/id/london-borough-council/camden,4756,21/12/2020 02:48:36 PM
1170014390,CAMDEN,3 Pedestrian,2 Female,25-59,44,1,3 Slight,05 Crossing Road (Not On Xing),9 Unknown Or Other,1 Pedestrian,PARKWAY J/W ARLINGTON ROAD,1,20/01/2017 11:12:00 AM,Friday,11.12,3 Bor,A,4201,6 Single Cwy,2 30 MPH,3 T/Stag Jun,4 Give Way/Uncontrolled,Unclassified,0,0 No Xing Facility In 50m,1 Daylight,1 Fine,1 Road-Dry,0 None,0 None,528830,183810,-0.143784,51.5385,,,Unknown,"(51.5385, -0.143784)",http://opendatacommunities.org/id/london-borough-council/camden,6613,21/12/2020 02:48:39 PM
1170027105,CAMDEN,1 Driver/Rider,1 Male,25-59,54,1,2 Serious,-2 Unknown,-2 N/A,3 Powered 2 Wheeler,NORTHINGTON STREET J/W KINGS MEWS,2,22/03/2017 08:01:00 AM,Wednesday,8.01,3 Bor,Unclassified,0,2 One-Way St,1 <= 20 MPH,6 Crossroads,4 Give Way/Uncontrolled,Unclassified,0,0 No Xing Facility In 50m,1 Daylight,2 Raining,2 Road-Wet,0 None,0 None,530900,182040,-0.114611,51.522118,,,Unknown,"(51.522118, -0.114611)",http://opendatacommunities.org/id/london-borough-council/camden,6806,21/12/2020 02:48:39 PM
1170026708,CAMDEN,3 Pedestrian,1 Male,25-59,32,1,2 Serious,01 Crossing Road On Ped Xing,9 Unknown Or Other,1 Pedestrian,ADELAIDE ROAD J/W HARLEY ROAD,1,20/03/2017 06:00:00 PM,Monday,18.00,3 Bor,B,509,3 Dual Cwy,2 30 MPH,6 Crossroads,2 Auto Sig,Unclassified,0,4 Pelican Or Similar,2 Dark,1 Fine,2 Road-Wet,0 None,0 None,526910,184160,-0.171327,51.54208,,,Unknown,"(51.54208, -0.171327)",http://opendatacommunities.org/id/london-borough-council/camden,6800,21/12/2020 02:48:39 PM
1170032305,CAMDEN,2 Passenger,1 Male,0-15,2,1,3 Slight,-2 Unknown,-2 N/A,6 Bus Or Coach,FINCHLEY ROAD 10M S OF J/W PARSIFAL ROAD,1,16/04/2017 05:01:00 PM,Sunday,17.01,1 TLRN,A,41,3 Dual Cwy,2 30 MPH,3 T/Stag Jun,4 Give Way/Uncontrolled,Unclassified,0,0 No Xing Facility In 50m,1 Daylight,1 Fine,1 Road-Dry,0 None,0 None,525420,185530,-0.192314,51.554725,,,Unknown,"(51.554725, -0.192314)",http://opendatacommunities.org/id/london-borough-council/camden,6885,21/12/2020 02:48:39 PM
1190189495,CAMDEN,1 DRIVER/RIDER,1 MALE,U,,1,3 SLIGHT,'-2 NOT APPLICABLE,'-2 NOT APPLICABLE,4 CAR,"On Kilburn High Road, near the junction with Kilburn Park Road.",2,24/06/2019 05:50:00 PM,Monday,17.50,3 BOR,A,5,6 SINGLE CWY,30,03 T/STAG JUN,9 UNKNOWN (S/R),B,414,9 UNKNOWN (S/R),2 DAYLIGHT,1 FINE,1 ROAD-DRY,0 NONE,0 NONE,525627,183336,-0.190112,51.534962,,,Unknown,"(51.534962, -0.190112)",http://opendatacommunities.org/id/london-borough-council/camden,9129,21/12/2020 02:48:44 PM
1180142232,CAMDEN,1 Driver/Rider,1 Male,25-59,39,1,2 Serious,-2 Unknown,-2 N/A,3 Powered 2 Wheeler,TOTTENHAM COURT ROAD J/W OXFORD STREET,1,30/10/2018 12:41:00 PM,Tuesday,12.41,3 Bor,A,400,2 One-Way St,2 30 MPH,6 Crossroads,2 Auto Sig,A,40,4 Pelican Or Similar,1 Daylight,1 Fine,1 Road-Dry,0 None,0 None,529830,181350,-0.130279,51.516164,,,Unknown,"(51.516164, -0.130279)",http://opendatacommunities.org/id/london-borough-council/camden,8480,21/12/2020 02:48:43 PM
1190181486,CAMDEN,3 PEDESTRIAN,1 MALE,25-59,41,1,3 SLIGHT,05 CROSSING ROAD (NOT ON XING),1 FROM DRIVERS N/SIDE,1 PEDESTRIAN,"On Shaftesbury Avenue, 20 metres west of the junction with Neal Street.",2,15/05/2019 07:02:00 PM,Wednesday,19.02,3 BOR,A,401,2 ONE-WAY ST,30,03 T/STAG JUN,9 UNKNOWN (S/R),B,404,5 PEDN PHASE AT ATS,2 DAYLIGHT,1 FINE,1 ROAD-DRY,0 NONE,0 NONE,530041,181247,-0.127278,51.51519,,,Unknown,"(51.51519, -0.127278)",http://opendatacommunities.org/id/london-borough-council/camden,9015,21/12/2020 02:48:44 PM
0115EK41118,CAMDEN,1 Driver/Rider,2 Female,25-59,57,1,3 Slight,-2 Unknown,-2 N/A,4 Car,HILLWAY J/W MAKEPEACE AVENUE,2,14/12/2015 10:00:00 PM,Monday,22.00,3 Bor,Unclassified,0,6 Single Cwy,2 30 MPH,6 Crossroads,4 Give Way/Uncontrolled,Unclassified,0,0 No Xing Facility In 50m,2 Dark,1 Fine,2 Road-Wet,0 None,0 None,528370,186700,-0.149359,51.564577,,,Unknown,"(51.564577, -0.149359)",http://opendatacommunities.org/id/london-borough-council/camden,5529,21/12/2020 02:48:37 PM
0115EK40054,CAMDEN,1 Driver/Rider,1 Male,25-59,28,1,3 Slight,-2 Unknown,-2 N/A,3 Powered 2 Wheeler,FINCHLEY ROAD 32M NW OF J/W CANFIELD GARDENS,2,26/01/2015 07:15:00 PM,Monday,19.15,1 TLRN,A,41,6 Single Cwy,2 30 MPH,0 No Jun In 20m,-2 Not Applicable,-2 Not Applicable,0,5 Pedn Phase At Ats,2 Dark,1 Fine,1 Road-Dry,0 None,0 None,526310,184700,-0.179781,51.547068,,,Unknown,"(51.547068, -0.179781)",http://opendatacommunities.org/id/london-borough-council/camden,4623,21/12/2020 02:48:35 PM
0116EK40024,CAMDEN,1 Driver/Rider,1 Male,25-59,45,1,2 Serious,-2 Unknown,-2 N/A,2 Pedal Cycle,N.F.L WILLOW ROAD 22M E OF WILLOUGHBY ROAD,1,19/01/2016 05:10:00 PM,Tuesday,17.10,3 Bor,Unclassified,0,6 Single Cwy,2 30 MPH,0 No Jun In 20m,-2 Not Applicable,-2 Not Applicable,0,0 No Xing Facility In 50m,2 Dark,1 Fine,1 Road-Dry,0 None,0 None,526780,185880,-0.172581,51.557567,,,Unknown,"(51.557567, -0.172581)",http://opendatacommunities.org/id/london-borough-council/camden,6001,21/12/2020 02:48:38 PM
1190221839,CAMDEN,1 DRIVER/RIDER,1 MALE,25-59,33,1,3 SLIGHT,'-2 NOT APPLICABLE,'-2 NOT APPLICABLE,3 POWERED 2 WHEELER,"On West End Lane, near the junction with GASCONY AVENUE.",2,30/11/2019 04:03:00 PM,Saturday,16.03,3 BOR,B,510,6 SINGLE CWY,20,03 T/STAG JUN,4 GIVE WAY/UNCONTROLLED,6,0,0 NO XING FACILITY IN 50M,2 DAYLIGHT,1 FINE,1 ROAD-DRY,0 NONE,0 NONE,525397,184172,-0.193129,51.542526,,,Unknown,"(51.542526, -0.193129)",http://opendatacommunities.org/id/london-borough-council/camden,9563,21/12/2020 02:48:45 PM
1170076992,CAMDEN,1 Driver/Rider,1 Male,25-59,40,1,3 Slight,-2 Unknown,-2 N/A,4 Car,CAVERSHAM ROAD J/W WOLSEY MEWS,2,11/12/2017 11:15:00 AM,Monday,11.15,3 Bor,Unclassified,0,2 One-Way St,1 <= 20 MPH,6 Crossroads,9 Unknown (S/R),Unclassified,0,9 Unknown (S/R),1 Daylight,2 Raining,2 Road-Wet,0 None,0 None,529020,184960,-0.140625,51.548792,,,Unknown,"(51.548792, -0.140625)",http://opendatacommunities.org/id/london-borough-council/camden,7602,21/12/2020 02:48:41 PM
1190197359,CAMDEN,1 DRIVER/RIDER,1 MALE,25-59,51,1,3 SLIGHT,'-2 NOT APPLICABLE,'-2 NOT APPLICABLE,3 POWERED 2 WHEELER,"On KINGSWAY, near the junction with WILD COURT.",2,02/08/2019 11:30:00 AM,Friday,11.30,3 BOR,A,4200,3 DUAL CWY,20,09 OTHER JUN,4 GIVE WAY/UNCONTROLLED,6,0,4 PELICAN OR SIMILAR,2 DAYLIGHT,1 FINE,1 ROAD-DRY,0 NONE,0 NONE,530603,181303,-0.119163,51.515564,,,Unknown,"(51.515564, -0.119163)",http://opendatacommunities.org/id/london-borough-council/camden,9249,21/12/2020 02:48:44 PM
1180107933,CAMDEN,1 Driver/Rider,1 Male,16-24,21,1,3 Slight,-2 Unknown,-2 N/A,2 Pedal Cycle,PENTONVILLE ROAD J/W NORTHDOWN STREET,2,14/05/2018 07:00:00 PM,Monday,19.00,1 TLRN,A,501,3 Dual Cwy,1 <= 20 MPH,3 T/Stag Jun,2 Auto Sig,A,501,1 Zebra,1 Daylight,1 Fine,1 Road-Dry,0 None,0 None,530540,183010,-0.119438,51.530919,,,Unknown,"(51.530919, -0.119438)",http://opendatacommunities.org/id/london-borough-council/camden,7992,21/12/2020 02:48:42 PM
1170062915,CAMDEN,3 Pedestrian,1 Male,Unknown,0,1,3 Slight,05 Crossing Road (Not On Xing),9 Unknown Or Other,1 Pedestrian,CHURCH ROW 25M E OF J/W HEATH STREET,1,02/10/2017 08:50:00 AM,Monday,8.50,3 Bor,Unclassified,0,9 Unknown,2 30 MPH,0 No Jun In 20m,-2 Not Applicable,-2 Not Applicable,0,0 No Xing Facility In 50m,1 Daylight,9 Unknown,9 Unknown (S/R),0 None,0 None,526250,185630,-0.180312,51.555439,,,Unknown,"(51.555439, -0.180312)",http://opendatacommunities.org/id/london-borough-council/camden,7383,21/12/2020 02:48:40 PM
1170022117,CAMDEN,1 Driver/Rider,1 Male,25-59,32,1,3 Slight,-2 Unknown,-2 N/A,3 Powered 2 Wheeler,YORK WAY J/W WHARFDALE ROAD,2,01/03/2017 09:00:00 PM,Wednesday,21.00,3 Bor,A,5200,6 Single Cwy,1 <= 20 MPH,3 T/Stag Jun,2 Auto Sig,C,0,5 Pedn Phase At Ats,2 Dark,2 Raining,2 Road-Wet,0 None,0 None,530320,183280,-0.122508,51.533396,,,Unknown,"(51.533396, -0.122508)",http://opendatacommunities.org/id/london-borough-council/camden,6729,21/12/2020 02:48:39 PM
1170072968,CAMDEN,1 Driver/Rider,1 Male,16-24,23,1,3 Slight,-2 Unknown,-2 N/A,3 Powered 2 Wheeler,FINCHLEY ROAD 50M N OF J/W COLLEGE CRESENT THE NEAREST CLASSIFIED,1,26/11/2017 05:00:00 PM,Sunday,17.00,1 TLRN,A,41,3 Dual Cwy,2 30 MPH,0 No Jun In 20m,-2 Not Applicable,-2 Not Applicable,0,4 Pelican Or Similar,2 Dark,1 Fine,1 Road-Dry,0 None,6 Ped In Cwy (Not Inj),526610,184400,-0.175565,51.544305,,,Unknown,"(51.544305, -0.175565)",http://opendatacommunities.org/id/london-borough-council/camden,7551,21/12/2020 02:48:41 PM
1180129200,CAMDEN,1 Driver/Rider,1 Male,25-59,36,1,3 Slight,-2 Unknown,-2 N/A,4 Car,CAMDEN ROAD J/W ST PANCRAS WAY,2,24/08/2018 05:32:00 PM,Friday,17.32,1 TLRN,A,503,6 Single Cwy,2 30 MPH,3 T/Stag Jun,2 Auto Sig,A,5202,5 Pedn Phase At Ats,1 Daylight,1 Fine,1 Road-Dry,0 None,0 None,529254,184302,-0.137493,51.542825,,,Unknown,"(51.542825, -0.137493)",http://opendatacommunities.org/id/london-borough-council/camden,8280,21/12/2020 02:48:42 PM
1180121407,CAMDEN,1 Driver/Rider,2 Female,25-59,40,1,3 Slight,-2 Unknown,-2 N/A,2 Pedal Cycle,BOUNDARY ROAD J/W BUTTERMERE COURT,2,16/07/2018 06:10:00 PM,Monday,18.10,3 Bor,C,0,2 One-Way St,1 <= 20 MPH,3 T/Stag Jun,4 Give Way/Uncontrolled,Unclassified,0,0 No Xing Facility In 50m,1 Daylight,1 Fine,1 Road-Dry,0 None,0 None,526670,183860,-0.174894,51.539438,,,Unknown,"(51.539438, -0.174894)",http://opendatacommunities.org/id/london-borough-council/camden,8181,21/12/2020 02:48:42 PM
1170014564,CAMDEN,1 Driver/Rider,1 Male,25-59,53,1,3 Slight,-2 Unknown,-2 N/A,5 Taxi,KING HENRY'S ROAD J/W PRIMROSE HILL ROAD,2,18/01/2017 01:01:00 PM,Wednesday,13.01,3 Bor,Unclassified,0,6 Single Cwy,1 <= 20 MPH,3 T/Stag Jun,4 Give Way/Uncontrolled,Unclassified,0,0 No Xing Facility In 50m,1 Daylight,1 Fine,1 Road-Dry,0 None,0 None,527490,184200,-0.162954,51.542309,,,Unknown,"(51.542309, -0.162954)",http://opendatacommunities.org/id/london-borough-council/camden,6615,21/12/2020 02:48:39 PM
0115EK40493,CAMDEN,2 Passenger,1 Male,Unknown,0,1,3 Slight,-2 Unknown,-2 N/A,6 Bus Or Coach,ALBANY STREET 29*M S OF J/W CHESTER CLOSE NORTH,1,18/06/2015 06:56:00 PM,Thursday,18.56,3 Bor,A,4201,6 Single Cwy,2 30 MPH,0 No Jun In 20m,-2 Not Applicable,-2 Not Applicable,0,0 No Xing Facility In 50m,1 Daylight,1 Fine,1 Road-Dry,0 None,0 None,528810,182750,-0.14446,51.528979,,,Unknown,"(51.528979, -0.14446)",http://opendatacommunities.org/id/london-borough-council/camden,4984,21/12/2020 02:48:36 PM
1190186770,CAMDEN,3 PEDESTRIAN,2 FEMALE,16-24,23,2,3 SLIGHT,05 CROSSING ROAD (NOT ON XING),2 FROM DRIVERS N/SIDE MSK,1 PEDESTRIAN,"On Tottenham Court Road, 50 metres north of the junction with TORRINGTON PLACE.",1,12/06/2019 08:45:00 AM,Wednesday,8.45,3 BOR,A,400,6 SINGLE CWY,20,00 NO JUN IN 20M,,0,0,0 NO XING FACILITY IN 50M,2 DAYLIGHT,1 FINE,1 ROAD-DRY,0 NONE,0 NONE,529448,181975,-0.135552,51.521868,,,Unknown,"(51.521868, -0.135552)",http://opendatacommunities.org/id/london-borough-council/camden,9086,21/12/2020 02:48:44 PM
0115EK40134,CAMDEN,1 Driver/Rider,1 Male,25-59,47,1,3 Slight,-2 Unknown,-2 N/A,4 Car,EUSTON ROAD 47M SW OF J/W GORDON STREET,2,04/02/2015 06:45:00 PM,Wednesday,18.45,1 TLRN,A,501,3 Dual Cwy,4 50 MPH,0 No Jun In 20m,-2 Not Applicable,-2 Not Applicable,0,5 Pedn Phase At Ats,2 Dark,1 Fine,1 Road-Dry,0 None,0 None,529530,182440,-0.1342,51.526028,,,Unknown,"(51.526028, -0.1342)",http://opendatacommunities.org/id/london-borough-council/camden,4685,21/12/2020 02:48:36 PM
0116EK40525,CAMDEN,2 Passenger,2 Female,0-15,15,1,3 Slight,-2 Unknown,-2 N/A,6 Bus Or Coach,CAMDEN HIGH STREET J/W DELANCEY STREET,1,16/07/2016 02:15:00 PM,Saturday,14.15,1 TLRN,A,502,2 One-Way St,2 30 MPH,3 T/Stag Jun,2 Auto Sig,A,503,5 Pedn Phase At Ats,1 Daylight,1 Fine,1 Road-Dry,0 None,0 None,529010,183670,-0.141241,51.537201,,,Unknown,"(51.537201, -0.141241)",http://opendatacommunities.org/id/london-borough-council/camden,6426,21/12/2020 02:48:38 PM
1170075458,CAMDEN,1 Driver/Rider,2 Female,25-59,32,1,3 Slight,-2 Unknown,-2 N/A,2 Pedal Cycle,CAMDEN ROAD 5M N OF J/W SANDALL ROAD,2,05/12/2017 01:20:00 PM,Tuesday,13.20,1 TLRN,A,503,3 Dual Cwy,2 30 MPH,3 T/Stag Jun,4 Give Way/Uncontrolled,Unclassified,0,5 Pedn Phase At Ats,1 Daylight,1 Fine,1 Road-Dry,0 None,0 None,529530,184630,-0.133395,51.54571,,,Unknown,"(51.54571, -0.133395)",http://opendatacommunities.org/id/london-borough-council/camden,7582,21/12/2020 02:48:41 PM
0115CW11909,CAMDEN,3 Pedestrian,1 Male,16-24,18,1,3 Slight,01 Crossing Road On Ped Xing,1 From Drivers N/Side,1 Pedestrian,NFL- MAIDA VALE 10M NORTH WEST J/W KILBURN PARK ROAD,1,14/12/2015 03:42:00 AM,Monday,3.42,3 Bor,A,5,6 Single Cwy,2 30 MPH,3 T/Stag Jun,4 Give Way/Uncontrolled,B,414,1 Zebra,2 Dark,1 Fine,1 Road-Dry,0 None,0 None,525660,183360,-0.189628,51.53517,,,Unknown,"(51.53517, -0.189628)",http://opendatacommunities.org/id/london-borough-council/camden,4585,21/12/2020 02:48:35 PM
1180107508,CAMDEN,1 Driver/Rider,1 Male,16-24,22,1,3 Slight,-2 Unknown,-2 N/A,3 Powered 2 Wheeler,DELANCEY STREET J/W ARLINGTON ROAD,1,12/05/2018 07:15:00 PM,Saturday,19.15,3 Bor,A,503,2 One-Way St,1 <= 20 MPH,6 Crossroads,4 Give Way/Uncontrolled,Unclassified,0,0 No Xing Facility In 50m,1 Daylight,2 Raining,2 Road-Wet,0 None,0 None,528920,183610,-0.14256,51.536683,,,Unknown,"(51.536683, -0.14256)",http://opendatacommunities.org/id/london-borough-council/camden,7989,21/12/2020 02:48:42 PM
1190172205,CAMDEN,1 DRIVER/RIDER,1 MALE,25-59,32,2,3 SLIGHT,'-2 NOT APPLICABLE,'-2 NOT APPLICABLE,2 PEDAL CYCLE,"On Outer Circle, 209 metres east of the junction with Gloucester Gate.",3,30/03/2019 08:33:00 AM,Saturday,8.33,3 BOR,6,0,6 SINGLE CWY,30,00 NO JUN IN 20M,,0,0,0 NO XING FACILITY IN 50M,2 DAYLIGHT,1 FINE,1 ROAD-DRY,0 NONE,0 NONE,528388,183566,-0.150243,51.536408,,,Unknown,"(51.536408, -0.150243)",http://opendatacommunities.org/id/london-borough-council/camden,8892,21/12/2020 02:48:44 PM
0115EK40491,CAMDEN,2 Passenger,2 Female,60+,67,1,3 Slight,-2 Unknown,-2 N/A,6 Bus Or Coach,EUSTON ROAD J/W DUKE'S ROAD,2,15/06/2015 10:01:00 AM,Monday,10.01,1 TLRN,A,501,3 Dual Cwy,3 40 MPH,6 Crossroads,2 Auto Sig,Unclassified,0,5 Pedn Phase At Ats,1 Daylight,1 Fine,1 Road-Dry,0 None,0 None,529840,182640,-0.12966,51.527755,,,Unknown,"(51.527755, -0.12966)",http://opendatacommunities.org/id/london-borough-council/camden,4980,21/12/2020 02:48:36 PM
1190207929,CAMDEN,3 PEDESTRIAN,2 FEMALE,25-59,43,1,3 SLIGHT,01 CROSSING ROAD ON PED XING,2 FROM DRIVERS N/SIDE MSK,1 PEDESTRIAN,"On Tottenham Court Road, near the junction with Torrington Place.",1,26/09/2019 09:57:00 PM,Thursday,21.57,3 BOR,A,400,6 SINGLE CWY,20,03 T/STAG JUN,2 AUTO SIG,5,0,5 PEDN PHASE AT ATS,1 DARK,1 FINE,2 ROAD-WET,0 NONE,0 NONE,529475,181927,-0.135181,51.521431,,,Unknown,"(51.521431, -0.135181)",http://opendatacommunities.org/id/london-borough-council/camden,9391,21/12/2020 02:48:44 PM
0115EK40554,CAMDEN,1 Driver/Rider,2 Female,16-24,19,1,3 Slight,-2 Unknown,-2 N/A,2 Pedal Cycle,CHESTER ROAD J/W BRAMSHILL GARDENS,2,07/07/2015 09:45:00 AM,Tuesday,9.45,3 Bor,Unclassified,0,6 Single Cwy,2 30 MPH,3 T/Stag Jun,4 Give Way/Uncontrolled,Unclassified,0,0 No Xing Facility In 50m,1 Daylight,1 Fine,1 Road-Dry,0 None,0 None,528920,186540,-0.141487,51.563014,,,Unknown,"(51.563014, -0.141487)",http://opendatacommunities.org/id/london-borough-council/camden,5040,21/12/2020 02:48:36 PM
1170058008,CAMDEN,1 Driver/Rider,2 Female,25-59,34,1,3 Slight,-2 Unknown,-2 N/A,2 Pedal Cycle,HAMPSTEAD ROAD J/W EUSTON ROAD,2,06/09/2017 07:00:00 PM,Wednesday,19.00,1 TLRN,A,400,6 Single Cwy,2 30 MPH,7 Multi Jun,2 Auto Sig,A,501,4 Pelican Or Similar,2 Dark,9 Unknown,1 Road-Dry,0 None,0 None,529260,182310,-0.138138,51.524922,,,Unknown,"(51.524922, -0.138138)",http://opendatacommunities.org/id/london-borough-council/camden,7309,21/12/2020 02:48:40 PM
1170025605,CAMDEN,1 Driver/Rider,1 Male,25-59,30,1,3 Slight,-2 Unknown,-2 N/A,2 Pedal Cycle,BLOOMSBURY WAY J/W BURY PLACE,2,16/03/2017 08:00:00 AM,Thursday,8.00,3 Bor,A,40,6 Single Cwy,1 <= 20 MPH,7 Multi Jun,4 Give Way/Uncontrolled,Unclassified,0,4 Pelican Or Similar,1 Daylight,1 Fine,1 Road-Dry,0 None,0 None,530270,181540,-0.123872,51.51777,,,Unknown,"(51.51777, -0.123872)",http://opendatacommunities.org/id/london-borough-council/camden,6784,21/12/2020 02:48:39 PM
0116CW10275,CAMDEN,3 Pedestrian,2 Female,60+,64,1,3 Slight,01 Crossing Road On Ped Xing,1 From Drivers N/Side,1 Pedestrian,OXFORD STREET J/W TOTTENHAM COURT ROAD,1,07/03/2016 12:05:00 PM,Monday,12.05,3 Bor,A,40,6 Single Cwy,2 30 MPH,6 Crossroads,2 Auto Sig,A,40,5 Pedn Phase At Ats,1 Daylight,1 Fine,1 Road-Dry,0 None,0 None,529810,181370,-0.13056,51.516348,,,Unknown,"(51.516348, -0.13056)",http://opendatacommunities.org/id/london-borough-council/camden,5964,21/12/2020 02:48:38 PM
1170058177,CAMDEN,1 Driver/Rider,1 Male,16-24,19,1,3 Slight,-2 Unknown,-2 N/A,3 Powered 2 Wheeler,BLOOMSBURY WAY J/W BURY PLACE,2,10/09/2017 07:40:00 PM,Sunday,19.40,3 Bor,A,40,6 Single Cwy,1 <= 20 MPH,6 Crossroads,2 Auto Sig,Unclassified,0,5 Pedn Phase At Ats,2 Dark,2 Raining,2 Road-Wet,0 None,0 None,530260,181540,-0.124016,51.517773,,,Unknown,"(51.517773, -0.124016)",http://opendatacommunities.org/id/london-borough-council/camden,7313,21/12/2020 02:48:40 PM
1180083993,CAMDEN,3 Pedestrian,2 Female,25-59,37,1,3 Slight,05 Crossing Road (Not On Xing),1 From Drivers N/Side,1 Pedestrian,TITCHFIELD ROAD J/W ST EDMUND'S TERRACE,1,15/01/2018 06:40:00 PM,Monday,18.40,3 Bor,Unclassified,0,6 Single Cwy,2 30 MPH,3 T/Stag Jun,4 Give Way/Uncontrolled,Unclassified,0,0 No Xing Facility In 50m,2 Dark,1 Fine,1 Road-Dry,0 None,0 None,527480,183540,-0.163337,51.53638,,,Unknown,"(51.53638, -0.163337)",http://opendatacommunities.org/id/london-borough-council/camden,7672,21/12/2020 02:48:41 PM
1190191463,CAMDEN,3 PEDESTRIAN,2 FEMALE,25-59,54,2,2 SERIOUS,01 CROSSING ROAD ON PED XING,'-2 NOT APPLICABLE,1 PEDESTRIAN,"On Howland Street, near the junction with Totthenham Court Road.",1,04/07/2019 08:39:00 AM,Thursday,8.39,3 BOR,5,0,6 SINGLE CWY,30,03 T/STAG JUN,2 AUTO SIG,A,400,4 PELICAN OR SIMILAR,2 DAYLIGHT,1 FINE,1 ROAD-DRY,0 NONE,0 NONE,529389,181990,-0.136397,51.522017,,,Unknown,"(51.522017, -0.136397)",http://opendatacommunities.org/id/london-borough-council/camden,9157,21/12/2020 02:48:44 PM
1180135674,CAMDEN,1 Driver/Rider,1 Male,25-59,27,1,3 Slight,-2 Unknown,-2 N/A,4 Car,FINCHLEY ROAD J/W LANGLAND GARDENS NW3,2,28/09/2018 07:19:00 PM,Friday,19.19,1 TLRN,A,41,3 Dual Cwy,2 30 MPH,9 Other Jun,4 Give Way/Uncontrolled,Unclassified,0,8 Central Refuge,2 Dark,4 Fine/High Winds,1 Road-Dry,0 None,0 None,525900,185230,-0.185501,51.551923,,,Unknown,"(51.551923, -0.185501)",http://opendatacommunities.org/id/london-borough-council/camden,8363,21/12/2020 02:48:42 PM
0115EK40813,CAMDEN,1 Driver/Rider,1 Male,25-59,33,1,3 Slight,-2 Unknown,-2 N/A,2 Pedal Cycle,CLERKENWELL ROAD J/W GRAY'S INN ROAD,2,18/09/2015 12:27:00 PM,Friday,12.27,3 Bor,A,401,6 Single Cwy,2 30 MPH,6 Crossroads,2 Auto Sig,A,5200,5 Pedn Phase At Ats,1 Daylight,1 Fine,1 Road-Dry,0 None,0 None,531000,181980,-0.113193,51.521556,,,Unknown,"(51.521556, -0.113193)",http://opendatacommunities.org/id/london-borough-council/camden,5271,21/12/2020 02:48:37 PM
0116CW10525,CAMDEN,3 Pedestrian,1 Male,16-24,24,1,3 Slight,05 Crossing Road (Not On Xing),1 From Drivers N/Side,1 Pedestrian,NFL- CHARING CROSS ROAD 25M NORTH J/W SUTTON ROW,1,08/01/2016 02:10:00 AM,Friday,2.10,3 Bor,A,400,6 Single Cwy,2 30 MPH,0 No Jun In 20m,-2 Not Applicable,-2 Not Applicable,0,0 No Xing Facility In 50m,2 Dark,1 Fine,1 Road-Dry,0 None,0 None,529820,181330,-0.130431,51.515987,,,Unknown,"(51.515987, -0.130431)",http://opendatacommunities.org/id/london-borough-council/camden,5967,21/12/2020 02:48:38 PM