Reference,London Borough Name,Casualty Class,Casualty Sex,Casualty Age Band,Casualty Age,Number Of Casualties,Casualty Severity,Pedestrian Location,Pedestrian Movement,Mode Of Travel,Attendant Location,Number Of Vehicles,Date,Day,Time,Highway,Road Class 1,Road Number 1,Road Type,Speed Limit,Junction Detail,Junction Control,Road Class 2,Road Number 2,Pedestrian Crossing,Light Condition Band,Weather,Road Surface,Special Conditions,Carriage Way Hazard,Easting,Northing,Longitude,Latitude,Ward Code,Ward Name,Spatial Accuracy,Location,Organisation URI,Socrata ID,Last Uploaded
0115EK40179,CAMDEN,2 Passenger,2 Female,0-15,14,1,3 Slight,-2 Unknown,-2 N/A,4 Car,FINCHLEY ROAD J/W REDINGTON GARDENS,3,01/03/2015 03:12:00 AM,Sunday,3.12,1 TLRN,A,41,6 Single Cwy,2 30 MPH,6 Crossroads,2 Auto Sig,Unclassified,0,5 Pedn Phase At Ats,2 Dark,1 Fine,2 Road-Wet,0 None,0 None,525500,185480,-0.191178,51.554258,,,Unknown,"(51.554258, -0.191178)",http://opendatacommunities.org/id/london-borough-council/camden,4720,21/12/2020 02:48:36 PM
0115EK40556,CAMDEN,1 Driver/Rider,1 Male,25-59,30,1,3 Slight,-2 Unknown,-2 N/A,3 Powered 2 Wheeler,RED LION SQUARE J/W PRINCETON STREET,2,08/07/2015 09:18:00 AM,Wednesday,9.18,3 Bor,Unclassified,0,2 One-Way St,2 30 MPH,3 T/Stag Jun,4 Give Way/Uncontrolled,Unclassified,0,0 No Xing Facility In 50m,1 Daylight,1 Fine,1 Road-Dry,0 None,0 None,530660,181710,-0.118191,51.519208,,,Unknown,"(51.519208, -0.118191)",http://opendatacommunities.org/id/london-borough-council/camden,5043,21/12/2020 02:48:36 PM
1180131881,CAMDEN,1 Driver/Rider,1 Male,25-59,28,1,3 Slight,-2 Unknown,-2 N/A,2 Pedal Cycle,BAYNES STREET 10M E OF J/W ROYAL COLLEGE STREET,2,10/09/2018 06:45:00 PM,Monday,18.45,3 Bor,Unclassified,0,2 One-Way St,1 <= 20 MPH,3 T/Stag Jun,3 Stop Sign,A,5202,9 Unknown (S/R),1 Daylight,1 Fine,1 Road-Dry,0 None,0 None,529265,184093,-0.137411,51.540944,,,Unknown,"(51.540944, -0.137411)",http://opendatacommunities.org/id/london-borough-council/camden,8313,21/12/2020 02:48:42 PM
0116EK40263,CAMDEN,1 Driver/Rider,1 Male,Unknown,0,1,3 Slight,-2 Unknown,-2 N/A,4 Car,EUSTON ROAD J/W MIDLAND ROAD,2,12/04/2016 11:40:00 AM,Tuesday,11.40,1 TLRN,A,501,3 Dual Cwy,2 30 MPH,6 Crossroads,2 Auto Sig,C,0,5 Pedn Phase At Ats,1 Daylight,1 Fine,1 Road-Dry,0 None,0 None,530050,182780,-0.126583,51.528965,,,Unknown,"(51.528965, -0.126583)",http://opendatacommunities.org/id/london-borough-council/camden,6203,21/12/2020 02:48:38 PM
0115EK40516,CAMDEN,1 Driver/Rider,1 Male,16-24,19,1,2 Serious,-2 Unknown,-2 N/A,2 Pedal Cycle,HIGHGATE ROAD 29M S OF J/W SWAIN'S LANE,2,26/06/2015 03:52:00 PM,Friday,15.52,3 Bor,C,0,6 Single Cwy,2 30 MPH,0 No Jun In 20m,-2 Not Applicable,-2 Not Applicable,0,1 Zebra,1 Daylight,1 Fine,1 Road-Dry,0 None,0 None,528280,186320,-0.150795,51.561183,,,Unknown,"(51.561183, -0.150795)",http://opendatacommunities.org/id/london-borough-council/camden,5006,21/12/2020 02:48:36 PM
0115EK40478,CAMDEN,3 Pedestrian,1 Male,60+,81,1,3 Slight,04 Crossing Road Within 50m Xing,1 From Drivers N/Side,1 Pedestrian,HANDLE STREET J/W HUNTER STREET,1,12/06/2015 04:15:00 PM,Friday,16.15,3 Bor,Unclassified,0,2 One-Way St,2 30 MPH,6 Crossroads,4 Give Way/Uncontrolled,B,504,1 Zebra,1 Daylight,1 Fine,1 Road-Dry,0 None,0 None,530280,182390,-0.123413,51.525407,,,Unknown,"(51.525407, -0.123413)",http://opendatacommunities.org/id/london-borough-council/camden,4969,21/12/2020 02:48:36 PM
1180115048,CAMDEN,3 Pedestrian,2 Female,25-59,27,1,3 Slight,10 Unknown,3 From Drivers O/Side,1 Pedestrian,COMPAYNE GARDENS 179M W OF J/W PRIORY ROAD,1,14/06/2018 09:05:00 AM,Thursday,9.05,3 Bor,Unclassified,0,6 Single Cwy,2 30 MPH,0 No Jun In 20m,-2 Not Applicable,-2 Not Applicable,0,0 No Xing Facility In 50m,1 Daylight,2 Raining,1 Road-Dry,0 None,0 None,525860,184460,-0.186353,51.545011,,,Unknown,"(51.545011, -0.186353)",http://opendatacommunities.org/id/london-borough-council/camden,8083,21/12/2020 02:48:42 PM
1190156076,CAMDEN,1 DRIVER/RIDER,1 MALE,25-59,38,1,3 SLIGHT,'-2 NOT APPLICABLE,'-2 NOT APPLICABLE,3 POWERED 2 WHEELER,"On Camden Street, near the junction with GREENLAND ROAD.",2,07/01/2019 08:45:00 AM,Monday,8.45,1 TLRN,A,400,2 ONE-WAY ST,20,03 T/STAG JUN,4 GIVE WAY/UNCONTROLLED,6,0,0 NO XING FACILITY IN 50M,2 DAYLIGHT,1 FINE,1 ROAD-DRY,1 TRAF SIG OUT,0 NONE,529128,183964,-0.139433,51.539816,,,Unknown,"(51.539816, -0.139433)",http://opendatacommunities.org/id/london-borough-council/camden,8671,21/12/2020 02:48:43 PM
1170060858,CAMDEN,2 Passenger,2 Female,25-59,52,1,3 Slight,-2 Unknown,-2 N/A,5 Taxi,EARNSHAW STREET J/W ST GILES',4,25/09/2017 03:53:00 PM,Monday,15.53,3 Bor,Unclassified,0,6 Single Cwy,1 <= 20 MPH,9 Other Jun,4 Give Way/Uncontrolled,A,40,0 No Xing Facility In 50m,1 Daylight,1 Fine,1 Road-Dry,4 Roadworks,2 Other Object In Cwy,529960,181300,-0.128425,51.515685,,,Unknown,"(51.515685, -0.128425)",http://opendatacommunities.org/id/london-borough-council/camden,7344,21/12/2020 02:48:40 PM
1170012394,CAMDEN,1 Driver/Rider,1 Male,25-59,27,1,3 Slight,-2 Unknown,-2 N/A,2 Pedal Cycle,PARK VILLAGE EAST J/W ALBANY STREET,2,04/01/2017 11:35:00 AM,Wednesday,11.35,3 Bor,C,0,2 One-Way St,2 30 MPH,7 Multi Jun,4 Give Way/Uncontrolled,A,5205,9 Unknown (S/R),1 Daylight,1 Fine,1 Road-Dry,9 Unknown (S/R),0 None,528627,183535,-0.14681,51.536075,,,Unknown,"(51.536075, -0.14681)",http://opendatacommunities.org/id/london-borough-council/camden,6594,21/12/2020 02:48:39 PM
1180136695,CAMDEN,1 Driver/Rider,2 Female,25-59,25,1,3 Slight,-2 Unknown,-2 N/A,2 Pedal Cycle,WHITESTONE WALK 25M N OF J/W WEST HEATH ROAD,2,03/10/2018 05:00:00 PM,Wednesday,17.00,3 Bor,C,0,6 Single Cwy,2 30 MPH,0 No Jun In 20m,-2 Not Applicable,-2 Not Applicable,0,1 Zebra,1 Daylight,1 Fine,1 Road-Dry,0 None,0 None,526230,186290,-0.180364,51.561375,,,Unknown,"(51.561375, -0.180364)",http://opendatacommunities.org/id/london-borough-council/camden,8376,21/12/2020 02:48:42 PM
1180124620,CAMDEN,1 Driver/Rider,2 Female,25-59,35,1,3 Slight,-2 Unknown,-2 N/A,4 Car,ADELAIDE ROAD 20M E OF J/W LOWER MERTON ROAD,2,01/08/2018 09:18:00 PM,Wednesday,21.18,3 Bor,B,509,6 Single Cwy,2 30 MPH,3 T/Stag Jun,2 Auto Sig,Unclassified,0,5 Pedn Phase At Ats,1 Daylight,8 Other,1 Road-Dry,0 None,0 None,527240,184280,-0.166528,51.543085,,,Unknown,"(51.543085, -0.166528)",http://opendatacommunities.org/id/london-borough-council/camden,8214,21/12/2020 02:48:42 PM
0116EK40573,CAMDEN,1 Driver/Rider,2 Female,16-24,23,1,3 Slight,-2 Unknown,-2 N/A,2 Pedal Cycle,HIGH HOLBRON J/W DRURY LANE,2,10/08/2016 05:14:00 PM,Wednesday,17.14,3 Bor,A,40,2 One-Way St,1 <= 20 MPH,6 Crossroads,2 Auto Sig,C,0,5 Pedn Phase At Ats,1 Daylight,1 Fine,1 Road-Dry,0 None,0 None,530210,181360,-0.124802,51.516166,,,Unknown,"(51.516166, -0.124802)",http://opendatacommunities.org/id/london-borough-council/camden,6462,21/12/2020 02:48:39 PM
0115EK40347,CAMDEN,1 Driver/Rider,2 Female,25-59,31,1,3 Slight,-2 Unknown,-2 N/A,4 Car,HAWLEY ROAD J/W KENTISH TOWN ROAD,3,06/05/2015 03:40:00 PM,Wednesday,15.40,3 Bor,C,0,2 One-Way St,2 30 MPH,6 Crossroads,2 Auto Sig,A,400,5 Pedn Phase At Ats,1 Daylight,4 Fine/High Winds,2 Road-Wet,0 None,0 None,528953,184279,-0.14184,51.542687,,,Unknown,"(51.542687, -0.14184)",http://opendatacommunities.org/id/london-borough-council/camden,4855,21/12/2020 02:48:36 PM
0115EK40969,CAMDEN,1 Driver/Rider,1 Male,16-24,24,1,3 Slight,-2 Unknown,-2 N/A,2 Pedal Cycle,OSSULSTON STREET J/W EUSTON ROAD.,2,29/10/2015 06:00:00 PM,Thursday,18.00,1 TLRN,C,0,6 Single Cwy,2 30 MPH,3 T/Stag Jun,2 Auto Sig,A,501,5 Pedn Phase At Ats,2 Dark,1 Fine,1 Road-Dry,0 None,0 None,529970,182750,-0.127747,51.528713,,,Unknown,"(51.528713, -0.127747)",http://opendatacommunities.org/id/london-borough-council/camden,5395,21/12/2020 02:48:37 PM
0116EK40287,CAMDEN,1 Driver/Rider,1 Male,25-59,25,1,2 Serious,-2 Unknown,-2 N/A,2 Pedal Cycle,MUSEUM STREET J/W HIGH HOLBORN,2,20/04/2016 10:13:00 PM,Wednesday,22.13,3 Bor,C,0,2 One-Way St,2 30 MPH,6 Crossroads,2 Auto Sig,B,401,5 Pedn Phase At Ats,2 Dark,1 Fine,1 Road-Dry,0 None,0 None,530220,181380,-0.124651,51.516344,,,Unknown,"(51.516344, -0.124651)",http://opendatacommunities.org/id/london-borough-council/camden,6223,21/12/2020 02:48:38 PM
1190202243,CAMDEN,1 DRIVER/RIDER,2 FEMALE,U,,1,3 SLIGHT,'-2 NOT APPLICABLE,'-2 NOT APPLICABLE,2 PEDAL CYCLE,"On Eton Avenue, 20 metres east of the junction with Adamson Road.",2,26/08/2019 02:35:00 PM,Monday,14.35,3 BOR,6,0,6 SINGLE CWY,30,99 UNKNOWN (S/R),9 UNKNOWN (S/R),6,0,0 NO XING FACILITY IN 50M,2 DAYLIGHT,8 OTHER,1 ROAD-DRY,0 NONE,0 NONE,526754,184385,-0.173495,51.544137,,,Unknown,"(51.544137, -0.173495)",http://opendatacommunities.org/id/london-borough-council/camden,9312,21/12/2020 02:48:44 PM
1180149660,CAMDEN,3 Pedestrian,1 Male,60+,76,1,3 Slight,01 Crossing Road On Ped Xing,3 From Drivers O/Side,1 Pedestrian,SIDMOUTH STREET J/W GRAYS INN ROAD,1,03/12/2018 06:50:00 PM,Monday,18.50,3 Bor,A,5200,6 Single Cwy,1 <= 20 MPH,3 T/Stag Jun,2 Auto Sig,A,5200,5 Pedn Phase At Ats,2 Dark,1 Fine,2 Road-Wet,0 None,0 None,530610,182590,-0.118585,51.527128,,,Unknown,"(51.527128, -0.118585)",http://opendatacommunities.org/id/london-borough-council/camden,8582,21/12/2020 02:48:43 PM
1190210977,CAMDEN,3 PEDESTRIAN,1 MALE,25-59,37,1,3 SLIGHT,10 UNKNOWN OR OTHER,'-2 NOT APPLICABLE,1 PEDESTRIAN,"On Haverstock Hill, 20 metres east of the junction with Ornan Road.",1,11/10/2019 01:30:00 PM,Friday,13.30,3 BOR,A,502,9 UNKNOWN,20,99 UNKNOWN (S/R),9 UNKNOWN (S/R),6,0,9 UNKNOWN (S/R),2 DAYLIGHT,9 UNKNOWN,9 UNKNOWN (S/R),9 UNKNOWN (S/R),9 UNKNOWN (S/R),527193,185216,-0.166867,51.551507,,,Unknown,"(51.551507, -0.166867)",http://opendatacommunities.org/id/london-borough-council/camden,9421,21/12/2020 02:48:44 PM
1190193454,CAMDEN,1 DRIVER/RIDER,2 FEMALE,25-59,41,1,3 SLIGHT,'-2 NOT APPLICABLE,'-2 NOT APPLICABLE,4 CAR,"Location uncertain. On Adelaide Road, 80 metres south of the junction with Winchester Road.",3,14/07/2019 06:47:00 AM,Sunday,6.47,3 BOR,B,509,6 SINGLE CWY,20,00 NO JUN IN 20M,,0,0,0 NO XING FACILITY IN 50M,2 DAYLIGHT,2 RAINING,2 ROAD-WET,0 NONE,0 NONE,527070,184243,-0.168991,51.54279,,,Unknown,"(51.54279, -0.168991)",http://opendatacommunities.org/id/london-borough-council/camden,9185,21/12/2020 02:48:44 PM
0115EK41029,CAMDEN,1 Driver/Rider,1 Male,25-59,47,1,3 Slight,-2 Unknown,-2 N/A,2 Pedal Cycle,KING HENRY'S ROAD J/W LOWER MERTON RISE,2,13/11/2015 06:00:00 PM,Friday,18.00,3 Bor,Unclassified,0,1 Roundabout,1 <= 20 MPH,1 Roundabout,4 Give Way/Uncontrolled,Unclassified,0,0 No Xing Facility In 50m,2 Dark,1 Fine,1 Road-Dry,0 None,0 None,527260,184160,-0.166283,51.542002,,,Unknown,"(51.542002, -0.166283)",http://opendatacommunities.org/id/london-borough-council/camden,5449,21/12/2020 02:48:37 PM
1190164479,CAMDEN,3 PEDESTRIAN,2 FEMALE,U,,1,2 SERIOUS,10 UNKNOWN OR OTHER,9 UNKNOWN OR OTHER,1 PEDESTRIAN,"On Kentish Town Road, near the junction with Prince of wales road.",1,19/02/2019 05:20:00 PM,Tuesday,17.20,3 BOR,A,400,6 SINGLE CWY,30,99 UNKNOWN (S/R),9 UNKNOWN (S/R),5,0,9 UNKNOWN (S/R),2 DAYLIGHT,1 FINE,1 ROAD-DRY,9 UNKNOWN (S/R),0 NONE,528950,184720,-0.141721,51.546651,,,Unknown,"(51.546651, -0.141721)",http://opendatacommunities.org/id/london-borough-council/camden,8794,21/12/2020 02:48:43 PM
0115EK40414,CAMDEN,1 Driver/Rider,1 Male,25-59,40,1,3 Slight,-2 Unknown,-2 N/A,2 Pedal Cycle,EAST HEATH ROAD J/W WELL ROAD,2,12/05/2015 09:10:00 AM,Tuesday,9.10,3 Bor,C,0,6 Single Cwy,2 30 MPH,3 T/Stag Jun,4 Give Way/Uncontrolled,Unclassified,0,0 No Xing Facility In 50m,1 Daylight,1 Fine,1 Road-Dry,0 None,0 None,526740,186190,-0.173047,51.560362,,,Unknown,"(51.560362, -0.173047)",http://opendatacommunities.org/id/london-borough-council/camden,4909,21/12/2020 02:48:36 PM
1170060848,CAMDEN,2 Passenger,2 Female,60+,63,1,3 Slight,-2 Unknown,-2 N/A,5 Taxi,FINCHLEY ROAD 60M S OF J/W HARBEN PARADE THE NEAREST CLASSIFIED RO,2,25/09/2017 02:15:00 PM,Monday,14.15,1 TLRN,A,41,6 Single Cwy,2 30 MPH,0 No Jun In 20m,-2 Not Applicable,-2 Not Applicable,0,0 No Xing Facility In 50m,1 Daylight,1 Fine,1 Road-Dry,0 None,0 None,526650,184240,-0.175046,51.542858,,,Unknown,"(51.542858, -0.175046)",http://opendatacommunities.org/id/london-borough-council/camden,7342,21/12/2020 02:48:40 PM
0115QK50067,CAMDEN,3 Pedestrian,2 Female,60+,77,1,2 Serious,04 Crossing Road Within 50m Xing,3 From Drivers O/Side,1 Pedestrian,CAMBRIDGE AVENUE J/W KILBURN HIGH ROAD,1,03/01/2015 10:32:00 AM,Saturday,10.32,3 Bor,C,0,6 Single Cwy,2 30 MPH,6 Crossroads,2 Auto Sig,A,5,5 Pedn Phase At Ats,1 Daylight,2 Raining,2 Road-Wet,0 None,0 None,525470,183540,-0.192302,51.53683,,,Unknown,"(51.53683, -0.192302)",http://opendatacommunities.org/id/london-borough-council/camden,5612,21/12/2020 02:48:37 PM
1160024181,CAMDEN,1 Driver/Rider,1 Male,16-24,22,1,3 Slight,-2 Unknown,-2 N/A,3 Powered 2 Wheeler,HAMPSTEAD ROAD 140M N OF J/W VARNDELL STREET,2,18/10/2016 07:00:00 PM,Tuesday,19.00,1 TLRN,A,400,6 Single Cwy,2 30 MPH,0 No Jun In 20m,-2 Not Applicable,-2 Not Applicable,0,4 Pelican Or Similar,2 Dark,1 Fine,1 Road-Dry,0 None,0 None,529210,182940,-0.138627,51.530595,,,Unknown,"(51.530595, -0.138627)",http://opendatacommunities.org/id/london-borough-council/camden,5880,21/12/2020 02:48:38 PM
1170016973,CAMDEN,2 Passenger,2 Female,25-59,40,1,3 Slight,-2 Unknown,-2 N/A,7 Goods Vehicle,PRATT STREET 30M W OF J/W BAYHAM STREET,2,08/02/2017 07:19:00 PM,Wednesday,19.19,3 Bor,C,0,6 Single Cwy,1 <= 20 MPH,0 No Jun In 20m,-2 Not Applicable,-2 Not Applicable,0,0 No Xing Facility In 50m,2 Dark,1 Fine,1 Road-Dry,0 None,0 None,529054,183686,-0.140601,51.537335,,,Unknown,"(51.537335, -0.140601)",http://opendatacommunities.org/id/london-borough-council/camden,6655,21/12/2020 02:48:39 PM
1190157016,CAMDEN,1 DRIVER/RIDER,1 MALE,60+,79,1,3 SLIGHT,'-2 NOT APPLICABLE,'-2 NOT APPLICABLE,4 CAR,"NFL Finchley Road, jw Fairfax Rd",2,11/01/2019 07:03:00 PM,Friday,19.03,1 TLRN,A,41,3 DUAL CWY,30,09 OTHER JUN,2 AUTO SIG,A,41,0 NO XING FACILITY IN 50M,2 DAYLIGHT,1 FINE,1 ROAD-DRY,0 NONE,0 NONE,526427,184532,-0.178155,51.545532,,,Unknown,"(51.545532, -0.178155)",http://opendatacommunities.org/id/london-borough-council/camden,8684,21/12/2020 02:48:43 PM
0116EK40477,CAMDEN,1 Driver/Rider,1 Male,60+,64,1,3 Slight,-2 Unknown,-2 N/A,2 Pedal Cycle,"AVENUE ROAD, 105 METRES NW OF ST EDMUND'S TERRACE.",2,20/06/2016 09:25:00 AM,Monday,9.25,3 Bor,B,525,6 Single Cwy,2 30 MPH,8 Priv Drive,4 Give Way/Uncontrolled,Unclassified,0,0 No Xing Facility In 50m,1 Daylight,2 Raining,2 Road-Wet,0 None,0 None,527300,183550,-0.165927,51.536511,,,Unknown,"(51.536511, -0.165927)",http://opendatacommunities.org/id/london-borough-council/camden,6385,21/12/2020 02:48:38 PM
1190222085,CAMDEN,3 PEDESTRIAN,2 FEMALE,16-24,21,1,2 SERIOUS,05 CROSSING ROAD (NOT ON XING),'-2 NOT APPLICABLE,1 PEDESTRIAN,"On Albany Street, 30 metres south of the junction with Longford Street.",1,01/12/2019 07:34:00 PM,Sunday,19.34,3 BOR,A,4201,6 SINGLE CWY,20,00 NO JUN IN 20M,,0,0,0 NO XING FACILITY IN 50M,1 DARK,1 FINE,1 ROAD-DRY,0 NONE,0 NONE,528837,182352,-0.144216,51.525396,,,Unknown,"(51.525396, -0.144216)",http://opendatacommunities.org/id/london-borough-council/camden,9570,21/12/2020 02:48:45 PM
1180098949,CAMDEN,3 Pedestrian,1 Male,25-59,25,1,2 Serious,01 Crossing Road On Ped Xing,3 From Drivers O/Side,1 Pedestrian,SAINT PANCRAS WAY J/W PRATT STREET,1,28/03/2018 08:40:00 AM,Wednesday,8.40,3 Bor,C,0,3 Dual Cwy,1 <= 20 MPH,3 T/Stag Jun,4 Give Way/Uncontrolled,C,0,1 Zebra,1 Daylight,2 Raining,2 Road-Wet,0 None,0 None,529430,183930,-0.135093,51.539442,,,Unknown,"(51.539442, -0.135093)",http://opendatacommunities.org/id/london-borough-council/camden,7853,21/12/2020 02:48:41 PM
1160012421,CAMDEN,2 Passenger,1 Male,16-24,24,1,3 Slight,-2 Unknown,-2 N/A,4 Car,"ON PLENDER STREET, NEAR THE JUNCTION WITH BAYHAM STREET .",2,17/09/2016 01:40:00 AM,Saturday,1.40,3 Bor,C,0,2 One-Way St,2 30 MPH,6 Crossroads,4 Give Way/Uncontrolled,Unclassified,0,1 Zebra,2 Dark,9 Unknown,1 Road-Dry,0 None,0 None,529190,183560,-0.138688,51.536172,,,Unknown,"(51.536172, -0.138688)",http://opendatacommunities.org/id/london-borough-council/camden,5831,21/12/2020 02:48:37 PM
1190192641,CAMDEN,1 DRIVER/RIDER,1 MALE,25-59,53,1,3 SLIGHT,'-2 NOT APPLICABLE,'-2 NOT APPLICABLE,2 PEDAL CYCLE,"On Hampstead High Street, 25 metres east of the junction with GAYTON RD.",2,10/07/2019 07:40:00 AM,Wednesday,7.40,3 BOR,A,502,6 SINGLE CWY,20,00 NO JUN IN 20M,,0,0,0 NO XING FACILITY IN 50M,2 DAYLIGHT,1 FINE,1 ROAD-DRY,0 NONE,0 NONE,526550,185659,-0.175977,51.555633,,,Unknown,"(51.555633, -0.175977)",http://opendatacommunities.org/id/london-borough-council/camden,9174,21/12/2020 02:48:44 PM
1180123163,CAMDEN,1 Driver/Rider,1 Male,25-59,39,1,3 Slight,-2 Unknown,-2 N/A,3 Powered 2 Wheeler,MAPLE STREET J/W FITZROY STREET,2,25/07/2018 11:30:00 AM,Wednesday,11.30,3 Bor,Unclassified,0,2 One-Way St,1 <= 20 MPH,6 Crossroads,4 Give Way/Uncontrolled,Unclassified,0,0 No Xing Facility In 50m,1 Daylight,1 Fine,1 Road-Dry,0 None,0 None,529230,182000,-0.138684,51.522143,,,Unknown,"(51.522143, -0.138684)",http://opendatacommunities.org/id/london-borough-council/camden,8202,21/12/2020 02:48:42 PM
1180119094,CAMDEN,3 Pedestrian,1 Male,25-59,45,1,2 Serious,01 Crossing Road On Ped Xing,3 From Drivers O/Side,1 Pedestrian,EUSTON ROAD J/W MABLEDON PLACE,1,05/07/2018 03:45:00 PM,Thursday,15.45,1 TLRN,A,501,2 One-Way St,1 <= 20 MPH,9 Other Jun,2 Auto Sig,Unclassified,0,5 Pedn Phase At Ats,1 Daylight,1 Fine,1 Road-Dry,0 None,0 None,529960,182710,-0.127906,51.528356,,,Unknown,"(51.528356, -0.127906)",http://opendatacommunities.org/id/london-borough-council/camden,8148,21/12/2020 02:48:42 PM
1180107640,CAMDEN,1 Driver/Rider,1 Male,16-24,23,1,3 Slight,-2 Unknown,-2 N/A,2 Pedal Cycle,GREAT QUEEN STREET 50M E OF J/W DRURY LANE,2,13/05/2018 02:30:00 PM,Sunday,14.30,3 Bor,B,402,2 One-Way St,2 30 MPH,0 No Jun In 20m,-2 Not Applicable,-2 Not Applicable,0,0 No Xing Facility In 50m,1 Daylight,1 Fine,1 Road-Dry,0 None,0 None,530443,181257,-0.121484,51.515187,,,Unknown,"(51.515187, -0.121484)",http://opendatacommunities.org/id/london-borough-council/camden,7990,21/12/2020 02:48:42 PM
1180155684,CAMDEN,1 Driver/Rider,1 Male,Unknown,0,1,3 Slight,-2 Unknown,-2 N/A,3 Powered 2 Wheeler,PANCRAS ROAD 30M S OF J/W CAMLEY STREET,2,27/12/2018 09:00:00 PM,Thursday,21.00,3 Bor,Unclassified,0,6 Single Cwy,2 30 MPH,0 No Jun In 20m,-2 Not Applicable,-2 Not Applicable,0,0 No Xing Facility In 50m,2 Dark,9 Unknown,1 Road-Dry,0 None,0 None,530010,183320,-0.12696,51.533827,,,Unknown,"(51.533827, -0.12696)",http://opendatacommunities.org/id/london-borough-council/camden,8656,21/12/2020 02:48:43 PM
0116EK40575,CAMDEN,1 Driver/Rider,1 Male,25-59,57,1,3 Slight,-2 Unknown,-2 N/A,4 Car,NORTH END WAY J/W INVERFORTH CLOSE,3,28/07/2016 04:00:00 AM,Thursday,4.00,3 Bor,A,502,6 Single Cwy,2 30 MPH,3 T/Stag Jun,4 Give Way/Uncontrolled,Unclassified,0,0 No Xing Facility In 50m,2 Dark,1 Fine,1 Road-Dry,0 None,0 None,526170,186740,-0.181068,51.565433,,,Unknown,"(51.565433, -0.181068)",http://opendatacommunities.org/id/london-borough-council/camden,6463,21/12/2020 02:48:39 PM
0116EK40217,CAMDEN,2 Passenger,2 Female,25-59,48,1,3 Slight,-2 Unknown,-2 N/A,6 Bus Or Coach,UPPER WOBURN PLACE J/W EUSTON ROAD,1,14/04/2016 07:15:00 PM,Thursday,19.15,1 TLRN,A,4200,6 Single Cwy,2 30 MPH,6 Crossroads,2 Auto Sig,A,501,5 Pedn Phase At Ats,2 Dark,1 Fine,1 Road-Dry,0 None,0 None,529760,182570,-0.130839,51.527144,,,Unknown,"(51.527144, -0.130839)",http://opendatacommunities.org/id/london-borough-council/camden,6161,21/12/2020 02:48:38 PM
1180119806,CAMDEN,1 Driver/Rider,1 Male,25-59,55,1,3 Slight,-2 Unknown,-2 N/A,4 Car,FINCHLEY ROAD 140M N OF J/W LITHOS ROAD,1,08/07/2018 03:30:00 PM,Sunday,15.30,1 TLRN,A,41,2 One-Way St,1 <= 20 MPH,0 No Jun In 20m,-2 Not Applicable,-2 Not Applicable,0,0 No Xing Facility In 50m,1 Daylight,1 Fine,1 Road-Dry,4 Roadworks,0 None,526070,185060,-0.183111,51.550357,,,Unknown,"(51.550357, -0.183111)",http://opendatacommunities.org/id/london-borough-council/camden,8157,21/12/2020 02:48:42 PM
1180097289,CAMDEN,1 Driver/Rider,2 Female,25-59,31,1,3 Slight,-2 Unknown,-2 N/A,4 Car,FITZJOHN'S AVENUE J/W NUTLEY TERRACE,2,20/03/2018 04:40:00 PM,Tuesday,16.40,3 Bor,B,511,6 Single Cwy,1 <= 20 MPH,6 Crossroads,4 Give Way/Uncontrolled,Unclassified,0,1 Zebra,1 Daylight,1 Fine,1 Road-Dry,0 None,0 None,526570,184980,-0.175933,51.549526,,,Unknown,"(51.549526, -0.175933)",http://opendatacommunities.org/id/london-borough-council/camden,7824,21/12/2020 02:48:41 PM
1180112635,CAMDEN,2 Passenger,1 Male,25-59,53,1,3 Slight,-2 Unknown,-2 N/A,7 Goods Vehicle,CAMDEN ROAD J/W LYME STREET,2,07/06/2018 12:12:00 AM,Thursday,0.12,1 TLRN,A,503,3 Dual Cwy,1 <= 20 MPH,3 T/Stag Jun,1 Auth Person,Unclassified,0,0 No Xing Facility In 50m,2 Dark,1 Fine,1 Road-Dry,0 None,0 None,529120,184060,-0.139513,51.540681,,,Unknown,"(51.540681, -0.139513)",http://opendatacommunities.org/id/london-borough-council/camden,8053,21/12/2020 02:48:42 PM
1180127080,CAMDEN,1 Driver/Rider,2 Female,16-24,23,1,2 Serious,-2 Unknown,-2 N/A,2 Pedal Cycle,ROYAL COLLEGE STREET 100M N OF J/W COLLEGE GROVE NW1,2,14/08/2018 07:02:00 PM,Tuesday,19.02,3 Bor,A,5202,6 Single Cwy,1 <= 20 MPH,0 No Jun In 20m,-2 Not Applicable,-2 Not Applicable,0,0 No Xing Facility In 50m,1 Daylight,1 Fine,1 Road-Dry,0 None,0 None,529400,183810,-0.13557,51.53837,,,Unknown,"(51.53837, -0.13557)",http://opendatacommunities.org/id/london-borough-council/camden,8249,21/12/2020 02:48:42 PM
0116EK40049,CAMDEN,1 Driver/Rider,2 Female,25-59,41,1,3 Slight,-2 Unknown,-2 N/A,2 Pedal Cycle,AVENUE ROAD 25M NW OF ST EDMUND'S TERRACE,2,01/02/2016 10:00:00 AM,Monday,10.00,3 Bor,B,525,6 Single Cwy,2 30 MPH,0 No Jun In 20m,-2 Not Applicable,-2 Not Applicable,0,1 Zebra,1 Daylight,4 Fine/High Winds,1 Road-Dry,0 None,0 None,527350,183490,-0.165228,51.53596,,,Unknown,"(51.53596, -0.165228)",http://opendatacommunities.org/id/london-borough-council/camden,6019,21/12/2020 02:48:38 PM