Reference,London Borough Name,Casualty Class,Casualty Sex,Casualty Age Band,Casualty Age,Number Of Casualties,Casualty Severity,Pedestrian Location,Pedestrian Movement,Mode Of Travel,Attendant Location,Number Of Vehicles,Date,Day,Time,Highway,Road Class 1,Road Number 1,Road Type,Speed Limit,Junction Detail,Junction Control,Road Class 2,Road Number 2,Pedestrian Crossing,Light Condition Band,Weather,Road Surface,Special Conditions,Carriage Way Hazard,Easting,Northing,Longitude,Latitude,Ward Code,Ward Name,Spatial Accuracy,Location,Organisation URI,Socrata ID,Last Uploaded
1170058090,CAMDEN,1 Driver/Rider,1 Male,16-24,24,1,2 Serious,-2 Unknown,-2 N/A,3 Powered 2 Wheeler,CAMDEN ROAD J/W N/A,2,09/09/2017 12:40:00 PM,Saturday,12.40,1 TLRN,A,503,6 Single Cwy,1 <= 20 MPH,8 Priv Drive,4 Give Way/Uncontrolled,Unclassified,0,0 No Xing Facility In 50m,1 Daylight,1 Fine,1 Road-Dry,0 None,0 None,529490,184590,-0.133986,51.545359,,,Unknown,"(51.545359, -0.133986)",http://opendatacommunities.org/id/london-borough-council/camden,7311,21/12/2020 02:48:40 PM
0115EK40572,CAMDEN,3 Pedestrian,1 Male,0-15,9,1,3 Slight,01 Crossing Road On Ped Xing,1 From Drivers N/Side,1 Pedestrian,KINGSWAY J/W HIGH HOLBORN,1,11/07/2015 05:18:00 PM,Saturday,17.18,3 Bor,A,4200,6 Single Cwy,2 30 MPH,6 Crossroads,2 Auto Sig,A,40,5 Pedn Phase At Ats,1 Daylight,1 Fine,1 Road-Dry,0 None,0 None,530510,181510,-0.120426,51.517445,,,Unknown,"(51.517445, -0.120426)",http://opendatacommunities.org/id/london-borough-council/camden,5062,21/12/2020 02:48:36 PM
0116EK40507,CAMDEN,1 Driver/Rider,1 Male,25-59,31,1,3 Slight,-2 Unknown,-2 N/A,3 Powered 2 Wheeler,CAMDEN ROAD 28M NE OF J/W SANDALL ROAD,2,15/07/2016 11:05:00 PM,Friday,23.05,1 TLRN,A,503,6 Single Cwy,2 30 MPH,0 No Jun In 20m,-2 Not Applicable,-2 Not Applicable,0,4 Pelican Or Similar,2 Dark,9 Unknown,1 Road-Dry,0 None,0 None,529490,184600,-0.133982,51.545449,,,Unknown,"(51.545449, -0.133982)",http://opendatacommunities.org/id/london-borough-council/camden,6415,21/12/2020 02:48:38 PM
0116EK40161,CAMDEN,1 Driver/Rider,1 Male,25-59,47,1,3 Slight,-2 Unknown,-2 N/A,3 Powered 2 Wheeler,FINCHLEY RD 33M NORTH OF J/W PLATT'S LANE,2,17/03/2016 11:42:00 AM,Thursday,11.42,1 TLRN,A,41,3 Dual Cwy,2 30 MPH,0 No Jun In 20m,-2 Not Applicable,-2 Not Applicable,0,5 Pedn Phase At Ats,1 Daylight,1 Fine,1 Road-Dry,0 None,0 None,525160,185890,-0.195934,51.558019,,,Unknown,"(51.558019, -0.195934)",http://opendatacommunities.org/id/london-borough-council/camden,6116,21/12/2020 02:48:38 PM
0116EK40038,CAMDEN,1 Driver/Rider,2 Female,16-24,23,1,3 Slight,-2 Unknown,-2 N/A,2 Pedal Cycle,CLERKENWELL ROAD J/W HATTON GARDEN,2,31/01/2016 10:30:00 AM,Sunday,10.30,3 Bor,A,5201,6 Single Cwy,2 30 MPH,3 T/Stag Jun,4 Give Way/Uncontrolled,B,521,1 Zebra,1 Daylight,2 Raining,2 Road-Wet,0 None,0 None,531250,182030,-0.109573,51.521947,,,Unknown,"(51.521947, -0.109573)",http://opendatacommunities.org/id/london-borough-council/camden,6013,21/12/2020 02:48:38 PM
1190211268,CAMDEN,1 DRIVER/RIDER,1 MALE,25-59,35,1,3 SLIGHT,'-2 NOT APPLICABLE,'-2 NOT APPLICABLE,4 CAR,"On Squire's Mount, near the junction with E Heath Road .",2,12/10/2019 06:50:00 PM,Saturday,18.50,3 BOR,5,0,9 UNKNOWN,20,03 T/STAG JUN,9 UNKNOWN (S/R),6,0,9 UNKNOWN (S/R),1 DARK,1 FINE,1 ROAD-DRY,0 NONE,0 NONE,526570,186241,-0.175479,51.560859,,,Unknown,"(51.560859, -0.175479)",http://opendatacommunities.org/id/london-borough-council/camden,9426,21/12/2020 02:48:44 PM
1190202632,CAMDEN,1 DRIVER/RIDER,1 MALE,16-24,23,1,3 SLIGHT,'-2 NOT APPLICABLE,'-2 NOT APPLICABLE,3 POWERED 2 WHEELER,"On Pratt Street, near the junction with Camden High Street.",3,31/08/2019 08:25:00 PM,Saturday,20.25,1 TLRN,A,502,2 ONE-WAY ST,20,03 T/STAG JUN,2 AUTO SIG,A,503,5 PEDN PHASE AT ATS,1 DARK,1 FINE,1 ROAD-DRY,0 NONE,0 NONE,529024,183664,-0.141042,51.537144,,,Unknown,"(51.537144, -0.141042)",http://opendatacommunities.org/id/london-borough-council/camden,9320,21/12/2020 02:48:44 PM
1190207267,CAMDEN,1 DRIVER/RIDER,1 MALE,25-59,39,1,3 SLIGHT,'-2 NOT APPLICABLE,'-2 NOT APPLICABLE,2 PEDAL CYCLE,"On Kilburn High Road, near the junction with The Terrace.",2,23/09/2019 05:00:00 PM,Monday,17.00,3 BOR,A,5,6 SINGLE CWY,30,03 T/STAG JUN,9 UNKNOWN (S/R),6,0,9 UNKNOWN (S/R),2 DAYLIGHT,2 RAINING,2 ROAD-WET,0 NONE,0 NONE,525152,183987,-0.196726,51.540918,,,Unknown,"(51.540918, -0.196726)",http://opendatacommunities.org/id/london-borough-council/camden,9383,21/12/2020 02:48:44 PM
1180114869,CAMDEN,2 Passenger,2 Female,25-59,36,1,3 Slight,-2 Unknown,-2 N/A,4 Car,WEST HEATH ROAD J/W BRANCH HILL,2,17/06/2018 02:40:00 PM,Sunday,14.40,3 Bor,C,0,6 Single Cwy,2 30 MPH,3 T/Stag Jun,4 Give Way/Uncontrolled,Unclassified,0,0 No Xing Facility In 50m,1 Daylight,1 Fine,1 Road-Dry,0 None,0 None,526010,186260,-0.183547,51.561155,,,Unknown,"(51.561155, -0.183547)",http://opendatacommunities.org/id/london-borough-council/camden,8082,21/12/2020 02:48:42 PM
1160001485,CAMDEN,3 Pedestrian,2 Female,0-15,14,1,3 Slight,05 Crossing Road (Not On Xing),1 From Drivers N/Side,1 Pedestrian,ALBANY STREET J/W CHESTER COURT,1,14/11/2016 08:01:00 AM,Monday,8.01,3 Bor,A,4201,6 Single Cwy,1 <= 20 MPH,9 Other Jun,4 Give Way/Uncontrolled,Unclassified,0,8 Central Refuge,1 Daylight,1 Fine,2 Road-Wet,0 None,0 None,528820,182700,-0.144334,51.528527,,,Unknown,"(51.528527, -0.144334)",http://opendatacommunities.org/id/london-borough-council/camden,5667,21/12/2020 02:48:37 PM
1180120629,CAMDEN,1 Driver/Rider,1 Male,25-59,41,1,3 Slight,-2 Unknown,-2 N/A,5 Taxi,DELANCEY STREET J/W PARKWAY NW1,2,12/07/2018 06:55:00 PM,Thursday,18.55,3 Bor,A,503,6 Single Cwy,1 <= 20 MPH,7 Multi Jun,2 Auto Sig,A,4201,5 Pedn Phase At Ats,1 Daylight,1 Fine,1 Road-Dry,0 None,0 None,528660,183600,-0.146311,51.536652,,,Unknown,"(51.536652, -0.146311)",http://opendatacommunities.org/id/london-borough-council/camden,8172,21/12/2020 02:48:42 PM
0116EK40040,CAMDEN,1 Driver/Rider,1 Male,25-59,28,1,2 Serious,-2 Unknown,-2 N/A,2 Pedal Cycle,ROYAL COLLEGE STREET J/W PLENDER STREET,2,18/01/2016 06:20:00 PM,Monday,18.20,3 Bor,A,5202,6 Single Cwy,2 30 MPH,3 T/Stag Jun,4 Give Way/Uncontrolled,Unclassified,0,0 No Xing Facility In 50m,2 Dark,1 Fine,1 Road-Dry,0 None,0 None,529450,183700,-0.13489,51.53737,,,Unknown,"(51.53737, -0.13489)",http://opendatacommunities.org/id/london-borough-council/camden,6015,21/12/2020 02:48:38 PM
1190157753,CAMDEN,1 DRIVER/RIDER,1 MALE,25-59,30,1,3 SLIGHT,'-2 NOT APPLICABLE,'-2 NOT APPLICABLE,3 POWERED 2 WHEELER,"On Avenue Road, near the junction with ACACIA ROAD.",2,16/01/2019 08:50:00 AM,Wednesday,8.50,3 BOR,5,0,6 SINGLE CWY,30,03 T/STAG JUN,1 AUTH PERSON,B,525,0 NO XING FACILITY IN 50M,2 DAYLIGHT,2 RAINING,2 ROAD-WET,0 NONE,0 NONE,527135,183693,-0.168253,51.537833,,,Unknown,"(51.537833, -0.168253)",http://opendatacommunities.org/id/london-borough-council/camden,8691,21/12/2020 02:48:43 PM
0115EK40520,CAMDEN,1 Driver/Rider,2 Female,25-59,54,1,3 Slight,-2 Unknown,-2 N/A,2 Pedal Cycle,GRAY'S INN ROAD J/W YORK WAY,2,29/06/2015 05:26:00 PM,Monday,17.26,1 TLRN,A,5200,3 Dual Cwy,2 30 MPH,9 Other Jun,2 Auto Sig,A,501,5 Pedn Phase At Ats,1 Daylight,1 Fine,1 Road-Dry,0 None,0 None,530330,182980,-0.122475,51.530697,,,Unknown,"(51.530697, -0.122475)",http://opendatacommunities.org/id/london-borough-council/camden,5010,21/12/2020 02:48:36 PM
0116EK40417,CAMDEN,1 Driver/Rider,2 Female,25-59,40,1,3 Slight,-2 Unknown,-2 N/A,4 Car,WILLOW ROAD J/W WELL WALK.,2,16/06/2016 09:46:00 AM,Thursday,9.46,3 Bor,Unclassified,0,6 Single Cwy,2 30 MPH,6 Crossroads,4 Give Way/Uncontrolled,Unclassified,0,0 No Xing Facility In 50m,1 Daylight,1 Fine,2 Road-Wet,0 None,0 None,526640,185890,-0.174596,51.557688,,,Unknown,"(51.557688, -0.174596)",http://opendatacommunities.org/id/london-borough-council/camden,6336,21/12/2020 02:48:38 PM
1160008435,CAMDEN,2 Passenger,2 Female,25-59,56,1,3 Slight,-2 Unknown,-2 N/A,6 Bus Or Coach,HAMPSTEAD ROAD 30M S OF J/W WILLIAM ROAD,1,22/12/2016 05:34:00 PM,Thursday,17.34,1 TLRN,A,400,6 Single Cwy,2 30 MPH,0 No Jun In 20m,-2 Not Applicable,-2 Not Applicable,0,1 Zebra,2 Dark,1 Fine,1 Road-Dry,0 None,0 None,529190,182550,-0.139058,51.527095,,,Unknown,"(51.527095, -0.139058)",http://opendatacommunities.org/id/london-borough-council/camden,5798,21/12/2020 02:48:37 PM
0115CW11692,CAMDEN,1 Driver/Rider,1 Male,25-59,59,1,3 Slight,-2 Unknown,-2 N/A,7 Goods Vehicle,TOTTENHAM COURT ROAD J/W OXFORD STREET,2,13/11/2015 04:50:00 AM,Friday,4.50,3 Bor,A,40,6 Single Cwy,2 30 MPH,6 Crossroads,2 Auto Sig,A,40,5 Pedn Phase At Ats,2 Dark,1 Fine,1 Road-Dry,0 None,0 None,529820,181370,-0.130416,51.516346,,,Unknown,"(51.516346, -0.130416)",http://opendatacommunities.org/id/london-borough-council/camden,4581,21/12/2020 02:48:35 PM
1190190891,CAMDEN,1 DRIVER/RIDER,1 MALE,25-59,37,2,3 SLIGHT,'-2 NOT APPLICABLE,'-2 NOT APPLICABLE,9 PRIVATE HIRE,"On Prince Albert Road, 30 metres north of the junction with St Marks Square.",2,29/06/2019 04:30:00 PM,Saturday,16.30,3 BOR,A,5205,3 DUAL CWY,20,00 NO JUN IN 20M,,0,0,0 NO XING FACILITY IN 50M,2 DAYLIGHT,1 FINE,1 ROAD-DRY,0 NONE,0 NONE,528160,183678,-0.153487,51.537467,,,Unknown,"(51.537467, -0.153487)",http://opendatacommunities.org/id/london-borough-council/camden,9149,21/12/2020 02:48:44 PM
0115EK41052,CAMDEN,1 Driver/Rider,2 Female,25-59,27,1,3 Slight,-2 Unknown,-2 N/A,4 Car,NFL - ADELAIDE ROAD J/W AVENUE ROAD.,2,13/11/2015 08:15:00 AM,Friday,8.15,1 TLRN,A,41,6 Single Cwy,2 30 MPH,6 Crossroads,2 Auto Sig,A,41,5 Pedn Phase At Ats,1 Daylight,1 Fine,1 Road-Dry,0 None,0 None,526750,184120,-0.173648,51.541757,,,Unknown,"(51.541757, -0.173648)",http://opendatacommunities.org/id/london-borough-council/camden,5467,21/12/2020 02:48:37 PM
1160024593,CAMDEN,3 Pedestrian,2 Female,0-15,12,1,3 Slight,05 Crossing Road (Not On Xing),1 From Drivers N/Side,1 Pedestrian,EVERSHOLT STREET 73M S OF J/W CROWNDALE ROAD,1,07/10/2016 03:35:00 PM,Friday,15.35,3 Bor,A,4200,6 Single Cwy,2 30 MPH,0 No Jun In 20m,-2 Not Applicable,-2 Not Applicable,0,0 No Xing Facility In 50m,1 Daylight,9 Unknown,1 Road-Dry,0 None,0 None,529240,183310,-0.138059,51.533913,,,Unknown,"(51.533913, -0.138059)",http://opendatacommunities.org/id/london-borough-council/camden,5914,21/12/2020 02:48:38 PM
1170034174,CAMDEN,1 Driver/Rider,2 Female,25-59,32,1,3 Slight,-2 Unknown,-2 N/A,2 Pedal Cycle,YORK WAY J/W YORK WAY,2,21/04/2017 09:55:00 AM,Friday,9.55,3 Bor,A,5200,6 Single Cwy,1 <= 20 MPH,3 T/Stag Jun,9 Unknown (S/R),Unclassified,0,9 Unknown (S/R),1 Daylight,1 Fine,1 Road-Dry,4 Roadworks,9 Unknown (S/R),530080,184230,-0.125615,51.541989,,,Unknown,"(51.541989, -0.125615)",http://opendatacommunities.org/id/london-borough-council/camden,6915,21/12/2020 02:48:39 PM
1190180245,CAMDEN,1 DRIVER/RIDER,1 MALE,25-59,47,1,3 SLIGHT,'-2 NOT APPLICABLE,'-2 NOT APPLICABLE,7 GOODS VEHICLE,"On Highgate Road, 10 metres south of the junction with Fortess Walk.",1,11/05/2019 03:50:00 PM,Saturday,15.50,3 BOR,B,518,6 SINGLE CWY,20,09 OTHER JUN,4 GIVE WAY/UNCONTROLLED,6,0,0 NO XING FACILITY IN 50M,2 DAYLIGHT,1 FINE,1 ROAD-DRY,0 NONE,0 NONE,528918,185398,-0.141934,51.552752,,,Unknown,"(51.552752, -0.141934)",http://opendatacommunities.org/id/london-borough-council/camden,8991,21/12/2020 02:48:44 PM
1190178545,CAMDEN,1 DRIVER/RIDER,1 MALE,25-59,32,2,3 SLIGHT,'-2 NOT APPLICABLE,'-2 NOT APPLICABLE,4 CAR,"On Kingsway, near the junction with Remnant Street.",2,03/05/2019 04:30:00 AM,Friday,4.30,3 BOR,A,4200,3 DUAL CWY,40,07 MULTI JUN,2 AUTO SIG,A,4200,5 PEDN PHASE AT ATS,1 DARK,1 FINE,1 ROAD-DRY,0 NONE,0 NONE,530577,181397,-0.119503,51.516414,,,Unknown,"(51.516414, -0.119503)",http://opendatacommunities.org/id/london-borough-council/camden,8974,21/12/2020 02:48:44 PM
1170045933,CAMDEN,3 Pedestrian,2 Female,25-59,32,1,3 Slight,05 Crossing Road (Not On Xing),1 From Drivers N/Side,1 Pedestrian,FISHER STREET J/W PROCTER STREET,1,30/06/2017 04:00:00 PM,Friday,16.00,3 Bor,Unclassified,0,3 Dual Cwy,2 30 MPH,9 Other Jun,4 Give Way/Uncontrolled,A,40,0 No Xing Facility In 50m,1 Daylight,1 Fine,1 Road-Dry,0 None,0 None,530560,181650,-0.119654,51.518692,,,Unknown,"(51.518692, -0.119654)",http://opendatacommunities.org/id/london-borough-council/camden,7103,21/12/2020 02:48:40 PM
0115EK40157,CAMDEN,1 Driver/Rider,1 Male,25-59,25,1,2 Serious,-2 Unknown,-2 N/A,3 Powered 2 Wheeler,NFL- KILBURN HIGH ROAD 33M NW OF J/W OXFORD ROAD,2,10/01/2015 12:43:00 PM,Saturday,12.43,3 Bor,A,5,6 Single Cwy,2 30 MPH,0 No Jun In 20m,-2 Not Applicable,-2 Not Applicable,0,1 Zebra,1 Daylight,1 Fine,1 Road-Dry,0 None,0 None,525500,183500,-0.191884,51.536464,,,Unknown,"(51.536464, -0.191884)",http://opendatacommunities.org/id/london-borough-council/camden,4704,21/12/2020 02:48:36 PM
1170075803,CAMDEN,1 Driver/Rider,1 Male,Unknown,0,1,3 Slight,-2 Unknown,-2 N/A,2 Pedal Cycle,BURGHLEY ROAD 25M N OF J/W LADY SOMERSET ROAD THE NEAREST CLASSIFI,2,06/12/2017 07:20:00 PM,Wednesday,19.20,3 Bor,Unclassified,0,6 Single Cwy,1 <= 20 MPH,0 No Jun In 20m,-2 Not Applicable,-2 Not Applicable,0,0 No Xing Facility In 50m,2 Dark,1 Fine,1 Road-Dry,4 Roadworks,0 None,528910,185670,-0.14195,51.555198,,,Unknown,"(51.555198, -0.14195)",http://opendatacommunities.org/id/london-borough-council/camden,7587,21/12/2020 02:48:41 PM
1180137251,CAMDEN,1 Driver/Rider,1 Male,25-59,36,1,3 Slight,-2 Unknown,-2 N/A,5 Taxi,WEST END LANE 60M N OF J/W COMPAYNE GARDENS,2,06/10/2018 01:33:00 AM,Saturday,1.33,3 Bor,B,510,6 Single Cwy,4 50 MPH,0 No Jun In 20m,-2 Not Applicable,-2 Not Applicable,0,5 Pedn Phase At Ats,2 Dark,8 Other,1 Road-Dry,0 None,0 None,525500,184520,-0.19152,51.545631,,,Unknown,"(51.545631, -0.19152)",http://opendatacommunities.org/id/london-borough-council/camden,8391,21/12/2020 02:48:42 PM
0115EK40015,CAMDEN,1 Driver/Rider,1 Male,25-59,38,1,3 Slight,-2 Unknown,-2 N/A,7 Goods Vehicle,HAMPSTEAD ROAD J/W DRUMMOND STREET,2,15/01/2015 02:02:00 PM,Thursday,14.02,1 TLRN,A,400,6 Single Cwy,2 30 MPH,6 Crossroads,2 Auto Sig,A,400,5 Pedn Phase At Ats,1 Daylight,1 Fine,1 Road-Dry,0 None,0 None,529220,182480,-0.138652,51.526459,,,Unknown,"(51.526459, -0.138652)",http://opendatacommunities.org/id/london-borough-council/camden,4596,21/12/2020 02:48:35 PM
0116EK40010,CAMDEN,1 Driver/Rider,1 Male,25-59,41,1,3 Slight,-2 Unknown,-2 N/A,3 Powered 2 Wheeler,TOTTENHAM COURT ROAD J/W HANWAY STREET,2,21/01/2016 03:22:00 PM,Thursday,15.22,3 Bor,A,400,6 Single Cwy,2 30 MPH,6 Crossroads,4 Give Way/Uncontrolled,A,400,4 Pelican Or Similar,1 Daylight,1 Fine,1 Road-Dry,0 None,0 None,529790,181450,-0.130819,51.517072,,,Unknown,"(51.517072, -0.130819)",http://opendatacommunities.org/id/london-borough-council/camden,5985,21/12/2020 02:48:38 PM
1190206185,CAMDEN,3 PEDESTRIAN,1 MALE,60+,77,1,2 SERIOUS,01 CROSSING ROAD ON PED XING,'-2 NOT APPLICABLE,1 PEDESTRIAN,"On A41, near the junction with CANFIELD GARDENS.",1,18/09/2019 07:33:00 PM,Wednesday,19.33,1 TLRN,A,41,3 DUAL CWY,30,03 T/STAG JUN,2 AUTO SIG,A,41,1 ZEBRA,1 DARK,1 FINE,1 ROAD-DRY,0 NONE,0 NONE,526330,184676,-0.179501,51.546848,,,Unknown,"(51.546848, -0.179501)",http://opendatacommunities.org/id/london-borough-council/camden,9370,21/12/2020 02:48:44 PM
1170041981,CAMDEN,1 Driver/Rider,1 Male,25-59,26,1,3 Slight,-2 Unknown,-2 N/A,2 Pedal Cycle,CAMDEN ROAD J/W ROYAL COLLEGE STREET,2,08/06/2017 09:00:00 AM,Thursday,9.00,1 TLRN,A,5202,6 Single Cwy,1 <= 20 MPH,6 Crossroads,2 Auto Sig,A,503,1 Zebra,1 Daylight,1 Fine,1 Road-Dry,0 None,0 None,529190,184190,-0.138457,51.541833,,,Unknown,"(51.541833, -0.138457)",http://opendatacommunities.org/id/london-borough-council/camden,7025,21/12/2020 02:48:39 PM
1190220293,CAMDEN,3 PEDESTRIAN,1 MALE,60+,85,1,3 SLIGHT,01 CROSSING ROAD ON PED XING,'-2 NOT APPLICABLE,1 PEDESTRIAN,"On Theobalds road, near the junction with Southampton Road.",1,23/11/2019 12:34:00 PM,Saturday,12.34,3 BOR,A,401,2 ONE-WAY ST,20,06 CROSSROADS,2 AUTO SIG,A,4200,5 PEDN PHASE AT ATS,1 DARK,2 RAINING,2 ROAD-WET,0 NONE,0 NONE,530476,181703,-0.120844,51.519188,,,Unknown,"(51.519188, -0.120844)",http://opendatacommunities.org/id/london-borough-council/camden,9541,21/12/2020 02:48:44 PM
0116QK50445,CAMDEN,3 Pedestrian,1 Male,25-59,47,1,3 Slight,01 Crossing Road On Ped Xing,3 From Drivers O/Side,1 Pedestrian,KILBURN HIGH ROAD J/W CAMBRIDGE AVENUE,1,11/05/2016 04:45:00 PM,Wednesday,16.45,3 Bor,A,5,6 Single Cwy,2 30 MPH,6 Crossroads,2 Auto Sig,C,0,5 Pedn Phase At Ats,1 Daylight,1 Fine,1 Road-Dry,0 None,0 None,525480,183540,-0.192158,51.536828,,,Unknown,"(51.536828, -0.192158)",http://opendatacommunities.org/id/london-borough-council/camden,6549,21/12/2020 02:48:39 PM
1190206594,CAMDEN,3 PEDESTRIAN,1 MALE,25-59,26,1,3 SLIGHT,01 CROSSING ROAD ON PED XING,'-2 NOT APPLICABLE,1 PEDESTRIAN,"On King's Cross Road, near the junction with PENTONVILLE ROAD .",1,20/09/2019 03:22:00 PM,Friday,15.22,1 TLRN,A,501,2 ONE-WAY ST,30,09 OTHER JUN,2 AUTO SIG,A,501,5 PEDN PHASE AT ATS,2 DAYLIGHT,1 FINE,1 ROAD-DRY,0 NONE,0 NONE,530568,182994,-0.119041,51.530768,,,Unknown,"(51.530768, -0.119041)",http://opendatacommunities.org/id/london-borough-council/camden,9377,21/12/2020 02:48:44 PM
1170059948,CAMDEN,1 Driver/Rider,1 Male,25-59,32,1,3 Slight,-2 Unknown,-2 N/A,2 Pedal Cycle,GRAYS INN ROAD J/W BIRKENHEAD ROAD,2,01/09/2017 08:35:00 AM,Friday,8.35,1 TLRN,A,501,2 One-Way St,2 30 MPH,3 T/Stag Jun,9 Unknown (S/R),A,501,0 No Xing Facility In 50m,1 Daylight,1 Fine,9 Unknown (S/R),9 Unknown (S/R),9 Unknown (S/R),530330,182960,-0.122482,51.530518,,,Unknown,"(51.530518, -0.122482)",http://opendatacommunities.org/id/london-borough-council/camden,7331,21/12/2020 02:48:40 PM
1170067645,CAMDEN,1 Driver/Rider,1 Male,25-59,27,1,3 Slight,-2 Unknown,-2 N/A,2 Pedal Cycle,HIGHGATE WEST HILL J/W MILLFIELD LANE,2,02/11/2017 06:10:00 AM,Thursday,6.10,3 Bor,C,0,6 Single Cwy,1 <= 20 MPH,3 T/Stag Jun,4 Give Way/Uncontrolled,Unclassified,0,1 Zebra,1 Daylight,1 Fine,1 Road-Dry,0 None,0 None,528150,186554,-0.152585,51.563315,,,Unknown,"(51.563315, -0.152585)",http://opendatacommunities.org/id/london-borough-council/camden,7474,21/12/2020 02:48:40 PM
1170075644,CAMDEN,2 Passenger,2 Female,60+,76,1,3 Slight,-2 Unknown,-2 N/A,6 Bus Or Coach,BAYHAM STREET J/W PLENDER STREET,1,06/12/2017 09:05:00 AM,Wednesday,9.05,3 Bor,C,0,2 One-Way St,1 <= 20 MPH,6 Crossroads,4 Give Way/Uncontrolled,Unclassified,0,8 Central Refuge,1 Daylight,1 Fine,1 Road-Dry,0 None,0 None,529190,183560,-0.138688,51.536172,,,Unknown,"(51.536172, -0.138688)",http://opendatacommunities.org/id/london-borough-council/camden,7586,21/12/2020 02:48:41 PM
1190196868,CAMDEN,3 PEDESTRIAN,2 FEMALE,25-59,30,1,3 SLIGHT,05 CROSSING ROAD (NOT ON XING),'-2 NOT APPLICABLE,1 PEDESTRIAN,"On Coram Street, 15 metres east of the junction with Marchmont street.",1,30/07/2019 07:40:00 PM,Tuesday,19.40,3 BOR,6,0,6 SINGLE CWY,30,03 T/STAG JUN,4 GIVE WAY/UNCONTROLLED,6,0,0 NO XING FACILITY IN 50M,2 DAYLIGHT,2 RAINING,2 ROAD-WET,0 NONE,0 NONE,530177,182264,-0.124944,51.524298,,,Unknown,"(51.524298, -0.124944)",http://opendatacommunities.org/id/london-borough-council/camden,9241,21/12/2020 02:48:44 PM
1180118089,CAMDEN,1 Driver/Rider,2 Female,25-59,33,1,3 Slight,-2 Unknown,-2 N/A,4 Car,GORDON HOUSE ROAD J/W HIGHGATE ROAD,3,02/07/2018 09:30:00 AM,Monday,9.30,3 Bor,B,518,6 Single Cwy,1 <= 20 MPH,7 Multi Jun,2 Auto Sig,B,518,5 Pedn Phase At Ats,1 Daylight,1 Fine,1 Road-Dry,4 Roadworks,2 Other Object In Cwy,528570,185800,-0.146804,51.556444,,,Unknown,"(51.556444, -0.146804)",http://opendatacommunities.org/id/london-borough-council/camden,8138,21/12/2020 02:48:42 PM
1170061892,CAMDEN,2 Passenger,1 Male,16-24,23,1,3 Slight,-2 Unknown,-2 N/A,4 Car,PLENDER STREET J/W BAYHAM STREET,2,30/09/2017 11:15:00 PM,Saturday,23.15,3 Bor,C,0,2 One-Way St,1 <= 20 MPH,6 Crossroads,4 Give Way/Uncontrolled,Unclassified,0,1 Zebra,2 Dark,1 Fine,2 Road-Wet,0 None,0 None,529190,183560,-0.138688,51.536172,,,Unknown,"(51.536172, -0.138688)",http://opendatacommunities.org/id/london-borough-council/camden,7366,21/12/2020 02:48:40 PM
0115EK40223,CAMDEN,1 Driver/Rider,1 Male,25-59,39,1,3 Slight,-2 Unknown,-2 N/A,3 Powered 2 Wheeler,FINCHLEY ROAD J/W PARSIFAL ROAD,2,24/03/2015 06:17:00 PM,Tuesday,18.17,1 TLRN,A,41,3 Dual Cwy,3 40 MPH,3 T/Stag Jun,4 Give Way/Uncontrolled,Unclassified,0,0 No Xing Facility In 50m,1 Daylight,1 Fine,1 Road-Dry,0 None,0 None,525390,185560,-0.192736,51.555002,,,Unknown,"(51.555002, -0.192736)",http://opendatacommunities.org/id/london-borough-council/camden,4755,21/12/2020 02:48:36 PM
0115EK40418,CAMDEN,1 Driver/Rider,2 Female,25-59,54,1,3 Slight,-2 Unknown,-2 N/A,2 Pedal Cycle,HIGH HOLBORN J/W SOUTHAMPTON ROW,1,27/05/2015 06:10:00 PM,Wednesday,18.10,3 Bor,A,40,6 Single Cwy,2 30 MPH,6 Crossroads,2 Auto Sig,A,4200,5 Pedn Phase At Ats,1 Daylight,1 Fine,1 Road-Dry,0 None,6 Ped In Cwy (Not Inj),530500,181530,-0.120562,51.517627,,,Unknown,"(51.517627, -0.120562)",http://opendatacommunities.org/id/london-borough-council/camden,4912,21/12/2020 02:48:36 PM
1180143519,CAMDEN,1 Driver/Rider,1 Male,25-59,27,1,3 Slight,-2 Unknown,-2 N/A,3 Powered 2 Wheeler,CALEDONIAN ROAD J/W PENTONVILLE ROAD,2,04/11/2018 01:50:00 AM,Sunday,1.50,1 TLRN,A,5203,2 One-Way St,1 <= 20 MPH,3 T/Stag Jun,2 Auto Sig,A,501,0 No Xing Facility In 50m,2 Dark,1 Fine,1 Road-Dry,0 None,0 None,530433,183006,-0.120981,51.530907,,,Unknown,"(51.530907, -0.120981)",http://opendatacommunities.org/id/london-borough-council/camden,8495,21/12/2020 02:48:43 PM
1190227916,CAMDEN,1 DRIVER/RIDER,1 MALE,16-24,20,1,3 SLIGHT,'-2 NOT APPLICABLE,1 FROM DRIVERS N/SIDE,3 POWERED 2 WHEELER,"On Camden Road, near the junction with Lyme Street .",2,31/12/2019 12:00:00 PM,Tuesday,12.00,1 TLRN,A,503,6 SINGLE CWY,20,03 T/STAG JUN,4 GIVE WAY/UNCONTROLLED,6,0,4 PELICAN OR SIMILAR,2 DAYLIGHT,1 FINE,2 ROAD-WET,0 NONE,0 NONE,529131,184065,-0.139353,51.540723,,,Unknown,"(51.540723, -0.139353)",http://opendatacommunities.org/id/london-borough-council/camden,9658,21/12/2020 02:48:45 PM