Reference,London Borough Name,Casualty Class,Casualty Sex,Casualty Age Band,Casualty Age,Number Of Casualties,Casualty Severity,Pedestrian Location,Pedestrian Movement,Mode Of Travel,Attendant Location,Number Of Vehicles,Date,Day,Time,Highway,Road Class 1,Road Number 1,Road Type,Speed Limit,Junction Detail,Junction Control,Road Class 2,Road Number 2,Pedestrian Crossing,Light Condition Band,Weather,Road Surface,Special Conditions,Carriage Way Hazard,Easting,Northing,Longitude,Latitude,Ward Code,Ward Name,Spatial Accuracy,Location,Organisation URI,Socrata ID,Last Uploaded
1180087972,CAMDEN,1 Driver/Rider,2 Female,60+,93,1,3 Slight,-2 Unknown,-2 N/A,4 Car,SAINT JOHN'S WOOD PARK 75M N OF J/W QUEENSMEAD,2,04/02/2018 04:28:00 PM,Sunday,16.28,3 Bor,Unclassified,0,6 Single Cwy,1 <= 20 MPH,0 No Jun In 20m,-2 Not Applicable,-2 Not Applicable,0,0 No Xing Facility In 50m,1 Daylight,1 Fine,1 Road-Dry,0 None,0 None,526740,183960,-0.173849,51.540321,,,Unknown,"(51.540321, -0.173849)",http://opendatacommunities.org/id/london-borough-council/camden,7723,21/12/2020 02:48:41 PM
1180086158,CAMDEN,1 Driver/Rider,2 Female,60+,74,1,3 Slight,-2 Unknown,-2 N/A,4 Car,KIDDERPORE AVENUE 25M W OF J/W KIDDERPORE GARDENS,1,26/01/2018 01:35:00 PM,Friday,13.35,3 Bor,Unclassified,0,6 Single Cwy,1 <= 20 MPH,0 No Jun In 20m,-2 Not Applicable,-2 Not Applicable,0,0 No Xing Facility In 50m,2 Dark,9 Unknown,1 Road-Dry,0 None,0 None,525430,185760,-0.192088,51.55679,,,Unknown,"(51.55679, -0.192088)",http://opendatacommunities.org/id/london-borough-council/camden,7696,21/12/2020 02:48:41 PM
1180110099,CAMDEN,2 Passenger,2 Female,0-15,7,1,3 Slight,-2 Unknown,-2 N/A,4 Car,BAYHAM STREET J/W PLENDER STREET,2,24/05/2018 08:56:00 AM,Thursday,8.56,3 Bor,C,0,2 One-Way St,1 <= 20 MPH,6 Crossroads,4 Give Way/Uncontrolled,Unclassified,0,1 Zebra,1 Daylight,2 Raining,2 Road-Wet,0 None,0 None,529190,183560,-0.138688,51.536172,,,Unknown,"(51.536172, -0.138688)",http://opendatacommunities.org/id/london-borough-council/camden,8019,21/12/2020 02:48:42 PM
1180132622,CAMDEN,1 Driver/Rider,2 Female,25-59,31,1,3 Slight,-2 Unknown,-2 N/A,2 Pedal Cycle,BLOOMSBURY WAY J/W BLOOMSBURY SQUARE,2,14/09/2018 06:49:00 PM,Friday,18.49,3 Bor,A,401,6 Single Cwy,2 30 MPH,3 T/Stag Jun,2 Auto Sig,C,0,0 No Xing Facility In 50m,1 Daylight,1 Fine,1 Road-Dry,0 None,0 None,530390,181630,-0.12211,51.518551,,,Unknown,"(51.518551, -0.12211)",http://opendatacommunities.org/id/london-borough-council/camden,8323,21/12/2020 02:48:42 PM
0116EK40326,CAMDEN,1 Driver/Rider,1 Male,25-59,34,1,3 Slight,-2 Unknown,-2 N/A,2 Pedal Cycle,HAMPSTEAD ROAD J/W ROBERT STREET.,2,06/05/2016 04:29:00 PM,Friday,16.29,1 TLRN,A,400,6 Single Cwy,2 30 MPH,3 T/Stag Jun,4 Give Way/Uncontrolled,Unclassified,0,0 No Xing Facility In 50m,1 Daylight,1 Fine,1 Road-Dry,0 None,0 None,529210,182710,-0.138711,51.528528,,,Unknown,"(51.528528, -0.138711)",http://opendatacommunities.org/id/london-borough-council/camden,6257,21/12/2020 02:48:38 PM
1190209657,CAMDEN,1 DRIVER/RIDER,2 FEMALE,16-24,23,1,3 SLIGHT,'-2 NOT APPLICABLE,'-2 NOT APPLICABLE,4 CAR,"On Euston Road, near the junction with Eversholt Street.",2,04/10/2019 09:15:00 PM,Friday,21.15,1 TLRN,A,501,3 DUAL CWY,20,06 CROSSROADS,2 AUTO SIG,A,4200,5 PEDN PHASE AT ATS,1 DARK,1 FINE,1 ROAD-DRY,0 NONE,0 NONE,529759,182584,-0.130848,51.52727,,,Unknown,"(51.52727, -0.130848)",http://opendatacommunities.org/id/london-borough-council/camden,9409,21/12/2020 02:48:44 PM
0115EK40449,CAMDEN,3 Pedestrian,1 Male,0-15,8,1,2 Serious,04 Crossing Road Within 50m Xing,2 From Drivers N/Side Msk,1 Pedestrian,NFL- KILBURN HIGH ROAD 23M SE OF J/W BELSIZE ROAD,1,08/06/2015 06:45:00 PM,Monday,18.45,3 Bor,A,5,6 Single Cwy,2 30 MPH,0 No Jun In 20m,-2 Not Applicable,-2 Not Applicable,0,5 Pedn Phase At Ats,1 Daylight,1 Fine,1 Road-Dry,0 None,0 None,525450,183570,-0.19258,51.537104,,,Unknown,"(51.537104, -0.19258)",http://opendatacommunities.org/id/london-borough-council/camden,4942,21/12/2020 02:48:36 PM
0115EK40113,CAMDEN,1 Driver/Rider,1 Male,16-24,24,1,3 Slight,-2 Unknown,-2 N/A,3 Powered 2 Wheeler,CAMDEN ROAD J/W ROYAL COLLEGE STREET,2,14/02/2015 07:00:00 AM,Saturday,7.00,1 TLRN,A,503,6 Single Cwy,2 30 MPH,6 Crossroads,2 Auto Sig,A,5202,5 Pedn Phase At Ats,1 Daylight,1 Fine,2 Road-Wet,0 None,0 None,529190,184190,-0.138457,51.541833,,,Unknown,"(51.541833, -0.138457)",http://opendatacommunities.org/id/london-borough-council/camden,4670,21/12/2020 02:48:36 PM
1170070253,CAMDEN,1 Driver/Rider,1 Male,25-59,41,1,3 Slight,-2 Unknown,-2 N/A,2 Pedal Cycle,ROYAL COLLEGE STREET J/W GEORGIANA STREET,2,13/11/2017 12:58:00 PM,Monday,12.58,3 Bor,A,5202,2 One-Way St,2 30 MPH,6 Crossroads,4 Give Way/Uncontrolled,Unclassified,0,0 No Xing Facility In 50m,1 Daylight,1 Fine,1 Road-Dry,0 None,0 None,529316,183975,-0.13672,51.539872,,,Unknown,"(51.539872, -0.13672)",http://opendatacommunities.org/id/london-borough-council/camden,7513,21/12/2020 02:48:41 PM
0116EO40403,CAMDEN,3 Pedestrian,2 Female,25-59,41,1,3 Slight,01 Crossing Road On Ped Xing,1 From Drivers N/Side,1 Pedestrian,PENTONVILLE RD J/W CALEDONIAN RD,1,19/05/2016 08:38:00 AM,Thursday,8.38,1 TLRN,A,501,2 One-Way St,1 <= 20 MPH,6 Crossroads,2 Auto Sig,A,5203,5 Pedn Phase At Ats,1 Daylight,1 Fine,1 Road-Dry,0 None,0 None,530410,183000,-0.121315,51.530859,,,Unknown,"(51.530859, -0.121315)",http://opendatacommunities.org/id/london-borough-council/camden,6533,21/12/2020 02:48:39 PM
1170042596,CAMDEN,3 Pedestrian,1 Male,25-59,56,1,3 Slight,01 Crossing Road On Ped Xing,9 Unknown Or Other,1 Pedestrian,FINCHLEY ROAD 25M S OF J/W BLACKBURN ROAD,1,28/05/2017 03:30:00 PM,Sunday,15.30,1 TLRN,A,41,6 Single Cwy,2 30 MPH,0 No Jun In 20m,-2 Not Applicable,-2 Not Applicable,0,1 Zebra,1 Daylight,1 Fine,1 Road-Dry,9 Unknown (S/R),0 None,526230,184820,-0.180891,51.548164,,,Unknown,"(51.548164, -0.180891)",http://opendatacommunities.org/id/london-borough-council/camden,7036,21/12/2020 02:48:39 PM
1180128546,CAMDEN,1 Driver/Rider,1 Male,16-24,18,1,3 Slight,-2 Unknown,-2 N/A,4 Car,LEIGHTON ROAD J/W LEVERTON STREET,2,23/08/2018 02:55:00 AM,Thursday,2.55,3 Bor,C,0,6 Single Cwy,1 <= 20 MPH,3 T/Stag Jun,4 Give Way/Uncontrolled,Unclassified,0,0 No Xing Facility In 50m,2 Dark,1 Fine,1 Road-Dry,0 None,0 None,529070,185190,-0.13982,51.550848,,,Unknown,"(51.550848, -0.13982)",http://opendatacommunities.org/id/london-borough-council/camden,8269,21/12/2020 02:48:42 PM
1170079727,CAMDEN,3 Pedestrian,1 Male,25-59,38,1,3 Slight,01 Crossing Road On Ped Xing,3 From Drivers O/Side,1 Pedestrian,SOUTH END ROAD J/W HEATH HURST ROAD,1,22/12/2017 07:40:00 AM,Friday,7.40,3 Bor,C,0,6 Single Cwy,1 <= 20 MPH,6 Crossroads,4 Give Way/Uncontrolled,Unclassified,0,1 Zebra,2 Dark,1 Fine,2 Road-Wet,0 None,0 None,527220,185620,-0.166332,51.555132,,,Unknown,"(51.555132, -0.166332)",http://opendatacommunities.org/id/london-borough-council/camden,7626,21/12/2020 02:48:41 PM
0115EK40348,CAMDEN,1 Driver/Rider,1 Male,25-59,38,1,3 Slight,-2 Unknown,-2 N/A,4 Car,WOBURN PLACE J/W TAVISTOCK SQUARE,3,06/05/2015 04:15:00 PM,Wednesday,16.15,3 Bor,A,4200,6 Single Cwy,2 30 MPH,6 Crossroads,2 Auto Sig,C,0,5 Pedn Phase At Ats,1 Daylight,2 Raining,2 Road-Wet,0 None,0 None,529970,182290,-0.127916,51.524579,,,Unknown,"(51.524579, -0.127916)",http://opendatacommunities.org/id/london-borough-council/camden,4858,21/12/2020 02:48:36 PM
1190206120,CAMDEN,1 DRIVER/RIDER,1 MALE,25-59,30,1,3 SLIGHT,'-2 NOT APPLICABLE,'-2 NOT APPLICABLE,4 CAR,"On WEST END LANE, 5 metres south of the junction with IVERSON ROAD.",2,18/09/2019 03:10:00 PM,Wednesday,15.10,3 BOR,B,510,6 SINGLE CWY,30,03 T/STAG JUN,2 AUTO SIG,B,510,4 PELICAN OR SIMILAR,2 DAYLIGHT,1 FINE,1 ROAD-DRY,0 NONE,0 NONE,525529,184756,-0.191018,51.547745,,,Unknown,"(51.547745, -0.191018)",http://opendatacommunities.org/id/london-borough-council/camden,9368,21/12/2020 02:48:44 PM
1180119303,CAMDEN,1 Driver/Rider,2 Female,25-59,27,1,3 Slight,-2 Unknown,-2 N/A,3 Powered 2 Wheeler,SWINTON STREET 35M SW OF J/W SWINTON PLACE,2,06/07/2018 01:53:00 PM,Friday,13.53,1 TLRN,A,501,6 Single Cwy,1 <= 20 MPH,0 No Jun In 20m,-2 Not Applicable,-2 Not Applicable,0,0 No Xing Facility In 50m,1 Daylight,1 Fine,1 Road-Dry,0 None,1 Vehicle Load In Cwy,530640,182790,-0.118079,51.528918,,,Unknown,"(51.528918, -0.118079)",http://opendatacommunities.org/id/london-borough-council/camden,8152,21/12/2020 02:48:42 PM
0116EK40449,CAMDEN,3 Pedestrian,2 Female,25-59,47,1,2 Serious,05 Crossing Road (Not On Xing),3 From Drivers O/Side,1 Pedestrian,KILBURN HIGH ROAD 22M NW OF OXFORD ROAD,1,24/06/2016 06:07:00 PM,Friday,18.07,3 Bor,A,5,6 Single Cwy,2 30 MPH,0 No Jun In 20m,-2 Not Applicable,-2 Not Applicable,0,0 No Xing Facility In 50m,1 Daylight,1 Fine,1 Road-Dry,0 None,0 None,525510,183490,-0.191743,51.536372,,,Unknown,"(51.536372, -0.191743)",http://opendatacommunities.org/id/london-borough-council/camden,6361,21/12/2020 02:48:38 PM
0115EK40156,CAMDEN,3 Pedestrian,1 Male,25-59,38,1,3 Slight,10 Unknown,9 Unknown Or Other,1 Pedestrian,NFL- ROWLAND HILL STREET 101M NE OF J/W HAMPSTEAD GREEN,1,05/01/2015 07:50:00 AM,Monday,7.50,3 Bor,Unclassified,0,6 Single Cwy,2 30 MPH,0 No Jun In 20m,-2 Not Applicable,-2 Not Applicable,0,0 No Xing Facility In 50m,1 Daylight,9 Unknown,1 Road-Dry,0 None,0 None,527250,185330,-0.166004,51.552519,,,Unknown,"(51.552519, -0.166004)",http://opendatacommunities.org/id/london-borough-council/camden,4703,21/12/2020 02:48:36 PM
1190157901,CAMDEN,1 DRIVER/RIDER,2 FEMALE,25-59,32,1,2 SERIOUS,'-2 NOT APPLICABLE,'-2 NOT APPLICABLE,3 POWERED 2 WHEELER,NFL Primrose Hill Road jw Adelaide Rd,2,16/01/2019 08:36:00 PM,Wednesday,20.36,3 BOR,B,509,3 DUAL CWY,20,06 CROSSROADS,2 AUTO SIG,5,0,5 PEDN PHASE AT ATS,1 DARK,8 OTHER,2 ROAD-WET,0 NONE,0 NONE,527513,184343,-0.16257,51.543589,,,Unknown,"(51.543589, -0.16257)",http://opendatacommunities.org/id/london-borough-council/camden,8696,21/12/2020 02:48:43 PM
0115EK40400,CAMDEN,2 Passenger,2 Female,25-59,56,1,3 Slight,-2 Unknown,-2 N/A,3 Powered 2 Wheeler,PRATT'S LANE J/W BRIARDALE GARDENS,2,21/05/2015 11:20:00 AM,Thursday,11.20,3 Bor,C,0,6 Single Cwy,2 30 MPH,3 T/Stag Jun,4 Give Way/Uncontrolled,Unclassified,0,0 No Xing Facility In 50m,1 Daylight,1 Fine,1 Road-Dry,0 None,0 None,525290,186070,-0.193996,51.559607,,,Unknown,"(51.559607, -0.193996)",http://opendatacommunities.org/id/london-borough-council/camden,4898,21/12/2020 02:48:36 PM
1180131201,CAMDEN,1 Driver/Rider,1 Male,25-59,38,1,2 Serious,-2 Unknown,-2 N/A,3 Powered 2 Wheeler,FARRINGDON ROAD J/W ST CROSS STREET,3,07/09/2018 05:08:00 PM,Friday,17.08,1 TLRN,A,201,6 Single Cwy,1 <= 20 MPH,3 T/Stag Jun,4 Give Way/Uncontrolled,Unclassified,0,0 No Xing Facility In 50m,1 Daylight,1 Fine,1 Road-Dry,0 None,0 None,531480,181930,-0.106297,51.520995,,,Unknown,"(51.520995, -0.106297)",http://opendatacommunities.org/id/london-borough-council/camden,8306,21/12/2020 02:48:42 PM
1170061486,CAMDEN,2 Passenger,2 Female,Unknown,0,1,3 Slight,-2 Unknown,-2 N/A,4 Car,FINCHLEY ROAD J/W PLATTS LANE,2,27/09/2017 01:15:00 PM,Wednesday,13.15,1 TLRN,A,41,7 Slip Rd,2 30 MPH,5 Slip Road,1 Auth Person,Unclassified,0,0 No Xing Facility In 50m,1 Daylight,1 Fine,1 Road-Dry,0 None,0 None,525160,185900,-0.195931,51.558108,,,Unknown,"(51.558108, -0.195931)",http://opendatacommunities.org/id/london-borough-council/camden,7354,21/12/2020 02:48:40 PM
1170054616,CAMDEN,1 Driver/Rider,1 Male,25-59,32,1,3 Slight,-2 Unknown,-2 N/A,2 Pedal Cycle,HOWLAND STREET 21M N OF J/W CHARLOTTE STREET,2,03/08/2017 10:45:00 AM,Thursday,10.45,3 Bor,C,0,2 One-Way St,2 30 MPH,0 No Jun In 20m,-2 Not Applicable,-2 Not Applicable,0,1 Zebra,1 Daylight,9 Unknown,9 Unknown (S/R),7 Mud,0 None,529310,181930,-0.137557,51.521496,,,Unknown,"(51.521496, -0.137557)",http://opendatacommunities.org/id/london-borough-council/camden,7256,21/12/2020 02:48:40 PM
1170045533,CAMDEN,3 Pedestrian,2 Female,25-59,58,1,3 Slight,10 Unknown,9 Unknown Or Other,1 Pedestrian,TORRIANO AVENUE J/W BUSBY PLACE,1,28/06/2017 03:40:00 PM,Wednesday,15.40,3 Bor,A,5200,2 One-Way St,1 <= 20 MPH,9 Other Jun,4 Give Way/Uncontrolled,Unclassified,0,0 No Xing Facility In 50m,1 Daylight,1 Fine,1 Road-Dry,0 None,0 None,529660,184920,-0.131414,51.548286,,,Unknown,"(51.548286, -0.131414)",http://opendatacommunities.org/id/london-borough-council/camden,7089,21/12/2020 02:48:40 PM
1190193756,CAMDEN,1 DRIVER/RIDER,1 MALE,25-59,30,1,3 SLIGHT,'-2 NOT APPLICABLE,'-2 NOT APPLICABLE,4 CAR,"On Euston Road, 30 metres south of the junction with Great Poertland Slip Road .",2,15/07/2019 09:40:00 AM,Monday,9.40,1 TLRN,A,501,3 DUAL CWY,30,00 NO JUN IN 20M,,0,0,5 PEDN PHASE AT ATS,2 DAYLIGHT,1 FINE,1 ROAD-DRY,0 NONE,0 NONE,528938,182189,-0.142821,51.523908,,,Unknown,"(51.523908, -0.142821)",http://opendatacommunities.org/id/london-borough-council/camden,9189,21/12/2020 02:48:44 PM
1160008323,CAMDEN,1 Driver/Rider,1 Male,25-59,27,1,3 Slight,-2 Unknown,-2 N/A,3 Powered 2 Wheeler,WEST END LANE J/W CREDITON HILL,2,15/12/2016 10:30:00 PM,Thursday,22.30,3 Bor,C,0,6 Single Cwy,2 30 MPH,3 T/Stag Jun,4 Give Way/Uncontrolled,Unclassified,0,0 No Xing Facility In 50m,2 Dark,1 Fine,1 Road-Dry,0 None,0 None,525610,185310,-0.189653,51.552706,,,Unknown,"(51.552706, -0.189653)",http://opendatacommunities.org/id/london-borough-council/camden,5797,21/12/2020 02:48:37 PM
1160009232,CAMDEN,1 Driver/Rider,1 Male,25-59,37,1,3 Slight,-2 Unknown,-2 N/A,3 Powered 2 Wheeler,EUSTON ROAD J/W CHALTON STREET,2,30/12/2016 06:56:00 AM,Friday,6.56,1 TLRN,A,501,3 Dual Cwy,2 30 MPH,3 T/Stag Jun,4 Give Way/Uncontrolled,Unclassified,0,0 No Xing Facility In 50m,2 Dark,7 Fog/Mist,2 Road-Wet,0 None,0 None,529900,182680,-0.128781,51.5281,,,Unknown,"(51.5281, -0.128781)",http://opendatacommunities.org/id/london-borough-council/camden,5812,21/12/2020 02:48:37 PM
1170010512,CAMDEN,1 Driver/Rider,1 Male,25-59,41,1,3 Slight,-2 Unknown,-2 N/A,2 Pedal Cycle,OUTER CIRCLE J/W CAMBRIDGE GATE,2,09/01/2017 12:40:00 PM,Monday,12.40,3 Bor,Unclassified,0,6 Single Cwy,2 30 MPH,3 T/Stag Jun,4 Give Way/Uncontrolled,Unclassified,0,0 No Xing Facility In 50m,1 Daylight,2 Raining,2 Road-Wet,0 None,0 None,528730,182420,-0.145733,51.526031,,,Unknown,"(51.526031, -0.145733)",http://opendatacommunities.org/id/london-borough-council/camden,6564,21/12/2020 02:48:39 PM
0116EK40107,CAMDEN,1 Driver/Rider,2 Female,25-59,26,1,3 Slight,-2 Unknown,-2 N/A,4 Car,HEATH STREET J/W HAMPSTEAD SQUARE,2,28/02/2016 03:40:00 PM,Sunday,15.40,3 Bor,A,502,6 Single Cwy,1 <= 20 MPH,3 T/Stag Jun,4 Give Way/Uncontrolled,Unclassified,0,0 No Xing Facility In 50m,1 Daylight,1 Fine,1 Road-Dry,0 None,0 None,526360,186080,-0.178565,51.559459,,,Unknown,"(51.559459, -0.178565)",http://opendatacommunities.org/id/london-borough-council/camden,6065,21/12/2020 02:48:38 PM
1180100635,CAMDEN,2 Passenger,2 Female,25-59,34,1,2 Serious,-2 Unknown,-2 N/A,6 Bus Or Coach,HAMPSTEAD ROAD 51M N OF J/W HAMPSTEAD ROAD THE NEAREST CLASSIFIED,1,08/04/2018 09:05:00 PM,Sunday,21.05,1 TLRN,A,400,6 Single Cwy,1 <= 20 MPH,0 No Jun In 20m,-2 Not Applicable,-2 Not Applicable,0,0 No Xing Facility In 50m,2 Dark,2 Raining,2 Road-Wet,0 None,0 None,529210,182420,-0.138818,51.525922,,,Unknown,"(51.525922, -0.138818)",http://opendatacommunities.org/id/london-borough-council/camden,7872,21/12/2020 02:48:41 PM
1190158730,CAMDEN,1 DRIVER/RIDER,1 MALE,25-59,38,1,3 SLIGHT,'-2 NOT APPLICABLE,'-2 NOT APPLICABLE,4 CAR,"On Finchley Road, 25 metres north of the junction with Platts Lane .",2,09/01/2019 10:42:00 AM,Wednesday,10.42,1 TLRN,A,41,6 SINGLE CWY,40,00 NO JUN IN 20M,,0,0,9 UNKNOWN (S/R),2 DAYLIGHT,1 FINE,1 ROAD-DRY,0 NONE,0 NONE,525157,185916,-0.195968,51.558253,,,Unknown,"(51.558253, -0.195968)",http://opendatacommunities.org/id/london-borough-council/camden,8710,21/12/2020 02:48:43 PM
1190185495,CAMDEN,1 DRIVER/RIDER,1 MALE,25-59,34,1,3 SLIGHT,'-2 NOT APPLICABLE,'-2 NOT APPLICABLE,3 POWERED 2 WHEELER,"On Camden Road, near the junction with Rochester Square.",2,06/06/2019 07:25:00 AM,Thursday,7.25,1 TLRN,A,503,6 SINGLE CWY,30,03 T/STAG JUN,4 GIVE WAY/UNCONTROLLED,6,0,0 NO XING FACILITY IN 50M,2 DAYLIGHT,1 FINE,1 ROAD-DRY,0 NONE,0 NONE,529448,184535,-0.134612,51.544875,,,Unknown,"(51.544875, -0.134612)",http://opendatacommunities.org/id/london-borough-council/camden,9068,21/12/2020 02:48:44 PM
0116EK40351,CAMDEN,1 Driver/Rider,1 Male,25-59,27,1,3 Slight,-2 Unknown,-2 N/A,3 Powered 2 Wheeler,ST PANCRAS WAY 70M SOUTH OF J/W GRANARY STREET,2,19/05/2016 03:15:00 PM,Thursday,15.15,3 Bor,A,5202,6 Single Cwy,1 <= 20 MPH,0 No Jun In 20m,-2 Not Applicable,-2 Not Applicable,0,1 Zebra,1 Daylight,1 Fine,1 Road-Dry,0 None,0 None,529600,183580,-0.132772,51.536257,,,Unknown,"(51.536257, -0.132772)",http://opendatacommunities.org/id/london-borough-council/camden,6279,21/12/2020 02:48:38 PM
1170040573,CAMDEN,3 Pedestrian,1 Male,25-59,42,1,3 Slight,08 In Centre Of Carriageway,9 Unknown Or Other,1 Pedestrian,EUSTON ROAD J/W TOTTENHAM COURT ROAD,1,20/05/2017 11:10:00 PM,Saturday,23.10,1 TLRN,A,501,6 Single Cwy,1 <= 20 MPH,6 Crossroads,2 Auto Sig,A,400,4 Pelican Or Similar,2 Dark,1 Fine,1 Road-Dry,0 None,0 None,529250,182330,-0.138274,51.525104,,,Unknown,"(51.525104, -0.138274)",http://opendatacommunities.org/id/london-borough-council/camden,7008,21/12/2020 02:48:39 PM
1160012397,CAMDEN,3 Pedestrian,2 Female,25-59,27,1,3 Slight,04 Crossing Road Within 50m Xing,3 From Drivers O/Side,1 Pedestrian,"ON WEST END LANE, NEAR THE JUNCTION WITH KILBURN HIGH ROAD .",1,22/09/2016 05:00:00 PM,Thursday,17.00,3 Bor,Unclassified,0,6 Single Cwy,2 30 MPH,3 T/Stag Jun,4 Give Way/Uncontrolled,A,5,5 Pedn Phase At Ats,1 Daylight,1 Fine,1 Road-Dry,0 None,0 None,525370,183690,-0.19369,51.5382,,,Unknown,"(51.5382, -0.19369)",http://opendatacommunities.org/id/london-borough-council/camden,5828,21/12/2020 02:48:37 PM
0116EK40301,CAMDEN,3 Pedestrian,1 Male,25-59,33,1,3 Slight,05 Crossing Road (Not On Xing),1 From Drivers N/Side,1 Pedestrian,EVERSHOLT STREET J/W BARNBY STREET.,1,01/05/2016 03:50:00 AM,Sunday,3.50,3 Bor,A,4200,6 Single Cwy,2 30 MPH,3 T/Stag Jun,4 Give Way/Uncontrolled,Unclassified,0,0 No Xing Facility In 50m,2 Dark,1 Fine,1 Road-Dry,0 None,0 None,529450,183010,-0.135143,51.531169,,,Unknown,"(51.531169, -0.135143)",http://opendatacommunities.org/id/london-borough-council/camden,6237,21/12/2020 02:48:38 PM
1180098292,CAMDEN,1 Driver/Rider,2 Female,25-59,52,1,3 Slight,-2 Unknown,-2 N/A,4 Car,LYMINGTON ROAD J/W CREDITON HILL,2,25/03/2018 03:21:00 PM,Sunday,15.21,3 Bor,C,0,6 Single Cwy,1 <= 20 MPH,3 T/Stag Jun,4 Give Way/Uncontrolled,Unclassified,0,0 No Xing Facility In 50m,1 Daylight,1 Fine,1 Road-Dry,0 None,1 Vehicle Load In Cwy,525660,184920,-0.189071,51.54919,,,Unknown,"(51.54919, -0.189071)",http://opendatacommunities.org/id/london-borough-council/camden,7839,21/12/2020 02:48:41 PM
1170050507,CAMDEN,1 Driver/Rider,1 Male,60+,63,1,2 Serious,-2 Unknown,-2 N/A,2 Pedal Cycle,GAYTON ROAD 50M N OF J/W HAMPSTEAD HIGH STREET,2,25/07/2017 03:21:00 PM,Tuesday,15.21,3 Bor,Unclassified,0,6 Single Cwy,1 <= 20 MPH,0 No Jun In 20m,-2 Not Applicable,-2 Not Applicable,0,0 No Xing Facility In 50m,1 Daylight,1 Fine,1 Road-Dry,0 None,0 None,526560,185710,-0.175814,51.556089,,,Unknown,"(51.556089, -0.175814)",http://opendatacommunities.org/id/london-borough-council/camden,7192,21/12/2020 02:48:40 PM
1170017957,CAMDEN,1 Driver/Rider,1 Male,25-59,29,1,3 Slight,-2 Unknown,-2 N/A,4 Car,SOUTHAMPTON ROW J/W THEOBALDS ROAD,2,31/01/2017 01:40:00 PM,Tuesday,13.40,3 Bor,A,4200,2 One-Way St,1 <= 20 MPH,3 T/Stag Jun,9 Unknown (S/R),A,401,5 Pedn Phase At Ats,1 Daylight,1 Fine,1 Road-Dry,9 Unknown (S/R),9 Unknown (S/R),530461,181683,-0.121068,51.519011,,,Unknown,"(51.519011, -0.121068)",http://opendatacommunities.org/id/london-borough-council/camden,6665,21/12/2020 02:48:39 PM
1180115055,CAMDEN,1 Driver/Rider,1 Male,25-59,26,1,3 Slight,-2 Unknown,-2 N/A,3 Powered 2 Wheeler,YORK WAY 25M N OF J/W PENTONVILLE ROAD,2,18/06/2018 08:03:00 AM,Monday,8.03,3 Bor,A,5200,2 One-Way St,2 30 MPH,0 No Jun In 20m,-2 Not Applicable,-2 Not Applicable,0,9 Unknown (S/R),1 Daylight,1 Fine,1 Road-Dry,0 None,0 None,530320,183010,-0.122608,51.530969,,,Unknown,"(51.530969, -0.122608)",http://opendatacommunities.org/id/london-borough-council/camden,8084,21/12/2020 02:48:42 PM
0115EK41033,CAMDEN,2 Passenger,2 Female,25-59,30,1,2 Serious,-2 Unknown,-2 N/A,5 Taxi,BAYHAM STREET J/W PLENDER STREET,2,01/11/2015 01:00:00 AM,Sunday,1.00,3 Bor,C,0,6 Single Cwy,2 30 MPH,6 Crossroads,2 Auto Sig,Unclassified,0,5 Pedn Phase At Ats,2 Dark,9 Unknown,1 Road-Dry,0 None,0 None,529190,183560,-0.138688,51.536172,,,Unknown,"(51.536172, -0.138688)",http://opendatacommunities.org/id/london-borough-council/camden,5452,21/12/2020 02:48:37 PM
1170053533,CAMDEN,1 Driver/Rider,1 Male,25-59,54,1,3 Slight,-2 Unknown,-2 N/A,2 Pedal Cycle,PRATT ST 62M E OF J/W CAMDEN HIGH ST THE NEAREST CLASSIFIED ROAD W,2,13/08/2017 01:30:00 PM,Sunday,13.30,3 Bor,C,0,6 Single Cwy,1 <= 20 MPH,0 No Jun In 20m,-2 Not Applicable,-2 Not Applicable,0,0 No Xing Facility In 50m,1 Daylight,1 Fine,1 Road-Dry,0 None,0 None,529080,183700,-0.140222,51.537455,,,Unknown,"(51.537455, -0.140222)",http://opendatacommunities.org/id/london-borough-council/camden,7238,21/12/2020 02:48:40 PM
1170014899,CAMDEN,1 Driver/Rider,1 Male,25-59,58,1,3 Slight,-2 Unknown,-2 N/A,8 Other Vehicle,KENTISH TOWN ROAD J/W CAVERSHAM ROAD,2,28/01/2017 12:10:00 PM,Saturday,12.10,3 Bor,A,400,6 Single Cwy,2 30 MPH,3 T/Stag Jun,4 Give Way/Uncontrolled,Unclassified,0,5 Pedn Phase At Ats,1 Daylight,1 Fine,1 Road-Dry,0 None,0 None,528990,184900,-0.141079,51.54826,,,Unknown,"(51.54826, -0.141079)",http://opendatacommunities.org/id/london-borough-council/camden,6618,21/12/2020 02:48:39 PM
0116EK40505,CAMDEN,3 Pedestrian,1 Male,16-24,22,1,3 Slight,04 Crossing Road Within 50m Xing,3 From Drivers O/Side,1 Pedestrian,HEATH STREET J/W HOLLY BUSH VALE,1,14/07/2016 05:20:00 PM,Thursday,17.20,3 Bor,B,511,6 Single Cwy,2 30 MPH,3 T/Stag Jun,4 Give Way/Uncontrolled,A,502,4 Pelican Or Similar,1 Daylight,1 Fine,1 Road-Dry,0 None,0 None,526360,185730,-0.178691,51.556313,,,Unknown,"(51.556313, -0.178691)",http://opendatacommunities.org/id/london-borough-council/camden,6414,21/12/2020 02:48:38 PM