Reference,London Borough Name,Casualty Class,Casualty Sex,Casualty Age Band,Casualty Age,Number Of Casualties,Casualty Severity,Pedestrian Location,Pedestrian Movement,Mode Of Travel,Attendant Location,Number Of Vehicles,Date,Day,Time,Highway,Road Class 1,Road Number 1,Road Type,Speed Limit,Junction Detail,Junction Control,Road Class 2,Road Number 2,Pedestrian Crossing,Light Condition Band,Weather,Road Surface,Special Conditions,Carriage Way Hazard,Easting,Northing,Longitude,Latitude,Ward Code,Ward Name,Spatial Accuracy,Location,Organisation URI,Socrata ID,Last Uploaded
1180129723,CAMDEN,1 Driver/Rider,1 Male,25-59,29,1,3 Slight,-2 Unknown,-2 N/A,3 Powered 2 Wheeler,KENTISH TOWN ROAD J/W ISLIP STREET,4,30/08/2018 03:59:00 PM,Thursday,15.59,3 Bor,A,400,2 One-Way St,1 <= 20 MPH,3 T/Stag Jun,4 Give Way/Uncontrolled,Unclassified,0,0 No Xing Facility In 50m,1 Daylight,1 Fine,1 Road-Dry,0 None,0 None,529010,185050,-0.140736,51.549603,,,Unknown,"(51.549603, -0.140736)",http://opendatacommunities.org/id/london-borough-council/camden,8286,21/12/2020 02:48:42 PM
1190186939,CAMDEN,3 PEDESTRIAN,2 FEMALE,25-59,34,1,2 SERIOUS,05 CROSSING ROAD (NOT ON XING),1 FROM DRIVERS N/SIDE,1 PEDESTRIAN,"On Pancras Road, 25 metres south of the junction with KINGS BOULEVARD.",1,13/06/2019 08:50:00 AM,Thursday,8.50,3 BOR,A,5202,3 DUAL CWY,20,00 NO JUN IN 20M,,0,0,0 NO XING FACILITY IN 50M,2 DAYLIGHT,2 RAINING,2 ROAD-WET,0 NONE,0 NONE,530124,183101,-0.125398,51.531832,,,Unknown,"(51.531832, -0.125398)",http://opendatacommunities.org/id/london-borough-council/camden,9089,21/12/2020 02:48:44 PM
0115EK40098,CAMDEN,3 Pedestrian,1 Male,16-24,22,1,2 Serious,09 In Road - Not Crossing,9 Unknown Or Other,1 Pedestrian,GRAY'S INN ROAD J/W BALDWIN'S GARDENS,1,09/02/2015 12:55:00 PM,Monday,12.55,3 Bor,A,5200,6 Single Cwy,2 30 MPH,3 T/Stag Jun,4 Give Way/Uncontrolled,Unclassified,0,1 Zebra,1 Daylight,1 Fine,1 Road-Dry,0 None,0 None,531070,181770,-0.112263,51.519652,,,Unknown,"(51.519652, -0.112263)",http://opendatacommunities.org/id/london-borough-council/camden,4658,21/12/2020 02:48:35 PM
1170071996,CAMDEN,1 Driver/Rider,1 Male,25-59,43,1,3 Slight,-2 Unknown,-2 N/A,3 Powered 2 Wheeler,MINSTER ROAD J/W FORDWYCH ROAD,2,22/11/2017 06:08:00 PM,Wednesday,18.08,3 Bor,Unclassified,0,6 Single Cwy,1 <= 20 MPH,6 Crossroads,3 Stop Sign,Unclassified,0,0 No Xing Facility In 50m,2 Dark,1 Fine,1 Road-Dry,0 None,0 None,524390,185180,-0.207286,51.551808,,,Unknown,"(51.551808, -0.207286)",http://opendatacommunities.org/id/london-borough-council/camden,7532,21/12/2020 02:48:41 PM
1180085375,CAMDEN,1 Driver/Rider,1 Male,25-59,27,1,3 Slight,-2 Unknown,-2 N/A,5 Taxi,GRAYS INN ROAD 25M E OF J/W GRAYS INN ROAD THE NEAREST CLASSIFIED,2,23/01/2018 08:30:00 PM,Tuesday,20.30,3 Bor,A,5200,2 One-Way St,2 30 MPH,0 No Jun In 20m,-2 Not Applicable,-2 Not Applicable,0,1 Zebra,2 Dark,1 Fine,1 Road-Dry,0 None,2 Other Object In Cwy,530770,182320,-0.11638,51.524665,,,Unknown,"(51.524665, -0.11638)",http://opendatacommunities.org/id/london-borough-council/camden,7689,21/12/2020 02:48:41 PM
0116EK40152,CAMDEN,1 Driver/Rider,1 Male,60+,65,1,3 Slight,-2 Unknown,-2 N/A,5 Taxi,ST PANCRAS WAY J/W GEORGIANA STREET,2,19/02/2016 06:32:00 PM,Friday,18.32,3 Bor,A,5202,2 One-Way St,1 <= 20 MPH,3 T/Stag Jun,4 Give Way/Uncontrolled,Unclassified,0,1 Zebra,2 Dark,2 Raining,2 Road-Wet,0 None,0 None,529390,184020,-0.135637,51.54026,,,Unknown,"(51.54026, -0.135637)",http://opendatacommunities.org/id/london-borough-council/camden,6107,21/12/2020 02:48:38 PM
0115EK40513,CAMDEN,1 Driver/Rider,1 Male,25-59,25,1,3 Slight,-2 Unknown,-2 N/A,4 Car,CHALK FARM ROAD J/W HARTLAND ROAD,2,27/06/2015 11:45:00 AM,Saturday,11.45,3 Bor,A,502,6 Single Cwy,2 30 MPH,3 T/Stag Jun,4 Give Way/Uncontrolled,Unclassified,0,1 Zebra,1 Daylight,1 Fine,1 Road-Dry,0 None,0 None,528570,184240,-0.147374,51.542424,,,Unknown,"(51.542424, -0.147374)",http://opendatacommunities.org/id/london-borough-council/camden,5002,21/12/2020 02:48:36 PM
0116EK40200,CAMDEN,1 Driver/Rider,1 Male,25-59,44,1,3 Slight,-2 Unknown,-2 N/A,2 Pedal Cycle,"HAMPSTEAD ROAD, 35 METRES NORTH OF EUSTON ROAD.",2,01/04/2016 11:02:00 AM,Friday,11.02,1 TLRN,A,400,6 Single Cwy,2 30 MPH,0 No Jun In 20m,-2 Not Applicable,-2 Not Applicable,0,5 Pedn Phase At Ats,1 Daylight,1 Fine,1 Road-Dry,0 None,0 None,529240,182370,-0.138404,51.525466,,,Unknown,"(51.525466, -0.138404)",http://opendatacommunities.org/id/london-borough-council/camden,6147,21/12/2020 02:48:38 PM
0115EK40893,CAMDEN,1 Driver/Rider,1 Male,25-59,40,1,3 Slight,-2 Unknown,-2 N/A,3 Powered 2 Wheeler,ALBANY STREET J/W CAMBRIDGE GATE MEWS,2,07/10/2015 07:55:00 AM,Wednesday,7.55,3 Bor,A,4201,6 Single Cwy,1 <= 20 MPH,3 T/Stag Jun,4 Give Way/Uncontrolled,Unclassified,0,0 No Xing Facility In 50m,1 Daylight,1 Fine,2 Road-Wet,0 None,0 None,528820,182480,-0.144414,51.52655,,,Unknown,"(51.52655, -0.144414)",http://opendatacommunities.org/id/london-borough-council/camden,5336,21/12/2020 02:48:37 PM
0115EK40788,CAMDEN,1 Driver/Rider,1 Male,25-59,42,1,2 Serious,-2 Unknown,-2 N/A,2 Pedal Cycle,THEOBALD'S ROAD J/W GRAY'S INN ROAD.,2,11/09/2015 10:02:00 PM,Friday,22.02,3 Bor,A,401,6 Single Cwy,2 30 MPH,6 Crossroads,2 Auto Sig,A,5200,5 Pedn Phase At Ats,2 Dark,1 Fine,1 Road-Dry,0 None,0 None,530980,181970,-0.113485,51.521471,,,Unknown,"(51.521471, -0.113485)",http://opendatacommunities.org/id/london-borough-council/camden,5255,21/12/2020 02:48:37 PM
0116EK40367,CAMDEN,1 Driver/Rider,1 Male,25-59,38,1,3 Slight,-2 Unknown,-2 N/A,3 Powered 2 Wheeler,FINCHLEY ROAD J/W HEATH DRIVE.,2,26/05/2016 09:10:00 AM,Thursday,9.10,1 TLRN,A,41,3 Dual Cwy,2 30 MPH,6 Crossroads,2 Auto Sig,Unclassified,0,5 Pedn Phase At Ats,1 Daylight,1 Fine,1 Road-Dry,0 None,0 None,525510,185480,-0.191034,51.554256,,,Unknown,"(51.554256, -0.191034)",http://opendatacommunities.org/id/london-borough-council/camden,6290,21/12/2020 02:48:38 PM
0115EK41073,CAMDEN,1 Driver/Rider,1 Male,25-59,49,1,3 Slight,-2 Unknown,-2 N/A,5 Taxi,ROSSLYN HILL J/W POND STREET.,2,29/10/2015 09:33:00 PM,Thursday,21.33,3 Bor,A,502,6 Single Cwy,2 30 MPH,6 Crossroads,2 Auto Sig,B,518,5 Pedn Phase At Ats,2 Dark,1 Fine,1 Road-Dry,0 None,0 None,527030,185400,-0.16915,51.553197,,,Unknown,"(51.553197, -0.16915)",http://opendatacommunities.org/id/london-borough-council/camden,5482,21/12/2020 02:48:37 PM
1190168533,CAMDEN,1 DRIVER/RIDER,1 MALE,25-59,32,1,3 SLIGHT,'-2 NOT APPLICABLE,'-2 NOT APPLICABLE,3 POWERED 2 WHEELER,"On Euston Road, near the junction with melton street.",2,12/03/2019 08:30:00 AM,Tuesday,8.30,1 TLRN,A,501,3 DUAL CWY,30,06 CROSSROADS,2 AUTO SIG,5,0,4 PELICAN OR SIMILAR,2 DAYLIGHT,5 RAINING/HIGH WINDS,2 ROAD-WET,0 NONE,0 NONE,529568,182478,-0.133639,51.526361,,,Unknown,"(51.526361, -0.133639)",http://opendatacommunities.org/id/london-borough-council/camden,8834,21/12/2020 02:48:43 PM
1190205154,CAMDEN,1 DRIVER/RIDER,1 MALE,25-59,44,1,3 SLIGHT,'-2 NOT APPLICABLE,3 FROM DRIVERS O/SIDE,2 PEDAL CYCLE,"On Highgate West Hill, near the junction with Highgate Road.",2,28/06/2019 07:15:00 PM,Friday,19.15,3 BOR,5,0,1 ROUNDABOUT,20,01 ROUNDABOUT,4 GIVE WAY/UNCONTROLLED,6,0,1 ZEBRA,2 DAYLIGHT,1 FINE,1 ROAD-DRY,0 NONE,0 NONE,528286,186333,-0.150704,51.561298,,,Unknown,"(51.561298, -0.150704)",http://opendatacommunities.org/id/london-borough-council/camden,9360,21/12/2020 02:48:44 PM
1170030753,CAMDEN,1 Driver/Rider,2 Female,25-59,34,1,2 Serious,-2 Unknown,-2 N/A,2 Pedal Cycle,GUILFORD STREET 10M W OF J/W MECKLENBURGH PLACE,2,06/04/2017 06:00:00 PM,Thursday,18.00,3 Bor,B,502,6 Single Cwy,1 <= 20 MPH,3 T/Stag Jun,4 Give Way/Uncontrolled,Unclassified,0,1 Zebra,1 Daylight,1 Fine,1 Road-Dry,4 Roadworks,0 None,530620,182210,-0.118582,51.523711,,,Unknown,"(51.523711, -0.118582)",http://opendatacommunities.org/id/london-borough-council/camden,6854,21/12/2020 02:48:39 PM
1170038070,CAMDEN,2 Passenger,2 Female,60+,74,1,3 Slight,-2 Unknown,-2 N/A,6 Bus Or Coach,EVERSHOLT STREET J/W PHOENIX ROAD,1,17/05/2017 04:20:00 PM,Wednesday,16.20,3 Bor,A,4200,6 Single Cwy,2 30 MPH,3 T/Stag Jun,4 Give Way/Uncontrolled,C,0,1 Zebra,1 Daylight,2 Raining,2 Road-Wet,0 None,2 Other Object In Cwy,529540,182890,-0.133891,51.53007,,,Unknown,"(51.53007, -0.133891)",http://opendatacommunities.org/id/london-borough-council/camden,6974,21/12/2020 02:48:39 PM
1170023644,CAMDEN,1 Driver/Rider,1 Male,25-59,47,1,3 Slight,-2 Unknown,-2 N/A,4 Car,HAMPSTEAD ROAD 20M E OF J/W EUSTON ROAD,2,23/02/2017 02:03:00 AM,Thursday,2.03,1 TLRN,A,400,6 Single Cwy,2 30 MPH,6 Crossroads,4 Give Way/Uncontrolled,A,501,5 Pedn Phase At Ats,2 Dark,1 Fine,1 Road-Dry,9 Unknown (S/R),9 Unknown (S/R),529260,182355,-0.138121,51.525326,,,Unknown,"(51.525326, -0.138121)",http://opendatacommunities.org/id/london-borough-council/camden,6751,21/12/2020 02:48:39 PM
0115EK40763,CAMDEN,2 Passenger,1 Male,0-15,3,1,3 Slight,-2 Unknown,-2 N/A,5 Taxi,"EUSTON ROAD, 200 METRES NE OF EUSTON ROAD SLIP ROAD.",4,01/09/2015 04:26:00 PM,Tuesday,16.26,1 TLRN,A,501,3 Dual Cwy,4 50 MPH,0 No Jun In 20m,-2 Not Applicable,-2 Not Applicable,0,0 No Xing Facility In 50m,1 Daylight,1 Fine,1 Road-Dry,0 None,0 None,529260,182330,-0.13813,51.525102,,,Unknown,"(51.525102, -0.13813)",http://opendatacommunities.org/id/london-borough-council/camden,5228,21/12/2020 02:48:37 PM
1190182431,CAMDEN,1 DRIVER/RIDER,1 MALE,25-59,35,1,3 SLIGHT,'-2 NOT APPLICABLE,'-2 NOT APPLICABLE,2 PEDAL CYCLE,Location uncertain Royal College Street jw Baynes St,2,22/05/2019 11:45:00 AM,Wednesday,11.45,3 BOR,A,5202,2 ONE-WAY ST,20,03 T/STAG JUN,4 GIVE WAY/UNCONTROLLED,6,0,0 NO XING FACILITY IN 50M,2 DAYLIGHT,1 FINE,1 ROAD-DRY,0 NONE,0 NONE,529248,184102,-0.137653,51.541029,,,Unknown,"(51.541029, -0.137653)",http://opendatacommunities.org/id/london-borough-council/camden,9030,21/12/2020 02:48:44 PM
1180118248,CAMDEN,1 Driver/Rider,2 Female,25-59,27,1,3 Slight,-2 Unknown,-2 N/A,4 Car,PRIORY PARK ROAD J/W KILBURN HIGH ROAD,2,02/07/2018 06:30:00 PM,Monday,18.30,3 Bor,A,5,6 Single Cwy,1 <= 20 MPH,3 T/Stag Jun,4 Give Way/Uncontrolled,Unclassified,0,0 No Xing Facility In 50m,1 Daylight,1 Fine,1 Road-Dry,0 None,0 None,525175,183946,-0.196409,51.540544,,,Unknown,"(51.540544, -0.196409)",http://opendatacommunities.org/id/london-borough-council/camden,8142,21/12/2020 02:48:42 PM
1190193661,CAMDEN,3 PEDESTRIAN,1 MALE,25-59,29,1,3 SLIGHT,01 CROSSING ROAD ON PED XING,'-2 NOT APPLICABLE,1 PEDESTRIAN,"On Camden Road, 50 metres east of the junction with Bayham St.",1,15/07/2019 11:50:00 AM,Monday,11.50,1 TLRN,A,503,6 SINGLE CWY,20,00 NO JUN IN 20M,,0,0,4 PELICAN OR SIMILAR,2 DAYLIGHT,1 FINE,1 ROAD-DRY,0 NONE,0 NONE,529008,183976,-0.141158,51.539952,,,Unknown,"(51.539952, -0.141158)",http://opendatacommunities.org/id/london-borough-council/camden,9187,21/12/2020 02:48:44 PM
0116EK40281,CAMDEN,1 Driver/Rider,1 Male,25-59,28,1,3 Slight,-2 Unknown,-2 N/A,4 Car,N.F.L KENTISH TOWN ROAD 25M S OF BUCK STREET,2,20/04/2016 05:37:00 PM,Wednesday,17.37,3 Bor,A,400,6 Single Cwy,1 <= 20 MPH,0 No Jun In 20m,-2 Not Applicable,-2 Not Applicable,0,0 No Xing Facility In 50m,1 Daylight,1 Fine,1 Road-Dry,0 None,0 None,528930,183980,-0.142281,51.540005,,,Unknown,"(51.540005, -0.142281)",http://opendatacommunities.org/id/london-borough-council/camden,6218,21/12/2020 02:48:38 PM
0115EK40771,CAMDEN,1 Driver/Rider,1 Male,25-59,28,1,3 Slight,-2 Unknown,-2 N/A,3 Powered 2 Wheeler,SOUTHAMPTON ROW J/W BLOOMSBURY PLACE,1,02/09/2015 09:15:00 AM,Wednesday,9.15,3 Bor,A,4200,6 Single Cwy,2 30 MPH,3 T/Stag Jun,2 Auto Sig,C,0,5 Pedn Phase At Ats,1 Daylight,1 Fine,1 Road-Dry,0 None,0 None,530380,181770,-0.122202,51.519812,,,Unknown,"(51.519812, -0.122202)",http://opendatacommunities.org/id/london-borough-council/camden,5239,21/12/2020 02:48:37 PM
1190208495,CAMDEN,1 DRIVER/RIDER,1 MALE,25-59,27,1,3 SLIGHT,'-2 NOT APPLICABLE,'-2 NOT APPLICABLE,4 CAR,"On Gascony Avenue, near the junction with Kingsgate Road.",2,29/09/2019 09:38:00 AM,Sunday,9.38,3 BOR,6,0,2 ONE-WAY ST,20,09 OTHER JUN,4 GIVE WAY/UNCONTROLLED,6,0,0 NO XING FACILITY IN 50M,2 DAYLIGHT,1 FINE,2 ROAD-WET,0 NONE,0 NONE,525246,184177,-0.195304,51.542605,,,Unknown,"(51.542605, -0.195304)",http://opendatacommunities.org/id/london-borough-council/camden,9393,21/12/2020 02:48:44 PM
1180091948,CAMDEN,2 Passenger,2 Female,60+,61,1,3 Slight,-2 Unknown,-2 N/A,6 Bus Or Coach,KILBURN HIGH ROAD  NW6 J/W SPRINGFIELD LANE NW6,1,22/02/2018 06:20:00 PM,Thursday,18.20,3 Bor,A,5,6 Single Cwy,2 30 MPH,6 Crossroads,2 Auto Sig,C,0,4 Pelican Or Similar,2 Dark,1 Fine,1 Road-Dry,0 None,0 None,525480,183540,-0.192158,51.536828,,,Unknown,"(51.536828, -0.192158)",http://opendatacommunities.org/id/london-borough-council/camden,7766,21/12/2020 02:48:41 PM
1190190823,CAMDEN,3 PEDESTRIAN,2 FEMALE,16-24,24,1,2 SERIOUS,01 CROSSING ROAD ON PED XING,3 FROM DRIVERS O/SIDE,1 PEDESTRIAN,"On Bloomsbury Way, near the junction with Bury Place.",1,01/07/2019 06:58:00 PM,Monday,18.58,3 BOR,A,40,2 ONE-WAY ST,20,03 T/STAG JUN,2 AUTO SIG,6,0,4 PELICAN OR SIMILAR,2 DAYLIGHT,1 FINE,1 ROAD-DRY,0 NONE,0 NONE,530281,181551,-0.123709,51.517867,,,Unknown,"(51.517867, -0.123709)",http://opendatacommunities.org/id/london-borough-council/camden,9147,21/12/2020 02:48:44 PM
1180122584,CAMDEN,3 Pedestrian,2 Female,25-59,30,1,3 Slight,01 Crossing Road On Ped Xing,1 From Drivers N/Side,1 Pedestrian,PROCTER STREET J/W HIGH HOLBORN,1,22/07/2018 07:45:00 PM,Sunday,19.45,3 Bor,A,40,2 One-Way St,2 30 MPH,3 T/Stag Jun,1 Auth Person,A,40,5 Pedn Phase At Ats,1 Daylight,1 Fine,1 Road-Dry,0 None,0 None,530590,181540,-0.119262,51.517696,,,Unknown,"(51.517696, -0.119262)",http://opendatacommunities.org/id/london-borough-council/camden,8195,21/12/2020 02:48:42 PM
0115EK40180,CAMDEN,1 Driver/Rider,1 Male,25-59,33,1,3 Slight,-2 Unknown,-2 N/A,2 Pedal Cycle,CAMDEN STREET J/W CAMDEN ROAD,2,24/02/2015 12:13:00 AM,Tuesday,0.13,1 TLRN,A,400,6 Single Cwy,2 30 MPH,6 Crossroads,2 Auto Sig,A,503,5 Pedn Phase At Ats,2 Dark,1 Fine,1 Road-Dry,0 None,0 None,529080,184030,-0.140101,51.540421,,,Unknown,"(51.540421, -0.140101)",http://opendatacommunities.org/id/london-borough-council/camden,4721,21/12/2020 02:48:36 PM
1170050369,CAMDEN,1 Driver/Rider,1 Male,25-59,45,1,2 Serious,-2 Unknown,-2 N/A,3 Powered 2 Wheeler,KILBURN HIGH ROAD J/W VICTORIA RD NW6,2,25/07/2017 02:11:00 PM,Tuesday,14.11,3 Bor,A,5,6 Single Cwy,2 30 MPH,3 T/Stag Jun,2 Auto Sig,A,5,4 Pelican Or Similar,1 Daylight,8 Other,1 Road-Dry,0 None,0 None,525240,183860,-0.195503,51.539757,,,Unknown,"(51.539757, -0.195503)",http://opendatacommunities.org/id/london-borough-council/camden,7189,21/12/2020 02:48:40 PM
0115EK40092,CAMDEN,3 Pedestrian,1 Male,25-59,30,1,3 Slight,01 Crossing Road On Ped Xing,3 From Drivers O/Side,1 Pedestrian,WOBURN PLACE J/W BERNARD STREET,1,07/02/2015 07:30:00 PM,Saturday,19.30,3 Bor,A,4200,6 Single Cwy,2 30 MPH,6 Crossroads,2 Auto Sig,B,504,5 Pedn Phase At Ats,2 Dark,1 Fine,1 Road-Dry,0 None,0 None,530120,182100,-0.125826,51.522837,,,Unknown,"(51.522837, -0.125826)",http://opendatacommunities.org/id/london-borough-council/camden,4653,21/12/2020 02:48:35 PM
1190225409,CAMDEN,1 DRIVER/RIDER,2 FEMALE,25-59,36,1,3 SLIGHT,'-2 NOT APPLICABLE,'-2 NOT APPLICABLE,2 PEDAL CYCLE,"On Kilburn High Road, London NW6, 20 metres north of the junction with kilburn park road .",2,16/12/2019 05:59:00 PM,Monday,17.59,3 BOR,A,5,3 DUAL CWY,30,03 T/STAG JUN,4 GIVE WAY/UNCONTROLLED,B,414,1 ZEBRA,1 DARK,1 FINE,2 ROAD-WET,0 NONE,0 NONE,525654,183358,-0.189715,51.535153,,,Unknown,"(51.535153, -0.189715)",http://opendatacommunities.org/id/london-borough-council/camden,9622,21/12/2020 02:48:45 PM
1170035488,CAMDEN,1 Driver/Rider,1 Male,25-59,26,1,3 Slight,-2 Unknown,-2 N/A,2 Pedal Cycle,PRINCE ALBERT ROAD J/W PARKWAY,2,04/05/2017 10:17:00 AM,Thursday,10.17,3 Bor,A,5205,6 Single Cwy,1 <= 20 MPH,6 Crossroads,2 Auto Sig,A,4201,4 Pelican Or Similar,1 Daylight,1 Fine,1 Road-Dry,0 None,0 None,528610,183550,-0.147049,51.536214,,,Unknown,"(51.536214, -0.147049)",http://opendatacommunities.org/id/london-borough-council/camden,6937,21/12/2020 02:48:39 PM
1190163488,CAMDEN,1 DRIVER/RIDER,2 FEMALE,25-59,49,3,3 SLIGHT,'-2 NOT APPLICABLE,'-2 NOT APPLICABLE,9 PRIVATE HIRE,"On SPANARD ROAD, near the junction with NORTH END WAY NW3.",2,14/02/2019 07:15:00 PM,Thursday,19.15,3 BOR,B,519,1 ROUNDABOUT,20,01 ROUNDABOUT,4 GIVE WAY/UNCONTROLLED,A,502,1 ZEBRA,1 DARK,1 FINE,1 ROAD-DRY,0 NONE,0 NONE,526284,186436,-0.179533,51.562675,,,Unknown,"(51.562675, -0.179533)",http://opendatacommunities.org/id/london-borough-council/camden,8783,21/12/2020 02:48:43 PM
0115EK40697,CAMDEN,3 Pedestrian,2 Female,16-24,21,1,3 Slight,01 Crossing Road On Ped Xing,3 From Drivers O/Side,1 Pedestrian,MANSFIELD ROAD J/W OAK VILLAGE,1,10/08/2015 07:40:00 PM,Monday,19.40,3 Bor,B,518,6 Single Cwy,2 30 MPH,3 T/Stag Jun,4 Give Way/Uncontrolled,C,0,4 Pelican Or Similar,1 Daylight,1 Fine,1 Road-Dry,0 None,0 None,528210,185600,-0.152067,51.554728,,,Unknown,"(51.554728, -0.152067)",http://opendatacommunities.org/id/london-borough-council/camden,5172,21/12/2020 02:48:36 PM
1190178488,CAMDEN,1 DRIVER/RIDER,1 MALE,25-59,42,2,3 SLIGHT,'-2 NOT APPLICABLE,'-2 NOT APPLICABLE,9 PRIVATE HIRE,"On Pancras Road, 5 metres south of the junction with St Pancras Way.",2,02/05/2019 05:05:00 PM,Thursday,17.05,3 BOR,A,5202,6 SINGLE CWY,20,03 T/STAG JUN,2 AUTO SIG,A,5202,5 PEDN PHASE AT ATS,2 DAYLIGHT,2 RAINING,2 ROAD-WET,0 NONE,0 NONE,529617,183490,-0.13256,51.535445,,,Unknown,"(51.535445, -0.13256)",http://opendatacommunities.org/id/london-borough-council/camden,8971,21/12/2020 02:48:44 PM
1170067186,CAMDEN,2 Passenger,2 Female,Unknown,0,1,3 Slight,-2 Unknown,-2 N/A,4 Car,BROADHURST GARDENS 21M N OF J/W GOLDHURST TERRACE,1,18/10/2017 09:55:00 PM,Wednesday,21.55,3 Bor,Unclassified,0,2 One-Way St,1 <= 20 MPH,0 No Jun In 20m,-2 Not Applicable,-2 Not Applicable,0,9 Unknown (S/R),2 Dark,8 Other,2 Road-Wet,0 None,0 None,526300,184580,-0.179968,51.545992,,,Unknown,"(51.545992, -0.179968)",http://opendatacommunities.org/id/london-borough-council/camden,7466,21/12/2020 02:48:40 PM
0116EK40486,CAMDEN,1 Driver/Rider,1 Male,25-59,56,1,3 Slight,-2 Unknown,-2 N/A,4 Car,ARLINGTON ROAD J/W UNDERHILL STREET,1,10/07/2016 02:59:00 PM,Sunday,14.59,3 Bor,Unclassified,0,6 Single Cwy,2 30 MPH,8 Priv Drive,4 Give Way/Uncontrolled,Unclassified,0,0 No Xing Facility In 50m,1 Daylight,1 Fine,1 Road-Dry,0 None,0 None,528860,183720,-0.143385,51.537685,,,Unknown,"(51.537685, -0.143385)",http://opendatacommunities.org/id/london-borough-council/camden,6397,21/12/2020 02:48:38 PM
1180132667,CAMDEN,3 Pedestrian,2 Female,25-59,28,1,3 Slight,09 In Road - Not Crossing,8 In Rd Back To Traffic,1 Pedestrian,CAMDEN HIGH STREET J/W PARKWAY,1,14/09/2018 10:17:00 PM,Friday,22.17,1 TLRN,A,502,2 One-Way St,1 <= 20 MPH,6 Crossroads,2 Auto Sig,A,503,4 Pelican Or Similar,2 Dark,8 Other,1 Road-Dry,0 None,0 None,528880,183890,-0.143034,51.539208,,,Unknown,"(51.539208, -0.143034)",http://opendatacommunities.org/id/london-borough-council/camden,8326,21/12/2020 02:48:42 PM
1180086370,CAMDEN,1 Driver/Rider,1 Male,25-59,27,1,3 Slight,-2 Unknown,-2 N/A,4 Car,CANTELOWES ROAD J/W SOUTH VILLAS NW1,2,28/01/2018 09:30:00 PM,Sunday,21.30,3 Bor,Unclassified,0,6 Single Cwy,2 30 MPH,6 Crossroads,4 Give Way/Uncontrolled,Unclassified,0,0 No Xing Facility In 50m,2 Dark,1 Fine,1 Road-Dry,0 None,0 None,529740,184590,-0.130383,51.545302,,,Unknown,"(51.545302, -0.130383)",http://opendatacommunities.org/id/london-borough-council/camden,7698,21/12/2020 02:48:41 PM
0116EK40335,CAMDEN,2 Passenger,1 Male,25-59,27,1,3 Slight,-2 Unknown,-2 N/A,4 Car,AVENUE RD 32M NORTH WEST OF J/W FINCHLEY RD SLIP RD,2,13/05/2016 11:38:00 PM,Friday,23.38,1 TLRN,A,41,3 Dual Cwy,2 30 MPH,9 Other Jun,2 Auto Sig,A,41,5 Pedn Phase At Ats,2 Dark,1 Fine,1 Road-Dry,0 None,0 None,526660,184310,-0.174876,51.543485,,,Unknown,"(51.543485, -0.174876)",http://opendatacommunities.org/id/london-borough-council/camden,6268,21/12/2020 02:48:38 PM
1170031156,CAMDEN,2 Passenger,2 Female,25-59,28,1,3 Slight,-2 Unknown,-2 N/A,4 Car,PRINCE ALBERT ROAD 150M W OF J/W ORMONDE TERRACE,3,09/04/2017 05:16:00 PM,Sunday,17.16,3 Bor,A,5205,3 Dual Cwy,2 30 MPH,0 No Jun In 20m,-2 Not Applicable,-2 Not Applicable,0,0 No Xing Facility In 50m,1 Daylight,1 Fine,1 Road-Dry,0 None,0 None,527870,183580,-0.157702,51.536652,,,Unknown,"(51.536652, -0.157702)",http://opendatacommunities.org/id/london-borough-council/camden,6868,21/12/2020 02:48:39 PM
0116EK40288,CAMDEN,1 Driver/Rider,1 Male,16-24,24,1,2 Serious,-2 Unknown,-2 N/A,2 Pedal Cycle,HIGHGATE ROAD J/W LADY SOMERSET ROAD,2,27/04/2016 08:20:00 PM,Wednesday,20.20,3 Bor,B,518,6 Single Cwy,2 30 MPH,3 T/Stag Jun,4 Give Way/Uncontrolled,Unclassified,0,0 No Xing Facility In 50m,2 Dark,1 Fine,1 Road-Dry,0 None,0 None,528740,185550,-0.144445,51.554158,,,Unknown,"(51.554158, -0.144445)",http://opendatacommunities.org/id/london-borough-council/camden,6224,21/12/2020 02:48:38 PM
0115EK40121,CAMDEN,1 Driver/Rider,2 Female,25-59,54,1,3 Slight,-2 Unknown,-2 N/A,2 Pedal Cycle,ROYAL COLLEGE STREET J/W PLENDER STREET,2,16/02/2015 04:47:00 PM,Monday,16.47,3 Bor,A,5202,6 Single Cwy,2 30 MPH,3 T/Stag Jun,4 Give Way/Uncontrolled,Unclassified,0,1 Zebra,1 Daylight,2 Raining,2 Road-Wet,0 None,0 None,529450,183700,-0.13489,51.53737,,,Unknown,"(51.53737, -0.13489)",http://opendatacommunities.org/id/london-borough-council/camden,4675,21/12/2020 02:48:36 PM
0115EK41087,CAMDEN,1 Driver/Rider,1 Male,25-59,37,1,3 Slight,-2 Unknown,-2 N/A,3 Powered 2 Wheeler,"NFL - SOUTHAMPTON ROW, 50 METRES SE OF RUSSELL SQUARE.",2,04/12/2015 10:30:00 PM,Friday,22.30,3 Bor,A,4200,6 Single Cwy,2 30 MPH,0 No Jun In 20m,-2 Not Applicable,-2 Not Applicable,0,1 Zebra,2 Dark,1 Fine,1 Road-Dry,0 None,0 None,530280,181910,-0.123591,51.521093,,,Unknown,"(51.521093, -0.123591)",http://opendatacommunities.org/id/london-borough-council/camden,5492,21/12/2020 02:48:37 PM