Reference,London Borough Name,Casualty Class,Casualty Sex,Casualty Age Band,Casualty Age,Number Of Casualties,Casualty Severity,Pedestrian Location,Pedestrian Movement,Mode Of Travel,Attendant Location,Number Of Vehicles,Date,Day,Time,Highway,Road Class 1,Road Number 1,Road Type,Speed Limit,Junction Detail,Junction Control,Road Class 2,Road Number 2,Pedestrian Crossing,Light Condition Band,Weather,Road Surface,Special Conditions,Carriage Way Hazard,Easting,Northing,Longitude,Latitude,Ward Code,Ward Name,Spatial Accuracy,Location,Organisation URI,Socrata ID,Last Uploaded
0115EK40273,CAMDEN,3 Pedestrian,2 Female,25-59,39,1,2 Serious,10 Unknown,9 Unknown Or Other,1 Pedestrian,NFL- BATTLE BRIDGE ROAD J/W GOODS WAY,1,18/03/2015 02:50:00 PM,Wednesday,14.50,3 Bor,C,0,6 Single Cwy,2 30 MPH,7 Multi Jun,2 Auto Sig,C,0,5 Pedn Phase At Ats,1 Daylight,1 Fine,1 Road-Dry,0 None,0 None,530020,183210,-0.126857,51.532836,,,Unknown,"(51.532836, -0.126857)",http://opendatacommunities.org/id/london-borough-council/camden,4799,21/12/2020 02:48:36 PM
1180139278,CAMDEN,2 Passenger,2 Female,25-59,33,1,3 Slight,-2 Unknown,-2 N/A,6 Bus Or Coach,GOWER STREET J/W UNIVERSITY STREET,2,16/10/2018 05:55:00 AM,Tuesday,5.55,3 Bor,A,400,2 One-Way St,1 <= 20 MPH,3 T/Stag Jun,4 Give Way/Uncontrolled,C,0,1 Zebra,2 Dark,1 Fine,2 Road-Wet,0 None,0 None,529520,182220,-0.134425,51.524054,,,Unknown,"(51.524054, -0.134425)",http://opendatacommunities.org/id/london-borough-council/camden,8437,21/12/2020 02:48:43 PM
1180150388,CAMDEN,1 Driver/Rider,1 Male,25-59,31,1,3 Slight,-2 Unknown,-2 N/A,3 Powered 2 Wheeler,PANCRAS ROAD J/W MIDLAND ROAD,2,06/12/2018 07:00:00 PM,Thursday,19.00,3 Bor,A,5202,6 Single Cwy,1 <= 20 MPH,3 T/Stag Jun,1 Auth Person,Unclassified,0,1 Zebra,2 Dark,1 Fine,2 Road-Wet,0 None,0 None,529880,183270,-0.128852,51.533407,,,Unknown,"(51.533407, -0.128852)",http://opendatacommunities.org/id/london-borough-council/camden,8589,21/12/2020 02:48:43 PM
1180087991,CAMDEN,3 Pedestrian,2 Female,60+,73,1,3 Slight,05 Crossing Road (Not On Xing),1 From Drivers N/Side,1 Pedestrian,NFL FORTESS ROAD 40M N OF J/W LADY SOMERSET ROAD,1,04/02/2018 06:28:00 PM,Sunday,18.28,3 Bor,A,400,6 Single Cwy,1 <= 20 MPH,0 No Jun In 20m,-2 Not Applicable,-2 Not Applicable,0,0 No Xing Facility In 50m,2 Dark,1 Fine,1 Road-Dry,0 None,0 None,529070,185710,-0.139629,51.555521,,,Unknown,"(51.555521, -0.139629)",http://opendatacommunities.org/id/london-borough-council/camden,7724,21/12/2020 02:48:41 PM
1190166411,CAMDEN,1 DRIVER/RIDER,1 MALE,25-59,49,2,2 SERIOUS,'-2 NOT APPLICABLE,'-2 NOT APPLICABLE,4 CAR,"On Crowndale Road, near the junction with camden road.",2,02/03/2019 06:15:00 AM,Saturday,6.15,1 TLRN,A,400,6 SINGLE CWY,20,06 CROSSROADS,2 AUTO SIG,B,512,4 PELICAN OR SIMILAR,1 DARK,1 FINE,2 ROAD-WET,0 NONE,0 NONE,529416,183467,-0.135465,51.535284,,,Unknown,"(51.535284, -0.135465)",http://opendatacommunities.org/id/london-borough-council/camden,8813,21/12/2020 02:48:43 PM
0115EK40335,CAMDEN,1 Driver/Rider,1 Male,25-59,27,1,2 Serious,-2 Unknown,-2 N/A,3 Powered 2 Wheeler,CAMDEN ROAD J/W SANDALL ROAD,2,01/05/2015 12:05:00 AM,Friday,0.05,1 TLRN,A,503,6 Single Cwy,2 30 MPH,3 T/Stag Jun,4 Give Way/Uncontrolled,Unclassified,0,4 Pelican Or Similar,2 Dark,1 Fine,1 Road-Dry,0 None,0 None,529500,184610,-0.133835,51.545537,,,Unknown,"(51.545537, -0.133835)",http://opendatacommunities.org/id/london-borough-council/camden,4846,21/12/2020 02:48:36 PM
1170052012,CAMDEN,1 Driver/Rider,2 Female,25-59,42,1,3 Slight,-2 Unknown,-2 N/A,4 Car,HEATH STREET J/W EAST HEATH ROAD,2,03/08/2017 04:40:00 PM,Thursday,16.40,3 Bor,A,502,6 Single Cwy,2 30 MPH,6 Crossroads,2 Auto Sig,C,0,0 No Xing Facility In 50m,1 Daylight,1 Fine,1 Road-Dry,0 None,0 None,526310,186240,-0.179228,51.560908,,,Unknown,"(51.560908, -0.179228)",http://opendatacommunities.org/id/london-borough-council/camden,7219,21/12/2020 02:48:40 PM
0115EK41045,CAMDEN,3 Pedestrian,2 Female,25-59,33,1,3 Slight,05 Crossing Road (Not On Xing),1 From Drivers N/Side,1 Pedestrian,CHENIES STREET J/W RIDGMOUNT STREET.,1,19/11/2015 04:45:00 PM,Thursday,16.45,3 Bor,B,506,6 Single Cwy,2 30 MPH,6 Crossroads,4 Give Way/Uncontrolled,Unclassified,0,0 No Xing Facility In 50m,2 Dark,2 Raining,2 Road-Wet,0 None,0 None,529680,181900,-0.132238,51.521141,,,Unknown,"(51.521141, -0.132238)",http://opendatacommunities.org/id/london-borough-council/camden,5461,21/12/2020 02:48:37 PM
0115EK41035,CAMDEN,2 Passenger,1 Male,60+,80,1,3 Slight,-2 Unknown,-2 N/A,6 Bus Or Coach,"HAMPSTEAD ROAD, 70 METRES SOUTH OF HAMPSTEAD ROAD.",1,22/11/2015 03:50:00 PM,Sunday,15.50,1 TLRN,A,400,6 Single Cwy,2 30 MPH,0 No Jun In 20m,-2 Not Applicable,-2 Not Applicable,0,0 No Xing Facility In 50m,1 Daylight,1 Fine,1 Road-Dry,0 None,0 None,529210,182930,-0.138631,51.530505,,,Unknown,"(51.530505, -0.138631)",http://opendatacommunities.org/id/london-borough-council/camden,5453,21/12/2020 02:48:37 PM
1180100983,CAMDEN,1 Driver/Rider,1 Male,16-24,23,1,3 Slight,-2 Unknown,-2 N/A,4 Car,MALDEN ROAD J/W MALDEN CRESCENT,1,10/04/2018 09:30:00 AM,Tuesday,9.30,3 Bor,B,517,6 Single Cwy,1 <= 20 MPH,6 Crossroads,9 Unknown (S/R),B,517,5 Pedn Phase At Ats,1 Daylight,1 Fine,1 Road-Dry,0 None,0 None,528330,184620,-0.150694,51.545894,,,Unknown,"(51.545894, -0.150694)",http://opendatacommunities.org/id/london-borough-council/camden,7877,21/12/2020 02:48:41 PM
1190158458,CAMDEN,1 DRIVER/RIDER,2 FEMALE,25-59,57,1,3 SLIGHT,'-2 NOT APPLICABLE,'-2 NOT APPLICABLE,4 CAR,"On Leybourne Street, 25 metres north of the junction with Castlehaven Street.",2,20/01/2019 09:00:00 AM,Sunday,9.00,3 BOR,6,0,6 SINGLE CWY,20,00 NO JUN IN 20M,,0,0,1 ZEBRA,2 DAYLIGHT,1 FINE,1 ROAD-DRY,0 NONE,0 NONE,528678,184225,-0.145823,51.542265,,,Unknown,"(51.542265, -0.145823)",http://opendatacommunities.org/id/london-borough-council/camden,8707,21/12/2020 02:48:43 PM
0115EK41043,CAMDEN,1 Driver/Rider,1 Male,25-59,42,1,3 Slight,-2 Unknown,-2 N/A,2 Pedal Cycle,EUSTON ROAD J/W NORTH GOWER STREET,2,24/11/2015 07:48:00 AM,Tuesday,7.48,1 TLRN,A,501,3 Dual Cwy,3 40 MPH,3 T/Stag Jun,2 Auto Sig,B,522,5 Pedn Phase At Ats,1 Daylight,2 Raining,2 Road-Wet,0 None,0 None,529380,182400,-0.136376,51.525703,,,Unknown,"(51.525703, -0.136376)",http://opendatacommunities.org/id/london-borough-council/camden,5460,21/12/2020 02:48:37 PM
1180139769,CAMDEN,1 Driver/Rider,1 Male,25-59,29,1,3 Slight,-2 Unknown,-2 N/A,2 Pedal Cycle,REGENT'S PARK ROAD J/W REGAL LANE,2,18/10/2018 05:40:00 AM,Thursday,5.40,3 Bor,C,0,6 Single Cwy,1 <= 20 MPH,3 T/Stag Jun,4 Give Way/Uncontrolled,Unclassified,0,0 No Xing Facility In 50m,2 Dark,1 Fine,1 Road-Dry,0 None,0 None,528440,183730,-0.149433,51.53787,,,Unknown,"(51.53787, -0.149433)",http://opendatacommunities.org/id/london-borough-council/camden,8441,21/12/2020 02:48:43 PM
1160008083,CAMDEN,2 Passenger,1 Male,16-24,20,1,3 Slight,-2 Unknown,-2 N/A,4 Car,GOODGE STREET J/W CHARLOTTE STREET,1,21/12/2016 03:05:00 AM,Wednesday,3.05,3 Bor,B,506,2 One-Way St,1 <= 20 MPH,6 Crossroads,2 Auto Sig,Unclassified,0,5 Pedn Phase At Ats,2 Dark,8 Other,2 Road-Wet,0 None,0 None,529440,181690,-0.135772,51.519309,,,Unknown,"(51.519309, -0.135772)",http://opendatacommunities.org/id/london-borough-council/camden,5790,21/12/2020 02:48:37 PM
0116EK40034,CAMDEN,1 Driver/Rider,1 Male,25-59,32,1,3 Slight,-2 Unknown,-2 N/A,2 Pedal Cycle,TAVISTOCK PLACE J/W HERBRAND STREET,2,28/01/2016 04:30:00 PM,Thursday,16.30,3 Bor,C,0,6 Single Cwy,2 30 MPH,3 T/Stag Jun,4 Give Way/Uncontrolled,Unclassified,0,0 No Xing Facility In 50m,1 Daylight,1 Fine,1 Road-Dry,0 None,0 None,530050,182360,-0.126738,51.52519,,,Unknown,"(51.52519, -0.126738)",http://opendatacommunities.org/id/london-borough-council/camden,6010,21/12/2020 02:48:38 PM
1170070839,CAMDEN,1 Driver/Rider,1 Male,16-24,24,1,3 Slight,-2 Unknown,-2 N/A,2 Pedal Cycle,HIGH HOLBORN 30M W OF J/W SMARTS PLACE,2,17/11/2017 01:52:00 PM,Friday,13.52,3 Bor,A,40,2 One-Way St,2 30 MPH,0 No Jun In 20m,-2 Not Applicable,-2 Not Applicable,0,5 Pedn Phase At Ats,1 Daylight,1 Fine,1 Road-Dry,0 None,0 None,530280,181410,-0.123776,51.5166,,,Unknown,"(51.5166, -0.123776)",http://opendatacommunities.org/id/london-borough-council/camden,7519,21/12/2020 02:48:41 PM
1180152062,CAMDEN,1 Driver/Rider,1 Male,16-24,19,1,3 Slight,-2 Unknown,-2 N/A,2 Pedal Cycle,YORK WAY N1 50M N OF J/W PENTONVILLE ROAD N1,2,14/12/2018 11:25:00 AM,Friday,11.25,3 Bor,A,5200,2 One-Way St,1 <= 20 MPH,0 No Jun In 20m,-2 Not Applicable,-2 Not Applicable,0,0 No Xing Facility In 50m,1 Daylight,1 Fine,1 Road-Dry,0 None,0 None,530340,183030,-0.122312,51.531145,,,Unknown,"(51.531145, -0.122312)",http://opendatacommunities.org/id/london-borough-council/camden,8609,21/12/2020 02:48:43 PM
1190204317,CAMDEN,1 DRIVER/RIDER,1 MALE,60+,63,1,3 SLIGHT,'-2 NOT APPLICABLE,'-2 NOT APPLICABLE,3 POWERED 2 WHEELER,"On Finchley Road, near the junction with Burrard Road.",2,09/09/2019 06:22:00 PM,Monday,18.22,1 TLRN,A,41,3 DUAL CWY,30,03 T/STAG JUN,4 GIVE WAY/UNCONTROLLED,6,0,0 NO XING FACILITY IN 50M,2 DAYLIGHT,1 FINE,1 ROAD-DRY,0 NONE,0 NONE,525330,185632,-0.193575,51.555662,,,Unknown,"(51.555662, -0.193575)",http://opendatacommunities.org/id/london-borough-council/camden,9352,21/12/2020 02:48:44 PM
1170072846,CAMDEN,2 Passenger,2 Female,25-59,47,1,3 Slight,-2 Unknown,-2 N/A,6 Bus Or Coach,HAWLEY CRESCENT J/W KENTISH TOWN ROAD,1,26/11/2017 03:21:00 AM,Sunday,3.21,3 Bor,Unclassified,0,3 Dual Cwy,1 <= 20 MPH,6 Crossroads,2 Auto Sig,A,400,5 Pedn Phase At Ats,2 Dark,1 Fine,1 Road-Dry,0 None,0 None,528930,184090,-0.14224,51.540994,,,Unknown,"(51.540994, -0.14224)",http://opendatacommunities.org/id/london-borough-council/camden,7548,21/12/2020 02:48:41 PM
1180128674,CAMDEN,1 Driver/Rider,1 Male,25-59,26,1,3 Slight,-2 Unknown,-2 N/A,2 Pedal Cycle,HIGHGATE ROAD J/W FORTESS WALK,2,23/08/2018 07:45:00 PM,Thursday,19.45,3 Bor,B,518,6 Single Cwy,2 30 MPH,3 T/Stag Jun,2 Auto Sig,Unclassified,0,5 Pedn Phase At Ats,1 Daylight,1 Fine,1 Road-Dry,0 None,0 None,528934,185345,-0.141723,51.552272,,,Unknown,"(51.552272, -0.141723)",http://opendatacommunities.org/id/london-borough-council/camden,8272,21/12/2020 02:48:42 PM
1190159644,CAMDEN,3 PEDESTRIAN,1 MALE,0-15,13,1,3 SLIGHT,05 CROSSING ROAD (NOT ON XING),1 FROM DRIVERS N/SIDE,1 PEDESTRIAN,"On Kentish Town Road, 15 metres south of the junction with Anglers lane.",1,25/01/2019 05:45:00 PM,Friday,17.45,3 BOR,A,400,6 SINGLE CWY,20,03 T/STAG JUN,4 GIVE WAY/UNCONTROLLED,6,0,5 PEDN PHASE AT ATS,1 DARK,1 FINE,2 ROAD-WET,0 NONE,0 NONE,528966,184829,-0.141451,51.547627,,,Unknown,"(51.547627, -0.141451)",http://opendatacommunities.org/id/london-borough-council/camden,8727,21/12/2020 02:48:43 PM
0115EK40562,CAMDEN,1 Driver/Rider,1 Male,16-24,19,1,3 Slight,-2 Unknown,-2 N/A,3 Powered 2 Wheeler,WEST END LANE J/W BROADHURST GARDENS.,2,09/07/2015 12:30:00 PM,Thursday,12.30,3 Bor,B,510,6 Single Cwy,2 30 MPH,3 T/Stag Jun,4 Give Way/Uncontrolled,C,0,4 Pelican Or Similar,1 Daylight,1 Fine,1 Road-Dry,0 None,0 None,525520,184600,-0.191204,51.546345,,,Unknown,"(51.546345, -0.191204)",http://opendatacommunities.org/id/london-borough-council/camden,5049,21/12/2020 02:48:36 PM
1170011583,CAMDEN,3 Pedestrian,1 Male,25-59,26,1,2 Serious,05 Crossing Road (Not On Xing),3 From Drivers O/Side,1 Pedestrian,CUBITT STREET J/W PAKENHAM STREET,1,13/01/2017 11:08:00 PM,Friday,23.08,3 Bor,Unclassified,0,6 Single Cwy,1 <= 20 MPH,3 T/Stag Jun,4 Give Way/Uncontrolled,Unclassified,0,0 No Xing Facility In 50m,2 Dark,1 Fine,1 Road-Dry,0 None,0 None,530850,182550,-0.115142,51.526713,,,Unknown,"(51.526713, -0.115142)",http://opendatacommunities.org/id/london-borough-council/camden,6583,21/12/2020 02:48:39 PM
1190169191,CAMDEN,1 DRIVER/RIDER,2 FEMALE,25-59,29,1,3 SLIGHT,'-2 NOT APPLICABLE,'-2 NOT APPLICABLE,2 PEDAL CYCLE,"On Baynes Street, near the junction with ROYAL COLLEGE STREET .",2,15/03/2019 07:50:00 AM,Friday,7.50,3 BOR,A,5202,2 ONE-WAY ST,20,03 T/STAG JUN,4 GIVE WAY/UNCONTROLLED,6,0,1 ZEBRA,2 DAYLIGHT,4 FINE/HIGH WINDS,2 ROAD-WET,1 TRAF SIG OUT,0 NONE,529263,184078,-0.137446,51.54081,,,Unknown,"(51.54081, -0.137446)",http://opendatacommunities.org/id/london-borough-council/camden,8846,21/12/2020 02:48:43 PM
0115EK41056,CAMDEN,3 Pedestrian,1 Male,25-59,53,1,3 Slight,01 Crossing Road On Ped Xing,1 From Drivers N/Side,1 Pedestrian,CAMDEN PARK ROAD J/W CLIFF VILLAS.,1,27/11/2015 07:05:00 PM,Friday,19.05,3 Bor,A,5200,2 One-Way St,2 30 MPH,3 T/Stag Jun,4 Give Way/Uncontrolled,Unclassified,0,1 Zebra,2 Dark,2 Raining,2 Road-Wet,0 None,0 None,529930,184690,-0.127607,51.546157,,,Unknown,"(51.546157, -0.127607)",http://opendatacommunities.org/id/london-borough-council/camden,5471,21/12/2020 02:48:37 PM
1170019128,CAMDEN,1 Driver/Rider,2 Female,25-59,37,1,3 Slight,-2 Unknown,-2 N/A,2 Pedal Cycle,TOTTENHAM COURT ROAD J/W GOODGE STREET,2,15/02/2017 08:14:00 AM,Wednesday,8.14,3 Bor,A,400,2 One-Way St,2 30 MPH,3 T/Stag Jun,2 Auto Sig,B,506,5 Pedn Phase At Ats,1 Daylight,9 Unknown,1 Road-Dry,0 None,0 None,529560,181780,-0.134011,51.52009,,,Unknown,"(51.52009, -0.134011)",http://opendatacommunities.org/id/london-borough-council/camden,6684,21/12/2020 02:48:39 PM
0115EK40617,CAMDEN,1 Driver/Rider,2 Female,60+,72,1,3 Slight,-2 Unknown,-2 N/A,4 Car,ETON ROAD J/W ETON VILLAS,2,07/07/2015 05:30:00 PM,Tuesday,17.30,3 Bor,Unclassified,0,6 Single Cwy,2 30 MPH,6 Crossroads,4 Give Way/Uncontrolled,Unclassified,0,0 No Xing Facility In 50m,1 Daylight,1 Fine,1 Road-Dry,0 None,0 None,527830,184540,-0.15793,51.545288,,,Unknown,"(51.545288, -0.15793)",http://opendatacommunities.org/id/london-borough-council/camden,5098,21/12/2020 02:48:36 PM
1180143477,CAMDEN,1 Driver/Rider,1 Male,25-59,52,1,3 Slight,-2 Unknown,-2 N/A,2 Pedal Cycle,KENTISH TOWN ROAD J/W ISLIP STREET,2,05/11/2018 12:20:00 PM,Monday,12.20,3 Bor,A,400,6 Single Cwy,1 <= 20 MPH,9 Other Jun,3 Stop Sign,Unclassified,0,5 Pedn Phase At Ats,1 Daylight,1 Fine,1 Road-Dry,0 None,0 None,529020,185030,-0.140599,51.549421,,,Unknown,"(51.549421, -0.140599)",http://opendatacommunities.org/id/london-borough-council/camden,8494,21/12/2020 02:48:43 PM
1190183438,CAMDEN,1 DRIVER/RIDER,1 MALE,25-59,27,1,3 SLIGHT,'-2 NOT APPLICABLE,'-2 NOT APPLICABLE,4 CAR,"On YORK WAY, 33 metres north of the junction with CANAL REACH.",2,27/05/2019 10:35:00 AM,Monday,10.35,3 BOR,A,5200,3 DUAL CWY,20,00 NO JUN IN 20M,,0,0,1 ZEBRA,2 DAYLIGHT,1 FINE,1 ROAD-DRY,0 NONE,0 NONE,530161,184006,-0.124531,51.539957,,,Unknown,"(51.539957, -0.124531)",http://opendatacommunities.org/id/london-borough-council/camden,9046,21/12/2020 02:48:44 PM
1170059062,CAMDEN,1 Driver/Rider,1 Male,16-24,20,1,3 Slight,-2 Unknown,-2 N/A,3 Powered 2 Wheeler,ETON ROAD NW3 J/W PROVOST ROAD NW3,2,14/09/2017 09:30:00 PM,Thursday,21.30,3 Bor,Unclassified,0,6 Single Cwy,1 <= 20 MPH,3 T/Stag Jun,4 Give Way/Uncontrolled,Unclassified,0,0 No Xing Facility In 50m,2 Dark,1 Fine,2 Road-Wet,0 None,0 None,527760,184460,-0.158968,51.544585,,,Unknown,"(51.544585, -0.158968)",http://opendatacommunities.org/id/london-borough-council/camden,7321,21/12/2020 02:48:40 PM
1170040680,CAMDEN,1 Driver/Rider,2 Female,25-59,35,1,3 Slight,-2 Unknown,-2 N/A,4 Car,SHAFTESBURY AVENUE 25M W OF J/W EARLHAM STREET,1,20/05/2017 03:45:00 AM,Saturday,3.45,3 Bor,A,401,6 Single Cwy,2 30 MPH,0 No Jun In 20m,-2 Not Applicable,-2 Not Applicable,0,0 No Xing Facility In 50m,2 Dark,9 Unknown,1 Road-Dry,0 None,0 None,529970,181100,-0.128355,51.513885,,,Unknown,"(51.513885, -0.128355)",http://opendatacommunities.org/id/london-borough-council/camden,7010,21/12/2020 02:48:39 PM
0116EK40133,CAMDEN,1 Driver/Rider,1 Male,25-59,48,1,3 Slight,-2 Unknown,-2 N/A,4 Car,FITZJOHN'S AVENUE J/W PRINCE ARTHUR RD,2,08/03/2016 10:30:00 PM,Tuesday,22.30,3 Bor,B,511,6 Single Cwy,2 30 MPH,6 Crossroads,4 Give Way/Uncontrolled,Unclassified,0,0 No Xing Facility In 50m,2 Dark,2 Raining,2 Road-Wet,0 None,0 None,526450,185510,-0.177472,51.554316,,,Unknown,"(51.554316, -0.177472)",http://opendatacommunities.org/id/london-borough-council/camden,6091,21/12/2020 02:48:38 PM
0116EK40250,CAMDEN,1 Driver/Rider,1 Male,Unknown,0,1,3 Slight,-2 Unknown,-2 N/A,3 Powered 2 Wheeler,SHAFTESBURY AVENUE J/W MONMOUTH STREET,2,02/01/2016 08:20:00 PM,Saturday,20.20,3 Bor,A,401,6 Single Cwy,2 30 MPH,3 T/Stag Jun,4 Give Way/Uncontrolled,B,404,1 Zebra,2 Dark,1 Fine,2 Road-Wet,0 None,0 None,530060,181240,-0.127007,51.515123,,,Unknown,"(51.515123, -0.127007)",http://opendatacommunities.org/id/london-borough-council/camden,6188,21/12/2020 02:48:38 PM
1170013463,CAMDEN,2 Passenger,1 Male,25-59,27,1,3 Slight,-2 Unknown,-2 N/A,5 Taxi,EUSTON ROAD 30M S OF J/W PANCRAS ROAD THE NEAREST CLASSIFIED ROAD,1,22/01/2017 01:52:00 AM,Sunday,1.52,1 TLRN,A,501,3 Dual Cwy,1 <= 20 MPH,0 No Jun In 20m,-2 Not Applicable,-2 Not Applicable,0,0 No Xing Facility In 50m,2 Dark,1 Fine,1 Road-Dry,0 None,0 None,530185,182858,-0.124609,51.529634,,,Unknown,"(51.529634, -0.124609)",http://opendatacommunities.org/id/london-borough-council/camden,6606,21/12/2020 02:48:39 PM
1180148568,CAMDEN,1 Driver/Rider,1 Male,16-24,20,1,2 Serious,-2 Unknown,-2 N/A,2 Pedal Cycle,CAMDEN HIGH STREET 40M S OF J/W PLATT STREET,2,28/11/2018 10:53:00 AM,Wednesday,10.53,1 TLRN,A,502,2 One-Way St,2 30 MPH,0 No Jun In 20m,-2 Not Applicable,-2 Not Applicable,0,9 Unknown (S/R),1 Daylight,1 Fine,1 Road-Dry,0 None,0 None,529040,183631,-0.140823,51.536844,,,Unknown,"(51.536844, -0.140823)",http://opendatacommunities.org/id/london-borough-council/camden,8570,21/12/2020 02:48:43 PM
1160012446,CAMDEN,1 Driver/Rider,1 Male,25-59,37,1,3 Slight,-2 Unknown,-2 N/A,3 Powered 2 Wheeler,"ON FINCHLEY ROAD , NEAR THE JUNCTION WITH FROGNAL LANE .",2,23/09/2016 10:50:00 PM,Friday,22.50,1 TLRN,A,41,3 Dual Cwy,2 30 MPH,6 Crossroads,2 Auto Sig,C,0,5 Pedn Phase At Ats,2 Dark,1 Fine,1 Road-Dry,0 None,0 None,525670,185330,-0.188781,51.552872,,,Unknown,"(51.552872, -0.188781)",http://opendatacommunities.org/id/london-borough-council/camden,5834,21/12/2020 02:48:38 PM
1190212027,CAMDEN,1 DRIVER/RIDER,1 MALE,25-59,57,1,3 SLIGHT,'-2 NOT APPLICABLE,'-2 NOT APPLICABLE,4 CAR,"On High Holborn, near the junction with Procter Street London W1.",2,08/10/2019 12:26:00 PM,Tuesday,12.26,3 BOR,A,40,9 UNKNOWN,20,03 T/STAG JUN,9 UNKNOWN (S/R),A,40,9 UNKNOWN (S/R),1 DARK,9 UNKNOWN,9 UNKNOWN (S/R),9 UNKNOWN (S/R),9 UNKNOWN (S/R),530613,181551,-0.118927,51.51779,,,Unknown,"(51.51779, -0.118927)",http://opendatacommunities.org/id/london-borough-council/camden,9443,21/12/2020 02:48:44 PM
1190201862,CAMDEN,3 PEDESTRIAN,1 MALE,25-59,41,1,3 SLIGHT,08 IN CENTRE OF CARRIAGEWAY,'-2 NOT APPLICABLE,1 PEDESTRIAN,Location uncertain Boundary Road jw Abbey Rd,1,27/08/2019 08:00:00 PM,Tuesday,20.00,3 BOR,B,507,3 DUAL CWY,20,03 T/STAG JUN,2 AUTO SIG,B,507,8 CENTRAL REFUGE,1 DARK,1 FINE,1 ROAD-DRY,0 NONE,0 NONE,525998,183655,-0.184652,51.537746,,,Unknown,"(51.537746, -0.184652)",http://opendatacommunities.org/id/london-borough-council/camden,9306,21/12/2020 02:48:44 PM
1180124620,CAMDEN,2 Passenger,2 Female,Unknown,0,1,3 Slight,-2 Unknown,-2 N/A,4 Car,ADELAIDE ROAD 20M E OF J/W LOWER MERTON ROAD,2,01/08/2018 09:18:00 PM,Wednesday,21.18,3 Bor,B,509,6 Single Cwy,2 30 MPH,3 T/Stag Jun,2 Auto Sig,Unclassified,0,5 Pedn Phase At Ats,1 Daylight,8 Other,1 Road-Dry,0 None,0 None,527240,184280,-0.166528,51.543085,,,Unknown,"(51.543085, -0.166528)",http://opendatacommunities.org/id/london-borough-council/camden,8215,21/12/2020 02:48:42 PM
0115CW11685,CAMDEN,1 Driver/Rider,1 Male,25-59,53,1,3 Slight,-2 Unknown,-2 N/A,5 Taxi,AVENUE ROAD J/W ACACIA ROAD,2,11/11/2015 05:20:00 PM,Wednesday,17.20,3 Bor,B,525,6 Single Cwy,2 30 MPH,3 T/Stag Jun,4 Give Way/Uncontrolled,C,0,1 Zebra,2 Dark,1 Fine,1 Road-Dry,4 Roadworks,0 None,527140,183700,-0.168179,51.537895,,,Unknown,"(51.537895, -0.168179)",http://opendatacommunities.org/id/london-borough-council/camden,4580,21/12/2020 02:48:35 PM
0115EK40987,CAMDEN,3 Pedestrian,2 Female,16-24,18,1,3 Slight,01 Crossing Road On Ped Xing,1 From Drivers N/Side,1 Pedestrian,AVENUE ROAD J/W ST EDMUND'S TERRACE.,1,05/11/2015 05:21:00 PM,Thursday,17.21,3 Bor,B,525,6 Single Cwy,2 30 MPH,6 Crossroads,4 Give Way/Uncontrolled,B,525,1 Zebra,2 Dark,2 Raining,2 Road-Wet,0 None,0 None,527360,183480,-0.165088,51.535868,,,Unknown,"(51.535868, -0.165088)",http://opendatacommunities.org/id/london-borough-council/camden,5416,21/12/2020 02:48:37 PM
1190224475,CAMDEN,3 PEDESTRIAN,1 MALE,U,,1,3 SLIGHT,10 UNKNOWN OR OTHER,'-2 NOT APPLICABLE,1 PEDESTRIAN,"On Gower Street, near the junction with Grafton Way .",1,03/11/2019 01:30:00 PM,Sunday,13.30,3 BOR,A,400,2 ONE-WAY ST,30,09 OTHER JUN,2 AUTO SIG,5,0,1 ZEBRA,2 DAYLIGHT,1 FINE,1 ROAD-DRY,0 NONE,0 NONE,529486,182277,-0.134894,51.524574,,,Unknown,"(51.524574, -0.134894)",http://opendatacommunities.org/id/london-borough-council/camden,9611,21/12/2020 02:48:45 PM
1170032234,CAMDEN,2 Passenger,2 Female,60+,77,1,3 Slight,-2 Unknown,-2 N/A,6 Bus Or Coach,BLACKBURN ROAD 70M S OF J/W FINCHLEY ROAD THE NEAREST CLASSIFIED R,1,15/04/2017 03:17:00 PM,Saturday,15.17,3 Bor,Unclassified,0,7 Slip Rd,2 30 MPH,0 No Jun In 20m,-2 Not Applicable,-2 Not Applicable,0,0 No Xing Facility In 50m,1 Daylight,1 Fine,1 Road-Dry,0 None,0 None,526050,184820,-0.183486,51.548204,,,Unknown,"(51.548204, -0.183486)",http://opendatacommunities.org/id/london-borough-council/camden,6883,21/12/2020 02:48:39 PM
1190223280,CAMDEN,1 DRIVER/RIDER,1 MALE,25-59,45,1,3 SLIGHT,'-2 NOT APPLICABLE,'-2 NOT APPLICABLE,2 PEDAL CYCLE,"On Regis Road, near the junction with Kentish Town Road.",2,03/12/2019 06:45:00 PM,Tuesday,18.45,3 BOR,6,0,6 SINGLE CWY,30,05 SLIP ROAD,9 UNKNOWN (S/R),6,0,8 CENTRAL REFUGE,2 DAYLIGHT,1 FINE,1 ROAD-DRY,0 NONE,0 NONE,528893,185078,-0.142412,51.549882,,,Unknown,"(51.549882, -0.142412)",http://opendatacommunities.org/id/london-borough-council/camden,9597,21/12/2020 02:48:45 PM