Reference,London Borough Name,Casualty Class,Casualty Sex,Casualty Age Band,Casualty Age,Number Of Casualties,Casualty Severity,Pedestrian Location,Pedestrian Movement,Mode Of Travel,Attendant Location,Number Of Vehicles,Date,Day,Time,Highway,Road Class 1,Road Number 1,Road Type,Speed Limit,Junction Detail,Junction Control,Road Class 2,Road Number 2,Pedestrian Crossing,Light Condition Band,Weather,Road Surface,Special Conditions,Carriage Way Hazard,Easting,Northing,Longitude,Latitude,Ward Code,Ward Name,Spatial Accuracy,Location,Organisation URI,Socrata ID,Last Uploaded
0115EK40475,CAMDEN,3 Pedestrian,1 Male,0-15,4,1,3 Slight,05 Crossing Road (Not On Xing),3 From Drivers O/Side,1 Pedestrian,CROFTDOWN ROAD 64M SW CHESTER ROAD,1,13/06/2015 03:45:00 PM,Saturday,15.45,3 Bor,Unclassified,0,6 Single Cwy,2 30 MPH,0 No Jun In 20m,-2 Not Applicable,-2 Not Applicable,0,0 No Xing Facility In 50m,1 Daylight,1 Fine,1 Road-Dry,0 None,0 None,528740,186570,-0.144072,51.563325,,,Unknown,"(51.563325, -0.144072)",http://opendatacommunities.org/id/london-borough-council/camden,4966,21/12/2020 02:48:36 PM
0116EK40280,CAMDEN,1 Driver/Rider,2 Female,25-59,57,1,3 Slight,-2 Unknown,-2 N/A,4 Car,EUSTON ROAD J/W MELTON STREET,2,16/04/2016 02:15:00 AM,Saturday,2.15,1 TLRN,A,501,3 Dual Cwy,2 30 MPH,6 Crossroads,2 Auto Sig,C,0,5 Pedn Phase At Ats,2 Dark,1 Fine,1 Road-Dry,0 None,0 None,529570,182480,-0.133609,51.526379,,,Unknown,"(51.526379, -0.133609)",http://opendatacommunities.org/id/london-borough-council/camden,6217,21/12/2020 02:48:38 PM
1170024869,CAMDEN,1 Driver/Rider,1 Male,25-59,27,1,3 Slight,-2 Unknown,-2 N/A,4 Car,FINCHLEY ROAD J/W HENDON WAY,2,13/03/2017 01:10:00 PM,Monday,13.10,1 TLRN,A,598,3 Dual Cwy,2 30 MPH,7 Multi Jun,2 Auto Sig,A,41,0 No Xing Facility In 50m,1 Daylight,1 Fine,1 Road-Dry,0 None,0 None,525080,186050,-0.197031,51.559474,,,Unknown,"(51.559474, -0.197031)",http://opendatacommunities.org/id/london-borough-council/camden,6777,21/12/2020 02:48:39 PM
1180081618,CAMDEN,3 Pedestrian,1 Male,60+,63,1,3 Slight,05 Crossing Road (Not On Xing),4 From Drivers O/Side Msk,1 Pedestrian,"KILBURN HIGH ROAD NEAR THE JUNCTION WITH,PRIORY  PARK ROAD",1,04/01/2018 10:26:00 PM,Thursday,22.26,3 Bor,A,5,6 Single Cwy,2 30 MPH,3 T/Stag Jun,4 Give Way/Uncontrolled,Unclassified,0,0 No Xing Facility In 50m,2 Dark,5 Raining/High Winds,2 Road-Wet,0 None,0 None,525177,183948,-0.196379,51.540562,,,Unknown,"(51.540562, -0.196379)",http://opendatacommunities.org/id/london-borough-council/camden,7650,21/12/2020 02:48:41 PM
1180108265,CAMDEN,1 Driver/Rider,1 Male,25-59,42,1,2 Serious,-2 Unknown,-2 N/A,2 Pedal Cycle,BELSIZE ROAD J/W PRIORY TERRACE,2,16/05/2018 07:20:00 AM,Wednesday,7.20,3 Bor,B,509,6 Single Cwy,1 <= 20 MPH,3 T/Stag Jun,4 Give Way/Uncontrolled,Unclassified,0,8 Central Refuge,1 Daylight,1 Fine,1 Road-Dry,0 None,0 None,525650,183770,-0.189626,51.538857,,,Unknown,"(51.538857, -0.189626)",http://opendatacommunities.org/id/london-borough-council/camden,7995,21/12/2020 02:48:42 PM
1190208764,CAMDEN,3 PEDESTRIAN,1 MALE,25-59,56,1,3 SLIGHT,01 CROSSING ROAD ON PED XING,3 FROM DRIVERS O/SIDE,1 PEDESTRIAN,"On Remnant Street, near the junction with Kingsway.",1,01/10/2019 11:10:00 AM,Tuesday,11.10,3 BOR,A,4200,6 SINGLE CWY,20,06 CROSSROADS,2 AUTO SIG,A,4200,5 PEDN PHASE AT ATS,2 DAYLIGHT,2 RAINING,2 ROAD-WET,0 NONE,0 NONE,530585,181398,-0.119387,51.516421,,,Unknown,"(51.516421, -0.119387)",http://opendatacommunities.org/id/london-borough-council/camden,9395,21/12/2020 02:48:44 PM
1180105153,CAMDEN,3 Pedestrian,1 Male,25-59,35,1,2 Serious,05 Crossing Road (Not On Xing),2 From Drivers N/Side Msk,1 Pedestrian,RUSSELL SQUARE J/W GUILDFORD STREET,1,01/05/2018 02:43:00 PM,Tuesday,14.43,3 Bor,A,4200,6 Single Cwy,1 <= 20 MPH,9 Other Jun,2 Auto Sig,B,502,4 Pelican Or Similar,1 Daylight,1 Fine,1 Road-Dry,0 None,0 None,530160,182040,-0.125272,51.522289,,,Unknown,"(51.522289, -0.125272)",http://opendatacommunities.org/id/london-borough-council/camden,7944,21/12/2020 02:48:41 PM
0116EK40380,CAMDEN,1 Driver/Rider,1 Male,25-59,32,1,3 Slight,-2 Unknown,-2 N/A,4 Car,ENGLAND'S LANE 21M SOUTH WEST OF J/W CHALCOT GARDENS SLIP RD,2,24/05/2016 07:31:00 AM,Tuesday,7.31,3 Bor,C,0,6 Single Cwy,1 <= 20 MPH,0 No Jun In 20m,-2 Not Applicable,-2 Not Applicable,0,1 Zebra,1 Daylight,1 Fine,1 Road-Dry,0 None,0 None,527520,184590,-0.16238,51.545807,,,Unknown,"(51.545807, -0.16238)",http://opendatacommunities.org/id/london-borough-council/camden,6302,21/12/2020 02:48:38 PM
1180140653,CAMDEN,1 Driver/Rider,1 Male,25-59,37,1,3 Slight,-2 Unknown,-2 N/A,3 Powered 2 Wheeler,ADELAIDE ROAD J/W PRIMROSE HILL ROAD,2,22/10/2018 05:05:00 PM,Monday,17.05,3 Bor,B,509,6 Single Cwy,1 <= 20 MPH,6 Crossroads,2 Auto Sig,C,0,5 Pedn Phase At Ats,1 Daylight,1 Fine,1 Road-Dry,0 None,0 None,527510,184340,-0.162615,51.543563,,,Unknown,"(51.543563, -0.162615)",http://opendatacommunities.org/id/london-borough-council/camden,8456,21/12/2020 02:48:43 PM
1180140798,CAMDEN,1 Driver/Rider,1 Male,60+,81,1,3 Slight,-2 Unknown,-2 N/A,4 Car,ARLINGTON ROAD J/W DELANCEY STREET,3,23/10/2018 11:50:00 AM,Tuesday,11.50,3 Bor,Unclassified,0,2 One-Way St,1 <= 20 MPH,6 Crossroads,4 Give Way/Uncontrolled,A,503,5 Pedn Phase At Ats,1 Daylight,1 Fine,1 Road-Dry,0 None,0 None,528930,183610,-0.142416,51.53668,,,Unknown,"(51.53668, -0.142416)",http://opendatacommunities.org/id/london-borough-council/camden,8460,21/12/2020 02:48:43 PM
1190223086,CAMDEN,3 PEDESTRIAN,2 FEMALE,16-24,19,1,3 SLIGHT,05 CROSSING ROAD (NOT ON XING),'-2 NOT APPLICABLE,1 PEDESTRIAN,"On Lyme Street, near the junction with camden road.",1,05/12/2019 04:30:00 PM,Thursday,16.30,1 TLRN,A,503,3 DUAL CWY,20,03 T/STAG JUN,4 GIVE WAY/UNCONTROLLED,6,0,0 NO XING FACILITY IN 50M,1 DARK,1 FINE,1 ROAD-DRY,0 NONE,0 NONE,529139,184055,-0.139241,51.540632,,,Unknown,"(51.540632, -0.139241)",http://opendatacommunities.org/id/london-borough-council/camden,9592,21/12/2020 02:48:45 PM
0115EK40497,CAMDEN,3 Pedestrian,1 Male,0-15,2,1,3 Slight,01 Crossing Road On Ped Xing,3 From Drivers O/Side,1 Pedestrian,CROWNDALE ROAD J/W ROYAL COLLEGE STREET,1,20/06/2015 03:52:00 PM,Saturday,15.52,3 Bor,B,512,3 Dual Cwy,3 40 MPH,3 T/Stag Jun,2 Auto Sig,A,5202,5 Pedn Phase At Ats,1 Daylight,1 Fine,1 Road-Dry,0 None,0 None,529550,183490,-0.133526,51.53546,,,Unknown,"(51.53546, -0.133526)",http://opendatacommunities.org/id/london-borough-council/camden,4988,21/12/2020 02:48:36 PM
1170057249,CAMDEN,3 Pedestrian,1 Male,25-59,39,1,3 Slight,10 Unknown,9 Unknown Or Other,1 Pedestrian,EUSTON ROAD J/W PANCRAS ROAD,1,05/09/2017 06:20:00 AM,Tuesday,6.20,1 TLRN,A,501,3 Dual Cwy,2 30 MPH,3 T/Stag Jun,2 Auto Sig,A,501,0 No Xing Facility In 50m,1 Daylight,1 Fine,1 Road-Dry,0 None,0 None,530240,182920,-0.123794,51.530179,,,Unknown,"(51.530179, -0.123794)",http://opendatacommunities.org/id/london-borough-council/camden,7291,21/12/2020 02:48:40 PM
1170032460,CAMDEN,2 Passenger,2 Female,Unknown,0,1,3 Slight,-2 Unknown,-2 N/A,4 Car,QUEEN'S CRESCENT J/W MALDEN ROAD,2,14/04/2017 05:15:00 PM,Friday,17.15,3 Bor,Unclassified,0,6 Single Cwy,1 <= 20 MPH,99 Unknown (S/R),9 Unknown (S/R),B,517,0 No Xing Facility In 50m,1 Daylight,1 Fine,1 Road-Dry,0 None,0 None,528140,184970,-0.153305,51.549082,,,Unknown,"(51.549082, -0.153305)",http://opendatacommunities.org/id/london-borough-council/camden,6890,21/12/2020 02:48:39 PM
0115EK41051,CAMDEN,1 Driver/Rider,1 Male,25-59,48,1,3 Slight,-2 Unknown,-2 N/A,2 Pedal Cycle,EUSTON ROAD J/W PANCRAS ROAD.,2,25/11/2015 09:45:00 AM,Wednesday,9.45,1 TLRN,A,501,3 Dual Cwy,1 <= 20 MPH,6 Crossroads,2 Auto Sig,A,5202,5 Pedn Phase At Ats,1 Daylight,1 Fine,2 Road-Wet,0 None,0 None,530250,182910,-0.123653,51.530087,,,Unknown,"(51.530087, -0.123653)",http://opendatacommunities.org/id/london-borough-council/camden,5466,21/12/2020 02:48:37 PM
1180154621,CAMDEN,1 Driver/Rider,1 Male,25-59,27,1,3 Slight,-2 Unknown,-2 N/A,3 Powered 2 Wheeler,CAMDEN ROAD 50M S OF J/W MURRAY STREET,2,27/12/2018 09:55:00 PM,Thursday,21.55,1 TLRN,A,503,6 Single Cwy,1 <= 20 MPH,0 No Jun In 20m,-2 Not Applicable,-2 Not Applicable,0,0 No Xing Facility In 50m,2 Dark,1 Fine,1 Road-Dry,0 None,0 None,529400,184480,-0.135324,51.544391,,,Unknown,"(51.544391, -0.135324)",http://opendatacommunities.org/id/london-borough-council/camden,8645,21/12/2020 02:48:43 PM
0115EK41041,CAMDEN,1 Driver/Rider,1 Male,25-59,40,1,3 Slight,-2 Unknown,-2 N/A,3 Powered 2 Wheeler,UPPER WOBURN PLACE J/W TAVISTOCK SQUARE.,2,24/11/2015 09:20:00 AM,Tuesday,9.20,3 Bor,A,4200,6 Single Cwy,2 30 MPH,3 T/Stag Jun,4 Give Way/Uncontrolled,Unclassified,0,1 Zebra,1 Daylight,1 Fine,1 Road-Dry,0 None,0 None,529880,182420,-0.129165,51.525768,,,Unknown,"(51.525768, -0.129165)",http://opendatacommunities.org/id/london-borough-council/camden,5458,21/12/2020 02:48:37 PM
1180117894,CAMDEN,1 Driver/Rider,1 Male,60+,60,1,3 Slight,-2 Unknown,-2 N/A,5 Taxi,EUSTON ROAD 229M E OF J/W EUSTON SQUARE,3,01/07/2018 02:45:00 AM,Sunday,2.45,1 TLRN,A,501,3 Dual Cwy,2 30 MPH,0 No Jun In 20m,-2 Not Applicable,-2 Not Applicable,0,0 No Xing Facility In 50m,2 Dark,1 Fine,1 Road-Dry,0 None,0 None,529360,182380,-0.136671,51.525528,,,Unknown,"(51.525528, -0.136671)",http://opendatacommunities.org/id/london-borough-council/camden,8134,21/12/2020 02:48:42 PM
1170060718,CAMDEN,3 Pedestrian,2 Female,25-59,42,1,3 Slight,01 Crossing Road On Ped Xing,3 From Drivers O/Side,1 Pedestrian,FINCHLEY ROAD J/W GOLDHURST TERRACE,1,25/09/2017 08:10:00 AM,Monday,8.10,1 TLRN,A,41,3 Dual Cwy,2 30 MPH,9 Other Jun,2 Auto Sig,Unclassified,0,5 Pedn Phase At Ats,1 Daylight,2 Raining,2 Road-Wet,0 None,0 None,526390,184590,-0.178667,51.546061,,,Unknown,"(51.546061, -0.178667)",http://opendatacommunities.org/id/london-borough-council/camden,7341,21/12/2020 02:48:40 PM
0115EK40612,CAMDEN,1 Driver/Rider,1 Male,25-59,46,1,3 Slight,-2 Unknown,-2 N/A,3 Powered 2 Wheeler,HAMPSTEAD ROAD J/W EUSTON ROAD,2,10/07/2015 06:55:00 AM,Friday,6.55,1 TLRN,A,400,3 Dual Cwy,2 30 MPH,7 Multi Jun,2 Auto Sig,A,501,5 Pedn Phase At Ats,1 Daylight,1 Fine,1 Road-Dry,0 None,0 None,529250,182340,-0.138271,51.525194,,,Unknown,"(51.525194, -0.138271)",http://opendatacommunities.org/id/london-borough-council/camden,5095,21/12/2020 02:48:36 PM
0115EK40578,CAMDEN,1 Driver/Rider,1 Male,25-59,32,1,3 Slight,-2 Unknown,-2 N/A,3 Powered 2 Wheeler,EUSTON ROAD J/W EVERSHOLT STREET,2,19/06/2015 05:30:00 PM,Friday,17.30,1 TLRN,A,501,3 Dual Cwy,2 30 MPH,6 Crossroads,2 Auto Sig,A,4200,5 Pedn Phase At Ats,1 Daylight,1 Fine,1 Road-Dry,0 None,0 None,529740,182580,-0.131123,51.527238,,,Unknown,"(51.527238, -0.131123)",http://opendatacommunities.org/id/london-borough-council/camden,5066,21/12/2020 02:48:36 PM
0115EK40309,CAMDEN,1 Driver/Rider,1 Male,25-59,31,1,3 Slight,-2 Unknown,-2 N/A,4 Car,WESTBERE ROAD 23M NW OF J/W MINSTER ROAD,3,23/04/2015 12:50:00 PM,Thursday,12.50,3 Bor,Unclassified,0,6 Single Cwy,2 30 MPH,0 No Jun In 20m,-2 Not Applicable,-2 Not Applicable,0,0 No Xing Facility In 50m,1 Daylight,1 Fine,1 Road-Dry,0 None,0 None,524500,185300,-0.205658,51.552862,,,Unknown,"(51.552862, -0.205658)",http://opendatacommunities.org/id/london-borough-council/camden,4830,21/12/2020 02:48:36 PM
0115EK40740,CAMDEN,1 Driver/Rider,1 Male,25-59,40,1,3 Slight,-2 Unknown,-2 N/A,2 Pedal Cycle,HEATH STREET J/W NEW END,2,04/08/2015 08:40:00 AM,Tuesday,8.40,3 Bor,A,502,6 Single Cwy,2 30 MPH,3 T/Stag Jun,4 Give Way/Uncontrolled,Unclassified,0,1 Zebra,1 Daylight,1 Fine,1 Road-Dry,0 None,0 None,526360,186000,-0.178594,51.55874,,,Unknown,"(51.55874, -0.178594)",http://opendatacommunities.org/id/london-borough-council/camden,5208,21/12/2020 02:48:37 PM
1180121998,CAMDEN,1 Driver/Rider,2 Female,25-59,42,1,3 Slight,-2 Unknown,-2 N/A,2 Pedal Cycle,FINCHLEY ROAD J/W PLATTS LANE,2,13/07/2018 11:30:00 PM,Friday,23.30,1 TLRN,A,41,6 Single Cwy,2 30 MPH,7 Multi Jun,2 Auto Sig,C,0,5 Pedn Phase At Ats,2 Dark,1 Fine,2 Road-Wet,0 None,0 None,525170,185850,-0.195804,51.557657,,,Unknown,"(51.557657, -0.195804)",http://opendatacommunities.org/id/london-borough-council/camden,8188,21/12/2020 02:48:42 PM
0115EK41068,CAMDEN,1 Driver/Rider,1 Male,25-59,49,1,3 Slight,-2 Unknown,-2 N/A,4 Car,N.F.L FINCHLEY ROAD 25M NW OF FROGNAL LANE,2,30/11/2015 07:10:00 AM,Monday,7.10,1 TLRN,A,41,6 Single Cwy,2 30 MPH,0 No Jun In 20m,-2 Not Applicable,-2 Not Applicable,0,0 No Xing Facility In 50m,1 Daylight,1 Fine,1 Road-Dry,4 Roadworks,0 None,525650,185350,-0.189062,51.553057,,,Unknown,"(51.553057, -0.189062)",http://opendatacommunities.org/id/london-borough-council/camden,5480,21/12/2020 02:48:37 PM
1180105955,CAMDEN,1 Driver/Rider,2 Female,25-59,28,1,2 Serious,-2 Unknown,-2 N/A,2 Pedal Cycle,CLERKENWELL ROAD 15M W OF J/W SAFFRON HILL,2,04/05/2018 12:11:00 PM,Friday,12.11,3 Bor,A,5201,6 Single Cwy,1 <= 20 MPH,3 T/Stag Jun,4 Give Way/Uncontrolled,A,5201,1 Zebra,1 Daylight,1 Fine,1 Road-Dry,0 None,0 None,531320,182040,-0.108561,51.522021,,,Unknown,"(51.522021, -0.108561)",http://opendatacommunities.org/id/london-borough-council/camden,7961,21/12/2020 02:48:42 PM
0115EK40412,CAMDEN,2 Passenger,1 Male,25-59,37,1,3 Slight,-2 Unknown,-2 N/A,6 Bus Or Coach,EUSTON ROAD J/W MIDLAND ROAD,1,26/05/2015 08:20:00 AM,Tuesday,8.20,1 TLRN,A,501,3 Dual Cwy,3 40 MPH,6 Crossroads,2 Auto Sig,C,0,5 Pedn Phase At Ats,1 Daylight,1 Fine,1 Road-Dry,0 None,0 None,530080,182810,-0.12614,51.529227,,,Unknown,"(51.529227, -0.12614)",http://opendatacommunities.org/id/london-borough-council/camden,4907,21/12/2020 02:48:36 PM
0115EO40850,CAMDEN,1 Driver/Rider,1 Male,16-24,24,1,3 Slight,-2 Unknown,-2 N/A,4 Car,NFL - YORK WAY J/W CANAL REACH,2,01/11/2015 07:45:00 AM,Sunday,7.45,3 Bor,A,5200,6 Single Cwy,2 30 MPH,3 T/Stag Jun,4 Give Way/Uncontrolled,Unclassified,0,8 Central Refuge,1 Daylight,7 Fog/Mist,1 Road-Dry,0 None,0 None,530180,183970,-0.12427,51.539629,,,Unknown,"(51.539629, -0.12427)",http://opendatacommunities.org/id/london-borough-council/camden,5607,21/12/2020 02:48:37 PM
1170032310,CAMDEN,1 Driver/Rider,1 Male,16-24,21,1,3 Slight,-2 Unknown,-2 N/A,3 Powered 2 Wheeler,CHALK FARM ROAD 20M W OF J/W FREDRICK STREET NW1,2,16/04/2017 05:08:00 PM,Sunday,17.08,3 Bor,A,502,6 Single Cwy,1 <= 20 MPH,7 Multi Jun,2 Auto Sig,B,517,5 Pedn Phase At Ats,1 Daylight,1 Fine,1 Road-Dry,0 None,0 None,528420,184300,-0.149514,51.542997,,,Unknown,"(51.542997, -0.149514)",http://opendatacommunities.org/id/london-borough-council/camden,6886,21/12/2020 02:48:39 PM
1170069465,CAMDEN,1 Driver/Rider,1 Male,25-59,42,1,3 Slight,-2 Unknown,-2 N/A,2 Pedal Cycle,HEATH STREET J/W HAMPSTEAD HIGH STREET,2,11/11/2017 07:20:00 AM,Saturday,7.20,3 Bor,A,502,6 Single Cwy,1 <= 20 MPH,6 Crossroads,2 Auto Sig,A,502,5 Pedn Phase At Ats,1 Daylight,2 Raining,2 Road-Wet,0 None,0 None,526360,185760,-0.17868,51.556583,,,Unknown,"(51.556583, -0.17868)",http://opendatacommunities.org/id/london-borough-council/camden,7504,21/12/2020 02:48:41 PM
0116EK40294,CAMDEN,2 Passenger,2 Female,25-59,48,1,2 Serious,-2 Unknown,-2 N/A,5 Taxi,CAMDEN ROAD 22M SW OF CAMDEN STREET,1,14/04/2016 11:40:00 AM,Thursday,11.40,1 TLRN,A,503,6 Single Cwy,2 30 MPH,0 No Jun In 20m,-2 Not Applicable,-2 Not Applicable,0,0 No Xing Facility In 50m,1 Daylight,1 Fine,1 Road-Dry,0 None,0 None,529070,184020,-0.140248,51.540333,,,Unknown,"(51.540333, -0.140248)",http://opendatacommunities.org/id/london-borough-council/camden,6230,21/12/2020 02:48:38 PM
1170078917,CAMDEN,1 Driver/Rider,1 Male,25-59,37,1,2 Serious,-2 Unknown,-2 N/A,3 Powered 2 Wheeler,PLENDER STREET J/W CAMDEN STREET,1,19/12/2017 12:40:00 PM,Tuesday,12.40,1 TLRN,Unclassified,0,6 Single Cwy,1 <= 20 MPH,6 Crossroads,2 Auto Sig,A,400,5 Pedn Phase At Ats,2 Dark,1 Fine,2 Road-Wet,0 None,0 None,529330,183640,-0.136641,51.536859,,,Unknown,"(51.536859, -0.136641)",http://opendatacommunities.org/id/london-borough-council/camden,7620,21/12/2020 02:48:41 PM
0115EK40452,CAMDEN,1 Driver/Rider,1 Male,Unknown,0,1,3 Slight,-2 Unknown,-2 N/A,4 Car,COLLEGE CRESCENT J/W AVENUE ROAD,2,17/05/2015 11:50:00 PM,Sunday,23.50,1 TLRN,B,511,3 Dual Cwy,3 40 MPH,9 Other Jun,2 Auto Sig,A,41,5 Pedn Phase At Ats,2 Dark,1 Fine,1 Road-Dry,0 None,0 None,526662,184347,-0.174834,51.543817,,,Unknown,"(51.543817, -0.174834)",http://opendatacommunities.org/id/london-borough-council/camden,4946,21/12/2020 02:48:36 PM
0115CW10127,CAMDEN,2 Passenger,2 Female,25-59,34,1,2 Serious,-2 Unknown,-2 N/A,6 Bus Or Coach,"TOTTENHAM COURT ROAD, 40 METRES NORTH OF GREAT RUSSELL STREET.",1,04/02/2015 01:45:00 PM,Wednesday,13.45,3 Bor,A,400,6 Single Cwy,2 30 MPH,0 No Jun In 20m,-2 Not Applicable,-2 Not Applicable,0,0 No Xing Facility In 50m,1 Daylight,1 Fine,1 Road-Dry,0 None,0 None,529800,181410,-0.13069,51.51671,,,Unknown,"(51.51671, -0.13069)",http://opendatacommunities.org/id/london-borough-council/camden,4554,21/12/2020 02:48:35 PM
1170035859,CAMDEN,1 Driver/Rider,1 Male,16-24,23,1,3 Slight,-2 Unknown,-2 N/A,3 Powered 2 Wheeler,ROYAL COLLEGE STREET J/W IVOR STREET,2,06/05/2017 02:30:00 PM,Saturday,14.30,3 Bor,A,5202,2 One-Way St,1 <= 20 MPH,3 T/Stag Jun,4 Give Way/Uncontrolled,Unclassified,0,0 No Xing Facility In 50m,1 Daylight,1 Fine,1 Road-Dry,0 None,0 None,529138,184288,-0.13917,51.542726,,,Unknown,"(51.542726, -0.13917)",http://opendatacommunities.org/id/london-borough-council/camden,6941,21/12/2020 02:48:39 PM
1190159281,CAMDEN,2 PASSENGER,1 MALE,25-59,29,2,3 SLIGHT,'-2 NOT APPLICABLE,'-2 NOT APPLICABLE,6 BUS OR COACH,"On Kingsway WC1, 15 metres east of the junction with HIGH HOLBORN.",2,24/01/2019 09:20:00 AM,Thursday,9.20,3 BOR,A,4200,3 DUAL CWY,20,06 CROSSROADS,2 AUTO SIG,A,40,4 PELICAN OR SIMILAR,2 DAYLIGHT,2 RAINING,2 ROAD-WET,0 NONE,0 NONE,530511,181505,-0.120413,51.5174,,,Unknown,"(51.5174, -0.120413)",http://opendatacommunities.org/id/london-borough-council/camden,8720,21/12/2020 02:48:43 PM
1190186375,CAMDEN,3 PEDESTRIAN,2 FEMALE,25-59,46,1,3 SLIGHT,01 CROSSING ROAD ON PED XING,9 UNKNOWN OR OTHER,1 PEDESTRIAN,"On Chetwynd Road, near the junction with York Rise.",1,10/06/2019 09:45:00 AM,Monday,9.45,3 BOR,5,0,9 UNKNOWN,20,06 CROSSROADS,2 AUTO SIG,6,0,5 PEDN PHASE AT ATS,2 DAYLIGHT,2 RAINING,2 ROAD-WET,9 UNKNOWN (S/R),9 UNKNOWN (S/R),528803,186007,-0.143369,51.558251,,,Unknown,"(51.558251, -0.143369)",http://opendatacommunities.org/id/london-borough-council/camden,9082,21/12/2020 02:48:44 PM
1160024455,CAMDEN,1 Driver/Rider,1 Male,25-59,43,1,3 Slight,-2 Unknown,-2 N/A,3 Powered 2 Wheeler,WEST END LANE J/W BROADHURST GARDENS,2,24/10/2016 08:13:00 PM,Monday,20.13,3 Bor,B,510,6 Single Cwy,2 30 MPH,3 T/Stag Jun,2 Auto Sig,C,0,5 Pedn Phase At Ats,2 Dark,1 Fine,1 Road-Dry,0 None,0 None,525520,184600,-0.191204,51.546345,,,Unknown,"(51.546345, -0.191204)",http://opendatacommunities.org/id/london-borough-council/camden,5907,21/12/2020 02:48:38 PM
1170030503,CAMDEN,1 Driver/Rider,1 Male,25-59,41,1,3 Slight,-2 Unknown,-2 N/A,3 Powered 2 Wheeler,GRAYS INN ROAD J/W SIDMOUTH STREET,2,05/04/2017 05:50:00 PM,Wednesday,17.50,3 Bor,A,5200,6 Single Cwy,1 <= 20 MPH,3 T/Stag Jun,2 Auto Sig,C,0,5 Pedn Phase At Ats,1 Daylight,1 Fine,1 Road-Dry,0 None,0 None,530610,182590,-0.118585,51.527128,,,Unknown,"(51.527128, -0.118585)",http://opendatacommunities.org/id/london-borough-council/camden,6848,21/12/2020 02:48:39 PM
0115EK40302,CAMDEN,1 Driver/Rider,1 Male,25-59,30,1,3 Slight,-2 Unknown,-2 N/A,2 Pedal Cycle,BRUNSWICK SQUARE J/W BERNARD STREET,2,21/04/2015 05:30:00 PM,Tuesday,17.30,3 Bor,B,504,1 Roundabout,2 30 MPH,1 Roundabout,4 Give Way/Uncontrolled,B,504,0 No Xing Facility In 50m,1 Daylight,1 Fine,1 Road-Dry,0 None,0 None,530400,182210,-0.121751,51.523761,,,Unknown,"(51.523761, -0.121751)",http://opendatacommunities.org/id/london-borough-council/camden,4821,21/12/2020 02:48:36 PM
0115EK40713,CAMDEN,1 Driver/Rider,1 Male,25-59,29,1,3 Slight,-2 Unknown,-2 N/A,2 Pedal Cycle,MIDLAND ROAD 60M N OF EUSTON ROAD,2,06/08/2015 04:50:00 PM,Thursday,16.50,3 Bor,C,0,6 Single Cwy,2 30 MPH,0 No Jun In 20m,-2 Not Applicable,-2 Not Applicable,0,0 No Xing Facility In 50m,1 Daylight,1 Fine,1 Road-Dry,0 None,0 None,530050,182850,-0.126557,51.529594,,,Unknown,"(51.529594, -0.126557)",http://opendatacommunities.org/id/london-borough-council/camden,5185,21/12/2020 02:48:37 PM
1180107057,CAMDEN,1 Driver/Rider,1 Male,25-59,33,1,3 Slight,-2 Unknown,-2 N/A,7 Goods Vehicle,ROYAL COLLEGE STREET/ST PANCRAS WAY J/W FARRIER STREET,2,10/05/2018 01:00:00 PM,Thursday,13.00,3 Bor,A,5202,6 Single Cwy,1 <= 20 MPH,3 T/Stag Jun,4 Give Way/Uncontrolled,A,5202,1 Zebra,1 Daylight,1 Fine,1 Road-Dry,0 None,0 None,529060,184400,-0.140253,51.54375,,,Unknown,"(51.54375, -0.140253)",http://opendatacommunities.org/id/london-borough-council/camden,7980,21/12/2020 02:48:42 PM
1170039612,CAMDEN,1 Driver/Rider,2 Female,25-59,34,1,3 Slight,-2 Unknown,-2 N/A,2 Pedal Cycle,FORTESS ROAD 25M N OF J/W HIGHGATE ROAD,1,21/05/2017 05:30:00 PM,Sunday,17.30,3 Bor,A,400,6 Single Cwy,2 30 MPH,0 No Jun In 20m,-2 Not Applicable,-2 Not Applicable,0,0 No Xing Facility In 50m,1 Daylight,1 Fine,1 Road-Dry,0 None,9 Unknown (S/R),528985,185354,-0.140985,51.552341,,,Unknown,"(51.552341, -0.140985)",http://opendatacommunities.org/id/london-borough-council/camden,6998,21/12/2020 02:48:39 PM
1180135802,CAMDEN,3 Pedestrian,1 Male,60+,60,1,1 Fatal,06 On Footpath - Verge,9 Unknown Or Other,1 Pedestrian,KILBURN HIGH ROAD 10M E OF J/W QUEX ROAD,1,29/09/2018 12:45:00 PM,Saturday,12.45,3 Bor,A,5,3 Dual Cwy,1 <= 20 MPH,3 T/Stag Jun,2 Auto Sig,B,510,0 No Xing Facility In 50m,1 Daylight,1 Fine,1 Road-Dry,0 None,0 None,525260,183870,-0.195211,51.539842,,,Unknown,"(51.539842, -0.195211)",http://opendatacommunities.org/id/london-borough-council/camden,8365,21/12/2020 02:48:42 PM
1170028687,CAMDEN,3 Pedestrian,2 Female,25-59,54,1,3 Slight,05 Crossing Road (Not On Xing),9 Unknown Or Other,1 Pedestrian,CHARTERHOUSE STREET J/W FARRINGDON STREET,1,08/03/2017 08:55:00 AM,Wednesday,8.55,1 TLRN,A,201,6 Single Cwy,2 30 MPH,3 T/Stag Jun,9 Unknown (S/R),B,400,9 Unknown (S/R),1 Daylight,9 Unknown,9 Unknown (S/R),9 Unknown (S/R),9 Unknown (S/R),531540,181650,-0.105537,51.518465,,,Unknown,"(51.518465, -0.105537)",http://opendatacommunities.org/id/london-borough-council/camden,6827,21/12/2020 02:48:39 PM