Reference,London Borough Name,Casualty Class,Casualty Sex,Casualty Age Band,Casualty Age,Number Of Casualties,Casualty Severity,Pedestrian Location,Pedestrian Movement,Mode Of Travel,Attendant Location,Number Of Vehicles,Date,Day,Time,Highway,Road Class 1,Road Number 1,Road Type,Speed Limit,Junction Detail,Junction Control,Road Class 2,Road Number 2,Pedestrian Crossing,Light Condition Band,Weather,Road Surface,Special Conditions,Carriage Way Hazard,Easting,Northing,Longitude,Latitude,Ward Code,Ward Name,Spatial Accuracy,Location,Organisation URI,Socrata ID,Last Uploaded
1190184634,CAMDEN,1 DRIVER/RIDER,1 MALE,25-59,29,1,3 SLIGHT,'-2 NOT APPLICABLE,'-2 NOT APPLICABLE,3 POWERED 2 WHEELER,"On Frognal Way, near the junction with frognal.",2,02/06/2019 02:43:00 PM,Sunday,14.43,3 BOR,6,0,3 DUAL CWY,20,07 MULTI JUN,4 GIVE WAY/UNCONTROLLED,6,0,0 NO XING FACILITY IN 50M,2 DAYLIGHT,1 FINE,1 ROAD-DRY,0 NONE,0 NONE,526101,185518,-0.1825,51.554466,,,Unknown,"(51.554466, -0.1825)",http://opendatacommunities.org/id/london-borough-council/camden,9058,21/12/2020 02:48:44 PM
1190165622,CAMDEN,1 DRIVER/RIDER,1 MALE,25-59,56,1,3 SLIGHT,'-2 NOT APPLICABLE,'-2 NOT APPLICABLE,5 TAXI,"On Finchley Rd, 50 metres south of the junction with College Crescent.",2,25/02/2019 01:22:00 PM,Monday,13.22,1 TLRN,A,41,7 SLIP RD,30,00 NO JUN IN 20M,,0,0,9 UNKNOWN (S/R),1 DARK,1 FINE,1 ROAD-DRY,9 UNKNOWN (S/R),9 UNKNOWN (S/R),526651,184261,-0.175024,51.543046,,,Unknown,"(51.543046, -0.175024)",http://opendatacommunities.org/id/london-borough-council/camden,8804,21/12/2020 02:48:43 PM
1180118506,CAMDEN,3 Pedestrian,1 Male,0-15,11,1,3 Slight,05 Crossing Road (Not On Xing),1 From Drivers N/Side,1 Pedestrian,ACTON STREET 25M E OF J/W GRAYS INN ROAD THE NEAREST CLASSIFIED RO,1,03/07/2018 03:50:00 PM,Tuesday,15.50,1 TLRN,C,0,2 One-Way St,1 <= 20 MPH,0 No Jun In 20m,-2 Not Applicable,-2 Not Applicable,0,0 No Xing Facility In 50m,1 Daylight,1 Fine,1 Road-Dry,0 None,0 None,530599,182719,-0.118696,51.52829,,,Unknown,"(51.52829, -0.118696)",http://opendatacommunities.org/id/london-borough-council/camden,8144,21/12/2020 02:48:42 PM
1190201156,CAMDEN,1 DRIVER/RIDER,1 MALE,16-24,22,1,3 SLIGHT,'-2 NOT APPLICABLE,1 FROM DRIVERS N/SIDE,3 POWERED 2 WHEELER,"On Iverson Road, near the junction with West End Lane (Side road).",2,23/08/2019 06:05:00 PM,Friday,18.05,3 BOR,B,520,3 DUAL CWY,20,03 T/STAG JUN,2 AUTO SIG,6,0,4 PELICAN OR SIMILAR,2 DAYLIGHT,8 OTHER,1 ROAD-DRY,0 NONE,0 NONE,525533,184785,-0.19095,51.548005,,,Unknown,"(51.548005, -0.19095)",http://opendatacommunities.org/id/london-borough-council/camden,9294,21/12/2020 02:48:44 PM
0116EK40130,CAMDEN,1 Driver/Rider,1 Male,25-59,26,1,3 Slight,-2 Unknown,-2 N/A,3 Powered 2 Wheeler,CHARLOTTE STREET J/W RATHBONE STREET,1,04/03/2016 09:55:00 PM,Friday,21.55,3 Bor,Unclassified,0,6 Single Cwy,1 <= 20 MPH,3 T/Stag Jun,4 Give Way/Uncontrolled,Unclassified,0,0 No Xing Facility In 50m,2 Dark,1 Fine,1 Road-Dry,0 None,0 None,529480,181640,-0.135214,51.51885,,,Unknown,"(51.51885, -0.135214)",http://opendatacommunities.org/id/london-borough-council/camden,6087,21/12/2020 02:48:38 PM
0116EK40283,CAMDEN,1 Driver/Rider,1 Male,25-59,28,1,3 Slight,-2 Unknown,-2 N/A,3 Powered 2 Wheeler,CHARTERHOUSE STREET J/W ELY PLACE,2,15/04/2016 02:05:00 PM,Friday,14.05,3 Bor,B,500,6 Single Cwy,2 30 MPH,3 T/Stag Jun,4 Give Way/Uncontrolled,Unclassified,0,0 No Xing Facility In 50m,1 Daylight,1 Fine,1 Road-Dry,0 None,0 None,531440,181600,-0.106996,51.518039,,,Unknown,"(51.518039, -0.106996)",http://opendatacommunities.org/id/london-borough-council/camden,6220,21/12/2020 02:48:38 PM
1170034357,CAMDEN,3 Pedestrian,1 Male,60+,63,1,3 Slight,09 In Road - Not Crossing,5 In Rd Not Crossing,1 Pedestrian,BLOOMSBURY PLACE J/W BURY PLACE,1,28/04/2017 01:57:00 AM,Friday,1.57,3 Bor,A,40,6 Single Cwy,1 <= 20 MPH,3 T/Stag Jun,4 Give Way/Uncontrolled,Unclassified,0,5 Pedn Phase At Ats,2 Dark,1 Fine,1 Road-Dry,0 None,0 None,530290,181560,-0.123576,51.517945,,,Unknown,"(51.517945, -0.123576)",http://opendatacommunities.org/id/london-borough-council/camden,6920,21/12/2020 02:48:39 PM
0115EK40732,CAMDEN,1 Driver/Rider,1 Male,16-24,20,1,3 Slight,-2 Unknown,-2 N/A,3 Powered 2 Wheeler,FITZJOHN'S AVENUE J/W PRINCE ARTHUR ROAD,2,23/08/2015 09:35:00 PM,Sunday,21.35,3 Bor,B,511,6 Single Cwy,2 30 MPH,6 Crossroads,4 Give Way/Uncontrolled,Unclassified,0,0 No Xing Facility In 50m,2 Dark,1 Fine,1 Road-Dry,0 None,0 None,526450,185500,-0.177476,51.554226,,,Unknown,"(51.554226, -0.177476)",http://opendatacommunities.org/id/london-borough-council/camden,5199,21/12/2020 02:48:37 PM
1190220222,CAMDEN,2 PASSENGER,1 MALE,16-24,24,1,3 SLIGHT,'-2 NOT APPLICABLE,'-2 NOT APPLICABLE,4 CAR,"On Euston Road, near the junction with MIDLAND ROAD.",3,23/11/2019 01:45:00 AM,Saturday,1.45,1 TLRN,A,501,2 ONE-WAY ST,20,03 T/STAG JUN,2 AUTO SIG,5,0,5 PEDN PHASE AT ATS,1 DARK,2 RAINING,2 ROAD-WET,0 NONE,0 NONE,530064,182815,-0.126368,51.529276,,,Unknown,"(51.529276, -0.126368)",http://opendatacommunities.org/id/london-borough-council/camden,9540,21/12/2020 02:48:44 PM
1180118958,CAMDEN,1 Driver/Rider,1 Male,25-59,30,1,3 Slight,-2 Unknown,-2 N/A,2 Pedal Cycle,HIGH HOLBORN 120M E OF J/W SOUTHAMPTON ROW THE NEAREST CLASSIFIED,2,04/07/2018 07:45:00 AM,Wednesday,7.45,3 Bor,A,40,6 Single Cwy,2 30 MPH,0 No Jun In 20m,-2 Not Applicable,-2 Not Applicable,0,9 Unknown (S/R),1 Daylight,1 Fine,1 Road-Dry,9 Unknown (S/R),9 Unknown (S/R),530680,181560,-0.117959,51.517855,,,Unknown,"(51.517855, -0.117959)",http://opendatacommunities.org/id/london-borough-council/camden,8146,21/12/2020 02:48:42 PM
1180092511,CAMDEN,3 Pedestrian,2 Female,60+,61,1,3 Slight,09 In Road - Not Crossing,8 In Rd Back To Traffic,1 Pedestrian,SPRINGFIELD LANE 30M E OF J/W KILBURN HIGH ROAD,1,25/02/2018 04:00:00 PM,Sunday,16.00,3 Bor,Unclassified,0,2 One-Way St,1 <= 20 MPH,0 No Jun In 20m,-2 Not Applicable,-2 Not Applicable,0,0 No Xing Facility In 50m,2 Dark,8 Other,1 Road-Dry,0 None,0 None,525500,183560,-0.191863,51.537003,,,Unknown,"(51.537003, -0.191863)",http://opendatacommunities.org/id/london-borough-council/camden,7775,21/12/2020 02:48:41 PM
1180140406,CAMDEN,1 Driver/Rider,1 Male,25-59,39,1,3 Slight,-2 Unknown,-2 N/A,4 Car,HIGHGATE ROAD 35M E OF J/W GORDON HOUSE ROAD,2,20/10/2018 07:00:00 PM,Saturday,19.00,3 Bor,B,518,9 Unknown,2 30 MPH,0 No Jun In 20m,-2 Not Applicable,-2 Not Applicable,0,5 Pedn Phase At Ats,1 Daylight,1 Fine,1 Road-Dry,0 None,0 None,528600,185790,-0.146375,51.556347,,,Unknown,"(51.556347, -0.146375)",http://opendatacommunities.org/id/london-borough-council/camden,8448,21/12/2020 02:48:43 PM
0115EK40763,CAMDEN,1 Driver/Rider,1 Male,16-24,24,1,3 Slight,-2 Unknown,-2 N/A,4 Car,"EUSTON ROAD, 200 METRES NE OF EUSTON ROAD SLIP ROAD.",4,01/09/2015 04:26:00 PM,Tuesday,16.26,1 TLRN,A,501,3 Dual Cwy,4 50 MPH,0 No Jun In 20m,-2 Not Applicable,-2 Not Applicable,0,0 No Xing Facility In 50m,1 Daylight,1 Fine,1 Road-Dry,0 None,0 None,529260,182330,-0.13813,51.525102,,,Unknown,"(51.525102, -0.13813)",http://opendatacommunities.org/id/london-borough-council/camden,5225,21/12/2020 02:48:37 PM
1190181001,CAMDEN,1 DRIVER/RIDER,2 FEMALE,25-59,51,2,3 SLIGHT,'-2 NOT APPLICABLE,'-2 NOT APPLICABLE,4 CAR,"On Kentish Town Road, 25 metres north of the junction with Caversham Road NW5.",4,15/05/2019 11:19:00 AM,Wednesday,11.19,3 BOR,A,400,6 SINGLE CWY,20,00 NO JUN IN 20M,,0,0,4 PELICAN OR SIMILAR,2 DAYLIGHT,1 FINE,1 ROAD-DRY,0 NONE,0 NONE,528994,184987,-0.140989,51.549041,,,Unknown,"(51.549041, -0.140989)",http://opendatacommunities.org/id/london-borough-council/camden,9005,21/12/2020 02:48:44 PM
1170077694,CAMDEN,3 Pedestrian,2 Female,0-15,15,1,3 Slight,04 Crossing Road Within 50m Xing,1 From Drivers N/Side,1 Pedestrian,ABBEY ROAD 10M W OF J/W ROWLEY WAY ESTATE,1,13/12/2017 05:20:00 PM,Wednesday,17.20,3 Bor,B,507,3 Dual Cwy,1 <= 20 MPH,9 Other Jun,2 Auto Sig,Unclassified,0,1 Zebra,2 Dark,2 Raining,2 Road-Wet,0 None,0 None,525900,183840,-0.185998,51.53943,,,Unknown,"(51.53943, -0.185998)",http://opendatacommunities.org/id/london-borough-council/camden,7608,21/12/2020 02:48:41 PM
1170017303,CAMDEN,1 Driver/Rider,1 Male,25-59,29,1,3 Slight,-2 Unknown,-2 N/A,2 Pedal Cycle,CAMDEN ROAD J/W CAMDEN STREET,2,06/02/2017 07:50:00 PM,Monday,19.50,1 TLRN,A,503,3 Dual Cwy,2 30 MPH,3 T/Stag Jun,9 Unknown (S/R),A,400,9 Unknown (S/R),2 Dark,2 Raining,2 Road-Wet,0 None,0 None,529110,184040,-0.139665,51.540504,,,Unknown,"(51.540504, -0.139665)",http://opendatacommunities.org/id/london-borough-council/camden,6661,21/12/2020 02:48:39 PM
0115EK40243,CAMDEN,1 Driver/Rider,1 Male,25-59,54,1,3 Slight,-2 Unknown,-2 N/A,4 Car,HAMPSTEAD ROAD J/W CARDINGTON STREET,2,29/03/2015 05:24:00 AM,Sunday,5.24,1 TLRN,A,400,6 Single Cwy,2 30 MPH,3 T/Stag Jun,4 Give Way/Uncontrolled,C,0,0 No Xing Facility In 50m,2 Dark,1 Fine,2 Road-Wet,0 None,0 None,529210,182770,-0.138689,51.529067,,,Unknown,"(51.529067, -0.138689)",http://opendatacommunities.org/id/london-borough-council/camden,4772,21/12/2020 02:48:36 PM
1180122763,CAMDEN,1 Driver/Rider,2 Female,25-59,25,1,2 Serious,-2 Unknown,-2 N/A,2 Pedal Cycle,PRINCE OF WALES ROAD J/W MALDEN ROAD,2,23/07/2018 06:30:00 PM,Monday,18.30,3 Bor,B,517,6 Single Cwy,1 <= 20 MPH,6 Crossroads,2 Auto Sig,B,517,5 Pedn Phase At Ats,1 Daylight,1 Fine,1 Road-Dry,1 Traf Sig Out,0 None,528320,184620,-0.150838,51.545896,,,Unknown,"(51.545896, -0.150838)",http://opendatacommunities.org/id/london-borough-council/camden,8198,21/12/2020 02:48:42 PM
1180155118,CAMDEN,2 Passenger,2 Female,Unknown,0,1,3 Slight,-2 Unknown,-2 N/A,4 Car,YORK WAY J/W AGAR GROVE,2,30/12/2018 01:40:00 PM,Sunday,13.40,3 Bor,A,5200,9 Unknown,1 <= 20 MPH,3 T/Stag Jun,2 Auto Sig,C,0,9 Unknown (S/R),1 Daylight,1 Fine,1 Road-Dry,0 None,0 None,530050,184370,-0.125996,51.543254,,,Unknown,"(51.543254, -0.125996)",http://opendatacommunities.org/id/london-borough-council/camden,8654,21/12/2020 02:48:43 PM
1190194793,CAMDEN,1 DRIVER/RIDER,2 FEMALE,25-59,30,1,3 SLIGHT,'-2 NOT APPLICABLE,1 FROM DRIVERS N/SIDE,3 POWERED 2 WHEELER,"On Camden High Street, near the junction with CAMDEN HIGH STREET.",3,19/07/2019 05:54:00 PM,Friday,17.54,1 TLRN,A,4201,2 ONE-WAY ST,20,03 T/STAG JUN,2 AUTO SIG,A,400,5 PEDN PHASE AT ATS,2 DAYLIGHT,1 FINE,1 ROAD-DRY,0 NONE,0 NONE,528896,183847,-0.142819,51.538818,,,Unknown,"(51.538818, -0.142819)",http://opendatacommunities.org/id/london-borough-council/camden,9202,21/12/2020 02:48:44 PM
1170077963,CAMDEN,3 Pedestrian,2 Female,0-15,6,1,2 Serious,08 In Centre Of Carriageway,1 From Drivers N/Side,1 Pedestrian,FORTESS WALK J/W HIGHGATE ROAD,1,14/12/2017 04:40:00 PM,Thursday,16.40,3 Bor,Unclassified,0,6 Single Cwy,1 <= 20 MPH,6 Crossroads,4 Give Way/Uncontrolled,B,518,0 No Xing Facility In 50m,2 Dark,1 Fine,1 Road-Dry,0 None,0 None,528930,185360,-0.141775,51.552407,,,Unknown,"(51.552407, -0.141775)",http://opendatacommunities.org/id/london-borough-council/camden,7612,21/12/2020 02:48:41 PM
1190180522,CAMDEN,1 DRIVER/RIDER,2 FEMALE,U,,1,3 SLIGHT,'-2 NOT APPLICABLE,'-2 NOT APPLICABLE,3 POWERED 2 WHEELER,"On Harrison Street, 90 metres west of the junction with Grays Inn Road.. The nearest classified road was the A5200. The nearest classified road was the A5200",2,11/05/2019 01:40:00 PM,Saturday,13.40,3 BOR,6,0,9 UNKNOWN,20,00 NO JUN IN 20M,,0,0,0 NO XING FACILITY IN 50M,2 DAYLIGHT,8 OTHER,2 ROAD-WET,0 NONE,0 NONE,530342,182606,-0.12244,51.527334,,,Unknown,"(51.527334, -0.12244)",http://opendatacommunities.org/id/london-borough-council/camden,8999,21/12/2020 02:48:44 PM
1160004913,CAMDEN,2 Passenger,2 Female,25-59,58,1,3 Slight,-2 Unknown,-2 N/A,6 Bus Or Coach,PENTONVILLE ROAD J/W EUSTON ROAD,1,03/12/2016 11:00:00 AM,Saturday,11.00,1 TLRN,A,501,3 Dual Cwy,2 30 MPH,6 Crossroads,2 Auto Sig,A,501,4 Pelican Or Similar,1 Daylight,1 Fine,1 Road-Dry,0 None,0 None,530320,182970,-0.122623,51.53061,,,Unknown,"(51.53061, -0.122623)",http://opendatacommunities.org/id/london-borough-council/camden,5726,21/12/2020 02:48:37 PM
1190181352,CAMDEN,1 DRIVER/RIDER,2 FEMALE,25-59,37,1,3 SLIGHT,'-2 NOT APPLICABLE,'-2 NOT APPLICABLE,2 PEDAL CYCLE,"On Hampstead Road, 25 metres south of the junction with Robert Street.",2,16/05/2019 12:35:00 PM,Thursday,12.35,1 TLRN,A,400,6 SINGLE CWY,30,00 NO JUN IN 20M,,0,0,5 PEDN PHASE AT ATS,2 DAYLIGHT,1 FINE,1 ROAD-DRY,9 UNKNOWN (S/R),2 OTHER OBJECT IN CWY,529216,182681,-0.138636,51.528266,,,Unknown,"(51.528266, -0.138636)",http://opendatacommunities.org/id/london-borough-council/camden,9014,21/12/2020 02:48:44 PM
1180106578,CAMDEN,1 Driver/Rider,1 Male,16-24,19,1,3 Slight,-2 Unknown,-2 N/A,3 Powered 2 Wheeler,KENTISH TOWN ROAD 25M S OF J/W HOLMES ROAD,2,06/05/2018 10:45:00 PM,Sunday,22.45,3 Bor,A,400,6 Single Cwy,1 <= 20 MPH,0 No Jun In 20m,-2 Not Applicable,-2 Not Applicable,0,9 Unknown (S/R),2 Dark,1 Fine,1 Road-Dry,0 None,0 None,528990,185020,-0.141035,51.549338,,,Unknown,"(51.549338, -0.141035)",http://opendatacommunities.org/id/london-borough-council/camden,7969,21/12/2020 02:48:42 PM
1170067067,CAMDEN,1 Driver/Rider,1 Male,Unknown,0,1,3 Slight,-2 Unknown,-2 N/A,4 Car,EUSTON ROAD J/W EVERSHOLT STREET,2,30/10/2017 02:15:00 AM,Monday,2.15,1 TLRN,A,501,3 Dual Cwy,2 30 MPH,9 Other Jun,2 Auto Sig,A,4200,5 Pedn Phase At Ats,2 Dark,1 Fine,1 Road-Dry,0 None,0 None,529740,182580,-0.131123,51.527238,,,Unknown,"(51.527238, -0.131123)",http://opendatacommunities.org/id/london-borough-council/camden,7462,21/12/2020 02:48:40 PM
1180093252,CAMDEN,3 Pedestrian,2 Female,25-59,36,1,3 Slight,01 Crossing Road On Ped Xing,1 From Drivers N/Side,1 Pedestrian,CHARLOTTE STREET 25M N OF J/W SCALA STREET,1,05/02/2018 07:32:00 AM,Monday,7.32,3 Bor,Unclassified,0,9 Unknown,1 <= 20 MPH,0 No Jun In 20m,-2 Not Applicable,-2 Not Applicable,0,1 Zebra,1 Daylight,3 Snowing,4 Road-Frost/Ice,0 None,0 None,529402,181763,-0.136293,51.519974,,,Unknown,"(51.519974, -0.136293)",http://opendatacommunities.org/id/london-borough-council/camden,7785,21/12/2020 02:48:41 PM
0115EK40296,CAMDEN,1 Driver/Rider,2 Female,25-59,39,1,3 Slight,-2 Unknown,-2 N/A,2 Pedal Cycle,GORDON SQUARE J/W GORDON SQUARE,2,16/04/2015 06:30:00 AM,Thursday,6.30,3 Bor,C,0,6 Single Cwy,2 30 MPH,3 T/Stag Jun,4 Give Way/Uncontrolled,C,0,0 No Xing Facility In 50m,1 Daylight,1 Fine,1 Road-Dry,0 None,0 None,529770,182160,-0.130846,51.523457,,,Unknown,"(51.523457, -0.130846)",http://opendatacommunities.org/id/london-borough-council/camden,4817,21/12/2020 02:48:36 PM
1190194802,CAMDEN,1 DRIVER/RIDER,1 MALE,25-59,27,1,3 SLIGHT,'-2 NOT APPLICABLE,'-2 NOT APPLICABLE,4 CAR,"On Weedington Road, near the junction with Weedington Road.",3,20/07/2019 02:13:00 PM,Saturday,14.13,3 BOR,6,0,6 SINGLE CWY,20,03 T/STAG JUN,4 GIVE WAY/UNCONTROLLED,6,0,0 NO XING FACILITY IN 50M,2 DAYLIGHT,1 FINE,1 ROAD-DRY,0 NONE,0 NONE,528197,185323,-0.152355,51.552242,,,Unknown,"(51.552242, -0.152355)",http://opendatacommunities.org/id/london-borough-council/camden,9203,21/12/2020 02:48:44 PM
1180133995,CAMDEN,1 Driver/Rider,1 Male,25-59,53,1,3 Slight,-2 Unknown,-2 N/A,2 Pedal Cycle,CAMDEN ROAD J/W SANDAL ROAD,2,20/09/2018 04:30:00 PM,Thursday,16.30,1 TLRN,A,503,3 Dual Cwy,2 30 MPH,3 T/Stag Jun,3 Stop Sign,Unclassified,0,9 Unknown (S/R),1 Daylight,1 Fine,1 Road-Dry,9 Unknown (S/R),0 None,529510,184620,-0.133687,51.545624,,,Unknown,"(51.545624, -0.133687)",http://opendatacommunities.org/id/london-borough-council/camden,8341,21/12/2020 02:48:42 PM
1170038290,CAMDEN,1 Driver/Rider,1 Male,16-24,21,1,3 Slight,-2 Unknown,-2 N/A,3 Powered 2 Wheeler,HIGHGATE HILL J/W CHOLMELEY PARK,2,17/05/2017 02:50:00 PM,Wednesday,14.50,3 Bor,B,519,6 Single Cwy,1 <= 20 MPH,9 Other Jun,4 Give Way/Uncontrolled,Unclassified,0,0 No Xing Facility In 50m,1 Daylight,2 Raining,2 Road-Wet,0 None,0 None,528670,187320,-0.144807,51.570081,,,Unknown,"(51.570081, -0.144807)",http://opendatacommunities.org/id/london-borough-council/camden,6981,21/12/2020 02:48:39 PM
1190215351,CAMDEN,1 DRIVER/RIDER,1 MALE,25-59,38,2,3 SLIGHT,'-2 NOT APPLICABLE,'-2 NOT APPLICABLE,7 GOODS VEHICLE,"On Avenue Road, 60 metres north of the junction with St Edmund Terrace.",3,01/11/2019 07:45:00 AM,Friday,7.45,3 BOR,B,525,6 SINGLE CWY,20,00 NO JUN IN 20M,,0,0,0 NO XING FACILITY IN 50M,2 DAYLIGHT,2 RAINING,2 ROAD-WET,0 NONE,0 NONE,527277,183571,-0.166251,51.536704,,,Unknown,"(51.536704, -0.166251)",http://opendatacommunities.org/id/london-borough-council/camden,9484,21/12/2020 02:48:44 PM
0115EK40293,CAMDEN,3 Pedestrian,1 Male,60+,84,1,3 Slight,05 Crossing Road (Not On Xing),9 Unknown Or Other,1 Pedestrian,FARRINGDON ROAD 62M N OF J/W GREVILLE STREET,1,17/04/2015 09:37:00 PM,Friday,21.37,1 TLRN,A,201,6 Single Cwy,2 30 MPH,0 No Jun In 20m,-2 Not Applicable,-2 Not Applicable,0,0 No Xing Facility In 50m,2 Dark,1 Fine,1 Road-Dry,0 None,0 None,531510,181850,-0.105895,51.520269,,,Unknown,"(51.520269, -0.105895)",http://opendatacommunities.org/id/london-borough-council/camden,4815,21/12/2020 02:48:36 PM
1190172818,CAMDEN,3 PEDESTRIAN,2 FEMALE,25-59,33,1,3 SLIGHT,04 CROSSING ROAD WITHIN 50M XING,2 FROM DRIVERS N/SIDE MSK,1 PEDESTRIAN,"On Pancras Road, 40 metres south of the junction with Goods Way.",1,02/04/2019 12:24:00 PM,Tuesday,12.24,3 BOR,5,0,6 SINGLE CWY,20,03 T/STAG JUN,4 GIVE WAY/UNCONTROLLED,A,5202,1 ZEBRA,2 DAYLIGHT,2 RAINING,2 ROAD-WET,0 NONE,0 NONE,530052,183239,-0.126385,51.533089,,,Unknown,"(51.533089, -0.126385)",http://opendatacommunities.org/id/london-borough-council/camden,8899,21/12/2020 02:48:44 PM
1180103208,CAMDEN,2 Passenger,2 Female,25-59,42,1,3 Slight,-2 Unknown,-2 N/A,3 Powered 2 Wheeler,CHARTERHOUSE STREET J/W FARINGDON ROAD,2,21/04/2018 10:30:00 PM,Saturday,22.30,1 TLRN,B,400,6 Single Cwy,1 <= 20 MPH,6 Crossroads,2 Auto Sig,A,201,5 Pedn Phase At Ats,2 Dark,1 Fine,1 Road-Dry,0 None,0 None,531550,181650,-0.105393,51.518463,,,Unknown,"(51.518463, -0.105393)",http://opendatacommunities.org/id/london-borough-council/camden,7918,21/12/2020 02:48:41 PM
0115EK40437,CAMDEN,1 Driver/Rider,1 Male,16-24,18,1,3 Slight,-2 Unknown,-2 N/A,4 Car,PLENDER STREET J/W COLLEGE PLACE,2,05/06/2015 03:20:00 PM,Friday,15.20,3 Bor,Unclassified,0,6 Single Cwy,2 30 MPH,3 T/Stag Jun,4 Give Way/Uncontrolled,Unclassified,0,0 No Xing Facility In 50m,1 Daylight,1 Fine,1 Road-Dry,0 None,0 None,529400,183680,-0.135618,51.537202,,,Unknown,"(51.537202, -0.135618)",http://opendatacommunities.org/id/london-borough-council/camden,4930,21/12/2020 02:48:36 PM
0116EK40323,CAMDEN,2 Passenger,2 Female,16-24,23,1,3 Slight,-2 Unknown,-2 N/A,4 Car,FINCHLEY ROAD J/W STUDHOLME COURT,2,07/05/2016 08:07:00 PM,Saturday,20.07,1 TLRN,A,41,6 Single Cwy,2 30 MPH,3 T/Stag Jun,4 Give Way/Uncontrolled,Unclassified,0,0 No Xing Facility In 50m,2 Dark,1 Fine,1 Road-Dry,0 None,0 None,525430,185530,-0.19217,51.554723,,,Unknown,"(51.554723, -0.19217)",http://opendatacommunities.org/id/london-borough-council/camden,6253,21/12/2020 02:48:38 PM
0115EK40077,CAMDEN,3 Pedestrian,1 Male,25-59,35,1,3 Slight,01 Crossing Road On Ped Xing,3 From Drivers O/Side,1 Pedestrian,THEOBALD'S ROAD J/W PROCTER STREET,1,01/02/2015 11:46:00 PM,Sunday,23.46,3 Bor,A,401,6 Single Cwy,2 30 MPH,3 T/Stag Jun,4 Give Way/Uncontrolled,A,40,4 Pelican Or Similar,2 Dark,1 Fine,1 Road-Dry,0 None,0 None,530500,181720,-0.120492,51.519335,,,Unknown,"(51.519335, -0.120492)",http://opendatacommunities.org/id/london-borough-council/camden,4643,21/12/2020 02:48:35 PM
1160012160,CAMDEN,1 Driver/Rider,1 Male,16-24,22,1,3 Slight,-2 Unknown,-2 N/A,3 Powered 2 Wheeler,"ON SAINT LEONARD'S SQUARE, NEAR THE JUNCTION WITH MALDEN ROAD .",3,12/09/2016 07:10:00 PM,Monday,19.10,3 Bor,Unclassified,0,6 Single Cwy,2 30 MPH,3 T/Stag Jun,4 Give Way/Uncontrolled,B,517,0 No Xing Facility In 50m,1 Daylight,9 Unknown,1 Road-Dry,0 None,0 None,528310,184690,-0.150957,51.546527,,,Unknown,"(51.546527, -0.150957)",http://opendatacommunities.org/id/london-borough-council/camden,5823,21/12/2020 02:48:37 PM
0115EK40041,CAMDEN,1 Driver/Rider,1 Male,25-59,56,1,2 Serious,-2 Unknown,-2 N/A,3 Powered 2 Wheeler,ELM STREET J/W GRAY'S INN ROAD,2,20/01/2015 12:40:00 PM,Tuesday,12.40,3 Bor,Unclassified,0,6 Single Cwy,2 30 MPH,3 T/Stag Jun,4 Give Way/Uncontrolled,A,5200,1 Zebra,1 Daylight,1 Fine,1 Road-Dry,0 None,6 Ped In Cwy (Not Inj),530930,182080,-0.114164,51.522471,,,Unknown,"(51.522471, -0.114164)",http://opendatacommunities.org/id/london-borough-council/camden,4612,21/12/2020 02:48:35 PM
1170075591,CAMDEN,2 Passenger,2 Female,25-59,33,1,3 Slight,-2 Unknown,-2 N/A,6 Bus Or Coach,CAMDEN HIGH STREET 30M N OF J/W DELANCY STREET,1,06/12/2017 05:48:00 AM,Wednesday,5.48,1 TLRN,A,502,6 Single Cwy,1 <= 20 MPH,0 No Jun In 20m,-2 Not Applicable,-2 Not Applicable,0,0 No Xing Facility In 50m,2 Dark,1 Fine,1 Road-Dry,0 None,0 None,529002,183694,-0.141348,51.537419,,,Unknown,"(51.537419, -0.141348)",http://opendatacommunities.org/id/london-borough-council/camden,7585,21/12/2020 02:48:41 PM
1190210512,CAMDEN,1 DRIVER/RIDER,1 MALE,25-59,46,1,3 SLIGHT,'-2 NOT APPLICABLE,'-2 NOT APPLICABLE,3 POWERED 2 WHEELER,"On Mercer Street, near the junction with Shelton Street.",2,08/10/2019 07:15:00 PM,Tuesday,19.15,3 BOR,6,0,2 ONE-WAY ST,20,03 T/STAG JUN,9 UNKNOWN (S/R),6,0,0 NO XING FACILITY IN 50M,1 DARK,1 FINE,1 ROAD-DRY,0 NONE,0 NONE,530109,181039,-0.126376,51.513305,,,Unknown,"(51.513305, -0.126376)",http://opendatacommunities.org/id/london-borough-council/camden,9417,21/12/2020 02:48:44 PM
1190175812,CAMDEN,1 DRIVER/RIDER,1 MALE,25-59,30,1,3 SLIGHT,'-2 NOT APPLICABLE,'-2 NOT APPLICABLE,3 POWERED 2 WHEELER,"On Kingsway, near the junction with Great Queen Street.",2,18/04/2019 01:40:00 PM,Thursday,13.40,3 BOR,B,402,3 DUAL CWY,30,06 CROSSROADS,2 AUTO SIG,A,4200,0 NO XING FACILITY IN 50M,2 DAYLIGHT,1 FINE,1 ROAD-DRY,0 NONE,0 NONE,530571,181379,-0.119596,51.516254,,,Unknown,"(51.516254, -0.119596)",http://opendatacommunities.org/id/london-borough-council/camden,8933,21/12/2020 02:48:44 PM
1190212510,CAMDEN,1 DRIVER/RIDER,2 FEMALE,25-59,30,1,3 SLIGHT,'-2 NOT APPLICABLE,'-2 NOT APPLICABLE,2 PEDAL CYCLE,"On Drury Lane, 25 metres north of the junction with Shelton Street.",2,20/09/2019 06:55:00 AM,Friday,6.55,3 BOR,5,0,2 ONE-WAY ST,20,00 NO JUN IN 20M,,0,0,9 UNKNOWN (S/R),2 DAYLIGHT,1 FINE,1 ROAD-DRY,9 UNKNOWN (S/R),9 UNKNOWN (S/R),530331,181256,-0.123098,51.515204,,,Unknown,"(51.515204, -0.123098)",http://opendatacommunities.org/id/london-borough-council/camden,9450,21/12/2020 02:48:44 PM