Reference,London Borough Name,Casualty Class,Casualty Sex,Casualty Age Band,Casualty Age,Number Of Casualties,Casualty Severity,Pedestrian Location,Pedestrian Movement,Mode Of Travel,Attendant Location,Number Of Vehicles,Date,Day,Time,Highway,Road Class 1,Road Number 1,Road Type,Speed Limit,Junction Detail,Junction Control,Road Class 2,Road Number 2,Pedestrian Crossing,Light Condition Band,Weather,Road Surface,Special Conditions,Carriage Way Hazard,Easting,Northing,Longitude,Latitude,Ward Code,Ward Name,Spatial Accuracy,Location,Organisation URI,Socrata ID,Last Uploaded
0115EK40476,CAMDEN,1 Driver/Rider,1 Male,60+,68,1,3 Slight,-2 Unknown,-2 N/A,5 Taxi,RUSSELL SQUARE J/W BERNARD ROAD,2,12/06/2015 06:40:00 AM,Friday,6.40,3 Bor,A,4200,6 Single Cwy,2 30 MPH,6 Crossroads,2 Auto Sig,B,504,5 Pedn Phase At Ats,1 Daylight,1 Fine,1 Road-Dry,0 None,0 None,530120,182090,-0.125829,51.522748,,,Unknown,"(51.522748, -0.125829)",http://opendatacommunities.org/id/london-borough-council/camden,4968,21/12/2020 02:48:36 PM
0116EK40372,CAMDEN,3 Pedestrian,1 Male,60+,67,1,2 Serious,05 Crossing Road (Not On Xing),1 From Drivers N/Side,1 Pedestrian,EVERSHOLT STREET J/W CRANLEIGH STREET,1,27/05/2016 04:18:00 PM,Friday,16.18,3 Bor,A,4200,6 Single Cwy,2 30 MPH,3 T/Stag Jun,4 Give Way/Uncontrolled,Unclassified,0,0 No Xing Facility In 50m,1 Daylight,1 Fine,1 Road-Dry,0 None,0 None,529360,183150,-0.136389,51.532448,,,Unknown,"(51.532448, -0.136389)",http://opendatacommunities.org/id/london-borough-council/camden,6293,21/12/2020 02:48:38 PM
0116EK40118,CAMDEN,3 Pedestrian,2 Female,25-59,42,1,3 Slight,01 Crossing Road On Ped Xing,3 From Drivers O/Side,1 Pedestrian,CAMDEN HIGH STREET J/W GREENLAND ROAD,1,17/02/2016 09:18:00 PM,Wednesday,21.18,1 TLRN,A,400,2 One-Way St,1 <= 20 MPH,7 Multi Jun,2 Auto Sig,A,4201,5 Pedn Phase At Ats,2 Dark,2 Raining,2 Road-Wet,0 None,0 None,528920,183870,-0.142465,51.539019,,,Unknown,"(51.539019, -0.142465)",http://opendatacommunities.org/id/london-borough-council/camden,6074,21/12/2020 02:48:38 PM
1160024977,CAMDEN,1 Driver/Rider,2 Female,25-59,26,1,3 Slight,-2 Unknown,-2 N/A,4 Car,OUTER CIRCLE 25M S OF J/W GLOUCESTER GATE,1,10/10/2016 01:30:00 PM,Monday,13.30,3 Bor,Unclassified,0,6 Single Cwy,2 30 MPH,0 No Jun In 20m,-2 Not Applicable,-2 Not Applicable,0,0 No Xing Facility In 50m,1 Daylight,1 Fine,1 Road-Dry,0 None,0 None,528550,183400,-0.147969,51.53488,,,Unknown,"(51.53488, -0.147969)",http://opendatacommunities.org/id/london-borough-council/camden,5939,21/12/2020 02:48:38 PM
1180134962,CAMDEN,1 Driver/Rider,1 Male,25-59,31,1,2 Serious,-2 Unknown,-2 N/A,3 Powered 2 Wheeler,CAMDEN HIGH STREET J/W BUCK STREET,2,25/09/2018 09:48:00 PM,Tuesday,21.48,3 Bor,A,502,2 One-Way St,1 <= 20 MPH,3 T/Stag Jun,4 Give Way/Uncontrolled,Unclassified,0,0 No Xing Facility In 50m,2 Dark,1 Fine,1 Road-Dry,0 None,0 None,528840,183980,-0.143578,51.540026,,,Unknown,"(51.540026, -0.143578)",http://opendatacommunities.org/id/london-borough-council/camden,8354,21/12/2020 02:48:42 PM
0115EK40405,CAMDEN,3 Pedestrian,1 Male,25-59,42,1,3 Slight,09 In Road - Not Crossing,9 Unknown Or Other,1 Pedestrian,NFL- MELTON STREET J/W DRUMMOND STREET,1,23/05/2015 04:30:00 PM,Saturday,16.30,3 Bor,C,0,6 Single Cwy,2 30 MPH,3 T/Stag Jun,4 Give Way/Uncontrolled,C,0,0 No Xing Facility In 50m,1 Daylight,1 Fine,1 Road-Dry,0 None,0 None,529470,182610,-0.135002,51.52757,,,Unknown,"(51.52757, -0.135002)",http://opendatacommunities.org/id/london-borough-council/camden,4901,21/12/2020 02:48:36 PM
0115EK40811,CAMDEN,1 Driver/Rider,1 Male,60+,73,1,3 Slight,-2 Unknown,-2 N/A,2 Pedal Cycle,KENTISH TOWN ROAD J/W REGIS ROAD,2,26/08/2015 05:55:00 PM,Wednesday,17.55,3 Bor,A,400,6 Single Cwy,2 30 MPH,6 Crossroads,2 Auto Sig,A,400,5 Pedn Phase At Ats,1 Daylight,1 Fine,1 Road-Dry,0 None,0 None,529010,185170,-0.140692,51.550682,,,Unknown,"(51.550682, -0.140692)",http://opendatacommunities.org/id/london-borough-council/camden,5269,21/12/2020 02:48:37 PM
1170027566,CAMDEN,1 Driver/Rider,1 Male,25-59,27,1,3 Slight,-2 Unknown,-2 N/A,3 Powered 2 Wheeler,ROSEBERY AVENUE 100M S OF J/W MOUNT PLEASANT,2,23/03/2017 04:40:00 PM,Thursday,16.40,3 Bor,A,401,6 Single Cwy,1 <= 20 MPH,0 No Jun In 20m,-2 Not Applicable,-2 Not Applicable,0,0 No Xing Facility In 50m,1 Daylight,1 Fine,1 Road-Dry,0 None,0 None,531109,182150,-0.11156,51.523058,,,Unknown,"(51.523058, -0.11156)",http://opendatacommunities.org/id/london-borough-council/camden,6811,21/12/2020 02:48:39 PM
1160025046,CAMDEN,1 Driver/Rider,1 Male,25-59,54,1,3 Slight,-2 Unknown,-2 N/A,7 Goods Vehicle,FINCHLEY ROAD J/W FROGNAL LANE,2,28/10/2016 03:14:00 PM,Friday,15.14,1 TLRN,A,41,6 Single Cwy,2 30 MPH,6 Crossroads,2 Auto Sig,C,0,5 Pedn Phase At Ats,1 Daylight,1 Fine,1 Road-Dry,0 None,0 None,525660,185350,-0.188918,51.553054,,,Unknown,"(51.553054, -0.188918)",http://opendatacommunities.org/id/london-borough-council/camden,5943,21/12/2020 02:48:38 PM
1170038332,CAMDEN,1 Driver/Rider,2 Female,25-59,33,1,3 Slight,-2 Unknown,-2 N/A,3 Powered 2 Wheeler,PLATT'S LANE J/W ROSECROFT AVENUE,2,17/05/2017 06:30:00 PM,Wednesday,18.30,3 Bor,C,0,1 Roundabout,2 30 MPH,2 Mini,4 Give Way/Uncontrolled,Unclassified,0,0 No Xing Facility In 50m,1 Daylight,2 Raining,2 Road-Wet,0 None,0 None,525410,186280,-0.192191,51.561468,,,Unknown,"(51.561468, -0.192191)",http://opendatacommunities.org/id/london-borough-council/camden,6982,21/12/2020 02:48:39 PM
0116EK40202,CAMDEN,1 Driver/Rider,1 Male,25-59,43,1,3 Slight,-2 Unknown,-2 N/A,2 Pedal Cycle,N.F.L EUSTON ROAD 25M SW OF MELTON STREET,2,03/04/2016 07:30:00 PM,Sunday,19.30,1 TLRN,A,501,3 Dual Cwy,2 30 MPH,0 No Jun In 20m,-2 Not Applicable,-2 Not Applicable,0,0 No Xing Facility In 50m,1 Daylight,1 Fine,1 Road-Dry,0 None,0 None,529540,182460,-0.134049,51.526206,,,Unknown,"(51.526206, -0.134049)",http://opendatacommunities.org/id/london-borough-council/camden,6149,21/12/2020 02:48:38 PM
1180096919,CAMDEN,1 Driver/Rider,1 Male,25-59,39,1,3 Slight,-2 Unknown,-2 N/A,2 Pedal Cycle,GRAYS INN ROAD 25M W OF J/W ELM STREET,2,08/03/2018 06:15:00 AM,Thursday,6.15,3 Bor,A,5200,6 Single Cwy,2 30 MPH,0 No Jun In 20m,-2 Not Applicable,-2 Not Applicable,0,9 Unknown (S/R),1 Daylight,1 Fine,1 Road-Dry,0 None,0 None,530920,182100,-0.114301,51.522653,,,Unknown,"(51.522653, -0.114301)",http://opendatacommunities.org/id/london-borough-council/camden,7821,21/12/2020 02:48:41 PM
1170052338,CAMDEN,1 Driver/Rider,1 Male,25-59,29,1,3 Slight,-2 Unknown,-2 N/A,2 Pedal Cycle,CAMDEN ROAD J/W MURRAY STREET,1,13/07/2017 06:25:00 PM,Thursday,18.25,1 TLRN,A,503,6 Single Cwy,2 30 MPH,3 T/Stag Jun,4 Give Way/Uncontrolled,Unclassified,0,0 No Xing Facility In 50m,1 Daylight,1 Fine,1 Road-Dry,0 None,0 None,529440,184530,-0.134729,51.544832,,,Unknown,"(51.544832, -0.134729)",http://opendatacommunities.org/id/london-borough-council/camden,7229,21/12/2020 02:48:40 PM
1180107401,CAMDEN,1 Driver/Rider,1 Male,25-59,27,1,3 Slight,-2 Unknown,-2 N/A,3 Powered 2 Wheeler,EVERSHOLT STREET J/W OAKLEY SQUARE,2,11/05/2018 10:40:00 PM,Friday,22.40,1 TLRN,A,4200,6 Single Cwy,1 <= 20 MPH,3 T/Stag Jun,4 Give Way/Uncontrolled,A,400,0 No Xing Facility In 50m,2 Dark,1 Fine,2 Road-Wet,1 Traf Sig Out,0 None,529290,183240,-0.137364,51.533273,,,Unknown,"(51.533273, -0.137364)",http://opendatacommunities.org/id/london-borough-council/camden,7987,21/12/2020 02:48:42 PM
1180126315,CAMDEN,1 Driver/Rider,2 Female,25-59,33,1,3 Slight,-2 Unknown,-2 N/A,5 Taxi,A40 25M N OF J/W A40 THE NEAREST CLASSIFIED ROAD WAS THE A40,1,10/08/2018 04:30:00 PM,Friday,16.30,3 Bor,A,40,2 One-Way St,1 <= 20 MPH,0 No Jun In 20m,-2 Not Applicable,-2 Not Applicable,0,1 Zebra,1 Daylight,2 Raining,9 Unknown (S/R),0 None,0 None,530300,181560,-0.123432,51.517943,,,Unknown,"(51.517943, -0.123432)",http://opendatacommunities.org/id/london-borough-council/camden,8241,21/12/2020 02:48:42 PM
1160024611,CAMDEN,1 Driver/Rider,1 Male,16-24,24,1,3 Slight,-2 Unknown,-2 N/A,2 Pedal Cycle,LEIGHTON ROAD J/W LADY MARGARET ROAD,2,11/10/2016 07:16:00 PM,Tuesday,19.16,3 Bor,C,0,6 Single Cwy,2 30 MPH,3 T/Stag Jun,4 Give Way/Uncontrolled,Unclassified,0,1 Zebra,2 Dark,9 Unknown,1 Road-Dry,0 None,0 None,529190,185190,-0.13809,51.55082,,,Unknown,"(51.55082, -0.13809)",http://opendatacommunities.org/id/london-borough-council/camden,5920,21/12/2020 02:48:38 PM
1160008256,CAMDEN,1 Driver/Rider,1 Male,25-59,59,1,2 Serious,-2 Unknown,-2 N/A,2 Pedal Cycle,EUSTON ROAD NW1 50M W OF J/W HAMPSTEAD ROAD NW1,2,21/12/2016 08:25:00 PM,Wednesday,20.25,1 TLRN,A,501,3 Dual Cwy,2 30 MPH,0 No Jun In 20m,-2 Not Applicable,-2 Not Applicable,0,0 No Xing Facility In 50m,2 Dark,1 Fine,1 Road-Dry,0 None,0 None,529176,182290,-0.139355,51.524761,,,Unknown,"(51.524761, -0.139355)",http://opendatacommunities.org/id/london-borough-council/camden,5795,21/12/2020 02:48:37 PM
1180098557,CAMDEN,1 Driver/Rider,2 Female,25-59,28,1,3 Slight,-2 Unknown,-2 N/A,2 Pedal Cycle,WARNER YARD J/W WARNER YARD,2,27/03/2018 09:00:00 AM,Tuesday,9.00,3 Bor,Unclassified,0,6 Single Cwy,1 <= 20 MPH,3 T/Stag Jun,4 Give Way/Uncontrolled,Unclassified,0,5 Pedn Phase At Ats,1 Daylight,2 Raining,2 Road-Wet,0 None,0 None,531120,182150,-0.111401,51.523056,,,Unknown,"(51.523056, -0.111401)",http://opendatacommunities.org/id/london-borough-council/camden,7844,21/12/2020 02:48:41 PM
0115CW10808,CAMDEN,1 Driver/Rider,1 Male,25-59,46,1,3 Slight,-2 Unknown,-2 N/A,2 Pedal Cycle,"OUTER CIRCLE, 50 METRES NORTH OF CHESTER GATE.",2,15/06/2015 07:35:00 AM,Monday,7.35,3 Bor,Unclassified,0,6 Single Cwy,2 30 MPH,0 No Jun In 20m,-2 Not Applicable,-2 Not Applicable,0,0 No Xing Facility In 50m,1 Daylight,1 Fine,1 Road-Dry,0 None,0 None,528710,182650,-0.145937,51.528103,,,Unknown,"(51.528103, -0.145937)",http://opendatacommunities.org/id/london-borough-council/camden,4564,21/12/2020 02:48:35 PM
1170078864,CAMDEN,3 Pedestrian,2 Female,16-24,23,1,2 Serious,04 Crossing Road Within 50m Xing,9 Unknown Or Other,1 Pedestrian,CAMDEN PARK ROAD J/W YORK WAY,1,18/12/2017 06:25:00 PM,Monday,18.25,3 Bor,A,5200,2 One-Way St,1 <= 20 MPH,3 T/Stag Jun,4 Give Way/Uncontrolled,A,5200,1 Zebra,2 Dark,1 Fine,2 Road-Wet,0 None,0 None,529980,184660,-0.126898,51.545876,,,Unknown,"(51.545876, -0.126898)",http://opendatacommunities.org/id/london-borough-council/camden,7619,21/12/2020 02:48:41 PM
1180140798,CAMDEN,1 Driver/Rider,2 Female,60+,72,1,3 Slight,-2 Unknown,-2 N/A,4 Car,ARLINGTON ROAD J/W DELANCEY STREET,3,23/10/2018 11:50:00 AM,Tuesday,11.50,3 Bor,Unclassified,0,2 One-Way St,1 <= 20 MPH,6 Crossroads,4 Give Way/Uncontrolled,A,503,5 Pedn Phase At Ats,1 Daylight,1 Fine,1 Road-Dry,0 None,0 None,528930,183610,-0.142416,51.53668,,,Unknown,"(51.53668, -0.142416)",http://opendatacommunities.org/id/london-borough-council/camden,8459,21/12/2020 02:48:43 PM
0116EK40278,CAMDEN,1 Driver/Rider,1 Male,25-59,30,1,3 Slight,-2 Unknown,-2 N/A,2 Pedal Cycle,CAMDEN ROAD J/W MURRAY STREET,2,25/04/2016 08:40:00 AM,Monday,8.40,1 TLRN,A,503,6 Single Cwy,2 30 MPH,3 T/Stag Jun,4 Give Way/Uncontrolled,Unclassified,0,0 No Xing Facility In 50m,1 Daylight,1 Fine,1 Road-Dry,0 None,0 None,529440,184520,-0.134732,51.544742,,,Unknown,"(51.544742, -0.134732)",http://opendatacommunities.org/id/london-borough-council/camden,6215,21/12/2020 02:48:38 PM
1180129949,CAMDEN,1 Driver/Rider,1 Male,25-59,35,1,2 Serious,-2 Unknown,-2 N/A,4 Car,A41 50M E OF J/W FROGNAL LANE,3,31/08/2018 10:51:00 PM,Friday,22.51,1 TLRN,A,41,3 Dual Cwy,2 30 MPH,0 No Jun In 20m,-2 Not Applicable,-2 Not Applicable,0,0 No Xing Facility In 50m,2 Dark,1 Fine,1 Road-Dry,0 None,0 None,525770,185290,-0.187354,51.552491,,,Unknown,"(51.552491, -0.187354)",http://opendatacommunities.org/id/london-borough-council/camden,8293,21/12/2020 02:48:42 PM
1180103825,CAMDEN,2 Passenger,1 Male,16-24,20,1,2 Serious,-2 Unknown,-2 N/A,4 Car,AGAR GROVE 100M W OF J/W MURRAY STREET,4,25/04/2018 01:07:00 AM,Wednesday,1.07,3 Bor,C,0,6 Single Cwy,1 <= 20 MPH,0 No Jun In 20m,-2 Not Applicable,-2 Not Applicable,0,0 No Xing Facility In 50m,2 Dark,1 Fine,2 Road-Wet,0 None,0 None,529520,184280,-0.133668,51.542567,,,Unknown,"(51.542567, -0.133668)",http://opendatacommunities.org/id/london-borough-council/camden,7926,21/12/2020 02:48:41 PM
1170061040,CAMDEN,1 Driver/Rider,1 Male,25-59,37,1,3 Slight,-2 Unknown,-2 N/A,4 Car,WOBURN PLACE 25M S OF J/W TAVISTOCK SQUARE,6,26/09/2017 01:19:00 PM,Tuesday,13.19,3 Bor,A,4200,3 Dual Cwy,1 <= 20 MPH,0 No Jun In 20m,-2 Not Applicable,-2 Not Applicable,0,5 Pedn Phase At Ats,1 Daylight,1 Fine,1 Road-Dry,0 None,0 None,529988,182283,-0.12766,51.524512,,,Unknown,"(51.524512, -0.12766)",http://opendatacommunities.org/id/london-borough-council/camden,7347,21/12/2020 02:48:40 PM
1180097995,CAMDEN,3 Pedestrian,1 Male,25-59,54,1,3 Slight,01 Crossing Road On Ped Xing,9 Unknown Or Other,1 Pedestrian,CAMDEN HIGH STREET J/W CASTLEHAVEN ROAD,1,23/03/2018 10:55:00 PM,Friday,22.55,3 Bor,C,0,2 One-Way St,1 <= 20 MPH,5 Slip Road,2 Auto Sig,A,502,5 Pedn Phase At Ats,2 Dark,2 Raining,2 Road-Wet,0 None,0 None,528690,184170,-0.14567,51.541768,,,Unknown,"(51.541768, -0.14567)",http://opendatacommunities.org/id/london-borough-council/camden,7834,21/12/2020 02:48:41 PM
1170072166,CAMDEN,1 Driver/Rider,1 Male,Unknown,0,1,3 Slight,-2 Unknown,-2 N/A,2 Pedal Cycle,SOUTHAMPTON ROW J/W THEOBALDS ROAD,2,26/10/2017 12:40:00 PM,Thursday,12.40,3 Bor,A,4200,6 Single Cwy,2 30 MPH,6 Crossroads,2 Auto Sig,A,401,0 No Xing Facility In 50m,1 Daylight,1 Fine,1 Road-Dry,0 None,0 None,530457,181692,-0.121122,51.519093,,,Unknown,"(51.519093, -0.121122)",http://opendatacommunities.org/id/london-borough-council/camden,7536,21/12/2020 02:48:41 PM
1170050387,CAMDEN,1 Driver/Rider,2 Female,16-24,18,1,3 Slight,-2 Unknown,-2 N/A,4 Car,MILL LANE J/W FORDWYCH ROAD,2,25/07/2017 05:45:00 PM,Tuesday,17.45,3 Bor,C,0,6 Single Cwy,1 <= 20 MPH,6 Crossroads,4 Give Way/Uncontrolled,Unclassified,0,1 Zebra,1 Daylight,1 Fine,1 Road-Dry,0 None,0 None,524480,185060,-0.206031,51.550709,,,Unknown,"(51.550709, -0.206031)",http://opendatacommunities.org/id/london-borough-council/camden,7190,21/12/2020 02:48:40 PM
0116EO40332,CAMDEN,3 Pedestrian,2 Female,16-24,19,1,3 Slight,01 Crossing Road On Ped Xing,1 From Drivers N/Side,1 Pedestrian,PENTONVILLE RD J/W KING'S CROSS RD,1,06/05/2016 11:30:00 AM,Friday,11.30,1 TLRN,A,501,6 Single Cwy,1 <= 20 MPH,9 Other Jun,2 Auto Sig,A,501,5 Pedn Phase At Ats,1 Daylight,1 Fine,1 Road-Dry,0 None,0 None,530540,183010,-0.119438,51.530919,,,Unknown,"(51.530919, -0.119438)",http://opendatacommunities.org/id/london-borough-council/camden,6531,21/12/2020 02:48:39 PM
1180129128,CAMDEN,1 Driver/Rider,1 Male,25-59,51,1,3 Slight,-2 Unknown,-2 N/A,3 Powered 2 Wheeler,KILBURN HIGH ROAD J/W GREVILLE ROAD,2,26/08/2018 10:19:00 PM,Sunday,22.19,3 Bor,A,5,6 Single Cwy,2 30 MPH,3 T/Stag Jun,4 Give Way/Uncontrolled,Unclassified,0,1 Zebra,2 Dark,2 Raining,2 Road-Wet,0 None,0 None,525540,183460,-0.191322,51.536095,,,Unknown,"(51.536095, -0.191322)",http://opendatacommunities.org/id/london-borough-council/camden,8275,21/12/2020 02:48:42 PM
0115EK40526,CAMDEN,1 Driver/Rider,1 Male,25-59,39,1,3 Slight,-2 Unknown,-2 N/A,3 Powered 2 Wheeler,GRAY'S INN ROAD J/W ELM STREET,2,01/07/2015 06:50:00 AM,Wednesday,6.50,3 Bor,A,5200,6 Single Cwy,2 30 MPH,3 T/Stag Jun,4 Give Way/Uncontrolled,Unclassified,0,1 Zebra,1 Daylight,1 Fine,1 Road-Dry,0 None,0 None,530920,182100,-0.114301,51.522653,,,Unknown,"(51.522653, -0.114301)",http://opendatacommunities.org/id/london-borough-council/camden,5015,21/12/2020 02:48:36 PM
0115CW10761,CAMDEN,1 Driver/Rider,1 Male,25-59,51,1,3 Slight,-2 Unknown,-2 N/A,5 Taxi,OXFORD STREET J/W TOTTENHAM COURT ROAD & CHARING X ROAD,2,25/04/2015 10:40:00 AM,Saturday,10.40,3 Bor,A,40,6 Single Cwy,2 30 MPH,6 Crossroads,2 Auto Sig,A,400,5 Pedn Phase At Ats,1 Daylight,1 Fine,1 Road-Dry,0 None,0 None,529820,181370,-0.130416,51.516346,,,Unknown,"(51.516346, -0.130416)",http://opendatacommunities.org/id/london-borough-council/camden,4563,21/12/2020 02:48:35 PM
1170045541,CAMDEN,1 Driver/Rider,1 Male,16-24,24,1,3 Slight,-2 Unknown,-2 N/A,4 Car,PENTONVILLE ROAD 30M E OF J/W YORK WAY,2,28/06/2017 06:55:00 PM,Wednesday,18.55,1 TLRN,A,501,3 Dual Cwy,1 <= 20 MPH,0 No Jun In 20m,-2 Not Applicable,-2 Not Applicable,0,5 Pedn Phase At Ats,1 Daylight,1 Fine,1 Road-Dry,4 Roadworks,0 None,530360,182990,-0.122039,51.53078,,,Unknown,"(51.53078, -0.122039)",http://opendatacommunities.org/id/london-borough-council/camden,7090,21/12/2020 02:48:40 PM
1190176316,CAMDEN,3 PEDESTRIAN,2 FEMALE,25-59,48,1,3 SLIGHT,04 CROSSING ROAD WITHIN 50M XING,3 FROM DRIVERS O/SIDE,1 PEDESTRIAN,"On Kilburn High Road, 55 metres south of the junction with Willesden Lane.. The nearest classified road was the A4003",1,21/03/2019 07:50:00 PM,Thursday,19.50,3 BOR,A,5,6 SINGLE CWY,20,00 NO JUN IN 20M,,0,0,4 PELICAN OR SIMILAR,2 DAYLIGHT,1 FINE,1 ROAD-DRY,0 NONE,0 NONE,525104,184049,-0.197396,51.541486,,,Unknown,"(51.541486, -0.197396)",http://opendatacommunities.org/id/london-borough-council/camden,8939,21/12/2020 02:48:44 PM
0115EK40441,CAMDEN,1 Driver/Rider,1 Male,25-59,33,1,3 Slight,-2 Unknown,-2 N/A,4 Car,NFL- SPANIARDS ROAD 343M NE OF J/W NORTH END WAY,2,07/06/2015 09:50:00 PM,Sunday,21.50,3 Bor,B,519,6 Single Cwy,2 30 MPH,0 No Jun In 20m,-2 Not Applicable,-2 Not Applicable,0,0 No Xing Facility In 50m,2 Dark,1 Fine,1 Road-Dry,0 None,0 None,526410,186740,-0.177607,51.565379,,,Unknown,"(51.565379, -0.177607)",http://opendatacommunities.org/id/london-borough-council/camden,4933,21/12/2020 02:48:36 PM
0115EK40812,CAMDEN,3 Pedestrian,1 Male,16-24,19,1,3 Slight,05 Crossing Road (Not On Xing),1 From Drivers N/Side,1 Pedestrian,"TAVISTOCK SQUARE, 40 METRES SE OF ENDSLEIGH PLACE.",1,17/09/2015 03:34:00 PM,Thursday,15.34,3 Bor,Unclassified,0,6 Single Cwy,2 30 MPH,0 No Jun In 20m,-2 Not Applicable,-2 Not Applicable,0,0 No Xing Facility In 50m,1 Daylight,1 Fine,1 Road-Dry,0 None,0 None,529840,182340,-0.129771,51.525059,,,Unknown,"(51.525059, -0.129771)",http://opendatacommunities.org/id/london-borough-council/camden,5270,21/12/2020 02:48:37 PM
1190188029,CAMDEN,1 DRIVER/RIDER,2 FEMALE,25-59,39,1,3 SLIGHT,'-2 NOT APPLICABLE,'-2 NOT APPLICABLE,2 PEDAL CYCLE,"On Plender Street, near the junction with Royal College Street.",2,18/06/2019 05:10:00 PM,Tuesday,17.10,3 BOR,A,5202,2 ONE-WAY ST,20,03 T/STAG JUN,3 STOP SIGN,6,0,1 ZEBRA,2 DAYLIGHT,2 RAINING,2 ROAD-WET,0 NONE,0 NONE,529454,183707,-0.13483,51.537432,,,Unknown,"(51.537432, -0.13483)",http://opendatacommunities.org/id/london-borough-council/camden,9112,21/12/2020 02:48:44 PM
1170016320,CAMDEN,1 Driver/Rider,1 Male,25-59,47,1,3 Slight,-2 Unknown,-2 N/A,5 Taxi,AVENUE ROAD 45M S OF J/W ADLAIDE ROAD THE NEAREST CLASSIFIED ROAD,6,05/02/2017 12:30:00 PM,Sunday,12.30,3 Bor,B,525,6 Single Cwy,2 30 MPH,0 No Jun In 20m,-2 Not Applicable,-2 Not Applicable,0,0 No Xing Facility In 50m,1 Daylight,1 Fine,1 Road-Dry,0 None,0 None,526802,184085,-0.172911,51.541431,,,Unknown,"(51.541431, -0.172911)",http://opendatacommunities.org/id/london-borough-council/camden,6645,21/12/2020 02:48:39 PM
1190182184,CAMDEN,1 DRIVER/RIDER,1 MALE,25-59,30,1,3 SLIGHT,'-2 NOT APPLICABLE,'-2 NOT APPLICABLE,3 POWERED 2 WHEELER,"On Finchley Road, near the junction with HEATH DRIVE.",2,21/05/2019 08:30:00 AM,Tuesday,8.30,1 TLRN,A,41,3 DUAL CWY,30,06 CROSSROADS,2 AUTO SIG,6,0,0 NO XING FACILITY IN 50M,2 DAYLIGHT,1 FINE,1 ROAD-DRY,0 NONE,0 NONE,525512,185480,-0.191005,51.554256,,,Unknown,"(51.554256, -0.191005)",http://opendatacommunities.org/id/london-borough-council/camden,9027,21/12/2020 02:48:44 PM
1170051692,CAMDEN,1 Driver/Rider,1 Male,25-59,42,1,3 Slight,-2 Unknown,-2 N/A,4 Car,EUSTON ROAD J/W MIDLAND ROAD,2,03/07/2017 09:51:00 AM,Monday,9.51,1 TLRN,A,501,6 Single Cwy,2 30 MPH,6 Crossroads,4 Give Way/Uncontrolled,C,0,0 No Xing Facility In 50m,1 Daylight,1 Fine,1 Road-Dry,0 None,0 None,530070,182790,-0.126291,51.52905,,,Unknown,"(51.52905, -0.126291)",http://opendatacommunities.org/id/london-borough-council/camden,7213,21/12/2020 02:48:40 PM
1170065245,CAMDEN,2 Passenger,2 Female,Unknown,0,1,3 Slight,-2 Unknown,-2 N/A,4 Car,CAMDEN ROAD J/W CAMDEN PARK ROAD,3,18/10/2017 12:26:00 PM,Wednesday,12.26,1 TLRN,A,503,3 Dual Cwy,5 60 MPH,6 Crossroads,2 Auto Sig,A,5200,1 Zebra,1 Daylight,2 Raining,2 Road-Wet,0 None,0 None,529719,184867,-0.130583,51.547796,,,Unknown,"(51.547796, -0.130583)",http://opendatacommunities.org/id/london-borough-council/camden,7435,21/12/2020 02:48:40 PM
1170050387,CAMDEN,1 Driver/Rider,2 Female,Unknown,0,1,3 Slight,-2 Unknown,-2 N/A,4 Car,MILL LANE J/W FORDWYCH ROAD,2,25/07/2017 05:45:00 PM,Tuesday,17.45,3 Bor,C,0,6 Single Cwy,1 <= 20 MPH,6 Crossroads,4 Give Way/Uncontrolled,Unclassified,0,1 Zebra,1 Daylight,1 Fine,1 Road-Dry,0 None,0 None,524480,185060,-0.206031,51.550709,,,Unknown,"(51.550709, -0.206031)",http://opendatacommunities.org/id/london-borough-council/camden,7191,21/12/2020 02:48:40 PM
0116EK40186,CAMDEN,1 Driver/Rider,1 Male,25-59,39,1,3 Slight,-2 Unknown,-2 N/A,3 Powered 2 Wheeler,BEDFORD WAY 60M SOUTH J/W TAVISTOCK SQUARE,2,24/03/2016 11:45:00 AM,Thursday,11.45,3 Bor,C,0,6 Single Cwy,1 <= 20 MPH,0 No Jun In 20m,-2 Not Applicable,-2 Not Applicable,0,0 No Xing Facility In 50m,1 Daylight,1 Fine,1 Road-Dry,0 None,0 None,529930,182200,-0.128526,51.52378,,,Unknown,"(51.52378, -0.128526)",http://opendatacommunities.org/id/london-borough-council/camden,6132,21/12/2020 02:48:38 PM
1160012381,CAMDEN,3 Pedestrian,1 Male,16-24,24,1,3 Slight,04 Crossing Road Within 50m Xing,1 From Drivers N/Side,1 Pedestrian,"ON EUSTON ROAD, NEAR THE JUNCTION WITH OSSULTON STREET .",1,28/09/2016 03:08:00 PM,Wednesday,15.08,1 TLRN,A,501,6 Single Cwy,2 30 MPH,3 T/Stag Jun,2 Auto Sig,C,0,5 Pedn Phase At Ats,1 Daylight,1 Fine,1 Road-Dry,0 None,0 None,529970,182730,-0.127754,51.528534,,,Unknown,"(51.528534, -0.127754)",http://opendatacommunities.org/id/london-borough-council/camden,5824,21/12/2020 02:48:37 PM