Reference,London Borough Name,Casualty Class,Casualty Sex,Casualty Age Band,Casualty Age,Number Of Casualties,Casualty Severity,Pedestrian Location,Pedestrian Movement,Mode Of Travel,Attendant Location,Number Of Vehicles,Date,Day,Time,Highway,Road Class 1,Road Number 1,Road Type,Speed Limit,Junction Detail,Junction Control,Road Class 2,Road Number 2,Pedestrian Crossing,Light Condition Band,Weather,Road Surface,Special Conditions,Carriage Way Hazard,Easting,Northing,Longitude,Latitude,Ward Code,Ward Name,Spatial Accuracy,Location,Organisation URI,Socrata ID,Last Uploaded
1190229544,CAMDEN,3 PEDESTRIAN,2 FEMALE,0-15,10,2,3 SLIGHT,04 CROSSING ROAD WITHIN 50M XING,9 UNKNOWN OR OTHER,1 PEDESTRIAN,"On Chalk Farm Road, near the junction with Ferdinand Street .",1,29/10/2019 04:30:00 PM,Tuesday,16.30,3 BOR,A,502,6 SINGLE CWY,20,03 T/STAG JUN,2 AUTO SIG,B,517,1 ZEBRA,2 DAYLIGHT,1 FINE,1 ROAD-DRY,0 NONE,0 NONE,528466,184289,-0.148855,51.542888,,,Unknown,"(51.542888, -0.148855)",http://opendatacommunities.org/id/london-borough-council/camden,9664,21/12/2020 02:48:45 PM
1160025601,CAMDEN,1 Driver/Rider,1 Male,16-24,24,1,3 Slight,-2 Unknown,-2 N/A,2 Pedal Cycle,FORTESS ROAD 30M S OF J/W BELINA MEWS,2,18/10/2016 03:13:00 PM,Tuesday,15.13,3 Bor,A,400,6 Single Cwy,2 30 MPH,0 No Jun In 20m,-2 Not Applicable,-2 Not Applicable,0,0 No Xing Facility In 50m,1 Daylight,1 Fine,1 Road-Dry,0 None,0 None,529030,185570,-0.140257,51.554272,,,Unknown,"(51.554272, -0.140257)",http://opendatacommunities.org/id/london-borough-council/camden,5950,21/12/2020 02:48:38 PM
1180137292,CAMDEN,1 Driver/Rider,2 Female,16-24,24,1,3 Slight,-2 Unknown,-2 N/A,2 Pedal Cycle,CLERKENWELL ROAD J/W GRAYS INN ROAD,2,06/10/2018 06:39:00 PM,Saturday,18.39,3 Bor,A,401,6 Single Cwy,2 30 MPH,6 Crossroads,2 Auto Sig,A,5200,5 Pedn Phase At Ats,2 Dark,2 Raining,2 Road-Wet,0 None,0 None,530980,181970,-0.113485,51.521471,,,Unknown,"(51.521471, -0.113485)",http://opendatacommunities.org/id/london-borough-council/camden,8392,21/12/2020 02:48:42 PM
1170044997,CAMDEN,2 Passenger,1 Male,16-24,17,1,3 Slight,-2 Unknown,-2 N/A,3 Powered 2 Wheeler,YORK WAY J/W BREWERY ROAD,2,26/06/2017 03:25:00 PM,Monday,15.25,3 Bor,A,5200,6 Single Cwy,2 30 MPH,3 T/Stag Jun,4 Give Way/Uncontrolled,Unclassified,0,0 No Xing Facility In 50m,1 Daylight,1 Fine,1 Road-Dry,0 None,0 None,530040,184470,-0.126103,51.544155,,,Unknown,"(51.544155, -0.126103)",http://opendatacommunities.org/id/london-borough-council/camden,7085,21/12/2020 02:48:40 PM
1160001049,CAMDEN,3 Pedestrian,1 Male,25-59,40,1,3 Slight,01 Crossing Road On Ped Xing,1 From Drivers N/Side,1 Pedestrian,SOUTH END ROAD J/W SOUTH END GREEN,1,10/11/2016 05:30:00 PM,Thursday,17.30,3 Bor,C,0,6 Single Cwy,1 <= 20 MPH,6 Crossroads,4 Give Way/Uncontrolled,Unclassified,0,1 Zebra,2 Dark,1 Fine,2 Road-Wet,0 None,0 None,527270,185550,-0.165636,51.554491,,,Unknown,"(51.554491, -0.165636)",http://opendatacommunities.org/id/london-borough-council/camden,5656,21/12/2020 02:48:37 PM
0115EK41117,CAMDEN,1 Driver/Rider,1 Male,25-59,30,1,3 Slight,-2 Unknown,-2 N/A,3 Powered 2 Wheeler,MALDEN ROAD J/W PRINCE OF WALES ROAD,2,13/12/2015 11:33:00 PM,Sunday,23.33,3 Bor,B,517,6 Single Cwy,1 <= 20 MPH,7 Multi Jun,2 Auto Sig,C,0,5 Pedn Phase At Ats,2 Dark,1 Fine,1 Road-Dry,0 None,0 None,528320,184620,-0.150838,51.545896,,,Unknown,"(51.545896, -0.150838)",http://opendatacommunities.org/id/london-borough-council/camden,5528,21/12/2020 02:48:37 PM
0115EK41075,CAMDEN,1 Driver/Rider,2 Female,25-59,27,1,3 Slight,-2 Unknown,-2 N/A,2 Pedal Cycle,GLOUCESTER GATE BRIDGE J/W PARK VILLAGE EAST,2,21/11/2015 05:15:00 PM,Saturday,17.15,3 Bor,A,4201,2 One-Way St,2 30 MPH,6 Crossroads,2 Auto Sig,C,0,5 Pedn Phase At Ats,2 Dark,1 Fine,1 Road-Dry,0 None,0 None,528620,183510,-0.14692,51.535852,,,Unknown,"(51.535852, -0.14692)",http://opendatacommunities.org/id/london-borough-council/camden,5485,21/12/2020 02:48:37 PM
1190193424,CAMDEN,3 PEDESTRIAN,1 MALE,25-59,34,1,3 SLIGHT,01 CROSSING ROAD ON PED XING,'-2 NOT APPLICABLE,1 PEDESTRIAN,"Location uncertain. On Tavistock Square, 20 metres north of the junction with TAVISTOCK SQUARE.",1,12/07/2019 04:20:00 PM,Friday,16.20,3 BOR,A,4200,6 SINGLE CWY,20,09 OTHER JUN,2 AUTO SIG,6,0,1 ZEBRA,2 DAYLIGHT,1 FINE,1 ROAD-DRY,0 NONE,0 NONE,529868,182444,-0.129329,51.525987,,,Unknown,"(51.525987, -0.129329)",http://opendatacommunities.org/id/london-borough-council/camden,9184,21/12/2020 02:48:44 PM
1170031059,CAMDEN,3 Pedestrian,2 Female,25-59,46,1,3 Slight,02 Crossing Road In Zig-Zag App,3 From Drivers O/Side,1 Pedestrian,CANFIELD GARDENS J/W BROADHURST GARDENS,1,08/04/2017 07:52:00 PM,Saturday,19.52,3 Bor,Unclassified,0,6 Single Cwy,1 <= 20 MPH,7 Multi Jun,1 Auth Person,Unclassified,0,1 Zebra,2 Dark,1 Fine,1 Road-Dry,0 None,0 None,525980,184820,-0.184495,51.54822,,,Unknown,"(51.54822, -0.184495)",http://opendatacommunities.org/id/london-borough-council/camden,6861,21/12/2020 02:48:39 PM
1160004753,CAMDEN,3 Pedestrian,2 Female,60+,66,1,2 Serious,09 In Road - Not Crossing,5 In Rd Not Crossing,1 Pedestrian,POND SQUARE 25M N OF J/W SOUTH GROVE,1,02/12/2016 01:58:00 PM,Friday,13.58,3 Bor,Unclassified,0,2 One-Way St,1 <= 20 MPH,0 No Jun In 20m,-2 Not Applicable,-2 Not Applicable,0,0 No Xing Facility In 50m,1 Daylight,1 Fine,2 Road-Wet,0 None,0 None,528400,187370,-0.148682,51.570591,,,Unknown,"(51.570591, -0.148682)",http://opendatacommunities.org/id/london-borough-council/camden,5725,21/12/2020 02:48:37 PM
0115EK41091,CAMDEN,1 Driver/Rider,1 Male,25-59,28,1,3 Slight,-2 Unknown,-2 N/A,2 Pedal Cycle,"HIGHGATE WEST HILL, 100 METRES SW OF SOUTH GROVE.",2,07/12/2015 08:15:00 PM,Monday,20.15,3 Bor,C,0,6 Single Cwy,2 30 MPH,0 No Jun In 20m,-2 Not Applicable,-2 Not Applicable,0,0 No Xing Facility In 50m,2 Dark,1 Fine,1 Road-Dry,0 None,0 None,528130,187130,-0.152663,51.568496,,,Unknown,"(51.568496, -0.152663)",http://opendatacommunities.org/id/london-borough-council/camden,5496,21/12/2020 02:48:37 PM
0116EK40513,CAMDEN,1 Driver/Rider,1 Male,25-59,30,1,3 Slight,-2 Unknown,-2 N/A,4 Car,HIGHGATE HIGH STREET J/W BISHAM GARDENS,2,06/07/2016 07:25:00 AM,Wednesday,7.25,3 Bor,B,519,6 Single Cwy,2 30 MPH,3 T/Stag Jun,4 Give Way/Uncontrolled,Unclassified,0,4 Pelican Or Similar,1 Daylight,1 Fine,1 Road-Dry,0 None,0 None,528590,187350,-0.145949,51.570368,,,Unknown,"(51.570368, -0.145949)",http://opendatacommunities.org/id/london-borough-council/camden,6421,21/12/2020 02:48:38 PM
0115EK40980,CAMDEN,1 Driver/Rider,1 Male,25-59,53,1,2 Serious,-2 Unknown,-2 N/A,2 Pedal Cycle,HIGHGATE WEST HILL J/W SOUTH GROVE.,2,23/10/2015 07:15:00 PM,Friday,19.15,3 Bor,C,0,6 Single Cwy,1 <= 20 MPH,3 T/Stag Jun,4 Give Way/Uncontrolled,Unclassified,0,1 Zebra,2 Dark,1 Fine,1 Road-Dry,0 None,0 None,528220,187270,-0.151314,51.569734,,,Unknown,"(51.569734, -0.151314)",http://opendatacommunities.org/id/london-borough-council/camden,5411,21/12/2020 02:48:37 PM
1190155454,CAMDEN,1 DRIVER/RIDER,1 MALE,25-59,49,2,3 SLIGHT,'-2 NOT APPLICABLE,'-2 NOT APPLICABLE,4 CAR,"On Grays Inn Road, near the junction with ST CHAD'S PLACE, NW1.",4,02/01/2019 06:38:00 PM,Wednesday,18.38,1 TLRN,A,5203,2 ONE-WAY ST,30,09 OTHER JUN,2 AUTO SIG,A,501,0 NO XING FACILITY IN 50M,1 DARK,1 FINE,1 ROAD-DRY,0 NONE,0 NONE,530455,182926,-0.120694,51.530183,,,Unknown,"(51.530183, -0.120694)",http://opendatacommunities.org/id/london-borough-council/camden,8667,21/12/2020 02:48:43 PM
1180137856,CAMDEN,3 Pedestrian,2 Female,25-59,35,1,2 Serious,05 Crossing Road (Not On Xing),1 From Drivers N/Side,1 Pedestrian,CLERKENWELL ROAD 25M E OF J/W SAFFRON HILL,1,09/10/2018 03:38:00 PM,Tuesday,15.38,3 Bor,A,5201,6 Single Cwy,1 <= 20 MPH,0 No Jun In 20m,-2 Not Applicable,-2 Not Applicable,0,0 No Xing Facility In 50m,1 Daylight,1 Fine,1 Road-Dry,0 None,0 None,531370,182050,-0.107837,51.522099,,,Unknown,"(51.522099, -0.107837)",http://opendatacommunities.org/id/london-borough-council/camden,8405,21/12/2020 02:48:42 PM
1180096996,CAMDEN,3 Pedestrian,2 Female,25-59,28,1,2 Serious,04 Crossing Road Within 50m Xing,2 From Drivers N/Side Msk,1 Pedestrian,KENTISH TOWN ROAD J/W ISLIP STREET,1,19/03/2018 07:10:00 AM,Monday,7.10,3 Bor,A,400,6 Single Cwy,1 <= 20 MPH,3 T/Stag Jun,4 Give Way/Uncontrolled,Unclassified,0,5 Pedn Phase At Ats,1 Daylight,1 Fine,2 Road-Wet,0 None,0 None,529000,185060,-0.140876,51.549695,,,Unknown,"(51.549695, -0.140876)",http://opendatacommunities.org/id/london-borough-council/camden,7823,21/12/2020 02:48:41 PM
1190174946,CAMDEN,3 PEDESTRIAN,1 MALE,60+,78,1,2 SERIOUS,04 CROSSING ROAD WITHIN 50M XING,9 UNKNOWN OR OTHER,1 PEDESTRIAN,"On Guilford Place, near the junction with Guildford Street.",1,13/04/2019 03:50:00 PM,Saturday,15.50,3 BOR,B,502,6 SINGLE CWY,20,03 T/STAG JUN,4 GIVE WAY/UNCONTROLLED,5,0,8 CENTRAL REFUGE,2 DAYLIGHT,1 FINE,1 ROAD-DRY,4 ROADWORKS,0 NONE,530566,182193,-0.119366,51.52357,,,Unknown,"(51.52357, -0.119366)",http://opendatacommunities.org/id/london-borough-council/camden,8923,21/12/2020 02:48:44 PM
1180100970,CAMDEN,3 Pedestrian,1 Male,Unknown,0,1,3 Slight,10 Unknown,9 Unknown Or Other,1 Pedestrian,HIGH HOLBORN 25M W OF J/W MUSEUM STREET,1,09/04/2018 12:35:00 PM,Monday,12.35,3 Bor,A,40,2 One-Way St,2 30 MPH,0 No Jun In 20m,-2 Not Applicable,-2 Not Applicable,0,9 Unknown (S/R),1 Daylight,2 Raining,2 Road-Wet,9 Unknown (S/R),0 None,530260,181410,-0.124064,51.516604,,,Unknown,"(51.516604, -0.124064)",http://opendatacommunities.org/id/london-borough-council/camden,7875,21/12/2020 02:48:41 PM
0115EK40446,CAMDEN,3 Pedestrian,1 Male,25-59,27,1,3 Slight,04 Crossing Road Within 50m Xing,2 From Drivers N/Side Msk,1 Pedestrian,ADELAIDE ROAD J/W AVENUE ROAD,1,07/06/2015 12:26:00 AM,Sunday,0.26,1 TLRN,B,509,6 Single Cwy,2 30 MPH,6 Crossroads,2 Auto Sig,B,525,5 Pedn Phase At Ats,2 Dark,1 Fine,1 Road-Dry,0 None,0 None,526790,184130,-0.173068,51.541838,,,Unknown,"(51.541838, -0.173068)",http://opendatacommunities.org/id/london-borough-council/camden,4939,21/12/2020 02:48:36 PM
1170065837,CAMDEN,3 Pedestrian,1 Male,25-59,33,1,3 Slight,05 Crossing Road (Not On Xing),9 Unknown Or Other,1 Pedestrian,TAVISTOCK PLACE J/W HERBRAND STREET,1,21/10/2017 06:30:00 PM,Saturday,18.30,3 Bor,C,0,6 Single Cwy,1 <= 20 MPH,3 T/Stag Jun,4 Give Way/Uncontrolled,Unclassified,0,0 No Xing Facility In 50m,2 Dark,2 Raining,2 Road-Wet,0 None,0 None,530054,182363,-0.126679,51.525216,,,Unknown,"(51.525216, -0.126679)",http://opendatacommunities.org/id/london-borough-council/camden,7449,21/12/2020 02:48:40 PM
1180098311,CAMDEN,1 Driver/Rider,1 Male,16-24,19,1,3 Slight,-2 Unknown,-2 N/A,3 Powered 2 Wheeler,RAYDON STREET J/W BALMORE STREET,2,26/03/2018 01:44:00 AM,Monday,1.44,3 Bor,Unclassified,0,2 One-Way St,2 30 MPH,3 T/Stag Jun,4 Give Way/Uncontrolled,Unclassified,0,0 No Xing Facility In 50m,2 Dark,1 Fine,1 Road-Dry,0 None,0 None,528870,186630,-0.142175,51.563834,,,Unknown,"(51.563834, -0.142175)",http://opendatacommunities.org/id/london-borough-council/camden,7841,21/12/2020 02:48:41 PM
0116EK40211,CAMDEN,1 Driver/Rider,1 Male,16-24,21,1,3 Slight,-2 Unknown,-2 N/A,3 Powered 2 Wheeler,CAMDEN PARK ROAD J/W CAMDEN ROAD,2,09/04/2016 12:01:00 PM,Saturday,12.01,1 TLRN,A,5200,6 Single Cwy,2 30 MPH,6 Crossroads,2 Auto Sig,A,503,5 Pedn Phase At Ats,1 Daylight,1 Fine,1 Road-Dry,0 None,0 None,529730,184860,-0.130427,51.547731,,,Unknown,"(51.547731, -0.130427)",http://opendatacommunities.org/id/london-borough-council/camden,6157,21/12/2020 02:48:38 PM
1190202844,CAMDEN,1 DRIVER/RIDER,1 MALE,16-24,22,1,2 SERIOUS,'-2 NOT APPLICABLE,'-2 NOT APPLICABLE,2 PEDAL CYCLE,"On Tottenham Court Road, near the junction with New Oxford Street.",2,30/08/2019 06:40:00 PM,Friday,18.40,3 BOR,A,400,6 SINGLE CWY,30,06 CROSSROADS,2 AUTO SIG,A,40,5 PEDN PHASE AT ATS,2 DAYLIGHT,1 FINE,1 ROAD-DRY,0 NONE,0 NONE,529817,181389,-0.130452,51.516517,,,Unknown,"(51.516517, -0.130452)",http://opendatacommunities.org/id/london-borough-council/camden,9322,21/12/2020 02:48:44 PM
1180102448,CAMDEN,1 Driver/Rider,1 Male,16-24,24,1,3 Slight,-2 Unknown,-2 N/A,3 Powered 2 Wheeler,LITHOS ROAD J/W FINCHLEY ROAD,2,18/04/2018 03:18:00 PM,Wednesday,15.18,1 TLRN,Unclassified,0,3 Dual Cwy,2 30 MPH,3 T/Stag Jun,1 Auth Person,A,41,0 No Xing Facility In 50m,1 Daylight,1 Fine,1 Road-Dry,0 None,0 None,526120,185000,-0.182412,51.549806,,,Unknown,"(51.549806, -0.182412)",http://opendatacommunities.org/id/london-borough-council/camden,7903,21/12/2020 02:48:41 PM
0116EK40266,CAMDEN,1 Driver/Rider,1 Male,25-59,41,1,3 Slight,-2 Unknown,-2 N/A,2 Pedal Cycle,BYNG PLACE J/W TORRINGTON SQUARE,2,19/04/2016 10:00:00 AM,Tuesday,10.00,3 Bor,C,0,2 One-Way St,1 <= 20 MPH,3 T/Stag Jun,4 Give Way/Uncontrolled,Unclassified,0,0 No Xing Facility In 50m,1 Daylight,1 Fine,1 Road-Dry,0 None,0 None,529750,182140,-0.131141,51.523282,,,Unknown,"(51.523282, -0.131141)",http://opendatacommunities.org/id/london-borough-council/camden,6205,21/12/2020 02:48:38 PM
1180080971,CAMDEN,1 Driver/Rider,1 Male,25-59,48,1,3 Slight,-2 Unknown,-2 N/A,5 Taxi,EUSTON ROAD 80M E OF J/W FITZROY STREET,2,01/01/2018 01:30:00 AM,Monday,1.30,1 TLRN,A,501,3 Dual Cwy,2 30 MPH,0 No Jun In 20m,-2 Not Applicable,-2 Not Applicable,0,0 No Xing Facility In 50m,2 Dark,1 Fine,1 Road-Dry,0 None,0 None,529150,182270,-0.139737,51.524588,,,Unknown,"(51.524588, -0.139737)",http://opendatacommunities.org/id/london-borough-council/camden,7641,21/12/2020 02:48:41 PM
1180148093,CAMDEN,2 Passenger,2 Female,60+,79,1,2 Serious,-2 Unknown,-2 N/A,6 Bus Or Coach,YORK WAY J/W COPENHAGEN STREET,1,26/11/2018 08:58:00 AM,Monday,8.58,3 Bor,A,5200,6 Single Cwy,1 <= 20 MPH,6 Crossroads,2 Auto Sig,B,154,4 Pelican Or Similar,1 Daylight,1 Fine,1 Road-Dry,4 Roadworks,2 Other Object In Cwy,530310,183670,-0.122508,51.536903,,,Unknown,"(51.536903, -0.122508)",http://opendatacommunities.org/id/london-borough-council/camden,8555,21/12/2020 02:48:43 PM
1190203288,CAMDEN,2 PASSENGER,2 FEMALE,U,,3,3 SLIGHT,'-2 NOT APPLICABLE,9 UNKNOWN OR OTHER,5 TAXI,Location uncertain Arkwright Road jw Finchley Rd,2,04/09/2019 02:40:00 PM,Wednesday,14.40,1 TLRN,A,41,3 DUAL CWY,30,07 MULTI JUN,2 AUTO SIG,5,0,0 NO XING FACILITY IN 50M,2 DAYLIGHT,1 FINE,1 ROAD-DRY,0 NONE,0 NONE,526020,185119,-0.183811,51.550898,,,Unknown,"(51.550898, -0.183811)",http://opendatacommunities.org/id/london-borough-council/camden,9331,21/12/2020 02:48:44 PM
1170037243,CAMDEN,3 Pedestrian,2 Female,60+,65,1,3 Slight,04 Crossing Road Within 50m Xing,9 Unknown Or Other,1 Pedestrian,PANCRAS ROAD J/W KINGS CROSS BOULEVARD N1C,1,21/03/2017 01:50:00 PM,Tuesday,13.50,3 Bor,A,5202,6 Single Cwy,1 <= 20 MPH,9 Other Jun,4 Give Way/Uncontrolled,Unclassified,0,4 Pelican Or Similar,1 Daylight,1 Fine,1 Road-Dry,0 None,0 None,530110,183090,-0.125604,51.531737,,,Unknown,"(51.531737, -0.125604)",http://opendatacommunities.org/id/london-borough-council/camden,6961,21/12/2020 02:48:39 PM
0115EK40460,CAMDEN,1 Driver/Rider,1 Male,25-59,43,1,3 Slight,-2 Unknown,-2 N/A,2 Pedal Cycle,HAMPSTEAD ROAD J/W GRANBY TERRACE,2,10/06/2015 07:28:00 PM,Wednesday,19.28,1 TLRN,A,400,3 Dual Cwy,3 40 MPH,3 T/Stag Jun,2 Auto Sig,C,0,5 Pedn Phase At Ats,1 Daylight,1 Fine,1 Road-Dry,0 None,0 None,529170,183060,-0.139159,51.531683,,,Unknown,"(51.531683, -0.139159)",http://opendatacommunities.org/id/london-borough-council/camden,4952,21/12/2020 02:48:36 PM
1170030663,CAMDEN,1 Driver/Rider,1 Male,25-59,45,1,3 Slight,-2 Unknown,-2 N/A,5 Taxi,EVERSHOLT STREET J/W LIDLINGTON PLACE,2,06/04/2017 12:25:00 PM,Thursday,12.25,1 TLRN,A,4200,3 Dual Cwy,1 <= 20 MPH,9 Other Jun,2 Auto Sig,A,400,5 Pedn Phase At Ats,1 Daylight,1 Fine,1 Road-Dry,0 None,0 None,529305,183236,-0.13715,51.533234,,,Unknown,"(51.533234, -0.13715)",http://opendatacommunities.org/id/london-borough-council/camden,6851,21/12/2020 02:48:39 PM
0116EK40111,CAMDEN,3 Pedestrian,1 Male,60+,96,1,3 Slight,09 In Road - Not Crossing,5 In Rd Not Crossing,1 Pedestrian,FORTUNE GREEN ROAD J/W PARSIFAL ROAD,1,29/02/2016 04:33:00 PM,Monday,16.33,3 Bor,B,510,6 Single Cwy,1 <= 20 MPH,3 T/Stag Jun,4 Give Way/Uncontrolled,Unclassified,0,0 No Xing Facility In 50m,1 Daylight,1 Fine,1 Road-Dry,0 None,0 None,525250,185360,-0.194825,51.553235,,,Unknown,"(51.553235, -0.194825)",http://opendatacommunities.org/id/london-borough-council/camden,6069,21/12/2020 02:48:38 PM
1170043176,CAMDEN,1 Driver/Rider,2 Female,25-59,33,1,3 Slight,-2 Unknown,-2 N/A,4 Car,THE MOUNT J/W HEATH STREET,2,15/06/2017 03:52:00 PM,Thursday,15.52,3 Bor,Unclassified,0,6 Single Cwy,1 <= 20 MPH,3 T/Stag Jun,4 Give Way/Uncontrolled,A,502,1 Zebra,2 Dark,1 Fine,1 Road-Dry,0 None,0 None,526340,185980,-0.178889,51.558564,,,Unknown,"(51.558564, -0.178889)",http://opendatacommunities.org/id/london-borough-council/camden,7047,21/12/2020 02:48:39 PM
1190222273,CAMDEN,3 PEDESTRIAN,2 FEMALE,25-59,51,2,3 SLIGHT,04 CROSSING ROAD WITHIN 50M XING,'-2 NOT APPLICABLE,1 PEDESTRIAN,"On Woburn Place, near the junction with Coram Street.",1,02/12/2019 07:18:00 PM,Monday,19.18,3 BOR,A,4200,6 SINGLE CWY,20,03 T/STAG JUN,4 GIVE WAY/UNCONTROLLED,6,0,4 PELICAN OR SIMILAR,1 DARK,1 FINE,1 ROAD-DRY,0 NONE,0 NONE,530041,182208,-0.126924,51.523826,,,Unknown,"(51.523826, -0.126924)",http://opendatacommunities.org/id/london-borough-council/camden,9574,21/12/2020 02:48:45 PM
0115EK40300,CAMDEN,1 Driver/Rider,1 Male,25-59,26,1,3 Slight,-2 Unknown,-2 N/A,2 Pedal Cycle,TOTTENHAM COURT ROAD J/W TORRINGTON PLACE,2,20/04/2015 08:00:00 AM,Monday,8.00,3 Bor,A,400,6 Single Cwy,2 30 MPH,3 T/Stag Jun,2 Auto Sig,C,0,5 Pedn Phase At Ats,1 Daylight,1 Fine,1 Road-Dry,0 None,0 None,529480,181910,-0.135115,51.521277,,,Unknown,"(51.521277, -0.135115)",http://opendatacommunities.org/id/london-borough-council/camden,4819,21/12/2020 02:48:36 PM
1170057591,CAMDEN,3 Pedestrian,2 Female,25-59,53,1,3 Slight,04 Crossing Road Within 50m Xing,1 From Drivers N/Side,1 Pedestrian,KENTISH TOWN ROAD J/W HOLMES ROAD,1,06/09/2017 11:01:00 AM,Wednesday,11.01,3 Bor,A,400,6 Single Cwy,1 <= 20 MPH,3 T/Stag Jun,4 Give Way/Uncontrolled,Unclassified,0,8 Central Refuge,1 Daylight,1 Fine,1 Road-Dry,0 None,2 Other Object In Cwy,528990,184980,-0.14105,51.548979,,,Unknown,"(51.548979, -0.14105)",http://opendatacommunities.org/id/london-borough-council/camden,7297,21/12/2020 02:48:40 PM
1160010903,CAMDEN,1 Driver/Rider,2 Female,25-59,45,1,3 Slight,-2 Unknown,-2 N/A,4 Car,NEW END SQUARE J/W NEW ROAD,2,12/12/2016 09:00:00 AM,Monday,9.00,3 Bor,Unclassified,0,6 Single Cwy,2 30 MPH,6 Crossroads,2 Auto Sig,Unclassified,0,9 Unknown (S/R),2 Dark,1 Fine,2 Road-Wet,9 Unknown (S/R),0 None,526520,185980,-0.176294,51.558524,,,Unknown,"(51.558524, -0.176294)",http://opendatacommunities.org/id/london-borough-council/camden,5819,21/12/2020 02:48:37 PM
1180102995,CAMDEN,1 Driver/Rider,1 Male,25-59,31,1,3 Slight,-2 Unknown,-2 N/A,2 Pedal Cycle,GRAY'S INN SQUARE J/W VERULAM STREET,1,20/04/2018 06:45:00 PM,Friday,18.45,3 Bor,A,5200,6 Single Cwy,1 <= 20 MPH,3 T/Stag Jun,4 Give Way/Uncontrolled,Unclassified,0,4 Pelican Or Similar,1 Daylight,1 Fine,1 Road-Dry,0 None,0 None,531060,181820,-0.112388,51.520104,,,Unknown,"(51.520104, -0.112388)",http://opendatacommunities.org/id/london-borough-council/camden,7915,21/12/2020 02:48:41 PM
1180132146,CAMDEN,3 Pedestrian,1 Male,0-15,11,1,3 Slight,01 Crossing Road On Ped Xing,9 Unknown Or Other,1 Pedestrian,MALDEN ROAD 45M S OF J/W MARSDEN STREET,1,12/09/2018 08:20:00 AM,Wednesday,8.20,3 Bor,B,517,6 Single Cwy,1 <= 20 MPH,0 No Jun In 20m,-2 Not Applicable,-2 Not Applicable,0,8 Central Refuge,1 Daylight,1 Fine,1 Road-Dry,0 None,0 None,528280,184720,-0.151379,51.546804,,,Unknown,"(51.546804, -0.151379)",http://opendatacommunities.org/id/london-borough-council/camden,8316,21/12/2020 02:48:42 PM
0115EK40420,CAMDEN,1 Driver/Rider,1 Male,25-59,52,1,3 Slight,-2 Unknown,-2 N/A,2 Pedal Cycle,WEST END LANE J/W BROADHURST GARDENS,2,15/05/2015 05:15:00 PM,Friday,17.15,3 Bor,B,510,6 Single Cwy,2 30 MPH,3 T/Stag Jun,4 Give Way/Uncontrolled,C,0,4 Pelican Or Similar,1 Daylight,1 Fine,1 Road-Dry,0 None,0 None,525520,184600,-0.191204,51.546345,,,Unknown,"(51.546345, -0.191204)",http://opendatacommunities.org/id/london-borough-council/camden,4913,21/12/2020 02:48:36 PM
1170027023,CAMDEN,3 Pedestrian,1 Male,25-59,30,1,3 Slight,05 Crossing Road (Not On Xing),1 From Drivers N/Side,1 Pedestrian,KINGSWAY 10M N OF J/W WILD CT,1,21/03/2017 10:10:00 PM,Tuesday,22.10,3 Bor,A,4200,3 Dual Cwy,1 <= 20 MPH,9 Other Jun,4 Give Way/Uncontrolled,Unclassified,0,8 Central Refuge,2 Dark,1 Fine,1 Road-Dry,0 None,0 None,530600,181310,-0.119203,51.515627,,,Unknown,"(51.515627, -0.119203)",http://opendatacommunities.org/id/london-borough-council/camden,6805,21/12/2020 02:48:39 PM
1190167895,CAMDEN,1 DRIVER/RIDER,2 FEMALE,25-59,46,1,3 SLIGHT,'-2 NOT APPLICABLE,'-2 NOT APPLICABLE,2 PEDAL CYCLE,"On Endell Street, near the junction with Shorts Gardens.",2,08/03/2019 06:45:00 PM,Friday,18.45,3 BOR,B,401,2 ONE-WAY ST,20,06 CROSSROADS,9 UNKNOWN (S/R),6,0,1 ZEBRA,1 DARK,2 RAINING,2 ROAD-WET,9 UNKNOWN (S/R),0 NONE,530202,181211,-0.124973,51.514829,,,Unknown,"(51.514829, -0.124973)",http://opendatacommunities.org/id/london-borough-council/camden,8831,21/12/2020 02:48:43 PM
1170028207,CAMDEN,1 Driver/Rider,2 Female,Unknown,0,1,3 Slight,-2 Unknown,-2 N/A,2 Pedal Cycle,SAINT PANCRAS WAY J/W CAMDEN ROAD,2,23/03/2017 08:24:00 AM,Thursday,8.24,1 TLRN,A,503,6 Single Cwy,2 30 MPH,3 T/Stag Jun,2 Auto Sig,A,5202,5 Pedn Phase At Ats,1 Daylight,1 Fine,1 Road-Dry,0 None,0 None,529250,184300,-0.137552,51.542808,,,Unknown,"(51.542808, -0.137552)",http://opendatacommunities.org/id/london-borough-council/camden,6821,21/12/2020 02:48:39 PM
1170043573,CAMDEN,1 Driver/Rider,2 Female,25-59,37,1,3 Slight,-2 Unknown,-2 N/A,3 Powered 2 Wheeler,SAINT GILES HIGH STREET J/W SHAFTESBURY AVENUE,2,18/06/2017 08:20:00 PM,Sunday,20.20,3 Bor,A,401,2 One-Way St,1 <= 20 MPH,6 Crossroads,2 Auto Sig,A,40,4 Pelican Or Similar,1 Daylight,1 Fine,1 Road-Dry,0 None,0 None,530070,181300,-0.126841,51.515659,,,Unknown,"(51.515659, -0.126841)",http://opendatacommunities.org/id/london-borough-council/camden,7054,21/12/2020 02:48:39 PM