Reference,London Borough Name,Casualty Class,Casualty Sex,Casualty Age Band,Casualty Age,Number Of Casualties,Casualty Severity,Pedestrian Location,Pedestrian Movement,Mode Of Travel,Attendant Location,Number Of Vehicles,Date,Day,Time,Highway,Road Class 1,Road Number 1,Road Type,Speed Limit,Junction Detail,Junction Control,Road Class 2,Road Number 2,Pedestrian Crossing,Light Condition Band,Weather,Road Surface,Special Conditions,Carriage Way Hazard,Easting,Northing,Longitude,Latitude,Ward Code,Ward Name,Spatial Accuracy,Location,Organisation URI,Socrata ID,Last Uploaded
1190194211,CAMDEN,1 DRIVER/RIDER,1 MALE,25-59,28,1,3 SLIGHT,'-2 NOT APPLICABLE,'-2 NOT APPLICABLE,2 PEDAL CYCLE,"On Frognal, 50 metres west of the junction with Reddington Road.",2,17/07/2019 07:18:00 AM,Wednesday,7.18,3 BOR,6,0,7 SLIP RD,20,00 NO JUN IN 20M,,0,0,0 NO XING FACILITY IN 50M,2 DAYLIGHT,1 FINE,1 ROAD-DRY,0 NONE,0 NONE,526075,185697,-0.182811,51.55608,,,Unknown,"(51.55608, -0.182811)",http://opendatacommunities.org/id/london-borough-council/camden,9195,21/12/2020 02:48:44 PM
1170065883,CAMDEN,3 Pedestrian,1 Male,25-59,45,1,2 Serious,05 Crossing Road (Not On Xing),1 From Drivers N/Side,1 Pedestrian,KILBURN HIGH ROAD J/W BRONDESBURY ROAD,1,22/10/2017 03:51:00 PM,Sunday,15.51,3 Bor,A,5,6 Single Cwy,2 30 MPH,3 T/Stag Jun,4 Give Way/Uncontrolled,B,451,0 No Xing Facility In 50m,1 Daylight,1 Fine,1 Road-Dry,0 None,0 None,525346,183726,-0.194023,51.538529,,,Unknown,"(51.538529, -0.194023)",http://opendatacommunities.org/id/london-borough-council/camden,7450,21/12/2020 02:48:40 PM
1170016061,CAMDEN,3 Pedestrian,2 Female,25-59,30,1,3 Slight,01 Crossing Road On Ped Xing,9 Unknown Or Other,1 Pedestrian,HIGH HOLBORN J/W KINGSWAY,1,03/02/2017 08:00:00 PM,Friday,20.00,3 Bor,A,40,3 Dual Cwy,2 30 MPH,6 Crossroads,2 Auto Sig,A,4200,4 Pelican Or Similar,2 Dark,9 Unknown,9 Unknown (S/R),1 Traf Sig Out,0 None,530490,181530,-0.120706,51.51763,,,Unknown,"(51.51763, -0.120706)",http://opendatacommunities.org/id/london-borough-council/camden,6643,21/12/2020 02:48:39 PM
0115EK40235,CAMDEN,1 Driver/Rider,2 Female,16-24,24,1,3 Slight,-2 Unknown,-2 N/A,2 Pedal Cycle,CASTLEHAVEN ROAD J/W HAWLEY ROAD,2,27/03/2015 07:19:00 AM,Friday,7.19,3 Bor,A,502,2 One-Way St,2 30 MPH,3 T/Stag Jun,4 Give Way/Uncontrolled,A,502,0 No Xing Facility In 50m,1 Daylight,1 Fine,1 Road-Dry,0 None,0 None,528780,184290,-0.144329,51.542826,,,Unknown,"(51.542826, -0.144329)",http://opendatacommunities.org/id/london-borough-council/camden,4764,21/12/2020 02:48:36 PM
1170057002,CAMDEN,1 Driver/Rider,1 Male,25-59,36,1,3 Slight,-2 Unknown,-2 N/A,4 Car,NEW OXFORD STREET J/W COPTIC STREET,1,03/09/2017 04:10:00 AM,Sunday,4.10,3 Bor,A,40,2 One-Way St,1 <= 20 MPH,7 Multi Jun,2 Auto Sig,C,0,0 No Xing Facility In 50m,2 Dark,1 Fine,1 Road-Dry,0 None,0 None,530140,181450,-0.125777,51.516991,,,Unknown,"(51.516991, -0.125777)",http://opendatacommunities.org/id/london-borough-council/camden,7289,21/12/2020 02:48:40 PM
1190206466,CAMDEN,2 PASSENGER,2 FEMALE,25-59,26,1,3 SLIGHT,'-2 NOT APPLICABLE,'-2 NOT APPLICABLE,4 CAR,"On Parkway, near the junction with ARLINGTON ROAD NW1.",2,19/09/2019 10:08:00 PM,Thursday,22.08,3 BOR,A,4201,3 DUAL CWY,20,03 T/STAG JUN,2 AUTO SIG,6,0,5 PEDN PHASE AT ATS,1 DARK,1 FINE,1 ROAD-DRY,0 NONE,0 NONE,528816,183810,-0.143986,51.538504,,,Unknown,"(51.538504, -0.143986)",http://opendatacommunities.org/id/london-borough-council/camden,9373,21/12/2020 02:48:44 PM
1190168342,CAMDEN,1 DRIVER/RIDER,1 MALE,25-59,37,1,3 SLIGHT,'-2 NOT APPLICABLE,'-2 NOT APPLICABLE,3 POWERED 2 WHEELER,"On Charlotte Street, near the junction with Percy Street.",2,04/03/2019 11:45:00 AM,Monday,11.45,3 BOR,6,0,9 UNKNOWN,20,03 T/STAG JUN,4 GIVE WAY/UNCONTROLLED,6,0,9 UNKNOWN (S/R),2 DAYLIGHT,1 FINE,1 ROAD-DRY,0 NONE,9 UNKNOWN (S/R),529458,181647,-0.135529,51.518918,,,Unknown,"(51.518918, -0.135529)",http://opendatacommunities.org/id/london-borough-council/camden,8833,21/12/2020 02:48:43 PM
1190194647,CAMDEN,1 DRIVER/RIDER,1 MALE,25-59,30,1,2 SERIOUS,'-2 NOT APPLICABLE,9 UNKNOWN OR OTHER,2 PEDAL CYCLE,"On Minster Road, 25 metres south of the junction with Fordwych Road.",2,18/07/2019 05:18:00 PM,Thursday,17.18,3 BOR,6,0,7 SLIP RD,20,00 NO JUN IN 20M,,0,0,0 NO XING FACILITY IN 50M,2 DAYLIGHT,1 FINE,1 ROAD-DRY,0 NONE,0 NONE,524378,185168,-0.207464,51.551703,,,Unknown,"(51.551703, -0.207464)",http://opendatacommunities.org/id/london-borough-council/camden,9201,21/12/2020 02:48:44 PM
1180111048,CAMDEN,3 Pedestrian,1 Male,25-59,39,1,3 Slight,10 Unknown,9 Unknown Or Other,1 Pedestrian,GOLDHURST TERRACE 114M W OF J/W FAIRHAZEL GARDENS,1,08/05/2018 07:40:00 PM,Tuesday,19.40,3 Bor,Unclassified,0,3 Dual Cwy,2 30 MPH,0 No Jun In 20m,-2 Not Applicable,-2 Not Applicable,0,9 Unknown (S/R),1 Daylight,9 Unknown,9 Unknown (S/R),9 Unknown (S/R),7 Animal in Cwy (Not Ridden Horse),526070,184100,-0.183455,51.541729,,,Unknown,"(51.541729, -0.183455)",http://opendatacommunities.org/id/london-borough-council/camden,8034,21/12/2020 02:48:42 PM
1180148480,CAMDEN,1 Driver/Rider,1 Male,Unknown,0,1,3 Slight,-2 Unknown,-2 N/A,2 Pedal Cycle,YORK WAY 24M N OF J/W EUSTON ROAD THE NEAREST CLASSIFIED ROAD WAS,2,26/11/2018 03:30:00 PM,Monday,15.30,3 Bor,A,5200,2 One-Way St,1 <= 20 MPH,0 No Jun In 20m,-2 Not Applicable,-2 Not Applicable,0,9 Unknown (S/R),1 Daylight,9 Unknown,2 Road-Wet,9 Unknown (S/R),0 None,530320,183000,-0.122612,51.53088,,,Unknown,"(51.53088, -0.122612)",http://opendatacommunities.org/id/london-borough-council/camden,8569,21/12/2020 02:48:43 PM
1170048630,CAMDEN,1 Driver/Rider,1 Male,16-24,21,1,3 Slight,-2 Unknown,-2 N/A,2 Pedal Cycle,SPANIARDS ROAD J/W COLUMBAS DRIVE,2,16/07/2017 01:23:00 PM,Sunday,13.23,3 Bor,B,519,6 Single Cwy,2 30 MPH,3 T/Stag Jun,4 Give Way/Uncontrolled,Unclassified,0,0 No Xing Facility In 50m,1 Daylight,1 Fine,1 Road-Dry,0 None,0 None,526550,187060,-0.175473,51.568223,,,Unknown,"(51.568223, -0.175473)",http://opendatacommunities.org/id/london-borough-council/camden,7156,21/12/2020 02:48:40 PM
0115EK40751,CAMDEN,1 Driver/Rider,1 Male,16-24,23,1,3 Slight,-2 Unknown,-2 N/A,3 Powered 2 Wheeler,DELANCEY STREET J/W ARLINGTON ROAD,2,26/08/2015 09:48:00 PM,Wednesday,21.48,3 Bor,A,503,6 Single Cwy,2 30 MPH,6 Crossroads,4 Give Way/Uncontrolled,Unclassified,0,0 No Xing Facility In 50m,2 Dark,1 Fine,1 Road-Dry,0 None,0 None,528930,183620,-0.142413,51.53677,,,Unknown,"(51.53677, -0.142413)",http://opendatacommunities.org/id/london-borough-council/camden,5215,21/12/2020 02:48:37 PM
1170070403,CAMDEN,1 Driver/Rider,2 Female,25-59,50,1,3 Slight,-2 Unknown,-2 N/A,3 Powered 2 Wheeler,HIGH HOLBORN J/W ENDELL STREET,2,15/11/2017 05:40:00 PM,Wednesday,17.40,3 Bor,A,401,3 Dual Cwy,2 30 MPH,6 Crossroads,2 Auto Sig,B,401,4 Pelican Or Similar,2 Dark,1 Fine,1 Road-Dry,0 None,0 None,530110,181310,-0.126261,51.51574,,,Unknown,"(51.51574, -0.126261)",http://opendatacommunities.org/id/london-borough-council/camden,7514,21/12/2020 02:48:41 PM
0115EK40179,CAMDEN,1 Driver/Rider,1 Male,25-59,52,1,3 Slight,-2 Unknown,-2 N/A,4 Car,FINCHLEY ROAD J/W REDINGTON GARDENS,3,01/03/2015 03:12:00 AM,Sunday,3.12,1 TLRN,A,41,6 Single Cwy,2 30 MPH,6 Crossroads,2 Auto Sig,Unclassified,0,5 Pedn Phase At Ats,2 Dark,1 Fine,2 Road-Wet,0 None,0 None,525500,185480,-0.191178,51.554258,,,Unknown,"(51.554258, -0.191178)",http://opendatacommunities.org/id/london-borough-council/camden,4718,21/12/2020 02:48:36 PM
0115EK40918,CAMDEN,1 Driver/Rider,1 Male,25-59,26,1,2 Serious,-2 Unknown,-2 N/A,3 Powered 2 Wheeler,HAMPSTEAD ROAD J/W HARRINGTON SQUARE,1,18/10/2015 04:54:00 AM,Sunday,4.54,1 TLRN,A,400,3 Dual Cwy,2 30 MPH,3 T/Stag Jun,4 Give Way/Uncontrolled,A,400,8 Central Refuge,2 Dark,1 Fine,1 Road-Dry,0 None,0 None,529160,183300,-0.139215,51.533842,,,Unknown,"(51.533842, -0.139215)",http://opendatacommunities.org/id/london-borough-council/camden,5353,21/12/2020 02:48:37 PM
1160009543,CAMDEN,3 Pedestrian,1 Male,25-59,26,1,3 Slight,06 On Footpath - Verge,9 Unknown Or Other,1 Pedestrian,YORK WAY J/W CRINAN STREET,1,01/12/2016 04:00:00 PM,Thursday,16.00,3 Bor,A,5200,9 Unknown,2 30 MPH,3 T/Stag Jun,4 Give Way/Uncontrolled,Unclassified,0,9 Unknown (S/R),1 Daylight,9 Unknown,9 Unknown (S/R),9 Unknown (S/R),9 Unknown (S/R),530330,183408,-0.122317,51.534544,,,Unknown,"(51.534544, -0.122317)",http://opendatacommunities.org/id/london-borough-council/camden,5818,21/12/2020 02:48:37 PM
1180108969,CAMDEN,3 Pedestrian,1 Male,25-59,31,1,2 Serious,06 On Footpath - Verge,9 Unknown Or Other,1 Pedestrian,YORK WAY 54M N OF J/W WHARFDALE ROAD THE NEAREST CLASSIFIED ROAD W,1,19/05/2018 09:20:00 AM,Saturday,9.20,3 Bor,A,5200,2 One-Way St,1 <= 20 MPH,0 No Jun In 20m,-2 Not Applicable,-2 Not Applicable,0,0 No Xing Facility In 50m,1 Daylight,1 Fine,1 Road-Dry,0 None,0 None,530330,183360,-0.122334,51.534112,,,Unknown,"(51.534112, -0.122334)",http://opendatacommunities.org/id/london-borough-council/camden,8007,21/12/2020 02:48:42 PM
1190201467,CAMDEN,1 DRIVER/RIDER,1 MALE,16-24,23,3,3 SLIGHT,'-2 NOT APPLICABLE,'-2 NOT APPLICABLE,4 CAR,"On Camden Street, near the junction with Kentish Town Road.",2,25/08/2019 04:34:00 PM,Sunday,16.34,3 BOR,A,400,3 DUAL CWY,20,06 CROSSROADS,2 AUTO SIG,A,400,5 PEDN PHASE AT ATS,2 DAYLIGHT,1 FINE,1 ROAD-DRY,0 NONE,0 NONE,528953,184278,-0.14184,51.542678,,,Unknown,"(51.542678, -0.14184)",http://opendatacommunities.org/id/london-borough-council/camden,9300,21/12/2020 02:48:44 PM
0115EK40508,CAMDEN,1 Driver/Rider,1 Male,25-59,36,1,3 Slight,-2 Unknown,-2 N/A,2 Pedal Cycle,OUTER CIRCLE J/W GLOUCESTER GATE,2,25/06/2015 05:05:00 PM,Thursday,17.05,3 Bor,Unclassified,0,6 Single Cwy,2 30 MPH,3 T/Stag Jun,4 Give Way/Uncontrolled,Unclassified,0,0 No Xing Facility In 50m,1 Daylight,1 Fine,1 Road-Dry,0 None,0 None,528540,183430,-0.148102,51.535151,,,Unknown,"(51.535151, -0.148102)",http://opendatacommunities.org/id/london-borough-council/camden,4997,21/12/2020 02:48:36 PM
1170038143,CAMDEN,2 Passenger,2 Female,25-59,54,1,3 Slight,-2 Unknown,-2 N/A,4 Car,FINCHLEY ROAD J/W FORTUNE GREEN ROAD,2,08/05/2017 06:00:00 PM,Monday,18.00,1 TLRN,A,41,6 Single Cwy,2 30 MPH,3 T/Stag Jun,2 Auto Sig,B,510,9 Unknown (S/R),1 Daylight,1 Fine,9 Unknown (S/R),0 None,0 None,525170,185820,-0.195815,51.557387,,,Unknown,"(51.557387, -0.195815)",http://opendatacommunities.org/id/london-borough-council/camden,6979,21/12/2020 02:48:39 PM
1190156503,CAMDEN,3 PEDESTRIAN,2 FEMALE,60+,82,1,3 SLIGHT,05 CROSSING ROAD (NOT ON XING),3 FROM DRIVERS O/SIDE,1 PEDESTRIAN,"On West End Lane, near the junction with Sheriff Road.",1,09/01/2019 08:40:00 AM,Wednesday,8.40,3 BOR,B,510,3 DUAL CWY,30,03 T/STAG JUN,4 GIVE WAY/UNCONTROLLED,6,0,0 NO XING FACILITY IN 50M,2 DAYLIGHT,1 FINE,1 ROAD-DRY,0 NONE,0 NONE,525510,184564,-0.191361,51.546024,,,Unknown,"(51.546024, -0.191361)",http://opendatacommunities.org/id/london-borough-council/camden,8676,21/12/2020 02:48:43 PM
1180138505,CAMDEN,1 Driver/Rider,1 Male,25-59,32,1,3 Slight,-2 Unknown,-2 N/A,2 Pedal Cycle,KENTISH TOWN ROAD J/W PRINCE OF WALES ROAD NW5,2,12/10/2018 08:25:00 AM,Friday,8.25,3 Bor,A,400,3 Dual Cwy,1 <= 20 MPH,3 T/Stag Jun,2 Auto Sig,C,0,1 Zebra,1 Daylight,1 Fine,1 Road-Dry,0 None,0 None,528940,184710,-0.141869,51.546564,,,Unknown,"(51.546564, -0.141869)",http://opendatacommunities.org/id/london-borough-council/camden,8415,21/12/2020 02:48:43 PM
1190199505,CAMDEN,1 DRIVER/RIDER,1 MALE,25-59,57,1,3 SLIGHT,'-2 NOT APPLICABLE,'-2 NOT APPLICABLE,4 CAR,"On Lambolle Place, near the junction with lancaster grove .",2,14/08/2019 05:45:00 PM,Wednesday,17.45,3 BOR,6,0,6 SINGLE CWY,20,06 CROSSROADS,4 GIVE WAY/UNCONTROLLED,6,0,0 NO XING FACILITY IN 50M,2 DAYLIGHT,2 RAINING,2 ROAD-WET,0 NONE,0 NONE,527289,184540,-0.165728,51.54541,,,Unknown,"(51.54541, -0.165728)",http://opendatacommunities.org/id/london-borough-council/camden,9271,21/12/2020 02:48:44 PM
1190209667,CAMDEN,1 DRIVER/RIDER,2 FEMALE,25-59,57,1,3 SLIGHT,'-2 NOT APPLICABLE,3 FROM DRIVERS O/SIDE,4 CAR,"On North End Road, 30 metres south of the junction with Whitestone Walk.",1,04/10/2019 11:05:00 PM,Friday,23.05,3 BOR,A,502,6 SINGLE CWY,30,00 NO JUN IN 20M,,0,0,0 NO XING FACILITY IN 50M,1 DARK,1 FINE,1 ROAD-DRY,0 NONE,0 NONE,526281,186331,-0.179614,51.561732,,,Unknown,"(51.561732, -0.179614)",http://opendatacommunities.org/id/london-borough-council/camden,9410,21/12/2020 02:48:44 PM
1180140549,CAMDEN,1 Driver/Rider,1 Male,16-24,23,1,3 Slight,-2 Unknown,-2 N/A,4 Car,PANCRAS SQUARE 25M E OF J/W GOODS WAY,1,21/10/2018 05:15:00 PM,Sunday,17.15,3 Bor,Unclassified,0,6 Single Cwy,2 30 MPH,0 No Jun In 20m,-2 Not Applicable,-2 Not Applicable,0,1 Zebra,1 Daylight,1 Fine,1 Road-Dry,0 None,0 None,530140,183350,-0.125076,51.534066,,,Unknown,"(51.534066, -0.125076)",http://opendatacommunities.org/id/london-borough-council/camden,8454,21/12/2020 02:48:43 PM
0115EK41184,CAMDEN,1 Driver/Rider,2 Female,25-59,37,1,3 Slight,-2 Unknown,-2 N/A,2 Pedal Cycle,ROYAL COLLEGE STREET J/W PLENDER STREET,2,21/12/2015 06:00:00 PM,Monday,18.00,3 Bor,A,5202,6 Single Cwy,2 30 MPH,3 T/Stag Jun,4 Give Way/Uncontrolled,Unclassified,0,1 Zebra,2 Dark,1 Fine,1 Road-Dry,0 None,0 None,529450,183710,-0.134886,51.53746,,,Unknown,"(51.53746, -0.134886)",http://opendatacommunities.org/id/london-borough-council/camden,5573,21/12/2020 02:48:37 PM
1190199883,CAMDEN,3 PEDESTRIAN,1 MALE,16-24,23,1,2 SERIOUS,05 CROSSING ROAD (NOT ON XING),'-2 NOT APPLICABLE,1 PEDESTRIAN,"On Tottenham Court Road, near the junction with Milford place.",1,16/08/2019 09:30:00 AM,Friday,9.30,3 BOR,A,400,6 SINGLE CWY,20,07 MULTI JUN,2 AUTO SIG,6,0,0 NO XING FACILITY IN 50M,2 DAYLIGHT,1 FINE,1 ROAD-DRY,0 NONE,0 NONE,529346,182140,-0.136961,51.523375,,,Unknown,"(51.523375, -0.136961)",http://opendatacommunities.org/id/london-borough-council/camden,9278,21/12/2020 02:48:44 PM
0115EK40220,CAMDEN,1 Driver/Rider,1 Male,16-24,20,1,3 Slight,-2 Unknown,-2 N/A,3 Powered 2 Wheeler,ALBANY STREET J/W PARK VILLAGE WEST,2,20/03/2015 06:00:00 PM,Friday,18.00,3 Bor,A,4201,6 Single Cwy,2 30 MPH,3 T/Stag Jun,4 Give Way/Uncontrolled,Unclassified,0,0 No Xing Facility In 50m,2 Dark,1 Fine,1 Road-Dry,0 None,0 None,528670,183290,-0.14628,51.533864,,,Unknown,"(51.533864, -0.14628)",http://opendatacommunities.org/id/london-borough-council/camden,4753,21/12/2020 02:48:36 PM
1180111818,CAMDEN,1 Driver/Rider,2 Female,60+,68,1,3 Slight,-2 Unknown,-2 N/A,4 Car,PRINCE OF WALES ROAD J/W CRADDOCK STREET,4,02/06/2018 07:57:00 PM,Saturday,19.57,3 Bor,C,0,6 Single Cwy,1 <= 20 MPH,3 T/Stag Jun,4 Give Way/Uncontrolled,Unclassified,0,0 No Xing Facility In 50m,1 Daylight,1 Fine,1 Road-Dry,0 None,0 None,528110,184600,-0.153873,51.545764,,,Unknown,"(51.545764, -0.153873)",http://opendatacommunities.org/id/london-borough-council/camden,8045,21/12/2020 02:48:42 PM
1180128291,CAMDEN,1 Driver/Rider,1 Male,60+,65,1,3 Slight,-2 Unknown,-2 N/A,2 Pedal Cycle,SANDALL ROAD J/W CAMDEN ROAD,2,21/08/2018 08:09:00 PM,Tuesday,20.09,1 TLRN,Unclassified,0,6 Single Cwy,1 <= 20 MPH,7 Multi Jun,4 Give Way/Uncontrolled,A,503,0 No Xing Facility In 50m,2 Dark,1 Fine,1 Road-Dry,0 None,0 None,529510,184610,-0.13369,51.545535,,,Unknown,"(51.545535, -0.13369)",http://opendatacommunities.org/id/london-borough-council/camden,8263,21/12/2020 02:48:42 PM
1170064517,CAMDEN,1 Driver/Rider,1 Male,16-24,24,1,3 Slight,-2 Unknown,-2 N/A,4 Car,SOUTHAMPTON ROW WC1 J/W HIGH HOLBORN WC1,2,14/10/2017 01:30:00 AM,Saturday,1.30,3 Bor,A,4200,3 Dual Cwy,2 30 MPH,6 Crossroads,2 Auto Sig,A,40,5 Pedn Phase At Ats,2 Dark,1 Fine,1 Road-Dry,0 None,0 None,530510,181530,-0.120418,51.517625,,,Unknown,"(51.517625, -0.120418)",http://opendatacommunities.org/id/london-borough-council/camden,7422,21/12/2020 02:48:40 PM
0115EK40854,CAMDEN,2 Passenger,2 Female,0-15,5,1,3 Slight,-2 Unknown,-2 N/A,4 Car,BELSIZE GROVE 52M S OF PRIMROSE GARDENS,2,08/03/2015 10:00:00 AM,Sunday,10.00,3 Bor,Unclassified,0,6 Single Cwy,2 30 MPH,0 No Jun In 20m,-2 Not Applicable,-2 Not Applicable,0,0 No Xing Facility In 50m,1 Daylight,1 Fine,1 Road-Dry,4 Roadworks,0 None,527340,184800,-0.164899,51.547735,,,Unknown,"(51.547735, -0.164899)",http://opendatacommunities.org/id/london-borough-council/camden,5304,21/12/2020 02:48:37 PM
1180090110,CAMDEN,3 Pedestrian,2 Female,25-59,37,1,2 Serious,05 Crossing Road (Not On Xing),3 From Drivers O/Side,1 Pedestrian,THEOBALDS ROAD J/W BEDFORD ROW,1,14/02/2018 08:58:00 AM,Wednesday,8.58,3 Bor,A,401,6 Single Cwy,1 <= 20 MPH,6 Crossroads,4 Give Way/Uncontrolled,Unclassified,0,0 No Xing Facility In 50m,1 Daylight,1 Fine,2 Road-Wet,0 None,0 None,530770,181870,-0.116547,51.520621,,,Unknown,"(51.520621, -0.116547)",http://opendatacommunities.org/id/london-borough-council/camden,7747,21/12/2020 02:48:41 PM
1170010186,CAMDEN,1 Driver/Rider,2 Female,25-59,34,1,3 Slight,-2 Unknown,-2 N/A,2 Pedal Cycle,MAIDA VALE 50M S OF J/W KILBURN PARK ROAD,1,06/01/2017 05:14:00 PM,Friday,17.14,3 Bor,A,5,3 Dual Cwy,2 30 MPH,0 No Jun In 20m,-2 Not Applicable,-2 Not Applicable,0,0 No Xing Facility In 50m,2 Dark,2 Raining,2 Road-Wet,0 None,2 Other Object In Cwy,525670,183330,-0.189495,51.534898,,,Unknown,"(51.534898, -0.189495)",http://opendatacommunities.org/id/london-borough-council/camden,6559,21/12/2020 02:48:39 PM
1160004244,CAMDEN,1 Driver/Rider,1 Male,25-59,30,1,3 Slight,-2 Unknown,-2 N/A,3 Powered 2 Wheeler,FINCHLEY ROAD 30M S OF J/W ARKWRIGHT ROAD,2,30/11/2016 09:20:00 AM,Wednesday,9.20,1 TLRN,A,41,3 Dual Cwy,3 40 MPH,0 No Jun In 20m,-2 Not Applicable,-2 Not Applicable,0,0 No Xing Facility In 50m,1 Daylight,1 Fine,1 Road-Dry,0 None,0 None,526057,185087,-0.183289,51.550602,,,Unknown,"(51.550602, -0.183289)",http://opendatacommunities.org/id/london-borough-council/camden,5712,21/12/2020 02:48:37 PM
0115EK41152,CAMDEN,1 Driver/Rider,1 Male,25-59,45,1,3 Slight,-2 Unknown,-2 N/A,2 Pedal Cycle,NFL YORK WAY 50MN OF J/W WHARFDALE ROAD,2,24/12/2015 04:12:00 PM,Thursday,16.12,3 Bor,A,5200,6 Single Cwy,2 30 MPH,0 No Jun In 20m,-2 Not Applicable,-2 Not Applicable,0,0 No Xing Facility In 50m,1 Daylight,1 Fine,1 Road-Dry,0 None,0 None,530340,183340,-0.122198,51.53393,,,Unknown,"(51.53393, -0.122198)",http://opendatacommunities.org/id/london-borough-council/camden,5553,21/12/2020 02:48:37 PM
1170019023,CAMDEN,1 Driver/Rider,1 Male,25-59,28,1,3 Slight,-2 Unknown,-2 N/A,3 Powered 2 Wheeler,EUSTON ROAD 25M S OF J/W MARYLEBONE ROAD,2,03/02/2017 11:45:00 AM,Friday,11.45,1 TLRN,A,400,9 Unknown,2 30 MPH,0 No Jun In 20m,-2 Not Applicable,-2 Not Applicable,0,9 Unknown (S/R),1 Daylight,9 Unknown,9 Unknown (S/R),9 Unknown (S/R),9 Unknown (S/R),529150,183160,-0.139411,51.532586,,,Unknown,"(51.532586, -0.139411)",http://opendatacommunities.org/id/london-borough-council/camden,6682,21/12/2020 02:48:39 PM
1160006809,CAMDEN,1 Driver/Rider,1 Male,25-59,34,1,3 Slight,-2 Unknown,-2 N/A,3 Powered 2 Wheeler,WEST END LANE 25M E OF J/W WEST HAMPSTEAD MEWS,2,21/11/2016 07:40:00 PM,Monday,19.40,3 Bor,B,510,6 Single Cwy,2 30 MPH,0 No Jun In 20m,-2 Not Applicable,-2 Not Applicable,0,0 No Xing Facility In 50m,2 Dark,9 Unknown,2 Road-Wet,9 Unknown (S/R),9 Unknown (S/R),525500,184520,-0.19152,51.545631,,,Unknown,"(51.545631, -0.19152)",http://opendatacommunities.org/id/london-borough-council/camden,5770,21/12/2020 02:48:37 PM
0116EK40071,CAMDEN,3 Pedestrian,1 Male,60+,63,1,3 Slight,06 On Footpath - Verge,9 Unknown Or Other,1 Pedestrian,SHAFTESBURY AVENUE J/W BLOOMSBURY STREET.,1,13/02/2016 05:53:00 PM,Saturday,17.53,3 Bor,A,401,2 One-Way St,2 30 MPH,6 Crossroads,2 Auto Sig,A,401,5 Pedn Phase At Ats,2 Dark,2 Raining,2 Road-Wet,0 None,0 None,530100,181360,-0.126387,51.516192,,,Unknown,"(51.516192, -0.126387)",http://opendatacommunities.org/id/london-borough-council/camden,6036,21/12/2020 02:48:38 PM
1180104377,CAMDEN,1 Driver/Rider,1 Male,25-59,39,1,3 Slight,-2 Unknown,-2 N/A,3 Powered 2 Wheeler,PARKWAY 23M E OF J/W PARK VILLAGE EAST,1,27/04/2018 09:25:00 AM,Friday,9.25,3 Bor,A,4201,9 Unknown,2 30 MPH,0 No Jun In 20m,-2 Not Applicable,-2 Not Applicable,0,5 Pedn Phase At Ats,1 Daylight,2 Raining,2 Road-Wet,0 None,0 None,528638,183561,-0.146642,51.536306,,,Unknown,"(51.536306, -0.146642)",http://opendatacommunities.org/id/london-borough-council/camden,7936,21/12/2020 02:48:41 PM
1190160738,CAMDEN,1 DRIVER/RIDER,1 MALE,25-59,28,1,3 SLIGHT,'-2 NOT APPLICABLE,'-2 NOT APPLICABLE,3 POWERED 2 WHEELER,"On Elsworthy Road, near the junction with Lower Merton Rise.",2,31/01/2019 01:00:00 PM,Thursday,13.00,3 BOR,6,0,3 DUAL CWY,30,09 OTHER JUN,3 STOP SIGN,6,0,9 UNKNOWN (S/R),2 DAYLIGHT,1 FINE,1 ROAD-DRY,9 UNKNOWN (S/R),3 INVOLVE PREVIOUS ACC,527279,184024,-0.166058,51.540775,,,Unknown,"(51.540775, -0.166058)",http://opendatacommunities.org/id/london-borough-council/camden,8739,21/12/2020 02:48:43 PM
0115EK40867,CAMDEN,1 Driver/Rider,1 Male,16-24,17,1,3 Slight,-2 Unknown,-2 N/A,3 Powered 2 Wheeler,"CARDINGTON STREET, 35 METRES NW OF DRUMMOND STREET.",2,30/09/2015 01:25:00 PM,Wednesday,13.25,3 Bor,C,0,6 Single Cwy,2 30 MPH,0 No Jun In 20m,-2 Not Applicable,-2 Not Applicable,0,0 No Xing Facility In 50m,1 Daylight,1 Fine,1 Road-Dry,0 None,0 None,529440,182650,-0.13542,51.527936,,,Unknown,"(51.527936, -0.13542)",http://opendatacommunities.org/id/london-borough-council/camden,5314,21/12/2020 02:48:37 PM
0115EK40681,CAMDEN,3 Pedestrian,2 Female,25-59,30,1,3 Slight,04 Crossing Road Within 50m Xing,3 From Drivers O/Side,1 Pedestrian,WILMOT PLACE J/W ST PANCRA WAY.,1,30/07/2015 05:30:00 PM,Thursday,17.30,3 Bor,Unclassified,0,6 Single Cwy,2 30 MPH,6 Crossroads,4 Give Way/Uncontrolled,A,5202,5 Pedn Phase At Ats,1 Daylight,1 Fine,1 Road-Dry,0 None,0 None,529130,184380,-0.139252,51.543555,,,Unknown,"(51.543555, -0.139252)",http://opendatacommunities.org/id/london-borough-council/camden,5154,21/12/2020 02:48:36 PM
0115EK40012,CAMDEN,1 Driver/Rider,1 Male,25-59,25,1,3 Slight,-2 Unknown,-2 N/A,2 Pedal Cycle,HAMPSTEAD ROAD J/W WILLIAM ROAD,2,15/01/2015 01:53:00 PM,Thursday,13.53,1 TLRN,A,400,6 Single Cwy,2 30 MPH,3 T/Stag Jun,4 Give Way/Uncontrolled,Unclassified,0,0 No Xing Facility In 50m,1 Daylight,1 Fine,1 Road-Dry,0 None,0 None,529210,182560,-0.138766,51.52718,,,Unknown,"(51.52718, -0.138766)",http://opendatacommunities.org/id/london-borough-council/camden,4592,21/12/2020 02:48:35 PM