Reference,London Borough Name,Casualty Class,Casualty Sex,Casualty Age Band,Casualty Age,Number Of Casualties,Casualty Severity,Pedestrian Location,Pedestrian Movement,Mode Of Travel,Attendant Location,Number Of Vehicles,Date,Day,Time,Highway,Road Class 1,Road Number 1,Road Type,Speed Limit,Junction Detail,Junction Control,Road Class 2,Road Number 2,Pedestrian Crossing,Light Condition Band,Weather,Road Surface,Special Conditions,Carriage Way Hazard,Easting,Northing,Longitude,Latitude,Ward Code,Ward Name,Spatial Accuracy,Location,Organisation URI,Socrata ID,Last Uploaded
1170024828,CAMDEN,1 Driver/Rider,1 Male,25-59,25,1,2 Serious,-2 Unknown,-2 N/A,3 Powered 2 Wheeler,AVENUE ROAD J/W ACACIA ROAD,2,13/03/2017 07:20:00 AM,Monday,7.20,3 Bor,B,525,6 Single Cwy,2 30 MPH,3 T/Stag Jun,4 Give Way/Uncontrolled,C,0,0 No Xing Facility In 50m,1 Daylight,1 Fine,1 Road-Dry,0 None,0 None,527150,183700,-0.168034,51.537892,,,Unknown,"(51.537892, -0.168034)",http://opendatacommunities.org/id/london-borough-council/camden,6775,21/12/2020 02:48:39 PM
1180104677,CAMDEN,3 Pedestrian,2 Female,25-59,46,1,3 Slight,10 Unknown,1 From Drivers N/Side,1 Pedestrian,SHORTS GARDENS J/W NEAL STREET,1,28/04/2018 12:30:00 PM,Saturday,12.30,3 Bor,Unclassified,0,2 One-Way St,2 30 MPH,3 T/Stag Jun,4 Give Way/Uncontrolled,Unclassified,0,0 No Xing Facility In 50m,1 Daylight,1 Fine,2 Road-Wet,0 None,0 None,530140,181160,-0.125884,51.514385,,,Unknown,"(51.514385, -0.125884)",http://opendatacommunities.org/id/london-borough-council/camden,7939,21/12/2020 02:48:41 PM
1190226831,CAMDEN,3 PEDESTRIAN,1 MALE,25-59,48,1,2 SERIOUS,05 CROSSING ROAD (NOT ON XING),'-2 NOT APPLICABLE,1 PEDESTRIAN,"On TOTTENHAM COURT ROAD W1, near the junction with GRAFTON WAY W1.",1,23/12/2019 01:09:00 PM,Monday,13.09,3 BOR,A,400,6 SINGLE CWY,20,06 CROSSROADS,2 AUTO SIG,5,0,5 PEDN PHASE AT ATS,2 DAYLIGHT,1 FINE,1 ROAD-DRY,0 NONE,0 NONE,529326,182176,-0.137236,51.523703,,,Unknown,"(51.523703, -0.137236)",http://opendatacommunities.org/id/london-borough-council/camden,9647,21/12/2020 02:48:45 PM
1170059959,CAMDEN,3 Pedestrian,1 Male,16-24,21,1,2 Serious,05 Crossing Road (Not On Xing),1 From Drivers N/Side,1 Pedestrian,KINGSWAY ROAD WC2 J/W REMNANT STREET WC2,1,19/09/2017 06:18:00 PM,Tuesday,18.18,3 Bor,A,4200,3 Dual Cwy,2 30 MPH,6 Crossroads,2 Auto Sig,B,402,0 No Xing Facility In 50m,1 Daylight,1 Fine,1 Road-Dry,0 None,0 None,530570,181370,-0.119613,51.516173,,,Unknown,"(51.516173, -0.119613)",http://opendatacommunities.org/id/london-borough-council/camden,7332,21/12/2020 02:48:40 PM
0115CW11692,CAMDEN,1 Driver/Rider,1 Male,25-59,41,1,3 Slight,-2 Unknown,-2 N/A,5 Taxi,TOTTENHAM COURT ROAD J/W OXFORD STREET,2,13/11/2015 04:50:00 AM,Friday,4.50,3 Bor,A,40,6 Single Cwy,2 30 MPH,6 Crossroads,2 Auto Sig,A,40,5 Pedn Phase At Ats,2 Dark,1 Fine,1 Road-Dry,0 None,0 None,529820,181370,-0.130416,51.516346,,,Unknown,"(51.516346, -0.130416)",http://opendatacommunities.org/id/london-borough-council/camden,4582,21/12/2020 02:48:35 PM
1190187932,CAMDEN,1 DRIVER/RIDER,1 MALE,U,,1,3 SLIGHT,'-2 NOT APPLICABLE,'-2 NOT APPLICABLE,4 CAR,"ON YORK WAY, NEAR THE JUNCTION WITH COPENHAGEN STREET.",2,08/06/2019 11:18:00 PM,Saturday,23.18,3 BOR,A,5200,6 SINGLE CWY,20,06 CROSSROADS,2 AUTO SIG,B,154,5 PEDN PHASE AT ATS,1 DARK,9 UNKNOWN,1 ROAD-DRY,0 NONE,0 NONE,530312,183681,-0.122475,51.537001,,,Unknown,"(51.537001, -0.122475)",http://opendatacommunities.org/id/london-borough-council/camden,9109,21/12/2020 02:48:44 PM
0116EK40597,CAMDEN,3 Pedestrian,2 Female,16-24,17,1,3 Slight,04 Crossing Road Within 50m Xing,4 From Drivers O/Side Msk,1 Pedestrian,GORDON HOUSE ROAD J/W OAK VILLAGE.,1,17/08/2016 04:25:00 PM,Wednesday,16.25,3 Bor,B,518,6 Single Cwy,1 <= 20 MPH,3 T/Stag Jun,4 Give Way/Uncontrolled,Unclassified,0,4 Pelican Or Similar,1 Daylight,1 Fine,1 Road-Dry,0 None,0 None,528260,185620,-0.151339,51.554896,,,Unknown,"(51.554896, -0.151339)",http://opendatacommunities.org/id/london-borough-council/camden,6479,21/12/2020 02:48:39 PM
0115EK40146,CAMDEN,3 Pedestrian,2 Female,60+,63,1,3 Slight,01 Crossing Road On Ped Xing,4 From Drivers O/Side Msk,1 Pedestrian,EUSTON ROAD J/W EVERSHOLT STREET,1,03/01/2015 09:29:00 AM,Saturday,9.29,1 TLRN,A,501,6 Single Cwy,2 30 MPH,6 Crossroads,2 Auto Sig,A,4200,5 Pedn Phase At Ats,1 Daylight,2 Raining,2 Road-Wet,0 None,0 None,529750,182590,-0.130975,51.527326,,,Unknown,"(51.527326, -0.130975)",http://opendatacommunities.org/id/london-borough-council/camden,4693,21/12/2020 02:48:36 PM
1190212517,CAMDEN,1 DRIVER/RIDER,2 FEMALE,25-59,43,1,2 SERIOUS,'-2 NOT APPLICABLE,'-2 NOT APPLICABLE,3 POWERED 2 WHEELER,"On Finchley Road, 45 metres south of the junction with Cannon Hill.",2,18/10/2019 08:38:00 AM,Friday,8.38,1 TLRN,A,41,3 DUAL CWY,40,00 NO JUN IN 20M,,0,0,0 NO XING FACILITY IN 50M,2 DAYLIGHT,1 FINE,2 ROAD-WET,0 NONE,0 NONE,525628,185421,-0.189354,51.5537,,,Unknown,"(51.5537, -0.189354)",http://opendatacommunities.org/id/london-borough-council/camden,9451,21/12/2020 02:48:44 PM
0116EK40425,CAMDEN,1 Driver/Rider,1 Male,25-59,45,1,3 Slight,-2 Unknown,-2 N/A,2 Pedal Cycle,EVERSHOLT STREET J/W DORIC WAY,2,18/06/2016 12:30:00 PM,Saturday,12.30,3 Bor,A,4200,6 Single Cwy,1 <= 20 MPH,3 T/Stag Jun,4 Give Way/Uncontrolled,Unclassified,0,4 Pelican Or Similar,1 Daylight,1 Fine,1 Road-Dry,0 None,0 None,529650,182740,-0.132361,51.528697,,,Unknown,"(51.528697, -0.132361)",http://opendatacommunities.org/id/london-borough-council/camden,6342,21/12/2020 02:48:38 PM
1170061263,CAMDEN,3 Pedestrian,1 Male,25-59,30,1,3 Slight,10 Unknown,9 Unknown Or Other,1 Pedestrian,CHALK FARM ROAD 23M W OF J/W FERDINAND STREET,1,07/09/2017 06:30:00 PM,Thursday,18.30,3 Bor,A,502,9 Unknown,2 30 MPH,0 No Jun In 20m,-2 Not Applicable,-2 Not Applicable,0,0 No Xing Facility In 50m,1 Daylight,9 Unknown,9 Unknown (S/R),9 Unknown (S/R),9 Unknown (S/R),528440,184290,-0.149229,51.542903,,,Unknown,"(51.542903, -0.149229)",http://opendatacommunities.org/id/london-borough-council/camden,7351,21/12/2020 02:48:40 PM
0116EK40394,CAMDEN,1 Driver/Rider,1 Male,25-59,44,1,3 Slight,-2 Unknown,-2 N/A,3 Powered 2 Wheeler,CAMDEN ROAD J/W ROCHESTER SQUARE,2,05/06/2016 01:00:00 PM,Sunday,13.00,1 TLRN,A,503,6 Single Cwy,2 30 MPH,3 T/Stag Jun,4 Give Way/Uncontrolled,Unclassified,0,0 No Xing Facility In 50m,1 Daylight,1 Fine,1 Road-Dry,0 None,0 None,529320,184390,-0.13651,51.543601,,,Unknown,"(51.543601, -0.13651)",http://opendatacommunities.org/id/london-borough-council/camden,6311,21/12/2020 02:48:38 PM
1180121530,CAMDEN,3 Pedestrian,1 Male,60+,66,1,3 Slight,04 Crossing Road Within 50m Xing,3 From Drivers O/Side,1 Pedestrian,CAMDEN HIGH STREET 100M S OF J/W DELANCY STREET,1,17/07/2018 11:15:00 AM,Tuesday,11.15,1 TLRN,A,502,2 One-Way St,1 <= 20 MPH,0 No Jun In 20m,-2 Not Applicable,-2 Not Applicable,0,4 Pelican Or Similar,1 Daylight,1 Fine,1 Road-Dry,0 None,0 None,529050,183610,-0.140687,51.536653,,,Unknown,"(51.536653, -0.140687)",http://opendatacommunities.org/id/london-borough-council/camden,8185,21/12/2020 02:48:42 PM
0115EK40540,CAMDEN,2 Passenger,1 Male,25-59,26,1,3 Slight,-2 Unknown,-2 N/A,4 Car,CAMDEN PARK ROAD J/W CLIFF VILLAS,2,05/07/2015 01:25:00 PM,Sunday,13.25,3 Bor,A,5200,6 Single Cwy,2 30 MPH,3 T/Stag Jun,4 Give Way/Uncontrolled,Unclassified,0,0 No Xing Facility In 50m,1 Daylight,1 Fine,1 Road-Dry,0 None,0 None,529920,184700,-0.127748,51.546249,,,Unknown,"(51.546249, -0.127748)",http://opendatacommunities.org/id/london-borough-council/camden,5028,21/12/2020 02:48:36 PM
1180140549,CAMDEN,2 Passenger,1 Male,Unknown,0,1,3 Slight,-2 Unknown,-2 N/A,4 Car,PANCRAS SQUARE 25M E OF J/W GOODS WAY,1,21/10/2018 05:15:00 PM,Sunday,17.15,3 Bor,Unclassified,0,6 Single Cwy,2 30 MPH,0 No Jun In 20m,-2 Not Applicable,-2 Not Applicable,0,1 Zebra,1 Daylight,1 Fine,1 Road-Dry,0 None,0 None,530140,183350,-0.125076,51.534066,,,Unknown,"(51.534066, -0.125076)",http://opendatacommunities.org/id/london-borough-council/camden,8455,21/12/2020 02:48:43 PM
0115EK40803,CAMDEN,1 Driver/Rider,1 Male,16-24,23,1,3 Slight,-2 Unknown,-2 N/A,2 Pedal Cycle,PRINCE OF WALES J/W MALDEN ROAD.,2,15/09/2015 06:25:00 PM,Tuesday,18.25,3 Bor,C,0,6 Single Cwy,2 30 MPH,6 Crossroads,2 Auto Sig,B,517,5 Pedn Phase At Ats,1 Daylight,1 Fine,1 Road-Dry,0 None,0 None,528320,184620,-0.150838,51.545896,,,Unknown,"(51.545896, -0.150838)",http://opendatacommunities.org/id/london-borough-council/camden,5262,21/12/2020 02:48:37 PM
1190170994,CAMDEN,3 PEDESTRIAN,1 MALE,0-15,4,1,3 SLIGHT,08 IN CENTRE OF CARRIAGEWAY,1 FROM DRIVERS N/SIDE,1 PEDESTRIAN,"On HAVERSTOCK HILL, near the junction with ADELAIDE ROAD.",1,24/03/2019 04:15:00 PM,Sunday,16.15,3 BOR,A,502,6 SINGLE CWY,20,09 OTHER JUN,2 AUTO SIG,6,0,5 PEDN PHASE AT ATS,2 DAYLIGHT,1 FINE,1 ROAD-DRY,0 NONE,0 NONE,527651,184814,-0.160411,51.547791,,,Unknown,"(51.547791, -0.160411)",http://opendatacommunities.org/id/london-borough-council/camden,8870,21/12/2020 02:48:43 PM
0116EK40014,CAMDEN,1 Driver/Rider,2 Female,16-24,24,1,3 Slight,-2 Unknown,-2 N/A,4 Car,HEATH STREET J/W NEW END,2,23/01/2016 02:00:00 AM,Saturday,2.00,3 Bor,A,502,6 Single Cwy,2 30 MPH,3 T/Stag Jun,4 Give Way/Uncontrolled,Unclassified,0,1 Zebra,2 Dark,1 Fine,1 Road-Dry,0 None,0 None,526360,186010,-0.17859,51.55883,,,Unknown,"(51.55883, -0.17859)",http://opendatacommunities.org/id/london-borough-council/camden,5993,21/12/2020 02:48:38 PM
1170047982,CAMDEN,1 Driver/Rider,1 Male,25-59,38,1,3 Slight,-2 Unknown,-2 N/A,4 Car,GRAYS INN ROAD J/W CALEDONIAN ROAD,2,16/07/2017 12:42:00 PM,Sunday,12.42,1 TLRN,A,501,6 Single Cwy,2 30 MPH,9 Other Jun,2 Auto Sig,A,5203,1 Zebra,1 Daylight,9 Unknown,1 Road-Dry,0 None,0 None,530400,182960,-0.121474,51.530502,,,Unknown,"(51.530502, -0.121474)",http://opendatacommunities.org/id/london-borough-council/camden,7144,21/12/2020 02:48:40 PM
1180101085,CAMDEN,3 Pedestrian,1 Male,25-59,27,1,2 Serious,05 Crossing Road (Not On Xing),1 From Drivers N/Side,1 Pedestrian,OUTER CIRCLE 30M N OF J/W GLOUCESTER GATE,1,11/04/2018 07:16:00 AM,Wednesday,7.16,3 Bor,Unclassified,0,3 Dual Cwy,1 <= 20 MPH,0 No Jun In 20m,-2 Not Applicable,-2 Not Applicable,0,0 No Xing Facility In 50m,1 Daylight,2 Raining,2 Road-Wet,0 None,0 None,528570,183390,-0.147684,51.534785,,,Unknown,"(51.534785, -0.147684)",http://opendatacommunities.org/id/london-borough-council/camden,7880,21/12/2020 02:48:41 PM
1170046545,CAMDEN,3 Pedestrian,2 Female,60+,61,1,3 Slight,08 In Centre Of Carriageway,1 From Drivers N/Side,1 Pedestrian,AGAR GROVE J/W MURRAY STREET,1,04/07/2017 01:20:00 PM,Tuesday,13.20,3 Bor,C,0,6 Single Cwy,1 <= 20 MPH,7 Multi Jun,4 Give Way/Uncontrolled,C,0,4 Pelican Or Similar,1 Daylight,1 Fine,1 Road-Dry,0 None,0 None,529670,184330,-0.131487,51.542982,,,Unknown,"(51.542982, -0.131487)",http://opendatacommunities.org/id/london-borough-council/camden,7118,21/12/2020 02:48:40 PM
1170067385,CAMDEN,2 Passenger,1 Male,0-15,0,1,2 Serious,-2 Unknown,-2 N/A,5 Taxi,EUSTON ROAD FLYOVER J/W HAMPSTEAD ROAD,2,31/10/2017 04:13:00 PM,Tuesday,16.13,1 TLRN,A,501,3 Dual Cwy,1 <= 20 MPH,6 Crossroads,2 Auto Sig,A,400,4 Pelican Or Similar,1 Daylight,1 Fine,1 Road-Dry,0 None,0 None,529240,182330,-0.138418,51.525106,,,Unknown,"(51.525106, -0.138418)",http://opendatacommunities.org/id/london-borough-council/camden,7471,21/12/2020 02:48:40 PM
1170016327,CAMDEN,1 Driver/Rider,1 Male,25-59,47,1,3 Slight,-2 Unknown,-2 N/A,4 Car,OSENEY CRESCENT NW5 J/W BARTHOMLEW ROAD NW5,2,05/02/2017 03:05:00 PM,Sunday,15.05,3 Bor,Unclassified,0,6 Single Cwy,1 <= 20 MPH,6 Crossroads,4 Give Way/Uncontrolled,Unclassified,0,0 No Xing Facility In 50m,1 Daylight,1 Fine,1 Road-Dry,0 None,0 None,529399,184840,-0.135206,51.547627,,,Unknown,"(51.547627, -0.135206)",http://opendatacommunities.org/id/london-borough-council/camden,6646,21/12/2020 02:48:39 PM
1170073274,CAMDEN,1 Driver/Rider,1 Male,16-24,24,1,3 Slight,-2 Unknown,-2 N/A,3 Powered 2 Wheeler,THEOBALDS ROAD J/W HARPUR STREET,2,27/11/2017 04:33:00 PM,Monday,16.33,3 Bor,A,401,3 Dual Cwy,1 <= 20 MPH,3 T/Stag Jun,1 Auth Person,A,401,1 Zebra,2 Dark,1 Fine,1 Road-Dry,0 None,0 None,530630,181810,-0.118586,51.520114,,,Unknown,"(51.520114, -0.118586)",http://opendatacommunities.org/id/london-borough-council/camden,7554,21/12/2020 02:48:41 PM
0115EK41006,CAMDEN,1 Driver/Rider,1 Male,25-59,29,1,3 Slight,-2 Unknown,-2 N/A,4 Car,FORTUNE GREEN ROAD J/W ACHILLES ROAD.,2,14/11/2015 01:39:00 AM,Saturday,1.39,3 Bor,B,510,6 Single Cwy,2 30 MPH,3 T/Stag Jun,4 Give Way/Uncontrolled,Unclassified,0,0 No Xing Facility In 50m,2 Dark,1 Fine,1 Road-Dry,0 None,0 None,525130,185450,-0.196523,51.554071,,,Unknown,"(51.554071, -0.196523)",http://opendatacommunities.org/id/london-borough-council/camden,5431,21/12/2020 02:48:37 PM
1180106750,CAMDEN,3 Pedestrian,1 Male,60+,60,1,3 Slight,05 Crossing Road (Not On Xing),9 Unknown Or Other,1 Pedestrian,EVERSHOLT STREET J/W GRAFTON PLACE,1,09/05/2018 08:50:00 AM,Wednesday,8.50,3 Bor,A,4200,6 Single Cwy,1 <= 20 MPH,6 Crossroads,2 Auto Sig,C,0,5 Pedn Phase At Ats,1 Daylight,1 Fine,1 Road-Dry,2 Traf Sig Def,0 None,529700,182670,-0.131666,51.528056,,,Unknown,"(51.528056, -0.131666)",http://opendatacommunities.org/id/london-borough-council/camden,7972,21/12/2020 02:48:42 PM
0115EK40870,CAMDEN,1 Driver/Rider,1 Male,25-59,39,1,3 Slight,-2 Unknown,-2 N/A,2 Pedal Cycle,FARRIER STREET 23M W OF ROYAL COLLEGE STREET,2,02/10/2015 12:48:00 PM,Friday,12.48,3 Bor,Unclassified,0,6 Single Cwy,2 30 MPH,0 No Jun In 20m,-2 Not Applicable,-2 Not Applicable,0,0 No Xing Facility In 50m,1 Daylight,1 Fine,1 Road-Dry,0 None,0 None,529040,184400,-0.140542,51.543755,,,Unknown,"(51.543755, -0.140542)",http://opendatacommunities.org/id/london-borough-council/camden,5317,21/12/2020 02:48:37 PM
1190198838,CAMDEN,1 DRIVER/RIDER,1 MALE,25-59,44,1,3 SLIGHT,'-2 NOT APPLICABLE,'-2 NOT APPLICABLE,3 POWERED 2 WHEELER,"On Hampstead Road, 50 metres north of the junction with CARDINGTON STREET, NW1.",2,10/08/2019 01:20:00 PM,Saturday,13.20,1 TLRN,A,400,6 SINGLE CWY,20,00 NO JUN IN 20M,,0,0,4 PELICAN OR SIMILAR,2 DAYLIGHT,1 FINE,1 ROAD-DRY,0 NONE,0 NONE,529219,182633,-0.13861,51.527834,,,Unknown,"(51.527834, -0.13861)",http://opendatacommunities.org/id/london-borough-council/camden,9265,21/12/2020 02:48:44 PM
1190213927,CAMDEN,1 DRIVER/RIDER,2 FEMALE,25-59,28,1,3 SLIGHT,'-2 NOT APPLICABLE,'-2 NOT APPLICABLE,2 PEDAL CYCLE,"On Museum Street, 50 metres east of the junction with Little Russel St.",1,25/10/2019 01:35:00 PM,Friday,13.35,3 BOR,5,0,6 SINGLE CWY,20,00 NO JUN IN 20M,,0,0,0 NO XING FACILITY IN 50M,2 DAYLIGHT,1 FINE,1 ROAD-DRY,0 NONE,0 NONE,530170,181506,-0.125325,51.517488,,,Unknown,"(51.517488, -0.125325)",http://opendatacommunities.org/id/london-borough-council/camden,9467,21/12/2020 02:48:44 PM
1160006218,CAMDEN,3 Pedestrian,2 Female,25-59,40,1,3 Slight,05 Crossing Road (Not On Xing),3 From Drivers O/Side,1 Pedestrian,GRANARY SQUARE 50M S OF J/W GOODS ROAD,1,10/12/2016 12:01:00 AM,Saturday,0.01,3 Bor,Unclassified,0,6 Single Cwy,2 30 MPH,0 No Jun In 20m,-2 Not Applicable,-2 Not Applicable,0,0 No Xing Facility In 50m,2 Dark,1 Fine,1 Road-Dry,0 None,0 None,530100,183480,-0.125604,51.535244,,,Unknown,"(51.535244, -0.125604)",http://opendatacommunities.org/id/london-borough-council/camden,5757,21/12/2020 02:48:37 PM
1170072584,CAMDEN,3 Pedestrian,2 Female,25-59,38,1,3 Slight,09 In Road - Not Crossing,5 In Rd Not Crossing,1 Pedestrian,SOUTH END ROAD 10M S OF J/W KEATS GROVE,2,24/11/2017 04:15:00 PM,Friday,16.15,3 Bor,C,0,6 Single Cwy,1 <= 20 MPH,3 T/Stag Jun,4 Give Way/Uncontrolled,Unclassified,0,1 Zebra,2 Dark,1 Fine,1 Road-Dry,0 None,0 None,527197,185698,-0.166635,51.555838,,,Unknown,"(51.555838, -0.166635)",http://opendatacommunities.org/id/london-borough-council/camden,7543,21/12/2020 02:48:41 PM
1180109689,CAMDEN,1 Driver/Rider,1 Male,25-59,39,1,3 Slight,-2 Unknown,-2 N/A,2 Pedal Cycle,BAYHAM STREET J/W PLENDER STREET,2,22/05/2018 06:45:00 PM,Tuesday,18.45,3 Bor,C,0,6 Single Cwy,1 <= 20 MPH,6 Crossroads,3 Stop Sign,Unclassified,0,0 No Xing Facility In 50m,1 Daylight,1 Fine,1 Road-Dry,0 None,0 None,529180,183560,-0.138832,51.536174,,,Unknown,"(51.536174, -0.138832)",http://opendatacommunities.org/id/london-borough-council/camden,8013,21/12/2020 02:48:42 PM
0115EK40592,CAMDEN,3 Pedestrian,2 Female,60+,70,1,3 Slight,01 Crossing Road On Ped Xing,3 From Drivers O/Side,1 Pedestrian,HEATH STREET J/W WEST HEATH ROAD,1,21/06/2015 03:00:00 PM,Sunday,15.00,3 Bor,A,502,6 Single Cwy,2 30 MPH,6 Crossroads,2 Auto Sig,C,0,5 Pedn Phase At Ats,1 Daylight,1 Fine,1 Road-Dry,0 None,0 None,526300,186260,-0.179365,51.56109,,,Unknown,"(51.56109, -0.179365)",http://opendatacommunities.org/id/london-borough-council/camden,5078,21/12/2020 02:48:36 PM
1160000236,CAMDEN,3 Pedestrian,1 Male,16-24,23,1,3 Slight,02 Crossing Road In Zig-Zag App,3 From Drivers O/Side,1 Pedestrian,FLEET ROAD J/W POND STREET,1,03/11/2016 10:25:00 AM,Thursday,10.25,3 Bor,B,518,2 One-Way St,1 <= 20 MPH,7 Multi Jun,4 Give Way/Uncontrolled,B,518,1 Zebra,1 Daylight,1 Fine,1 Road-Dry,0 None,0 None,527330,185500,-0.164789,51.554028,,,Unknown,"(51.554028, -0.164789)",http://opendatacommunities.org/id/london-borough-council/camden,5640,21/12/2020 02:48:37 PM
1180123579,CAMDEN,3 Pedestrian,2 Female,25-59,31,1,2 Serious,01 Crossing Road On Ped Xing,9 Unknown Or Other,1 Pedestrian,EUSTON ROAD J/W GOWER STREET,1,27/07/2018 07:25:00 AM,Friday,7.25,1 TLRN,A,501,3 Dual Cwy,1 <= 20 MPH,7 Multi Jun,2 Auto Sig,A,400,5 Pedn Phase At Ats,1 Daylight,1 Fine,1 Road-Dry,0 None,0 None,529440,182390,-0.135515,51.5256,,,Unknown,"(51.5256, -0.135515)",http://opendatacommunities.org/id/london-borough-council/camden,8207,21/12/2020 02:48:42 PM
1180120125,CAMDEN,1 Driver/Rider,1 Male,25-59,36,1,3 Slight,-2 Unknown,-2 N/A,3 Powered 2 Wheeler,CAMDEN ROAD 100M S OF J/W CANTELLOWES RD,2,10/07/2018 07:20:00 PM,Tuesday,19.20,1 TLRN,A,503,6 Single Cwy,2 30 MPH,0 No Jun In 20m,-2 Not Applicable,-2 Not Applicable,0,4 Pelican Or Similar,1 Daylight,1 Fine,1 Road-Dry,0 None,0 None,529580,184670,-0.132659,51.546058,,,Unknown,"(51.546058, -0.132659)",http://opendatacommunities.org/id/london-borough-council/camden,8164,21/12/2020 02:48:42 PM
0116QK50639,CAMDEN,1 Driver/Rider,1 Male,25-59,34,1,3 Slight,-2 Unknown,-2 N/A,2 Pedal Cycle,"KILBURN HIGH ROAD, J/W THE TERRACE",2,23/07/2016 02:42:00 PM,Saturday,14.42,3 Bor,A,5,6 Single Cwy,2 30 MPH,3 T/Stag Jun,4 Give Way/Uncontrolled,Unclassified,0,4 Pelican Or Similar,1 Daylight,9 Unknown,1 Road-Dry,0 None,0 None,525140,183980,-0.196901,51.540858,,,Unknown,"(51.540858, -0.196901)",http://opendatacommunities.org/id/london-borough-council/camden,6554,21/12/2020 02:48:39 PM
0115EK40660,CAMDEN,1 Driver/Rider,1 Male,25-59,52,1,3 Slight,-2 Unknown,-2 N/A,2 Pedal Cycle,EVERSHOLT STREET 40M SE OF HAMPSTEAD ROAD,1,03/08/2015 04:55:00 PM,Monday,16.55,3 Bor,A,4200,6 Single Cwy,2 30 MPH,0 No Jun In 20m,-2 Not Applicable,-2 Not Applicable,0,0 No Xing Facility In 50m,1 Daylight,1 Fine,1 Road-Dry,0 None,0 None,529220,183340,-0.138336,51.534188,,,Unknown,"(51.534188, -0.138336)",http://opendatacommunities.org/id/london-borough-council/camden,5131,21/12/2020 02:48:36 PM
1170063774,CAMDEN,1 Driver/Rider,1 Male,25-59,25,1,3 Slight,-2 Unknown,-2 N/A,4 Car,ETON ROAD J/W ADEALIDE ROAD,2,09/09/2017 09:29:00 PM,Saturday,21.29,3 Bor,B,509,9 Unknown,2 30 MPH,3 T/Stag Jun,9 Unknown (S/R),Unclassified,0,0 No Xing Facility In 50m,2 Dark,9 Unknown,9 Unknown (S/R),9 Unknown (S/R),9 Unknown (S/R),527720,184380,-0.159574,51.543875,,,Unknown,"(51.543875, -0.159574)",http://opendatacommunities.org/id/london-borough-council/camden,7401,21/12/2020 02:48:40 PM
0115EK40964,CAMDEN,1 Driver/Rider,1 Male,25-59,30,1,3 Slight,-2 Unknown,-2 N/A,2 Pedal Cycle,N.F.L EVERSHOLT STREET 22M SE OF DRUMMOND CRESCENT,2,24/10/2015 11:15:00 PM,Saturday,23.15,3 Bor,A,4200,6 Single Cwy,2 30 MPH,0 No Jun In 20m,-2 Not Applicable,-2 Not Applicable,0,0 No Xing Facility In 50m,2 Dark,1 Fine,2 Road-Wet,0 None,0 None,529590,182820,-0.133196,51.52943,,,Unknown,"(51.52943, -0.133196)",http://opendatacommunities.org/id/london-borough-council/camden,5390,21/12/2020 02:48:37 PM
0115EK40863,CAMDEN,3 Pedestrian,2 Female,16-24,21,1,3 Slight,01 Crossing Road On Ped Xing,1 From Drivers N/Side,1 Pedestrian,TAVISTOCK SQUARE J/W BEDFORD WAY,1,01/10/2015 10:00:00 AM,Thursday,10.00,3 Bor,C,0,6 Single Cwy,2 30 MPH,6 Crossroads,2 Auto Sig,C,0,5 Pedn Phase At Ats,1 Daylight,1 Fine,1 Road-Dry,0 None,0 None,529890,182260,-0.12908,51.524328,,,Unknown,"(51.524328, -0.12908)",http://opendatacommunities.org/id/london-borough-council/camden,5311,21/12/2020 02:48:37 PM
1190224546,CAMDEN,3 PEDESTRIAN,2 FEMALE,60+,67,1,2 SERIOUS,04 CROSSING ROAD WITHIN 50M XING,9 UNKNOWN OR OTHER,1 PEDESTRIAN,"On Kentish Town Road, 60 metres south of the junction with Gaisford street.",1,12/12/2019 02:20:00 PM,Thursday,14.20,3 BOR,A,400,3 DUAL CWY,20,00 NO JUN IN 20M,,0,0,4 PELICAN OR SIMILAR,2 DAYLIGHT,5 RAINING/HIGH WINDS,2 ROAD-WET,0 NONE,0 NONE,528979,184858,-0.141253,51.547885,,,Unknown,"(51.547885, -0.141253)",http://opendatacommunities.org/id/london-borough-council/camden,9613,21/12/2020 02:48:45 PM
1190167007,CAMDEN,1 DRIVER/RIDER,2 FEMALE,25-59,28,1,3 SLIGHT,'-2 NOT APPLICABLE,'-2 NOT APPLICABLE,2 PEDAL CYCLE,Location uncertain Bloomsbury Square,2,05/03/2019 09:00:00 AM,Tuesday,9.00,3 BOR,A,401,3 DUAL CWY,20,03 T/STAG JUN,4 GIVE WAY/UNCONTROLLED,6,0,4 PELICAN OR SIMILAR,2 DAYLIGHT,1 FINE,1 ROAD-DRY,0 NONE,0 NONE,530396,181639,-0.12202,51.518631,,,Unknown,"(51.518631, -0.12202)",http://opendatacommunities.org/id/london-borough-council/camden,8821,21/12/2020 02:48:43 PM
1190186770,CAMDEN,1 DRIVER/RIDER,1 MALE,25-59,44,2,3 SLIGHT,'-2 NOT APPLICABLE,'-2 NOT APPLICABLE,3 POWERED 2 WHEELER,"On Tottenham Court Road, 50 metres north of the junction with TORRINGTON PLACE.",1,12/06/2019 08:45:00 AM,Wednesday,8.45,3 BOR,A,400,6 SINGLE CWY,20,00 NO JUN IN 20M,,0,0,0 NO XING FACILITY IN 50M,2 DAYLIGHT,1 FINE,1 ROAD-DRY,0 NONE,0 NONE,529448,181975,-0.135552,51.521868,,,Unknown,"(51.521868, -0.135552)",http://opendatacommunities.org/id/london-borough-council/camden,9087,21/12/2020 02:48:44 PM