Reference,London Borough Name,Casualty Class,Casualty Sex,Casualty Age Band,Casualty Age,Number Of Casualties,Casualty Severity,Pedestrian Location,Pedestrian Movement,Mode Of Travel,Attendant Location,Number Of Vehicles,Date,Day,Time,Highway,Road Class 1,Road Number 1,Road Type,Speed Limit,Junction Detail,Junction Control,Road Class 2,Road Number 2,Pedestrian Crossing,Light Condition Band,Weather,Road Surface,Special Conditions,Carriage Way Hazard,Easting,Northing,Longitude,Latitude,Ward Code,Ward Name,Spatial Accuracy,Location,Organisation URI,Socrata ID,Last Uploaded
0115EK40979,CAMDEN,1 Driver/Rider,1 Male,25-59,34,1,3 Slight,-2 Unknown,-2 N/A,4 Car,CAMDEN ROAD J/W ROCHESTER PLACE.,2,04/11/2015 05:10:00 PM,Wednesday,17.10,1 TLRN,A,503,6 Single Cwy,2 30 MPH,3 T/Stag Jun,4 Give Way/Uncontrolled,Unclassified,0,5 Pedn Phase At Ats,2 Dark,1 Fine,1 Road-Dry,0 None,0 None,529280,184330,-0.137108,51.543071,,,Unknown,"(51.543071, -0.137108)",http://opendatacommunities.org/id/london-borough-council/camden,5410,21/12/2020 02:48:37 PM
0115EK40210,CAMDEN,1 Driver/Rider,1 Male,60+,71,1,3 Slight,-2 Unknown,-2 N/A,4 Car,ARKWRIGHT ROAD J/W FROGNAL,2,07/03/2015 07:50:00 PM,Saturday,19.50,3 Bor,C,0,6 Single Cwy,2 30 MPH,6 Crossroads,4 Give Way/Uncontrolled,Unclassified,0,0 No Xing Facility In 50m,1 Daylight,1 Fine,1 Road-Dry,0 None,0 None,526230,185230,-0.180744,51.551849,,,Unknown,"(51.551849, -0.180744)",http://opendatacommunities.org/id/london-borough-council/camden,4742,21/12/2020 02:48:36 PM
1190211202,CAMDEN,1 DRIVER/RIDER,1 MALE,25-59,43,1,3 SLIGHT,'-2 NOT APPLICABLE,'-2 NOT APPLICABLE,3 POWERED 2 WHEELER,"On Hampstead High Street, near the junction with Spencer Walk.",2,13/10/2019 03:50:00 AM,Saturday,3.50,3 BOR,A,502,6 SINGLE CWY,20,03 T/STAG JUN,4 GIVE WAY/UNCONTROLLED,6,0,1 ZEBRA,2 DAYLIGHT,2 RAINING,2 ROAD-WET,0 NONE,0 NONE,526458,185699,-0.177289,51.556013,,,Unknown,"(51.556013, -0.177289)",http://opendatacommunities.org/id/london-borough-council/camden,9423,21/12/2020 02:48:44 PM
1170067039,CAMDEN,1 Driver/Rider,1 Male,25-59,32,1,3 Slight,-2 Unknown,-2 N/A,3 Powered 2 Wheeler,A5 J/W BRONDESBURY VILLAS,2,29/10/2017 02:17:00 PM,Sunday,14.17,3 Bor,A,5,6 Single Cwy,2 30 MPH,3 T/Stag Jun,4 Give Way/Uncontrolled,Unclassified,0,0 No Xing Facility In 50m,1 Daylight,1 Fine,1 Road-Dry,0 None,0 None,525400,183650,-0.193272,51.537834,,,Unknown,"(51.537834, -0.193272)",http://opendatacommunities.org/id/london-borough-council/camden,7461,21/12/2020 02:48:40 PM
0115EK40228,CAMDEN,1 Driver/Rider,1 Male,25-59,31,1,3 Slight,-2 Unknown,-2 N/A,2 Pedal Cycle,EUSTON ROAD J/W JUDD STREET,2,25/03/2015 09:07:00 AM,Wednesday,9.07,1 TLRN,A,501,3 Dual Cwy,4 50 MPH,6 Crossroads,2 Auto Sig,B,504,5 Pedn Phase At Ats,1 Daylight,1 Fine,1 Road-Dry,0 None,0 None,530090,182800,-0.125999,51.529135,,,Unknown,"(51.529135, -0.125999)",http://opendatacommunities.org/id/london-borough-council/camden,4760,21/12/2020 02:48:36 PM
0116EK40235,CAMDEN,3 Pedestrian,1 Male,25-59,53,1,3 Slight,05 Crossing Road (Not On Xing),1 From Drivers N/Side,1 Pedestrian,N.F.L WEST END LANE 22M SW OF MUTRIX ROAD,1,16/01/2016 07:15:00 PM,Saturday,19.15,3 Bor,Unclassified,0,6 Single Cwy,2 30 MPH,0 No Jun In 20m,-2 Not Applicable,-2 Not Applicable,0,0 No Xing Facility In 50m,2 Dark,1 Fine,1 Road-Dry,0 None,0 None,525440,183790,-0.192645,51.539083,,,Unknown,"(51.539083, -0.192645)",http://opendatacommunities.org/id/london-borough-council/camden,6174,21/12/2020 02:48:38 PM
1180116098,CAMDEN,1 Driver/Rider,1 Male,16-24,23,1,3 Slight,-2 Unknown,-2 N/A,2 Pedal Cycle,ROYAL COLLEGE STREET 30M W OF J/W CAMDEN ROAD,2,22/06/2018 04:20:00 PM,Friday,16.20,3 Bor,A,5202,9 Unknown,2 30 MPH,0 No Jun In 20m,-2 Not Applicable,-2 Not Applicable,0,1 Zebra,1 Daylight,1 Fine,1 Road-Dry,0 None,0 None,529160,184220,-0.138878,51.54211,,,Unknown,"(51.54211, -0.138878)",http://opendatacommunities.org/id/london-borough-council/camden,8105,21/12/2020 02:48:42 PM
1180143755,CAMDEN,1 Driver/Rider,1 Male,25-59,38,1,3 Slight,-2 Unknown,-2 N/A,3 Powered 2 Wheeler,FINCHLEY ROAD J/W BURRARD ROAD,2,06/11/2018 04:29:00 PM,Tuesday,16.29,3 Bor,Unclassified,0,6 Single Cwy,2 30 MPH,6 Crossroads,2 Auto Sig,Unclassified,0,0 No Xing Facility In 50m,2 Dark,1 Fine,1 Road-Dry,0 None,0 None,525310,185590,-0.193878,51.555289,,,Unknown,"(51.555289, -0.193878)",http://opendatacommunities.org/id/london-borough-council/camden,8499,21/12/2020 02:48:43 PM
1170073402,CAMDEN,2 Passenger,1 Male,0-15,8,1,3 Slight,-2 Unknown,-2 N/A,4 Car,MILL LANE J/W ALDRED ROAD,2,28/11/2017 08:20:00 AM,Tuesday,8.20,3 Bor,C,0,3 Dual Cwy,1 <= 20 MPH,3 T/Stag Jun,4 Give Way/Uncontrolled,Unclassified,0,0 No Xing Facility In 50m,1 Daylight,1 Fine,1 Road-Dry,0 None,0 None,525200,185220,-0.195596,51.551988,,,Unknown,"(51.551988, -0.195596)",http://opendatacommunities.org/id/london-borough-council/camden,7558,21/12/2020 02:48:41 PM
1190173837,CAMDEN,3 PEDESTRIAN,1 MALE,25-59,40,1,3 SLIGHT,10 UNKNOWN OR OTHER,9 UNKNOWN OR OTHER,1 PEDESTRIAN,Location uncertain Oxford Street,1,07/04/2019 12:45:00 PM,Sunday,12.45,3 BOR,A,40,6 SINGLE CWY,30,06 CROSSROADS,2 AUTO SIG,A,400,5 PEDN PHASE AT ATS,2 DAYLIGHT,8 OTHER,1 ROAD-DRY,9 UNKNOWN (S/R),9 UNKNOWN (S/R),529799,181379,-0.130715,51.516432,,,Unknown,"(51.516432, -0.130715)",http://opendatacommunities.org/id/london-borough-council/camden,8912,21/12/2020 02:48:44 PM
1190178211,CAMDEN,1 DRIVER/RIDER,1 MALE,25-59,43,1,3 SLIGHT,'-2 NOT APPLICABLE,'-2 NOT APPLICABLE,2 PEDAL CYCLE,"On Camden Road, near the junction with CAMDEN ST.",2,01/05/2019 03:55:00 PM,Wednesday,15.55,1 TLRN,A,503,6 SINGLE CWY,20,06 CROSSROADS,2 AUTO SIG,A,400,5 PEDN PHASE AT ATS,2 DAYLIGHT,1 FINE,1 ROAD-DRY,0 NONE,0 NONE,529082,184029,-0.140072,51.540411,,,Unknown,"(51.540411, -0.140072)",http://opendatacommunities.org/id/london-borough-council/camden,8962,21/12/2020 02:48:44 PM
1170031603,CAMDEN,1 Driver/Rider,1 Male,25-59,46,1,3 Slight,-2 Unknown,-2 N/A,5 Taxi,KINGSWAY J/W GREAT QUEEN STREET,2,11/04/2017 10:30:00 AM,Tuesday,10.30,3 Bor,A,4200,3 Dual Cwy,1 <= 20 MPH,6 Crossroads,2 Auto Sig,B,402,1 Zebra,2 Dark,1 Fine,1 Road-Dry,0 None,0 None,530560,181390,-0.11975,51.516355,,,Unknown,"(51.516355, -0.11975)",http://opendatacommunities.org/id/london-borough-council/camden,6873,21/12/2020 02:48:39 PM
1180118312,CAMDEN,3 Pedestrian,1 Male,16-24,22,1,3 Slight,09 In Road - Not Crossing,7 In Rd Facing Traffic,1 Pedestrian,MILL LANE 20M E OF J/W RAVENSHAW STREET,1,02/07/2018 09:25:00 PM,Monday,21.25,3 Bor,C,0,6 Single Cwy,2 30 MPH,3 T/Stag Jun,4 Give Way/Uncontrolled,Unclassified,0,0 No Xing Facility In 50m,2 Dark,1 Fine,1 Road-Dry,0 None,0 None,524850,185134,-0.200672,51.551293,,,Unknown,"(51.551293, -0.200672)",http://opendatacommunities.org/id/london-borough-council/camden,8143,21/12/2020 02:48:42 PM
1160024365,CAMDEN,1 Driver/Rider,1 Male,25-59,42,1,3 Slight,-2 Unknown,-2 N/A,2 Pedal Cycle,PANCRAS ROAD J/W MIDLAND ROAD,3,13/10/2016 09:00:00 AM,Thursday,9.00,3 Bor,A,5202,2 One-Way St,2 30 MPH,3 T/Stag Jun,2 Auto Sig,Unclassified,0,5 Pedn Phase At Ats,1 Daylight,2 Raining,2 Road-Wet,0 None,0 None,529900,183280,-0.12856,51.533493,,,Unknown,"(51.533493, -0.12856)",http://opendatacommunities.org/id/london-borough-council/camden,5889,21/12/2020 02:48:38 PM
0115EK40347,CAMDEN,1 Driver/Rider,1 Male,25-59,39,1,3 Slight,-2 Unknown,-2 N/A,4 Car,HAWLEY ROAD J/W KENTISH TOWN ROAD,3,06/05/2015 03:40:00 PM,Wednesday,15.40,3 Bor,C,0,2 One-Way St,2 30 MPH,6 Crossroads,2 Auto Sig,A,400,5 Pedn Phase At Ats,1 Daylight,4 Fine/High Winds,2 Road-Wet,0 None,0 None,528953,184279,-0.14184,51.542687,,,Unknown,"(51.542687, -0.14184)",http://opendatacommunities.org/id/london-borough-council/camden,4856,21/12/2020 02:48:36 PM
1180090636,CAMDEN,3 Pedestrian,2 Female,25-59,47,1,2 Serious,05 Crossing Road (Not On Xing),1 From Drivers N/Side,1 Pedestrian,RODERICK ROAD 22M S OF J/W SAVERNAKE ROAD,1,16/02/2018 08:10:00 AM,Friday,8.10,3 Bor,Unclassified,0,6 Single Cwy,1 <= 20 MPH,0 No Jun In 20m,-2 Not Applicable,-2 Not Applicable,0,0 No Xing Facility In 50m,1 Daylight,1 Fine,1 Road-Dry,0 None,0 None,527770,185660,-0.158388,51.555367,,,Unknown,"(51.555367, -0.158388)",http://opendatacommunities.org/id/london-borough-council/camden,7755,21/12/2020 02:48:41 PM
0115EK40926,CAMDEN,1 Driver/Rider,1 Male,16-24,22,1,3 Slight,-2 Unknown,-2 N/A,3 Powered 2 Wheeler,TOTTENHAM COURT ROAD J/W BAYLEY STREET.,2,15/10/2015 11:38:00 PM,Thursday,23.38,3 Bor,A,400,2 One-Way St,1 <= 20 MPH,3 T/Stag Jun,2 Auto Sig,B,506,5 Pedn Phase At Ats,2 Dark,1 Fine,1 Road-Dry,0 None,0 None,529680,181610,-0.132344,51.518535,,,Unknown,"(51.518535, -0.132344)",http://opendatacommunities.org/id/london-borough-council/camden,5358,21/12/2020 02:48:37 PM
1180123557,CAMDEN,1 Driver/Rider,1 Male,60+,61,1,3 Slight,-2 Unknown,-2 N/A,3 Powered 2 Wheeler,GRAYS INN ROAD J/W ACTON STREET,2,27/07/2018 09:20:00 AM,Friday,9.20,1 TLRN,A,5200,2 One-Way St,1 <= 20 MPH,3 T/Stag Jun,9 Unknown (S/R),C,0,1 Zebra,1 Daylight,1 Fine,1 Road-Dry,0 None,0 None,530570,182700,-0.119121,51.528126,,,Unknown,"(51.528126, -0.119121)",http://opendatacommunities.org/id/london-borough-council/camden,8205,21/12/2020 02:48:42 PM
0115EK40847,CAMDEN,1 Driver/Rider,1 Male,25-59,37,1,3 Slight,-2 Unknown,-2 N/A,2 Pedal Cycle,GREAT QUEEN STREET 52M NE OF WILD STREET,2,28/09/2015 12:45:00 PM,Monday,12.45,3 Bor,B,402,6 Single Cwy,2 30 MPH,0 No Jun In 20m,-2 Not Applicable,-2 Not Applicable,0,0 No Xing Facility In 50m,1 Daylight,1 Fine,1 Road-Dry,0 None,0 None,530440,181260,-0.121527,51.515215,,,Unknown,"(51.515215, -0.121527)",http://opendatacommunities.org/id/london-borough-council/camden,5298,21/12/2020 02:48:37 PM
1180115313,CAMDEN,1 Driver/Rider,2 Female,25-59,56,1,2 Serious,-2 Unknown,-2 N/A,2 Pedal Cycle,TORRIANO AVENUE 30M N OF J/W LEIGHTON RAOD THE NEAREST CLASSIFIED,2,19/06/2018 12:22:00 PM,Tuesday,12.22,3 Bor,A,5200,2 One-Way St,1 <= 20 MPH,0 No Jun In 20m,-2 Not Applicable,-2 Not Applicable,0,0 No Xing Facility In 50m,1 Daylight,1 Fine,1 Road-Dry,0 None,0 None,529660,184920,-0.131414,51.548286,,,Unknown,"(51.548286, -0.131414)",http://opendatacommunities.org/id/london-borough-council/camden,8086,21/12/2020 02:48:42 PM
0115EK41058,CAMDEN,1 Driver/Rider,1 Male,25-59,31,1,3 Slight,-2 Unknown,-2 N/A,3 Powered 2 Wheeler,FORTESS ROAD J/W BELLINA MEWS.,1,29/11/2015 04:05:00 PM,Sunday,16.05,3 Bor,A,400,6 Single Cwy,2 30 MPH,3 T/Stag Jun,4 Give Way/Uncontrolled,Unclassified,0,0 No Xing Facility In 50m,1 Daylight,5 Raining/High Winds,2 Road-Wet,0 None,2 Other Object In Cwy,529030,185600,-0.140246,51.554541,,,Unknown,"(51.554541, -0.140246)",http://opendatacommunities.org/id/london-borough-council/camden,5472,21/12/2020 02:48:37 PM
1180137500,CAMDEN,1 Driver/Rider,1 Male,16-24,19,1,3 Slight,-2 Unknown,-2 N/A,4 Car,CAMDEN ROAD J/W ROYAL COLLEGE STREET,2,07/10/2018 07:28:00 PM,Sunday,19.28,1 TLRN,A,503,6 Single Cwy,1 <= 20 MPH,6 Crossroads,2 Auto Sig,A,5202,5 Pedn Phase At Ats,2 Dark,1 Fine,1 Road-Dry,0 None,0 None,529190,184180,-0.13846,51.541743,,,Unknown,"(51.541743, -0.13846)",http://opendatacommunities.org/id/london-borough-council/camden,8398,21/12/2020 02:48:42 PM
1170072044,CAMDEN,1 Driver/Rider,1 Male,25-59,45,1,3 Slight,-2 Unknown,-2 N/A,5 Taxi,CLERKENWELL ROAD J/W GRAYS INN ROAD,2,23/11/2017 02:23:00 AM,Thursday,2.23,3 Bor,A,401,6 Single Cwy,1 <= 20 MPH,6 Crossroads,2 Auto Sig,A,5200,4 Pelican Or Similar,2 Dark,5 Raining/High Winds,2 Road-Wet,0 None,0 None,530990,181970,-0.113341,51.521468,,,Unknown,"(51.521468, -0.113341)",http://opendatacommunities.org/id/london-borough-council/camden,7535,21/12/2020 02:48:41 PM
1170010668,CAMDEN,1 Driver/Rider,2 Female,25-59,45,1,3 Slight,-2 Unknown,-2 N/A,2 Pedal Cycle,THEOBALDS ROAD J/W KINGS MEWS,2,09/01/2017 03:10:00 PM,Monday,15.10,3 Bor,A,401,6 Single Cwy,1 <= 20 MPH,3 T/Stag Jun,9 Unknown (S/R),Unclassified,0,5 Pedn Phase At Ats,1 Daylight,2 Raining,2 Road-Wet,0 None,0 None,530950,181950,-0.113925,51.521298,,,Unknown,"(51.521298, -0.113925)",http://opendatacommunities.org/id/london-borough-council/camden,6565,21/12/2020 02:48:39 PM
0115EK40936,CAMDEN,1 Driver/Rider,1 Male,16-24,21,1,3 Slight,-2 Unknown,-2 N/A,3 Powered 2 Wheeler,"KING'S CROSS ROAD, 23 METRES SE OF PENTONVILLE ROAD.",2,08/09/2015 09:00:00 AM,Tuesday,9.00,1 TLRN,A,501,2 One-Way St,2 30 MPH,0 No Jun In 20m,-2 Not Applicable,-2 Not Applicable,0,5 Pedn Phase At Ats,1 Daylight,1 Fine,1 Road-Dry,0 None,6 Ped In Cwy (Not Inj),530530,183000,-0.119586,51.530831,,,Unknown,"(51.530831, -0.119586)",http://opendatacommunities.org/id/london-borough-council/camden,5367,21/12/2020 02:48:37 PM
0116EK40581,CAMDEN,1 Driver/Rider,1 Male,25-59,33,1,3 Slight,-2 Unknown,-2 N/A,2 Pedal Cycle,HAMPSTEAD ROAD J/W MORNINGTON CRESCENT.,2,11/08/2016 07:16:00 PM,Thursday,19.16,1 TLRN,A,400,6 Single Cwy,2 30 MPH,3 T/Stag Jun,4 Give Way/Uncontrolled,Unclassified,0,1 Zebra,1 Daylight,1 Fine,1 Road-Dry,0 None,0 None,529150,183350,-0.139341,51.534293,,,Unknown,"(51.534293, -0.139341)",http://opendatacommunities.org/id/london-borough-council/camden,6465,21/12/2020 02:48:39 PM
1190226556,CAMDEN,1 DRIVER/RIDER,1 MALE,25-59,25,1,3 SLIGHT,'-2 NOT APPLICABLE,'-2 NOT APPLICABLE,5 TAXI,"On Templewood Avenue, 25 metres west of the junction with West Heath Road .",2,21/12/2019 04:00:00 PM,Saturday,16.00,3 BOR,5,0,6 SINGLE CWY,20,00 NO JUN IN 20M,,0,0,0 NO XING FACILITY IN 50M,2 DAYLIGHT,2 RAINING,2 ROAD-WET,9 UNKNOWN (S/R),0 NONE,525900,186389,-0.185087,51.562338,,,Unknown,"(51.562338, -0.185087)",http://opendatacommunities.org/id/london-borough-council/camden,9644,21/12/2020 02:48:45 PM
1180138557,CAMDEN,1 Driver/Rider,1 Male,25-59,45,1,3 Slight,-2 Unknown,-2 N/A,5 Taxi,HAVERSTOCK HILL J/W ROWLAND HILL STREET,2,12/10/2018 11:02:00 AM,Friday,11.02,3 Bor,A,502,6 Single Cwy,1 <= 20 MPH,9 Other Jun,4 Give Way/Uncontrolled,Unclassified,0,0 No Xing Facility In 50m,1 Daylight,1 Fine,1 Road-Dry,0 None,0 None,527140,185310,-0.167597,51.552364,,,Unknown,"(51.552364, -0.167597)",http://opendatacommunities.org/id/london-borough-council/camden,8418,21/12/2020 02:48:43 PM
0115EK40254,CAMDEN,3 Pedestrian,1 Male,25-59,57,1,3 Slight,01 Crossing Road On Ped Xing,1 From Drivers N/Side,1 Pedestrian,ADELAIDE ROAD J/W BRIDGE APPROACH,1,12/03/2015 11:30:00 AM,Thursday,11.30,3 Bor,B,509,6 Single Cwy,2 30 MPH,3 T/Stag Jun,4 Give Way/Uncontrolled,Unclassified,0,1 Zebra,1 Daylight,1 Fine,1 Road-Dry,0 None,0 None,528060,184390,-0.15467,51.543888,,,Unknown,"(51.543888, -0.15467)",http://opendatacommunities.org/id/london-borough-council/camden,4783,21/12/2020 02:48:36 PM
0115EK41162,CAMDEN,1 Driver/Rider,1 Male,16-24,19,1,3 Slight,-2 Unknown,-2 N/A,3 Powered 2 Wheeler,EUSTON ROAD J/W CRESTFIELD STREET.,2,24/12/2015 05:05:00 PM,Thursday,17.05,1 TLRN,A,501,3 Dual Cwy,2 30 MPH,3 T/Stag Jun,4 Give Way/Uncontrolled,Unclassified,0,7 Footbridge Or Subway,2 Dark,1 Fine,1 Road-Dry,0 None,0 None,530280,182930,-0.123214,51.53026,,,Unknown,"(51.53026, -0.123214)",http://opendatacommunities.org/id/london-borough-council/camden,5562,21/12/2020 02:48:37 PM
0116EK40091,CAMDEN,1 Driver/Rider,1 Male,25-59,34,1,3 Slight,-2 Unknown,-2 N/A,3 Powered 2 Wheeler,QUEEN'S CRESCENT J/W BASSETT STREET,2,18/02/2016 07:45:00 PM,Thursday,19.45,3 Bor,Unclassified,0,6 Single Cwy,1 <= 20 MPH,3 T/Stag Jun,4 Give Way/Uncontrolled,Unclassified,0,0 No Xing Facility In 50m,2 Dark,1 Fine,1 Road-Dry,0 None,0 None,528210,185020,-0.152278,51.549516,,,Unknown,"(51.549516, -0.152278)",http://opendatacommunities.org/id/london-borough-council/camden,6050,21/12/2020 02:48:38 PM
0116EK40296,CAMDEN,2 Passenger,2 Female,16-24,24,1,3 Slight,-2 Unknown,-2 N/A,6 Bus Or Coach,KING'S CROSS BRIDGE J/W PENTONVILLE ROAD.,2,26/04/2016 08:30:00 AM,Tuesday,8.30,1 TLRN,A,5203,2 One-Way St,2 30 MPH,3 T/Stag Jun,2 Auto Sig,A,501,5 Pedn Phase At Ats,1 Daylight,1 Fine,1 Road-Dry,0 None,0 None,530430,182980,-0.121034,51.530674,,,Unknown,"(51.530674, -0.121034)",http://opendatacommunities.org/id/london-borough-council/camden,6232,21/12/2020 02:48:38 PM
1170071746,CAMDEN,1 Driver/Rider,1 Male,16-24,19,1,3 Slight,-2 Unknown,-2 N/A,3 Powered 2 Wheeler,KILBURN HIGH ROAD J/W MESSINA AVENUE,2,21/11/2017 10:33:00 AM,Tuesday,10.33,3 Bor,A,5,6 Single Cwy,2 30 MPH,9 Other Jun,4 Give Way/Uncontrolled,A,5,5 Pedn Phase At Ats,1 Daylight,4 Fine/High Winds,1 Road-Dry,0 None,0 None,525030,184120,-0.198437,51.54214,,,Unknown,"(51.54214, -0.198437)",http://opendatacommunities.org/id/london-borough-council/camden,7530,21/12/2020 02:48:41 PM
1190178173,CAMDEN,1 DRIVER/RIDER,1 MALE,25-59,31,1,3 SLIGHT,'-2 NOT APPLICABLE,'-2 NOT APPLICABLE,3 POWERED 2 WHEELER,"On Camden Road, near the junction with Royal College Street.",2,20/04/2019 10:20:00 PM,Saturday,22.20,1 TLRN,A,503,6 SINGLE CWY,30,06 CROSSROADS,9 UNKNOWN (S/R),A,5202,9 UNKNOWN (S/R),1 DARK,1 FINE,1 ROAD-DRY,0 NONE,0 NONE,529196,184184,-0.138372,51.541778,,,Unknown,"(51.541778, -0.138372)",http://opendatacommunities.org/id/london-borough-council/camden,8961,21/12/2020 02:48:44 PM
1170013058,CAMDEN,3 Pedestrian,2 Female,16-24,20,1,3 Slight,10 Unknown,9 Unknown Or Other,1 Pedestrian,WEST END LANE NW6 1QS 10M S OF J/W FAWLEY ROAD NW6,1,20/01/2017 02:50:00 PM,Friday,14.50,3 Bor,B,510,6 Single Cwy,2 30 MPH,3 T/Stag Jun,4 Give Way/Uncontrolled,Unclassified,0,1 Zebra,1 Daylight,1 Fine,1 Road-Dry,0 None,0 None,525493,185002,-0.191449,51.549964,,,Unknown,"(51.549964, -0.191449)",http://opendatacommunities.org/id/london-borough-council/camden,6600,21/12/2020 02:48:39 PM
1180120123,CAMDEN,2 Passenger,2 Female,16-24,17,1,3 Slight,-2 Unknown,-2 N/A,6 Bus Or Coach,EVERSHOLT STREET J/W LANCING STREET,1,10/07/2018 06:50:00 PM,Tuesday,18.50,3 Bor,A,4200,6 Single Cwy,1 <= 20 MPH,3 T/Stag Jun,4 Give Way/Uncontrolled,Unclassified,0,0 No Xing Facility In 50m,1 Daylight,1 Fine,1 Road-Dry,0 None,0 None,529670,182720,-0.13208,51.528513,,,Unknown,"(51.528513, -0.13208)",http://opendatacommunities.org/id/london-borough-council/camden,8162,21/12/2020 02:48:42 PM
1190196058,CAMDEN,1 DRIVER/RIDER,1 MALE,25-59,32,1,3 SLIGHT,'-2 NOT APPLICABLE,'-2 NOT APPLICABLE,4 CAR,"On Camden High Street, 25 metres west of the junction with Greenland Road .",2,26/07/2019 10:00:00 AM,Friday,10.00,1 TLRN,A,502,2 ONE-WAY ST,20,00 NO JUN IN 20M,,0,0,9 UNKNOWN (S/R),2 DAYLIGHT,2 RAINING,2 ROAD-WET,0 NONE,0 NONE,528921,183862,-0.142454,51.538947,,,Unknown,"(51.538947, -0.142454)",http://opendatacommunities.org/id/london-borough-council/camden,9230,21/12/2020 02:48:44 PM
1180143041,CAMDEN,1 Driver/Rider,1 Male,16-24,22,1,3 Slight,-2 Unknown,-2 N/A,2 Pedal Cycle,ROYAL COLLEGE STREET J/W GEORGIANA STREET,2,02/11/2018 12:00:00 PM,Friday,12.00,3 Bor,A,5202,2 One-Way St,1 <= 20 MPH,6 Crossroads,3 Stop Sign,Unclassified,0,1 Zebra,1 Daylight,1 Fine,1 Road-Dry,0 None,0 None,529300,183980,-0.136949,51.539921,,,Unknown,"(51.539921, -0.136949)",http://opendatacommunities.org/id/london-borough-council/camden,8488,21/12/2020 02:48:43 PM
1170048524,CAMDEN,3 Pedestrian,2 Female,25-59,52,1,3 Slight,01 Crossing Road On Ped Xing,1 From Drivers N/Side,1 Pedestrian,UPPER WOBURN PLACE 100M S OF J/W EUSTON ROAD THE NEAREST CLASSIFIE,1,15/07/2017 06:34:00 AM,Saturday,6.34,3 Bor,A,4200,6 Single Cwy,1 <= 20 MPH,0 No Jun In 20m,-2 Not Applicable,-2 Not Applicable,0,1 Zebra,1 Daylight,1 Fine,1 Road-Dry,0 None,0 None,529840,182470,-0.129723,51.526227,,,Unknown,"(51.526227, -0.129723)",http://opendatacommunities.org/id/london-borough-council/camden,7153,21/12/2020 02:48:40 PM
1160024386,CAMDEN,1 Driver/Rider,1 Male,25-59,35,1,3 Slight,-2 Unknown,-2 N/A,7 Goods Vehicle,AVENUE ROAD 160M S OF J/W ADELAIDE ROAD,3,01/10/2016 09:20:00 AM,Saturday,9.20,3 Bor,B,525,6 Single Cwy,2 30 MPH,0 No Jun In 20m,-2 Not Applicable,-2 Not Applicable,0,0 No Xing Facility In 50m,1 Daylight,1 Fine,1 Road-Dry,0 None,0 None,526850,183990,-0.172253,51.540566,,,Unknown,"(51.540566, -0.172253)",http://opendatacommunities.org/id/london-borough-council/camden,5898,21/12/2020 02:48:38 PM
0116EK40414,CAMDEN,2 Passenger,2 Female,25-59,33,1,3 Slight,-2 Unknown,-2 N/A,5 Taxi,EUSTON ROAD J/W CHALTON STREET,2,12/06/2016 12:06:00 AM,Sunday,0.06,1 TLRN,A,501,6 Single Cwy,2 30 MPH,3 T/Stag Jun,4 Give Way/Uncontrolled,Unclassified,0,8 Central Refuge,2 Dark,1 Fine,1 Road-Dry,0 None,0 None,529900,182680,-0.128781,51.5281,,,Unknown,"(51.5281, -0.128781)",http://opendatacommunities.org/id/london-borough-council/camden,6332,21/12/2020 02:48:38 PM
0116EK40292,CAMDEN,3 Pedestrian,2 Female,25-59,32,1,3 Slight,09 In Road - Not Crossing,5 In Rd Not Crossing,1 Pedestrian,NFL HIGHGATE ROAD J/W WOODSOME ROAD,2,16/04/2016 05:55:00 PM,Saturday,17.55,3 Bor,C,0,6 Single Cwy,2 30 MPH,3 T/Stag Jun,4 Give Way/Uncontrolled,Unclassified,0,0 No Xing Facility In 50m,1 Daylight,1 Fine,1 Road-Dry,0 None,0 None,528430,186040,-0.148735,51.558632,,,Unknown,"(51.558632, -0.148735)",http://opendatacommunities.org/id/london-borough-council/camden,6228,21/12/2020 02:48:38 PM
1190221177,CAMDEN,1 DRIVER/RIDER,1 MALE,25-59,27,1,3 SLIGHT,'-2 NOT APPLICABLE,'-2 NOT APPLICABLE,4 CAR,"On Euston Road, 25 metres south of the junction with Ossulston road .",2,27/11/2019 02:40:00 PM,Wednesday,14.40,1 TLRN,A,501,3 DUAL CWY,40,00 NO JUN IN 20M,,0,0,5 PEDN PHASE AT ATS,2 DAYLIGHT,1 FINE,1 ROAD-DRY,0 NONE,0 NONE,529944,182713,-0.128135,51.528387,,,Unknown,"(51.528387, -0.128135)",http://opendatacommunities.org/id/london-borough-council/camden,9557,21/12/2020 02:48:45 PM
1160014115,CAMDEN,3 Pedestrian,2 Female,25-59,30,1,3 Slight,10 Unknown,9 Unknown Or Other,1 Pedestrian,FORDWYCH ROAD J/W MILL LANE,2,13/12/2016 12:10:00 PM,Tuesday,12.10,3 Bor,C,0,6 Single Cwy,1 <= 20 MPH,9 Other Jun,4 Give Way/Uncontrolled,Unclassified,0,0 No Xing Facility In 50m,1 Daylight,1 Fine,1 Road-Dry,9 Unknown (S/R),0 None,524480,185070,-0.206028,51.550799,,,Unknown,"(51.550799, -0.206028)",http://opendatacommunities.org/id/london-borough-council/camden,5866,21/12/2020 02:48:38 PM