Reference,London Borough Name,Casualty Class,Casualty Sex,Casualty Age Band,Casualty Age,Number Of Casualties,Casualty Severity,Pedestrian Location,Pedestrian Movement,Mode Of Travel,Attendant Location,Number Of Vehicles,Date,Day,Time,Highway,Road Class 1,Road Number 1,Road Type,Speed Limit,Junction Detail,Junction Control,Road Class 2,Road Number 2,Pedestrian Crossing,Light Condition Band,Weather,Road Surface,Special Conditions,Carriage Way Hazard,Easting,Northing,Longitude,Latitude,Ward Code,Ward Name,Spatial Accuracy,Location,Organisation URI,Socrata ID,Last Uploaded
0115EK40960,CAMDEN,3 Pedestrian,1 Male,25-59,26,1,3 Slight,05 Crossing Road (Not On Xing),2 From Drivers N/Side Msk,1 Pedestrian,"CORAM STREET, 30 METRES EAST OF HERBRAND STREET.",1,28/10/2015 01:40:00 AM,Wednesday,1.40,3 Bor,Unclassified,0,6 Single Cwy,1 <= 20 MPH,0 No Jun In 20m,-2 Not Applicable,-2 Not Applicable,0,0 No Xing Facility In 50m,2 Dark,1 Fine,1 Road-Dry,0 None,0 None,530150,182230,-0.125345,51.523999,,,Unknown,"(51.523999, -0.125345)",http://opendatacommunities.org/id/london-borough-council/camden,5385,21/12/2020 02:48:37 PM
1180085464,CAMDEN,1 Driver/Rider,1 Male,25-59,34,1,3 Slight,-2 Unknown,-2 N/A,4 Car,PRINCE ALBERT ROAD J/W ALBANY ROAD,2,15/01/2018 09:45:00 AM,Monday,9.45,3 Bor,A,5205,6 Single Cwy,2 30 MPH,3 T/Stag Jun,4 Give Way/Uncontrolled,Unclassified,0,1 Zebra,1 Daylight,2 Raining,2 Road-Wet,0 None,0 None,528410,183660,-0.149891,51.537248,,,Unknown,"(51.537248, -0.149891)",http://opendatacommunities.org/id/london-borough-council/camden,7690,21/12/2020 02:48:41 PM
1170038097,CAMDEN,1 Driver/Rider,1 Male,25-59,42,1,3 Slight,-2 Unknown,-2 N/A,2 Pedal Cycle,MONTAGUE PLACE J/W RUSSLE SQUARE,2,17/05/2017 10:44:00 PM,Wednesday,22.44,3 Bor,B,506,6 Single Cwy,1 <= 20 MPH,3 T/Stag Jun,4 Give Way/Uncontrolled,A,4200,0 No Xing Facility In 50m,2 Dark,2 Raining,2 Road-Wet,0 None,0 None,530050,181880,-0.126915,51.520876,,,Unknown,"(51.520876, -0.126915)",http://opendatacommunities.org/id/london-borough-council/camden,6976,21/12/2020 02:48:39 PM
0115EK40181,CAMDEN,1 Driver/Rider,1 Male,25-59,28,1,3 Slight,-2 Unknown,-2 N/A,3 Powered 2 Wheeler,HEATH DRIVE J/W REDINGTON ROAD,2,02/03/2015 10:47:00 AM,Monday,10.47,3 Bor,Unclassified,0,6 Single Cwy,2 30 MPH,6 Crossroads,4 Give Way/Uncontrolled,Unclassified,0,0 No Xing Facility In 50m,1 Daylight,1 Fine,1 Road-Dry,0 None,0 None,525720,185900,-0.187857,51.557984,,,Unknown,"(51.557984, -0.187857)",http://opendatacommunities.org/id/london-borough-council/camden,4722,21/12/2020 02:48:36 PM
1190213727,CAMDEN,1 DRIVER/RIDER,1 MALE,U,,1,3 SLIGHT,'-2 NOT APPLICABLE,'-2 NOT APPLICABLE,2 PEDAL CYCLE,"On Theobalds Road, near the junction with Grays Inn Road WC1.",2,06/10/2019 03:15:00 PM,Sunday,15.15,3 BOR,A,401,6 SINGLE CWY,30,03 T/STAG JUN,4 GIVE WAY/UNCONTROLLED,A,5200,9 UNKNOWN (S/R),2 DAYLIGHT,1 FINE,1 ROAD-DRY,0 NONE,9 UNKNOWN (S/R),530956,181948,-0.113839,51.521278,,,Unknown,"(51.521278, -0.113839)",http://opendatacommunities.org/id/london-borough-council/camden,9465,21/12/2020 02:48:44 PM
1180110225,CAMDEN,2 Passenger,2 Female,60+,70,1,3 Slight,-2 Unknown,-2 N/A,6 Bus Or Coach,HAMPSTEAD ROAD J/W ROBERT STREET,1,24/05/2018 06:00:00 PM,Thursday,18.00,1 TLRN,A,400,6 Single Cwy,2 30 MPH,3 T/Stag Jun,4 Give Way/Uncontrolled,Unclassified,0,8 Central Refuge,1 Daylight,1 Fine,1 Road-Dry,0 None,0 None,529210,182690,-0.138719,51.528348,,,Unknown,"(51.528348, -0.138719)",http://opendatacommunities.org/id/london-borough-council/camden,8022,21/12/2020 02:48:42 PM
0116EK40616,CAMDEN,1 Driver/Rider,1 Male,25-59,26,1,3 Slight,-2 Unknown,-2 N/A,3 Powered 2 Wheeler,HAMPSTEAD ROAD J/W EUSTON ROAD.,3,26/08/2016 05:24:00 PM,Friday,17.24,1 TLRN,A,501,6 Single Cwy,2 30 MPH,6 Crossroads,2 Auto Sig,A,501,5 Pedn Phase At Ats,1 Daylight,1 Fine,1 Road-Dry,0 None,0 None,529250,182350,-0.138267,51.525284,,,Unknown,"(51.525284, -0.138267)",http://opendatacommunities.org/id/london-borough-council/camden,6493,21/12/2020 02:48:39 PM
0115EK40832,CAMDEN,3 Pedestrian,1 Male,25-59,48,1,3 Slight,05 Crossing Road (Not On Xing),1 From Drivers N/Side,1 Pedestrian,OAK VILLAGE J/W LAMBLE STREET.,1,19/09/2015 05:35:00 PM,Saturday,17.35,3 Bor,Unclassified,0,6 Single Cwy,2 30 MPH,3 T/Stag Jun,4 Give Way/Uncontrolled,Unclassified,0,0 No Xing Facility In 50m,1 Daylight,1 Fine,1 Road-Dry,0 None,0 None,528310,185570,-0.150636,51.554436,,,Unknown,"(51.554436, -0.150636)",http://opendatacommunities.org/id/london-borough-council/camden,5287,21/12/2020 02:48:37 PM
1170033678,CAMDEN,3 Pedestrian,2 Female,25-59,43,1,3 Slight,01 Crossing Road On Ped Xing,3 From Drivers O/Side,1 Pedestrian,KENTISH TOWN ROAD J/W YORK MEWS,1,20/04/2017 07:20:00 PM,Thursday,19.20,3 Bor,A,400,6 Single Cwy,2 30 MPH,3 T/Stag Jun,4 Give Way/Uncontrolled,Unclassified,0,4 Pelican Or Similar,1 Daylight,1 Fine,1 Road-Dry,0 None,0 None,529000,185070,-0.140873,51.549785,,,Unknown,"(51.549785, -0.140873)",http://opendatacommunities.org/id/london-borough-council/camden,6906,21/12/2020 02:48:39 PM
0115EK40256,CAMDEN,2 Passenger,1 Male,25-59,50,1,3 Slight,-2 Unknown,-2 N/A,6 Bus Or Coach,ADELAIDE ROAD J/W AVENUE ROAD,1,07/04/2015 07:00:00 PM,Tuesday,19.00,1 TLRN,A,41,6 Single Cwy,2 30 MPH,6 Crossroads,2 Auto Sig,B,525,5 Pedn Phase At Ats,1 Daylight,1 Fine,1 Road-Dry,0 None,0 None,526750,184120,-0.173648,51.541757,,,Unknown,"(51.541757, -0.173648)",http://opendatacommunities.org/id/london-borough-council/camden,4786,21/12/2020 02:48:36 PM
1180154476,CAMDEN,3 Pedestrian,2 Female,16-24,17,1,3 Slight,09 In Road - Not Crossing,5 In Rd Not Crossing,1 Pedestrian,OAK VILLAGE 5M S OF J/W GORDON HOUSE ROAD,1,27/12/2018 01:35:00 AM,Thursday,1.35,3 Bor,C,0,3 Dual Cwy,1 <= 20 MPH,3 T/Stag Jun,4 Give Way/Uncontrolled,B,518,0 No Xing Facility In 50m,2 Dark,1 Fine,1 Road-Dry,0 None,0 None,528226,185596,-0.151838,51.554688,,,Unknown,"(51.554688, -0.151838)",http://opendatacommunities.org/id/london-borough-council/camden,8643,21/12/2020 02:48:43 PM
1160012893,CAMDEN,3 Pedestrian,1 Male,60+,62,1,3 Slight,05 Crossing Road (Not On Xing),1 From Drivers N/Side,1 Pedestrian,"ON GREAT RUSSELL STREET, 55 METRES WEST OF THE JUNCTION WITH BURY",1,01/09/2016 01:10:00 PM,Thursday,13.10,3 Bor,C,0,6 Single Cwy,1 <= 20 MPH,0 No Jun In 20m,-2 Not Applicable,-2 Not Applicable,0,0 No Xing Facility In 50m,1 Daylight,1 Fine,1 Road-Dry,0 None,0 None,530160,181620,-0.125427,51.518515,,,Unknown,"(51.518515, -0.125427)",http://opendatacommunities.org/id/london-borough-council/camden,5861,21/12/2020 02:48:38 PM
1190202313,CAMDEN,1 DRIVER/RIDER,2 FEMALE,16-24,23,1,2 SERIOUS,'-2 NOT APPLICABLE,1 FROM DRIVERS N/SIDE,2 PEDAL CYCLE,"On HAVERSTOCK HILL NW3, 5 metres south of the junction with ORNAN ROAD NW3.",2,30/08/2019 08:50:00 AM,Friday,8.50,3 BOR,A,502,3 DUAL CWY,30,03 T/STAG JUN,2 AUTO SIG,6,0,4 PELICAN OR SIMILAR,2 DAYLIGHT,1 FINE,1 ROAD-DRY,0 NONE,1 VEHICLE LOAD IN CWY,527180,185256,-0.16704,51.551869,,,Unknown,"(51.551869, -0.16704)",http://opendatacommunities.org/id/london-borough-council/camden,9314,21/12/2020 02:48:44 PM
0115EK40834,CAMDEN,1 Driver/Rider,1 Male,25-59,29,1,3 Slight,-2 Unknown,-2 N/A,3 Powered 2 Wheeler,BEDFORD WAY J/W RUSSELL SQUARE.,2,23/09/2015 06:10:00 PM,Wednesday,18.10,3 Bor,C,0,6 Single Cwy,2 30 MPH,3 T/Stag Jun,4 Give Way/Uncontrolled,A,4200,0 No Xing Facility In 50m,1 Daylight,1 Fine,1 Road-Dry,0 None,0 None,530050,182040,-0.126856,51.522314,,,Unknown,"(51.522314, -0.126856)",http://opendatacommunities.org/id/london-borough-council/camden,5290,21/12/2020 02:48:37 PM
1190172501,CAMDEN,1 DRIVER/RIDER,1 MALE,25-59,37,1,3 SLIGHT,'-2 NOT APPLICABLE,'-2 NOT APPLICABLE,3 POWERED 2 WHEELER,"On West End Lane, near the junction with Fortune Green Road / West End Lane.",2,29/03/2019 08:10:00 PM,Friday,20.10,3 BOR,5,0,6 SINGLE CWY,20,03 T/STAG JUN,4 GIVE WAY/UNCONTROLLED,B,510,1 ZEBRA,2 DAYLIGHT,1 FINE,1 ROAD-DRY,0 NONE,0 NONE,525422,185225,-0.192394,51.551984,,,Unknown,"(51.551984, -0.192394)",http://opendatacommunities.org/id/london-borough-council/camden,8896,21/12/2020 02:48:44 PM
1180146664,CAMDEN,2 Passenger,2 Female,0-15,13,1,3 Slight,-2 Unknown,-2 N/A,4 Car,FINCHLEY ROAD J/W BLACKBURN ROAD,2,19/11/2018 08:20:00 PM,Monday,20.20,1 TLRN,A,41,3 Dual Cwy,2 30 MPH,7 Multi Jun,2 Auto Sig,Unclassified,0,5 Pedn Phase At Ats,2 Dark,8 Other,2 Road-Wet,0 None,0 None,526225,184841,-0.180956,51.548354,,,Unknown,"(51.548354, -0.180956)",http://opendatacommunities.org/id/london-borough-council/camden,8530,21/12/2020 02:48:43 PM
1160006354,CAMDEN,1 Driver/Rider,1 Male,25-59,48,1,3 Slight,-2 Unknown,-2 N/A,4 Car,A41 J/W FINCHLEY ROAD,2,11/12/2016 07:45:00 PM,Sunday,19.45,1 TLRN,A,41,6 Single Cwy,2 30 MPH,3 T/Stag Jun,2 Auto Sig,A,598,0 No Xing Facility In 50m,2 Dark,1 Fine,2 Road-Wet,0 None,0 None,525070,186030,-0.197182,51.559297,,,Unknown,"(51.559297, -0.197182)",http://opendatacommunities.org/id/london-borough-council/camden,5763,21/12/2020 02:48:37 PM
1160020166,CAMDEN,1 Driver/Rider,1 Male,25-59,51,1,3 Slight,-2 Unknown,-2 N/A,2 Pedal Cycle,"ON YORK WAY, NEAR THE JUNCTION WITH COPENHAGEN STREET.",2,15/09/2016 08:55:00 PM,Thursday,20.55,3 Bor,A,5200,6 Single Cwy,2 30 MPH,9 Other Jun,2 Auto Sig,B,154,5 Pedn Phase At Ats,2 Dark,1 Fine,1 Road-Dry,0 None,0 None,530310,183670,-0.122508,51.536903,,,Unknown,"(51.536903, -0.122508)",http://opendatacommunities.org/id/london-borough-council/camden,5869,21/12/2020 02:48:38 PM
0116EK40354,CAMDEN,1 Driver/Rider,1 Male,25-59,27,1,3 Slight,-2 Unknown,-2 N/A,2 Pedal Cycle,CALTHORPE STREET J/W PHOENIX PLACE,2,20/05/2016 08:11:00 AM,Friday,8.11,3 Bor,B,502,6 Single Cwy,2 30 MPH,6 Crossroads,4 Give Way/Uncontrolled,C,0,0 No Xing Facility In 50m,1 Daylight,1 Fine,1 Road-Dry,0 None,0 None,530910,182410,-0.11433,51.525441,,,Unknown,"(51.525441, -0.11433)",http://opendatacommunities.org/id/london-borough-council/camden,6282,21/12/2020 02:48:38 PM
1190192559,CAMDEN,3 PEDESTRIAN,2 FEMALE,60+,72,1,2 SERIOUS,05 CROSSING ROAD (NOT ON XING),1 FROM DRIVERS N/SIDE,1 PEDESTRIAN,"On Tottenham Court Road, 24 metres south of the junction with Stephen Street.",1,09/07/2019 06:01:00 PM,Tuesday,18.01,3 BOR,A,400,3 DUAL CWY,20,00 NO JUN IN 20M,,0,0,0 NO XING FACILITY IN 50M,2 DAYLIGHT,1 FINE,1 ROAD-DRY,0 NONE,0 NONE,529734,181542,-0.131592,51.517911,,,Unknown,"(51.517911, -0.131592)",http://opendatacommunities.org/id/london-borough-council/camden,9172,21/12/2020 02:48:44 PM
1180094437,CAMDEN,2 Passenger,1 Male,16-24,24,1,3 Slight,-2 Unknown,-2 N/A,4 Car,FINCHLEY ROAD 50M S OF J/W FORTUNE GREEN LANE,2,06/03/2018 11:55:00 PM,Tuesday,23.55,1 TLRN,A,41,3 Dual Cwy,2 30 MPH,0 No Jun In 20m,-2 Not Applicable,-2 Not Applicable,0,0 No Xing Facility In 50m,2 Dark,1 Fine,1 Road-Dry,0 None,0 None,525203,185780,-0.195353,51.55702,,,Unknown,"(51.55702, -0.195353)",http://opendatacommunities.org/id/london-borough-council/camden,7796,21/12/2020 02:48:41 PM
1180141215,CAMDEN,3 Pedestrian,2 Female,60+,72,1,3 Slight,09 In Road - Not Crossing,5 In Rd Not Crossing,1 Pedestrian,RANDOLPH STREET J/W ROYAL COLLEGE STREET,1,23/05/2018 04:45:00 PM,Wednesday,16.45,3 Bor,C,0,6 Single Cwy,2 30 MPH,3 T/Stag Jun,2 Auto Sig,A,5202,5 Pedn Phase At Ats,1 Daylight,1 Fine,1 Road-Dry,0 None,0 None,529250,184140,-0.13761,51.54137,,,Unknown,"(51.54137, -0.13761)",http://opendatacommunities.org/id/london-borough-council/camden,8471,21/12/2020 02:48:43 PM
1190177918,CAMDEN,1 DRIVER/RIDER,1 MALE,16-24,16,1,3 SLIGHT,'-2 NOT APPLICABLE,'-2 NOT APPLICABLE,3 POWERED 2 WHEELER,"On Leighton Crescent, near the junction with Leighton Grove.",2,30/04/2019 11:05:00 AM,Tuesday,11.05,3 BOR,6,0,6 SINGLE CWY,20,03 T/STAG JUN,4 GIVE WAY/UNCONTROLLED,6,0,0 NO XING FACILITY IN 50M,2 DAYLIGHT,1 FINE,1 ROAD-DRY,0 NONE,0 NONE,529430,185279,-0.134597,51.551565,,,Unknown,"(51.551565, -0.134597)",http://opendatacommunities.org/id/london-borough-council/camden,8958,21/12/2020 02:48:44 PM
1170047471,CAMDEN,3 Pedestrian,2 Female,60+,69,1,1 Fatal,01 Crossing Road On Ped Xing,1 From Drivers N/Side,1 Pedestrian,PENTONVILLE ROAD J/W KINGS CROSS ROAD,1,10/07/2017 12:00:00 PM,Monday,12.00,1 TLRN,A,501,2 One-Way St,1 <= 20 MPH,3 T/Stag Jun,2 Auto Sig,A,501,4 Pelican Or Similar,1 Daylight,1 Fine,1 Road-Dry,0 None,0 None,530530,183010,-0.119582,51.530921,,,Unknown,"(51.530921, -0.119582)",http://opendatacommunities.org/id/london-borough-council/camden,7137,21/12/2020 02:48:40 PM
0115EK40501,CAMDEN,2 Passenger,2 Female,16-24,22,1,3 Slight,-2 Unknown,-2 N/A,6 Bus Or Coach,ADELAIDE ROAD 50M E OF J/W AVENEU ROAD,1,22/06/2015 04:22:00 PM,Monday,16.22,3 Bor,B,509,6 Single Cwy,2 30 MPH,0 No Jun In 20m,-2 Not Applicable,-2 Not Applicable,0,5 Pedn Phase At Ats,1 Daylight,1 Fine,1 Road-Dry,0 None,0 None,526820,184140,-0.172632,51.541921,,,Unknown,"(51.541921, -0.172632)",http://opendatacommunities.org/id/london-borough-council/camden,4991,21/12/2020 02:48:36 PM
0116EK40394,CAMDEN,2 Passenger,2 Female,25-59,44,1,3 Slight,-2 Unknown,-2 N/A,3 Powered 2 Wheeler,CAMDEN ROAD J/W ROCHESTER SQUARE,2,05/06/2016 01:00:00 PM,Sunday,13.00,1 TLRN,A,503,6 Single Cwy,2 30 MPH,3 T/Stag Jun,4 Give Way/Uncontrolled,Unclassified,0,0 No Xing Facility In 50m,1 Daylight,1 Fine,1 Road-Dry,0 None,0 None,529320,184390,-0.13651,51.543601,,,Unknown,"(51.543601, -0.13651)",http://opendatacommunities.org/id/london-borough-council/camden,6312,21/12/2020 02:48:38 PM
0115EK40316,CAMDEN,2 Passenger,2 Female,25-59,58,1,3 Slight,-2 Unknown,-2 N/A,4 Car,KING HENRY'S ROAD 190 M W OF J/W AINGER ROAD,3,25/04/2015 06:45:00 PM,Saturday,18.45,3 Bor,Unclassified,0,6 Single Cwy,2 30 MPH,8 Priv Drive,4 Give Way/Uncontrolled,Unclassified,0,0 No Xing Facility In 50m,1 Daylight,1 Fine,1 Road-Dry,0 None,0 None,527700,184230,-0.159916,51.542531,,,Unknown,"(51.542531, -0.159916)",http://opendatacommunities.org/id/london-borough-council/camden,4836,21/12/2020 02:48:36 PM
0115EK40103,CAMDEN,3 Pedestrian,2 Female,25-59,50,1,3 Slight,10 Unknown,9 Unknown Or Other,1 Pedestrian,GREAT QUEEN STREET J/W NEWTON STREET,1,10/02/2015 10:51:00 AM,Tuesday,10.51,3 Bor,B,402,6 Single Cwy,2 30 MPH,3 T/Stag Jun,4 Give Way/Uncontrolled,Unclassified,0,0 No Xing Facility In 50m,1 Daylight,1 Fine,1 Road-Dry,0 None,0 None,530510,181340,-0.120489,51.515918,,,Unknown,"(51.515918, -0.120489)",http://opendatacommunities.org/id/london-borough-council/camden,4662,21/12/2020 02:48:35 PM
0115EK40916,CAMDEN,1 Driver/Rider,2 Female,60+,71,1,3 Slight,-2 Unknown,-2 N/A,4 Car,HAVERSTOCK HILL J/W ASPERN GROVE.,4,15/10/2015 06:45:00 PM,Thursday,18.45,3 Bor,A,502,6 Single Cwy,2 30 MPH,3 T/Stag Jun,4 Give Way/Uncontrolled,Unclassified,0,1 Zebra,2 Dark,1 Fine,1 Road-Dry,0 None,0 None,527260,185170,-0.165918,51.551079,,,Unknown,"(51.551079, -0.165918)",http://opendatacommunities.org/id/london-borough-council/camden,5351,21/12/2020 02:48:37 PM
0115EK41127,CAMDEN,1 Driver/Rider,2 Female,16-24,21,1,3 Slight,-2 Unknown,-2 N/A,2 Pedal Cycle,"PANCRAS ROAD, 30 METRES SE OF CHENIES PLACE.",2,16/12/2015 01:45:00 AM,Wednesday,1.45,3 Bor,A,5202,6 Single Cwy,2 30 MPH,0 No Jun In 20m,-2 Not Applicable,-2 Not Applicable,0,0 No Xing Facility In 50m,2 Dark,2 Raining,2 Road-Wet,0 None,0 None,529830,183330,-0.12955,51.533958,,,Unknown,"(51.533958, -0.12955)",http://opendatacommunities.org/id/london-borough-council/camden,5537,21/12/2020 02:48:37 PM
1160025004,CAMDEN,1 Driver/Rider,1 Male,25-59,48,1,3 Slight,-2 Unknown,-2 N/A,4 Car,FINCHLEY ROAD 40M S OF J/W PARSIFAL ROAD,2,29/10/2016 09:11:00 PM,Saturday,21.11,1 TLRN,A,41,6 Single Cwy,2 30 MPH,0 No Jun In 20m,-2 Not Applicable,-2 Not Applicable,0,0 No Xing Facility In 50m,2 Dark,1 Fine,1 Road-Dry,0 None,0 None,525430,185540,-0.192166,51.554813,,,Unknown,"(51.554813, -0.192166)",http://opendatacommunities.org/id/london-borough-council/camden,5942,21/12/2020 02:48:38 PM
0115EK41178,CAMDEN,1 Driver/Rider,2 Female,25-59,40,1,3 Slight,-2 Unknown,-2 N/A,2 Pedal Cycle,MANSFIELD ROAD J/W COURTHOPE ROAD.,2,30/11/2015 09:10:00 PM,Monday,21.10,3 Bor,B,518,6 Single Cwy,2 30 MPH,3 T/Stag Jun,4 Give Way/Uncontrolled,Unclassified,0,0 No Xing Facility In 50m,2 Dark,2 Raining,2 Road-Wet,0 None,0 None,527970,185490,-0.155567,51.553794,,,Unknown,"(51.553794, -0.155567)",http://opendatacommunities.org/id/london-borough-council/camden,5571,21/12/2020 02:48:37 PM
1170071226,CAMDEN,3 Pedestrian,2 Female,25-59,37,1,3 Slight,08 In Centre Of Carriageway,1 From Drivers N/Side,1 Pedestrian,KILBURN HIGH ROAD J/W BRONDSBURY VILLAS,1,19/11/2017 04:46:00 PM,Sunday,16.46,3 Bor,A,5,3 Dual Cwy,2 30 MPH,9 Other Jun,4 Give Way/Uncontrolled,Unclassified,0,4 Pelican Or Similar,2 Dark,1 Fine,1 Road-Dry,0 None,2 Other Object In Cwy,525400,183640,-0.193275,51.537744,,,Unknown,"(51.537744, -0.193275)",http://opendatacommunities.org/id/london-borough-council/camden,7523,21/12/2020 02:48:41 PM
1170043304,CAMDEN,1 Driver/Rider,1 Male,25-59,51,1,3 Slight,-2 Unknown,-2 N/A,2 Pedal Cycle,OUTER CIRCLE 20M N OF J/W CHESTER GATE,2,16/06/2017 08:00:00 AM,Friday,8.00,3 Bor,Unclassified,0,6 Single Cwy,2 30 MPH,3 T/Stag Jun,3 Stop Sign,Unclassified,0,4 Pelican Or Similar,1 Daylight,1 Fine,1 Road-Dry,0 None,0 None,528720,182627,-0.145801,51.527894,,,Unknown,"(51.527894, -0.145801)",http://opendatacommunities.org/id/london-borough-council/camden,7050,21/12/2020 02:48:39 PM
1170010793,CAMDEN,2 Passenger,2 Female,25-59,39,1,3 Slight,-2 Unknown,-2 N/A,6 Bus Or Coach,PENTONVILLE ROAD N1 5M W OF J/W KINGS CROSS ROAD WC1X 9QA,1,10/01/2017 02:35:00 PM,Tuesday,14.35,1 TLRN,A,501,3 Dual Cwy,2 30 MPH,5 Slip Road,2 Auto Sig,A,501,4 Pelican Or Similar,1 Daylight,1 Fine,1 Road-Dry,0 None,0 None,530568,183018,-0.119032,51.530984,,,Unknown,"(51.530984, -0.119032)",http://opendatacommunities.org/id/london-borough-council/camden,6567,21/12/2020 02:48:39 PM
1170051801,CAMDEN,1 Driver/Rider,1 Male,25-59,40,1,3 Slight,-2 Unknown,-2 N/A,3 Powered 2 Wheeler,THEOBOLDS ROAD J/W BOSWELL STREET,2,02/08/2017 05:15:00 PM,Wednesday,17.15,3 Bor,A,401,6 Single Cwy,2 30 MPH,3 T/Stag Jun,4 Give Way/Uncontrolled,A,401,5 Pedn Phase At Ats,1 Daylight,2 Raining,2 Road-Wet,3 Road Sign Def,0 None,530524,181754,-0.120134,51.519635,,,Unknown,"(51.519635, -0.120134)",http://opendatacommunities.org/id/london-borough-council/camden,7217,21/12/2020 02:48:40 PM
1180088994,CAMDEN,1 Driver/Rider,1 Male,25-59,29,1,3 Slight,-2 Unknown,-2 N/A,3 Powered 2 Wheeler,KILBURN PARK ROAD J/W KILBURN HIGH ROAD,2,09/02/2018 08:30:00 AM,Friday,8.30,3 Bor,A,5,3 Dual Cwy,2 30 MPH,3 T/Stag Jun,4 Give Way/Uncontrolled,Unclassified,0,0 No Xing Facility In 50m,1 Daylight,1 Fine,2 Road-Wet,0 None,0 None,525660,183340,-0.189635,51.53499,,,Unknown,"(51.53499, -0.189635)",http://opendatacommunities.org/id/london-borough-council/camden,7732,21/12/2020 02:48:41 PM
1190238339,CAMDEN,3 PEDESTRIAN,1 MALE,60+,74,1,1 FATAL,06 ON FOOTPATH - VERGE,2 FROM DRIVERS N/SIDE MSK,1 PEDESTRIAN,"On York Way , near the junction with Copenhangen Street.",1,02/04/2019 05:30:00 PM,Tuesday,17.30,3 BOR,A,5200,6 SINGLE CWY,30,06 CROSSROADS,2 AUTO SIG,B,154,0 NO XING FACILITY IN 50M,2 DAYLIGHT,1 FINE,1 ROAD-DRY,0 NONE,0 NONE,530341,183678,-0.122058,51.536968,,,Unknown,"(51.536968, -0.122058)",http://opendatacommunities.org/id/london-borough-council/camden,9667,21/12/2020 02:48:45 PM
1180092168,CAMDEN,1 Driver/Rider,1 Male,25-59,32,1,3 Slight,-2 Unknown,-2 N/A,2 Pedal Cycle,NFL SIDMOUTH ST 15M W OF J/W SEAFORD STREET,2,22/02/2018 05:00:00 PM,Thursday,17.00,3 Bor,C,0,6 Single Cwy,1 <= 20 MPH,3 T/Stag Jun,4 Give Way/Uncontrolled,Unclassified,0,5 Pedn Phase At Ats,1 Daylight,1 Fine,1 Road-Dry,0 None,0 None,530490,182560,-0.120325,51.526886,,,Unknown,"(51.526886, -0.120325)",http://opendatacommunities.org/id/london-borough-council/camden,7770,21/12/2020 02:48:41 PM
1180137500,CAMDEN,2 Passenger,1 Male,16-24,22,1,3 Slight,-2 Unknown,-2 N/A,4 Car,CAMDEN ROAD J/W ROYAL COLLEGE STREET,2,07/10/2018 07:28:00 PM,Sunday,19.28,1 TLRN,A,503,6 Single Cwy,1 <= 20 MPH,6 Crossroads,2 Auto Sig,A,5202,5 Pedn Phase At Ats,2 Dark,1 Fine,1 Road-Dry,0 None,0 None,529190,184180,-0.13846,51.541743,,,Unknown,"(51.541743, -0.13846)",http://opendatacommunities.org/id/london-borough-council/camden,8396,21/12/2020 02:48:42 PM
1180089481,CAMDEN,1 Driver/Rider,1 Male,25-59,26,1,3 Slight,-2 Unknown,-2 N/A,4 Car,LYMINGTON ROAD 10M E OF J/W WEST END LANE,2,11/02/2018 02:43:00 PM,Sunday,14.43,3 Bor,B,510,6 Single Cwy,2 30 MPH,3 T/Stag Jun,4 Give Way/Uncontrolled,B,510,0 No Xing Facility In 50m,1 Daylight,4 Fine/High Winds,1 Road-Dry,0 None,0 None,525540,184920,-0.190801,51.549217,,,Unknown,"(51.549217, -0.190801)",http://opendatacommunities.org/id/london-borough-council/camden,7739,21/12/2020 02:48:41 PM
1170053480,CAMDEN,2 Passenger,2 Female,0-15,5,1,3 Slight,-2 Unknown,-2 N/A,4 Car,CAMDEN ROAD J/W ROYAL COLLEGE STREET,2,12/08/2017 03:20:00 PM,Saturday,15.20,1 TLRN,A,503,3 Dual Cwy,1 <= 20 MPH,6 Crossroads,2 Auto Sig,A,5202,4 Pelican Or Similar,1 Daylight,1 Fine,1 Road-Dry,0 None,0 None,529190,184180,-0.13846,51.541743,,,Unknown,"(51.541743, -0.13846)",http://opendatacommunities.org/id/london-borough-council/camden,7236,21/12/2020 02:48:40 PM
1190217307,CAMDEN,1 DRIVER/RIDER,2 FEMALE,25-59,44,1,3 SLIGHT,'-2 NOT APPLICABLE,1 FROM DRIVERS N/SIDE,2 PEDAL CYCLE,"On Camden Park Road, near the junction with CAMDEN ROAD.",2,10/11/2019 08:40:00 AM,Sunday,8.40,1 TLRN,A,5200,2 ONE-WAY ST,20,09 OTHER JUN,2 AUTO SIG,A,503,0 NO XING FACILITY IN 50M,2 DAYLIGHT,1 FINE,1 ROAD-DRY,0 NONE,0 NONE,529727,184870,-0.130467,51.547821,,,Unknown,"(51.547821, -0.130467)",http://opendatacommunities.org/id/london-borough-council/camden,9505,21/12/2020 02:48:44 PM
1180090860,CAMDEN,3 Pedestrian,2 Female,16-24,23,1,2 Serious,01 Crossing Road On Ped Xing,9 Unknown Or Other,1 Pedestrian,FINCHLEY ROAD J/W LYMINGTON ROAD,1,17/02/2018 06:04:00 PM,Saturday,18.04,1 TLRN,A,41,6 Single Cwy,1 <= 20 MPH,3 T/Stag Jun,2 Auto Sig,C,0,5 Pedn Phase At Ats,2 Dark,1 Fine,1 Road-Dry,0 None,0 None,526000,185120,-0.184099,51.550912,,,Unknown,"(51.550912, -0.184099)",http://opendatacommunities.org/id/london-borough-council/camden,7758,21/12/2020 02:48:41 PM