Reference,London Borough Name,Casualty Class,Casualty Sex,Casualty Age Band,Casualty Age,Number Of Casualties,Casualty Severity,Pedestrian Location,Pedestrian Movement,Mode Of Travel,Attendant Location,Number Of Vehicles,Date,Day,Time,Highway,Road Class 1,Road Number 1,Road Type,Speed Limit,Junction Detail,Junction Control,Road Class 2,Road Number 2,Pedestrian Crossing,Light Condition Band,Weather,Road Surface,Special Conditions,Carriage Way Hazard,Easting,Northing,Longitude,Latitude,Ward Code,Ward Name,Spatial Accuracy,Location,Organisation URI,Socrata ID,Last Uploaded
1180099140,CAMDEN,1 Driver/Rider,1 Male,25-59,36,1,3 Slight,-2 Unknown,-2 N/A,3 Powered 2 Wheeler,LEIGHTON ROAD J/W KENTISH TOWN ROAD,2,29/03/2018 10:32:00 PM,Thursday,22.32,3 Bor,A,400,6 Single Cwy,1 <= 20 MPH,6 Crossroads,2 Auto Sig,C,0,4 Pelican Or Similar,2 Dark,1 Fine,2 Road-Wet,0 None,0 None,529010,185190,-0.140684,51.550861,,,Unknown,"(51.550861, -0.140684)",http://opendatacommunities.org/id/london-borough-council/camden,7857,21/12/2020 02:48:41 PM
1180127899,CAMDEN,3 Pedestrian,1 Male,25-59,30,1,3 Slight,01 Crossing Road On Ped Xing,1 From Drivers N/Side,1 Pedestrian,LOUDOUN ROAD J/W HILLGROVE ROAD NW6,1,19/08/2018 06:45:00 PM,Sunday,18.45,3 Bor,B,509,1 Roundabout,1 <= 20 MPH,1 Roundabout,4 Give Way/Uncontrolled,B,509,1 Zebra,1 Daylight,1 Fine,1 Road-Dry,0 None,0 None,526350,184090,-0.179423,51.541577,,,Unknown,"(51.541577, -0.179423)",http://opendatacommunities.org/id/london-borough-council/camden,8260,21/12/2020 02:48:42 PM
0116EO40038,CAMDEN,1 Driver/Rider,2 Female,25-59,27,1,3 Slight,-2 Unknown,-2 N/A,2 Pedal Cycle,YORK WAY J/W CRINAN STREET,2,20/01/2016 07:32:00 AM,Wednesday,7.32,3 Bor,A,5200,6 Single Cwy,1 <= 20 MPH,3 T/Stag Jun,4 Give Way/Uncontrolled,Unclassified,0,5 Pedn Phase At Ats,1 Daylight,1 Fine,1 Road-Dry,0 None,0 None,530330,183410,-0.122316,51.534562,,,Unknown,"(51.534562, -0.122316)",http://opendatacommunities.org/id/london-borough-council/camden,6518,21/12/2020 02:48:39 PM
1170056753,CAMDEN,1 Driver/Rider,1 Male,25-59,36,1,3 Slight,-2 Unknown,-2 N/A,3 Powered 2 Wheeler,VERNON RISE J/W VERNON SQUARE,2,31/08/2017 11:18:00 PM,Thursday,23.18,3 Bor,Unclassified,0,6 Single Cwy,1 <= 20 MPH,3 T/Stag Jun,4 Give Way/Uncontrolled,Unclassified,0,0 No Xing Facility In 50m,2 Dark,1 Fine,1 Road-Dry,0 None,0 None,530830,182900,-0.115301,51.529863,,,Unknown,"(51.529863, -0.115301)",http://opendatacommunities.org/id/london-borough-council/camden,7284,21/12/2020 02:48:40 PM
1190161124,CAMDEN,2 PASSENGER,2 FEMALE,60+,88,2,3 SLIGHT,'-2 NOT APPLICABLE,'-2 NOT APPLICABLE,6 BUS OR COACH,"On Brondesbury Villas, near the junction with KILBURN HIGH ROAD.",2,02/02/2019 04:44:00 PM,Saturday,16.44,3 BOR,A,5,6 SINGLE CWY,30,03 T/STAG JUN,4 GIVE WAY/UNCONTROLLED,6,0,1 ZEBRA,2 DAYLIGHT,1 FINE,2 ROAD-WET,0 NONE,0 NONE,525406,183635,-0.193191,51.537698,,,Unknown,"(51.537698, -0.193191)",http://opendatacommunities.org/id/london-borough-council/camden,8748,21/12/2020 02:48:43 PM
1170080019,CAMDEN,2 Passenger,2 Female,25-59,32,1,3 Slight,-2 Unknown,-2 N/A,4 Car,HIGHGATE ROAD J/W GORDON HOUSE ROAD,2,24/12/2017 12:14:00 PM,Sunday,12.14,3 Bor,B,518,6 Single Cwy,1 <= 20 MPH,6 Crossroads,2 Auto Sig,B,518,5 Pedn Phase At Ats,1 Daylight,1 Fine,1 Road-Dry,0 None,0 None,528580,185830,-0.146649,51.556711,,,Unknown,"(51.556711, -0.146649)",http://opendatacommunities.org/id/london-borough-council/camden,7628,21/12/2020 02:48:41 PM
1170075501,CAMDEN,1 Driver/Rider,1 Male,25-59,52,1,3 Slight,-2 Unknown,-2 N/A,2 Pedal Cycle,CLERKENWELL ROAD 40M E OF J/W HATTON GARDEN,3,04/12/2017 06:45:00 AM,Monday,6.45,3 Bor,A,5201,6 Single Cwy,2 30 MPH,0 No Jun In 20m,-2 Not Applicable,-2 Not Applicable,0,0 No Xing Facility In 50m,1 Daylight,1 Fine,1 Road-Dry,3 Road Sign Def,0 None,531310,182040,-0.108705,51.522023,,,Unknown,"(51.522023, -0.108705)",http://opendatacommunities.org/id/london-borough-council/camden,7584,21/12/2020 02:48:41 PM
1190187861,CAMDEN,1 DRIVER/RIDER,1 MALE,25-59,49,1,3 SLIGHT,'-2 NOT APPLICABLE,'-2 NOT APPLICABLE,4 CAR,"On York Way, near the junction with York way.",2,17/06/2019 05:27:00 PM,Monday,17.27,3 BOR,A,5200,2 ONE-WAY ST,20,03 T/STAG JUN,9 UNKNOWN (S/R),A,5200,1 ZEBRA,2 DAYLIGHT,1 FINE,1 ROAD-DRY,0 NONE,0 NONE,530000,184680,-0.126602,51.546051,,,Unknown,"(51.546051, -0.126602)",http://opendatacommunities.org/id/london-borough-council/camden,9108,21/12/2020 02:48:44 PM
1170045629,CAMDEN,2 Passenger,1 Male,Unknown,0,1,3 Slight,-2 Unknown,-2 N/A,4 Car,PATSHULL ROAD 25M E OF J/W KENTISH TOWN ROAD THE NEAREST CLASSIFIE,1,26/06/2017 08:10:00 AM,Monday,8.10,3 Bor,Unclassified,0,6 Single Cwy,1 <= 20 MPH,0 No Jun In 20m,-2 Not Applicable,-2 Not Applicable,0,9 Unknown (S/R),1 Daylight,1 Fine,1 Road-Dry,9 Unknown (S/R),9 Unknown (S/R),529190,184770,-0.138244,51.547046,,,Unknown,"(51.547046, -0.138244)",http://opendatacommunities.org/id/london-borough-council/camden,7095,21/12/2020 02:48:40 PM
1190223148,CAMDEN,1 DRIVER/RIDER,1 MALE,25-59,39,1,3 SLIGHT,'-2 NOT APPLICABLE,3 FROM DRIVERS O/SIDE,5 TAXI,"On Burrard Road, near the junction with Finchley road.",1,05/12/2019 10:50:00 PM,Thursday,22.50,1 TLRN,6,0,9 UNKNOWN,30,09 OTHER JUN,9 UNKNOWN (S/R),A,41,9 UNKNOWN (S/R),2 DAYLIGHT,1 FINE,1 ROAD-DRY,0 NONE,0 NONE,525329,185627,-0.193591,51.555617,,,Unknown,"(51.555617, -0.193591)",http://opendatacommunities.org/id/london-borough-council/camden,9593,21/12/2020 02:48:45 PM
1180150205,CAMDEN,1 Driver/Rider,1 Male,25-59,26,1,3 Slight,-2 Unknown,-2 N/A,3 Powered 2 Wheeler,SPRING PLACE J/W GILLIES STREET,2,05/12/2018 08:50:00 PM,Wednesday,20.50,3 Bor,Unclassified,0,6 Single Cwy,2 30 MPH,99 Unknown (S/R),9 Unknown (S/R),Unclassified,0,9 Unknown (S/R),1 Daylight,2 Raining,2 Road-Wet,9 Unknown (S/R),9 Unknown (S/R),528510,185090,-0.147928,51.550077,,,Unknown,"(51.550077, -0.147928)",http://opendatacommunities.org/id/london-borough-council/camden,8587,21/12/2020 02:48:43 PM
0115EK40540,CAMDEN,2 Passenger,2 Female,16-24,24,1,3 Slight,-2 Unknown,-2 N/A,4 Car,CAMDEN PARK ROAD J/W CLIFF VILLAS,2,05/07/2015 01:25:00 PM,Sunday,13.25,3 Bor,A,5200,6 Single Cwy,2 30 MPH,3 T/Stag Jun,4 Give Way/Uncontrolled,Unclassified,0,0 No Xing Facility In 50m,1 Daylight,1 Fine,1 Road-Dry,0 None,0 None,529920,184700,-0.127748,51.546249,,,Unknown,"(51.546249, -0.127748)",http://opendatacommunities.org/id/london-borough-council/camden,5027,21/12/2020 02:48:36 PM
1180108727,CAMDEN,1 Driver/Rider,1 Male,16-24,20,1,3 Slight,-2 Unknown,-2 N/A,2 Pedal Cycle,YORK WAY 41M N OF J/W RANDALLS ROAD,2,16/05/2018 11:30:00 AM,Wednesday,11.30,3 Bor,A,5200,6 Single Cwy,2 30 MPH,0 No Jun In 20m,-2 Not Applicable,-2 Not Applicable,0,1 Zebra,1 Daylight,1 Fine,1 Road-Dry,0 None,0 None,530188,183916,-0.124175,51.539142,,,Unknown,"(51.539142, -0.124175)",http://opendatacommunities.org/id/london-borough-council/camden,8003,21/12/2020 02:48:42 PM
1190187565,CAMDEN,1 DRIVER/RIDER,1 MALE,25-59,26,2,3 SLIGHT,'-2 NOT APPLICABLE,'-2 NOT APPLICABLE,3 POWERED 2 WHEELER,Location uncertain  Chalk Farm Road,2,16/06/2019 02:11:00 PM,Sunday,14.11,3 BOR,A,502,7 SLIP RD,20,05 SLIP ROAD,2 AUTO SIG,A,502,4 PELICAN OR SIMILAR,2 DAYLIGHT,4 FINE/HIGH WINDS,1 ROAD-DRY,0 NONE,0 NONE,528457,184301,-0.14898,51.542998,,,Unknown,"(51.542998, -0.14898)",http://opendatacommunities.org/id/london-borough-council/camden,9102,21/12/2020 02:48:44 PM
0116EK40302,CAMDEN,3 Pedestrian,1 Male,25-59,27,1,3 Slight,01 Crossing Road On Ped Xing,1 From Drivers N/Side,1 Pedestrian,WEST END LANE 15MN SOUTH J/W BROADHURST GARDENS,1,02/05/2016 10:30:00 PM,Monday,22.30,3 Bor,B,510,6 Single Cwy,2 30 MPH,3 T/Stag Jun,4 Give Way/Uncontrolled,C,0,4 Pelican Or Similar,2 Dark,1 Fine,1 Road-Dry,0 None,0 None,525520,184580,-0.191211,51.546165,,,Unknown,"(51.546165, -0.191211)",http://opendatacommunities.org/id/london-borough-council/camden,6238,21/12/2020 02:48:38 PM
1170034796,CAMDEN,1 Driver/Rider,1 Male,25-59,25,1,3 Slight,-2 Unknown,-2 N/A,3 Powered 2 Wheeler,PRINCE OF WALES ROAD J/W MALDEN ROAD,2,29/04/2017 11:01:00 PM,Saturday,23.01,3 Bor,B,517,6 Single Cwy,1 <= 20 MPH,6 Crossroads,2 Auto Sig,C,0,0 No Xing Facility In 50m,2 Dark,1 Fine,1 Road-Dry,0 None,0 None,528330,184620,-0.150694,51.545894,,,Unknown,"(51.545894, -0.150694)",http://opendatacommunities.org/id/london-borough-council/camden,6929,21/12/2020 02:48:39 PM
0116EK40400,CAMDEN,2 Passenger,1 Male,25-59,33,1,3 Slight,-2 Unknown,-2 N/A,6 Bus Or Coach,BLOOMSBURY WAY J/W BLOOMSBURY SQUARE,1,08/06/2016 10:40:00 PM,Wednesday,22.40,3 Bor,A,401,2 One-Way St,2 30 MPH,3 T/Stag Jun,4 Give Way/Uncontrolled,Unclassified,0,0 No Xing Facility In 50m,2 Dark,1 Fine,1 Road-Dry,0 None,0 None,530400,181630,-0.121966,51.518549,,,Unknown,"(51.518549, -0.121966)",http://opendatacommunities.org/id/london-borough-council/camden,6317,21/12/2020 02:48:38 PM
0116EK40244,CAMDEN,1 Driver/Rider,1 Male,Unknown,0,1,3 Slight,-2 Unknown,-2 N/A,2 Pedal Cycle,NFL HAMPSTEAD ROAD J/W WILLIAM ROAD,2,18/01/2016 04:10:00 PM,Monday,16.10,1 TLRN,A,400,6 Single Cwy,2 30 MPH,3 T/Stag Jun,4 Give Way/Uncontrolled,Unclassified,0,0 No Xing Facility In 50m,1 Daylight,1 Fine,1 Road-Dry,0 None,0 None,529220,182540,-0.13863,51.526998,,,Unknown,"(51.526998, -0.13863)",http://opendatacommunities.org/id/london-borough-council/camden,6182,21/12/2020 02:48:38 PM
1160004751,CAMDEN,3 Pedestrian,1 Male,0-15,3,1,2 Serious,01 Crossing Road On Ped Xing,1 From Drivers N/Side,1 Pedestrian,KENTISH TOWN ROAD J/W REGIS ROAD,1,02/12/2016 04:34:00 PM,Friday,16.34,3 Bor,A,400,6 Single Cwy,1 <= 20 MPH,6 Crossroads,2 Auto Sig,A,400,5 Pedn Phase At Ats,2 Dark,8 Other,2 Road-Wet,0 None,0 None,529000,185180,-0.140832,51.550774,,,Unknown,"(51.550774, -0.140832)",http://opendatacommunities.org/id/london-borough-council/camden,5724,21/12/2020 02:48:37 PM
1190165222,CAMDEN,1 DRIVER/RIDER,1 MALE,25-59,35,1,3 SLIGHT,'-2 NOT APPLICABLE,'-2 NOT APPLICABLE,3 POWERED 2 WHEELER,"On Prince of Wales Road, near the junction with Anglers Lane.",2,23/02/2019 10:30:00 PM,Saturday,22.30,3 BOR,5,0,6 SINGLE CWY,30,07 MULTI JUN,2 AUTO SIG,5,0,5 PEDN PHASE AT ATS,1 DARK,1 FINE,1 ROAD-DRY,0 NONE,0 NONE,528846,184713,-0.143223,51.546612,,,Unknown,"(51.546612, -0.143223)",http://opendatacommunities.org/id/london-borough-council/camden,8800,21/12/2020 02:48:43 PM
1180130604,CAMDEN,3 Pedestrian,2 Female,25-59,32,1,2 Serious,05 Crossing Road (Not On Xing),1 From Drivers N/Side,1 Pedestrian,A400 HAMPSTEAD ROAD J/W DRUMMOND ST,1,04/09/2018 08:58:00 PM,Tuesday,20.58,1 TLRN,A,400,6 Single Cwy,1 <= 20 MPH,6 Crossroads,2 Auto Sig,C,0,4 Pelican Or Similar,2 Dark,1 Fine,1 Road-Dry,0 None,0 None,529220,182490,-0.138648,51.526549,,,Unknown,"(51.526549, -0.138648)",http://opendatacommunities.org/id/london-borough-council/camden,8301,21/12/2020 02:48:42 PM
1180111818,CAMDEN,1 Driver/Rider,2 Female,60+,60,1,3 Slight,-2 Unknown,-2 N/A,4 Car,PRINCE OF WALES ROAD J/W CRADDOCK STREET,4,02/06/2018 07:57:00 PM,Saturday,19.57,3 Bor,C,0,6 Single Cwy,1 <= 20 MPH,3 T/Stag Jun,4 Give Way/Uncontrolled,Unclassified,0,0 No Xing Facility In 50m,1 Daylight,1 Fine,1 Road-Dry,0 None,0 None,528110,184600,-0.153873,51.545764,,,Unknown,"(51.545764, -0.153873)",http://opendatacommunities.org/id/london-borough-council/camden,8046,21/12/2020 02:48:42 PM
0115EK41031,CAMDEN,1 Driver/Rider,1 Male,25-59,29,1,3 Slight,-2 Unknown,-2 N/A,2 Pedal Cycle,CAMDEN ROAD J/W ROCHESTER SQUARE,2,20/11/2015 07:09:00 AM,Friday,7.09,1 TLRN,A,503,6 Single Cwy,2 30 MPH,3 T/Stag Jun,4 Give Way/Uncontrolled,Unclassified,0,4 Pelican Or Similar,1 Daylight,1 Fine,1 Road-Dry,0 None,0 None,529330,184380,-0.136369,51.543509,,,Unknown,"(51.543509, -0.136369)",http://opendatacommunities.org/id/london-borough-council/camden,5450,21/12/2020 02:48:37 PM
1170046468,CAMDEN,1 Driver/Rider,2 Female,25-59,29,1,3 Slight,-2 Unknown,-2 N/A,2 Pedal Cycle,SIDMOUTH STREET 25M E OF J/W TAVISTOCK PLACE,2,29/06/2017 09:20:00 AM,Thursday,9.20,3 Bor,C,0,6 Single Cwy,2 30 MPH,0 No Jun In 20m,-2 Not Applicable,-2 Not Applicable,0,0 No Xing Facility In 50m,1 Daylight,1 Fine,1 Road-Dry,0 None,0 None,530490,182540,-0.120333,51.526706,,,Unknown,"(51.526706, -0.120333)",http://opendatacommunities.org/id/london-borough-council/camden,7115,21/12/2020 02:48:40 PM
1170056874,CAMDEN,3 Pedestrian,1 Male,25-59,28,1,3 Slight,01 Crossing Road On Ped Xing,9 Unknown Or Other,1 Pedestrian,CROWNDALE ROAD 25M N OF J/W GOLDINGTON CRESCENT,1,21/08/2017 09:25:00 AM,Monday,9.25,3 Bor,B,512,9 Unknown,2 30 MPH,0 No Jun In 20m,-2 Not Applicable,-2 Not Applicable,0,1 Zebra,1 Daylight,9 Unknown,1 Road-Dry,9 Unknown (S/R),0 None,529550,183480,-0.13353,51.53537,,,Unknown,"(51.53537, -0.13353)",http://opendatacommunities.org/id/london-borough-council/camden,7287,21/12/2020 02:48:40 PM
0115EK40772,CAMDEN,1 Driver/Rider,1 Male,25-59,39,1,3 Slight,-2 Unknown,-2 N/A,2 Pedal Cycle,KENTISH TOWN ROAD J/W HOLMES ROAD.,2,03/09/2015 07:13:00 PM,Thursday,19.13,3 Bor,A,400,6 Single Cwy,2 30 MPH,3 T/Stag Jun,4 Give Way/Uncontrolled,Unclassified,0,0 No Xing Facility In 50m,1 Daylight,1 Fine,1 Road-Dry,0 None,0 None,528990,185000,-0.141042,51.549158,,,Unknown,"(51.549158, -0.141042)",http://opendatacommunities.org/id/london-borough-council/camden,5240,21/12/2020 02:48:37 PM
0115EK40282,CAMDEN,1 Driver/Rider,1 Male,25-59,38,1,3 Slight,-2 Unknown,-2 N/A,2 Pedal Cycle,KILBURN HIGH ROAD J/W BRONDESBURY ROAD,2,21/03/2015 09:30:00 PM,Saturday,21.30,3 Bor,A,5,6 Single Cwy,2 30 MPH,3 T/Stag Jun,4 Give Way/Uncontrolled,B,451,4 Pelican Or Similar,2 Dark,1 Fine,1 Road-Dry,0 None,0 None,525340,183720,-0.194111,51.538477,,,Unknown,"(51.538477, -0.194111)",http://opendatacommunities.org/id/london-borough-council/camden,4806,21/12/2020 02:48:36 PM
1190174680,CAMDEN,1 DRIVER/RIDER,1 MALE,0-15,8,1,3 SLIGHT,'-2 NOT APPLICABLE,'-2 NOT APPLICABLE,2 PEDAL CYCLE,"On Ulysses Road, near the junction with Ajax Road.",2,11/04/2019 06:30:00 PM,Thursday,18.30,3 BOR,6,0,6 SINGLE CWY,20,03 T/STAG JUN,3 STOP SIGN,6,0,0 NO XING FACILITY IN 50M,2 DAYLIGHT,1 FINE,1 ROAD-DRY,0 NONE,0 NONE,525036,185474,-0.19787,51.554307,,,Unknown,"(51.554307, -0.19787)",http://opendatacommunities.org/id/london-borough-council/camden,8918,21/12/2020 02:48:44 PM
0115EK40827,CAMDEN,1 Driver/Rider,1 Male,25-59,39,1,3 Slight,-2 Unknown,-2 N/A,4 Car,THEOBALD'S ROAD J/W GREAT JAMES STREET.,2,22/09/2015 07:50:00 PM,Tuesday,19.50,3 Bor,A,401,6 Single Cwy,2 30 MPH,6 Crossroads,4 Give Way/Uncontrolled,Unclassified,0,1 Zebra,2 Dark,1 Fine,2 Road-Wet,0 None,0 None,530780,181890,-0.116396,51.520798,,,Unknown,"(51.520798, -0.116396)",http://opendatacommunities.org/id/london-borough-council/camden,5284,21/12/2020 02:48:37 PM
1160004934,CAMDEN,3 Pedestrian,2 Female,25-59,28,1,2 Serious,01 Crossing Road On Ped Xing,1 From Drivers N/Side,1 Pedestrian,BLOOMSBURY WAY 5M W OF J/W BURY PLACE,1,03/12/2016 10:24:00 AM,Saturday,10.24,3 Bor,A,40,6 Single Cwy,1 <= 20 MPH,3 T/Stag Jun,4 Give Way/Uncontrolled,Unclassified,0,4 Pelican Or Similar,1 Daylight,1 Fine,1 Road-Dry,0 None,0 None,530268,181538,-0.123901,51.517753,,,Unknown,"(51.517753, -0.123901)",http://opendatacommunities.org/id/london-borough-council/camden,5727,21/12/2020 02:48:37 PM
1180145062,CAMDEN,2 Passenger,2 Female,16-24,22,1,3 Slight,-2 Unknown,-2 N/A,5 Taxi,KINGSWAY J/W REMNANT STREET,2,12/11/2018 01:18:00 PM,Monday,13.18,3 Bor,A,4200,6 Single Cwy,1 <= 20 MPH,6 Crossroads,2 Auto Sig,A,4200,0 No Xing Facility In 50m,1 Daylight,2 Raining,2 Road-Wet,0 None,0 None,530570,181390,-0.119606,51.516353,,,Unknown,"(51.516353, -0.119606)",http://opendatacommunities.org/id/london-borough-council/camden,8515,21/12/2020 02:48:43 PM
1190184279,CAMDEN,3 PEDESTRIAN,1 MALE,60+,69,1,3 SLIGHT,10 UNKNOWN OR OTHER,9 UNKNOWN OR OTHER,1 PEDESTRIAN,"On Bayham Street, 26 metres south of the junction with Greenland Road .",1,15/05/2019 02:45:00 PM,Wednesday,14.45,3 BOR,A,503,6 SINGLE CWY,30,00 NO JUN IN 20M,,0,0,0 NO XING FACILITY IN 50M,2 DAYLIGHT,1 FINE,1 ROAD-DRY,0 NONE,0 NONE,528997,183873,-0.141354,51.539029,,,Unknown,"(51.539029, -0.141354)",http://opendatacommunities.org/id/london-borough-council/camden,9053,21/12/2020 02:48:44 PM
1190164425,CAMDEN,3 PEDESTRIAN,1 MALE,16-24,19,1,3 SLIGHT,01 CROSSING ROAD ON PED XING,1 FROM DRIVERS N/SIDE,1 PEDESTRIAN,"On Euston Road, near the junction with York Way.",1,20/02/2019 04:48:00 PM,Tuesday,16.48,1 TLRN,A,501,3 DUAL CWY,30,07 MULTI JUN,2 AUTO SIG,A,5200,5 PEDN PHASE AT ATS,1 DARK,1 FINE,1 ROAD-DRY,0 NONE,0 NONE,530300,182965,-0.122913,51.53057,,,Unknown,"(51.53057, -0.122913)",http://opendatacommunities.org/id/london-borough-council/camden,8792,21/12/2020 02:48:43 PM
1170019940,CAMDEN,1 Driver/Rider,1 Male,25-59,46,1,3 Slight,-2 Unknown,-2 N/A,4 Car,WHARFDALE ROAD J/W WHARFDALE ROAD,1,17/02/2017 06:45:00 PM,Friday,18.45,3 Bor,A,5200,9 Unknown,2 30 MPH,3 T/Stag Jun,9 Unknown (S/R),A,5200,9 Unknown (S/R),2 Dark,9 Unknown,9 Unknown (S/R),9 Unknown (S/R),9 Unknown (S/R),530330,183080,-0.122438,51.531596,,,Unknown,"(51.531596, -0.122438)",http://opendatacommunities.org/id/london-borough-council/camden,6695,21/12/2020 02:48:39 PM
1170072240,CAMDEN,2 Passenger,2 Female,25-59,54,1,3 Slight,-2 Unknown,-2 N/A,6 Bus Or Coach,CALEDONIAN ROAD J/W PENTONVILLE ROAD,1,23/11/2017 04:15:00 PM,Thursday,16.15,1 TLRN,A,5203,2 One-Way St,1 <= 20 MPH,3 T/Stag Jun,2 Auto Sig,A,501,5 Pedn Phase At Ats,2 Dark,1 Fine,1 Road-Dry,0 None,0 None,530433,183010,-0.12098,51.530943,,,Unknown,"(51.530943, -0.12098)",http://opendatacommunities.org/id/london-borough-council/camden,7538,21/12/2020 02:48:41 PM
0115EK40191,CAMDEN,2 Passenger,2 Female,25-59,44,1,3 Slight,-2 Unknown,-2 N/A,6 Bus Or Coach,GRAY'S INN ORAD J/W EUSTON ROAD,1,08/03/2015 01:28:00 PM,Sunday,13.28,1 TLRN,A,5200,6 Single Cwy,2 30 MPH,9 Other Jun,2 Auto Sig,A,501,5 Pedn Phase At Ats,1 Daylight,1 Fine,1 Road-Dry,0 None,0 None,530330,182960,-0.122482,51.530518,,,Unknown,"(51.530518, -0.122482)",http://opendatacommunities.org/id/london-borough-council/camden,4732,21/12/2020 02:48:36 PM
0115EK40319,CAMDEN,3 Pedestrian,1 Male,25-59,25,1,3 Slight,04 Crossing Road Within 50m Xing,1 From Drivers N/Side,1 Pedestrian,KINGSWAY J/W REMNANT STREET,1,24/04/2015 01:44:00 PM,Friday,13.44,3 Bor,A,4200,6 Single Cwy,2 30 MPH,6 Crossroads,2 Auto Sig,A,4200,5 Pedn Phase At Ats,1 Daylight,1 Fine,2 Road-Wet,0 None,0 None,530570,181390,-0.119606,51.516353,,,Unknown,"(51.516353, -0.119606)",http://opendatacommunities.org/id/london-borough-council/camden,4839,21/12/2020 02:48:36 PM
1170013603,CAMDEN,1 Driver/Rider,1 Male,25-59,33,1,3 Slight,-2 Unknown,-2 N/A,3 Powered 2 Wheeler,THEOBALDS ROAD J/W RED LION STREET,2,22/01/2017 03:40:00 PM,Sunday,15.40,3 Bor,C,0,3 Dual Cwy,1 <= 20 MPH,6 Crossroads,2 Auto Sig,C,0,4 Pelican Or Similar,1 Daylight,1 Fine,1 Road-Dry,0 None,0 None,530690,181840,-0.117711,51.520369,,,Unknown,"(51.520369, -0.117711)",http://opendatacommunities.org/id/london-borough-council/camden,6607,21/12/2020 02:48:39 PM
1190195557,CAMDEN,3 PEDESTRIAN,1 MALE,60+,62,1,3 SLIGHT,06 ON FOOTPATH - VERGE,'-2 NOT APPLICABLE,1 PEDESTRIAN,"On Bayham Street,nw1, 25 metres south of the junction with pratt stret,nw1.",1,24/07/2019 09:00:00 AM,Wednesday,9.00,3 BOR,A,503,2 ONE-WAY ST,20,00 NO JUN IN 20M,,0,0,0 NO XING FACILITY IN 50M,1 DARK,1 FINE,1 ROAD-DRY,0 NONE,0 NONE,529118,183679,-0.139682,51.537257,,,Unknown,"(51.537257, -0.139682)",http://opendatacommunities.org/id/london-borough-council/camden,9224,21/12/2020 02:48:44 PM
1190189926,CAMDEN,3 PEDESTRIAN,2 FEMALE,60+,62,1,3 SLIGHT,05 CROSSING ROAD (NOT ON XING),9 UNKNOWN OR OTHER,1 PEDESTRIAN,"On England's Lane, 50 metres west of the junction with Primrose Hill Road.",1,27/06/2019 01:30:00 PM,Thursday,13.30,3 BOR,5,0,6 SINGLE CWY,30,00 NO JUN IN 20M,,0,0,0 NO XING FACILITY IN 50M,2 DAYLIGHT,1 FINE,1 ROAD-DRY,0 NONE,0 NONE,527538,184589,-0.162121,51.545794,,,Unknown,"(51.545794, -0.162121)",http://opendatacommunities.org/id/london-borough-council/camden,9136,21/12/2020 02:48:44 PM
1170022473,CAMDEN,1 Driver/Rider,1 Male,25-59,52,1,2 Serious,-2 Unknown,-2 N/A,2 Pedal Cycle,ABBEY ROAD J/W BOUNDARY ROAD,2,03/03/2017 07:00:00 AM,Friday,7.00,3 Bor,B,507,6 Single Cwy,2 30 MPH,6 Crossroads,4 Give Way/Uncontrolled,B,507,1 Zebra,1 Daylight,2 Raining,2 Road-Wet,0 None,0 None,525990,183670,-0.184762,51.537883,,,Unknown,"(51.537883, -0.184762)",http://opendatacommunities.org/id/london-borough-council/camden,6734,21/12/2020 02:48:39 PM
1180167736,CAMDEN,1 Driver/Rider,2 Female,25-59,40,1,3 Slight,-2 Unknown,-2 N/A,4 Car,IVERSON ROAD 50M E OF J/W MAYGROVE ROAD,2,06/11/2018 01:00:00 PM,Tuesday,13.00,3 Bor,B,520,6 Single Cwy,2 30 MPH,0 No Jun In 20m,-2 Not Applicable,-2 Not Applicable,0,9 Unknown (S/R),1 Daylight,1 Fine,1 Road-Dry,0 None,0 None,525310,184750,-0.194177,51.54774,,,Unknown,"(51.54774, -0.194177)",http://opendatacommunities.org/id/london-borough-council/camden,8663,21/12/2020 02:48:43 PM
1190185941,CAMDEN,3 PEDESTRIAN,1 MALE,U,,1,3 SLIGHT,05 CROSSING ROAD (NOT ON XING),9 UNKNOWN OR OTHER,1 PEDESTRIAN,"On Tottenham Court Road, 25 metres south of the junction with Tottenham Street.",1,07/06/2019 10:50:00 AM,Friday,10.50,3 BOR,A,400,6 SINGLE CWY,30,00 NO JUN IN 20M,,0,0,5 PEDN PHASE AT ATS,2 DAYLIGHT,9 UNKNOWN,9 UNKNOWN (S/R),0 NONE,0 NONE,529512,181823,-0.134686,51.520488,,,Unknown,"(51.520488, -0.134686)",http://opendatacommunities.org/id/london-borough-council/camden,9078,21/12/2020 02:48:44 PM
1170061044,CAMDEN,1 Driver/Rider,1 Male,25-59,30,1,3 Slight,-2 Unknown,-2 N/A,3 Powered 2 Wheeler,YORK WAY J/W BREWERY ROAD,2,26/09/2017 12:20:00 PM,Tuesday,12.20,3 Bor,A,5200,6 Single Cwy,1 <= 20 MPH,3 T/Stag Jun,2 Auto Sig,C,0,0 No Xing Facility In 50m,1 Daylight,1 Fine,1 Road-Dry,0 None,0 None,530060,184390,-0.125845,51.543431,,,Unknown,"(51.543431, -0.125845)",http://opendatacommunities.org/id/london-borough-council/camden,7348,21/12/2020 02:48:40 PM