Reference,London Borough Name,Casualty Class,Casualty Sex,Casualty Age Band,Casualty Age,Number Of Casualties,Casualty Severity,Pedestrian Location,Pedestrian Movement,Mode Of Travel,Attendant Location,Number Of Vehicles,Date,Day,Time,Highway,Road Class 1,Road Number 1,Road Type,Speed Limit,Junction Detail,Junction Control,Road Class 2,Road Number 2,Pedestrian Crossing,Light Condition Band,Weather,Road Surface,Special Conditions,Carriage Way Hazard,Easting,Northing,Longitude,Latitude,Ward Code,Ward Name,Spatial Accuracy,Location,Organisation URI,Socrata ID,Last Uploaded
1190182988,CAMDEN,1 DRIVER/RIDER,1 MALE,25-59,30,1,3 SLIGHT,'-2 NOT APPLICABLE,'-2 NOT APPLICABLE,2 PEDAL CYCLE,"On Sidmouth Street, 20 metres north of the junction with Regent Street.",2,24/05/2019 02:30:00 AM,Friday,2.30,3 BOR,6,0,2 ONE-WAY ST,30,03 T/STAG JUN,2 AUTO SIG,6,0,1 ZEBRA,2 DAYLIGHT,1 FINE,1 ROAD-DRY,0 NONE,0 NONE,530523,182571,-0.119846,51.526977,,,Unknown,"(51.526977, -0.119846)",http://opendatacommunities.org/id/london-borough-council/camden,9041,21/12/2020 02:48:44 PM
1170034053,CAMDEN,3 Pedestrian,2 Female,25-59,38,1,3 Slight,05 Crossing Road (Not On Xing),4 From Drivers O/Side Msk,1 Pedestrian,YORK WAY 25M S OF J/W MARKET ROAD,1,26/04/2017 11:00:00 AM,Wednesday,11.00,3 Bor,A,5200,6 Single Cwy,1 <= 20 MPH,0 No Jun In 20m,-2 Not Applicable,-2 Not Applicable,0,5 Pedn Phase At Ats,1 Daylight,1 Fine,1 Road-Dry,0 None,0 None,530040,184460,-0.126107,51.544065,,,Unknown,"(51.544065, -0.126107)",http://opendatacommunities.org/id/london-borough-council/camden,6913,21/12/2020 02:48:39 PM
0116EK40074,CAMDEN,2 Passenger,2 Female,60+,60,1,3 Slight,-2 Unknown,-2 N/A,4 Car,WINCHESTER ROAD J/W FELLOWS ROAD,2,07/01/2016 04:40:00 PM,Thursday,16.40,3 Bor,Unclassified,0,6 Single Cwy,1 <= 20 MPH,3 T/Stag Jun,4 Give Way/Uncontrolled,Unclassified,0,1 Zebra,2 Dark,1 Fine,1 Road-Dry,0 None,0 None,526840,184280,-0.172293,51.543175,,,Unknown,"(51.543175, -0.172293)",http://opendatacommunities.org/id/london-borough-council/camden,6039,21/12/2020 02:48:38 PM
1190190828,CAMDEN,1 DRIVER/RIDER,1 MALE,25-59,30,1,3 SLIGHT,'-2 NOT APPLICABLE,'-2 NOT APPLICABLE,2 PEDAL CYCLE,"On Grays Inn Road , 25 metres north of the junction with High Holborn.. The nearest classified road was the A40. The nearest classified road was the A40",2,01/07/2019 03:20:00 PM,Monday,15.20,3 BOR,A,5200,6 SINGLE CWY,30,00 NO JUN IN 20M,,0,0,5 PEDN PHASE AT ATS,2 DAYLIGHT,1 FINE,1 ROAD-DRY,0 NONE,0 NONE,531136,181628,-0.111365,51.518361,,,Unknown,"(51.518361, -0.111365)",http://opendatacommunities.org/id/london-borough-council/camden,9148,21/12/2020 02:48:44 PM
1170074914,CAMDEN,2 Passenger,2 Female,0-15,5,1,3 Slight,-2 Unknown,-2 N/A,6 Bus Or Coach,PRINCE OF WALES ROAD J/W FERDINAND STREET,2,02/12/2017 07:15:00 PM,Saturday,19.15,3 Bor,Unclassified,0,6 Single Cwy,2 30 MPH,6 Crossroads,2 Auto Sig,B,517,4 Pelican Or Similar,2 Dark,1 Fine,1 Road-Dry,0 None,0 None,528270,184680,-0.151537,51.546447,,,Unknown,"(51.546447, -0.151537)",http://opendatacommunities.org/id/london-borough-council/camden,7575,21/12/2020 02:48:41 PM
0116EK40376,CAMDEN,1 Driver/Rider,1 Male,25-59,28,1,3 Slight,-2 Unknown,-2 N/A,3 Powered 2 Wheeler,FORTUNE GREEN RD 47M SOUTH EAST OF J/W PARSIFAL RD,3,28/05/2016 09:30:00 PM,Saturday,21.30,3 Bor,B,510,6 Single Cwy,1 <= 20 MPH,0 No Jun In 20m,-2 Not Applicable,-2 Not Applicable,0,0 No Xing Facility In 50m,2 Dark,1 Fine,1 Road-Dry,0 None,0 None,525280,185340,-0.1944,51.553049,,,Unknown,"(51.553049, -0.1944)",http://opendatacommunities.org/id/london-borough-council/camden,6297,21/12/2020 02:48:38 PM
0115EK40913,CAMDEN,1 Driver/Rider,2 Female,25-59,48,1,3 Slight,-2 Unknown,-2 N/A,4 Car,MANSFIELD ROAD J/W SAVERNAKE ROAD.,2,13/10/2015 10:02:00 AM,Tuesday,10.02,3 Bor,B,518,6 Single Cwy,1 <= 20 MPH,3 T/Stag Jun,4 Give Way/Uncontrolled,Unclassified,0,1 Zebra,1 Daylight,1 Fine,1 Road-Dry,0 None,0 None,528170,185580,-0.152651,51.554557,,,Unknown,"(51.554557, -0.152651)",http://opendatacommunities.org/id/london-borough-council/camden,5350,21/12/2020 02:48:37 PM
0115EK40687,CAMDEN,2 Passenger,1 Male,60+,91,1,3 Slight,-2 Unknown,-2 N/A,6 Bus Or Coach,KILBURN HIGH ROAD 28M SE OF KINGSGATE PLACE,1,09/08/2015 03:30:00 PM,Sunday,15.30,3 Bor,A,5,6 Single Cwy,2 30 MPH,0 No Jun In 20m,-2 Not Applicable,-2 Not Applicable,0,1 Zebra,1 Daylight,1 Fine,1 Road-Dry,0 None,0 None,525120,184010,-0.197179,51.541132,,,Unknown,"(51.541132, -0.197179)",http://opendatacommunities.org/id/london-borough-council/camden,5162,21/12/2020 02:48:36 PM
0115EK40482,CAMDEN,1 Driver/Rider,2 Female,16-24,24,1,3 Slight,-2 Unknown,-2 N/A,2 Pedal Cycle,ADELAIDE ROAD J/W PRIMROSE HILL ROAD,2,08/06/2015 10:30:00 AM,Monday,10.30,3 Bor,B,509,6 Single Cwy,2 30 MPH,6 Crossroads,2 Auto Sig,C,0,5 Pedn Phase At Ats,1 Daylight,1 Fine,1 Road-Dry,0 None,0 None,527510,184340,-0.162615,51.543563,,,Unknown,"(51.543563, -0.162615)",http://opendatacommunities.org/id/london-borough-council/camden,4972,21/12/2020 02:48:36 PM
0116EK40102,CAMDEN,1 Driver/Rider,2 Female,25-59,28,1,3 Slight,-2 Unknown,-2 N/A,2 Pedal Cycle,NFL - GORDON SQUARE J/W GORDON SQUARE.,2,25/02/2016 06:45:00 PM,Thursday,18.45,3 Bor,C,0,6 Single Cwy,1 <= 20 MPH,3 T/Stag Jun,4 Give Way/Uncontrolled,C,0,0 No Xing Facility In 50m,2 Dark,1 Fine,1 Road-Dry,0 None,0 None,529780,182160,-0.130702,51.523455,,,Unknown,"(51.523455, -0.130702)",http://opendatacommunities.org/id/london-borough-council/camden,6060,21/12/2020 02:48:38 PM
1170046119,CAMDEN,1 Driver/Rider,1 Male,25-59,45,1,3 Slight,-2 Unknown,-2 N/A,3 Powered 2 Wheeler,HAMPSTEAD ROAD J/W GRANBY TERRACE,3,02/07/2017 06:30:00 PM,Sunday,18.30,1 TLRN,A,400,6 Single Cwy,2 30 MPH,3 T/Stag Jun,2 Auto Sig,C,0,4 Pelican Or Similar,1 Daylight,1 Fine,1 Road-Dry,0 None,0 None,529173,183083,-0.139108,51.531889,,,Unknown,"(51.531889, -0.139108)",http://opendatacommunities.org/id/london-borough-council/camden,7109,21/12/2020 02:48:40 PM
1180110944,CAMDEN,2 Passenger,2 Female,25-59,53,1,3 Slight,-2 Unknown,-2 N/A,5 Taxi,BAYHAM STREET NW1 J/W PLENDER STREET NW1,2,29/05/2018 06:40:00 AM,Tuesday,6.40,3 Bor,C,0,2 One-Way St,1 <= 20 MPH,6 Crossroads,4 Give Way/Uncontrolled,Unclassified,0,1 Zebra,1 Daylight,1 Fine,1 Road-Dry,0 None,0 None,529190,183560,-0.138688,51.536172,,,Unknown,"(51.536172, -0.138688)",http://opendatacommunities.org/id/london-borough-council/camden,8033,21/12/2020 02:48:42 PM
1190165573,CAMDEN,1 DRIVER/RIDER,2 FEMALE,16-24,24,1,3 SLIGHT,'-2 NOT APPLICABLE,'-2 NOT APPLICABLE,3 POWERED 2 WHEELER,"On Avenue Road, near the junction with ACACIA ROAD.",2,25/02/2019 05:40:00 PM,Monday,17.40,3 BOR,B,525,6 SINGLE CWY,30,03 T/STAG JUN,2 AUTO SIG,5,0,1 ZEBRA,2 DAYLIGHT,1 FINE,1 ROAD-DRY,0 NONE,0 NONE,527148,183703,-0.168062,51.53792,,,Unknown,"(51.53792, -0.168062)",http://opendatacommunities.org/id/london-borough-council/camden,8803,21/12/2020 02:48:43 PM
1180146546,CAMDEN,2 Passenger,1 Male,60+,74,1,3 Slight,-2 Unknown,-2 N/A,5 Taxi,PRINCE ALBERT ROAD 86M N OF J/W PARKWAY THE NEAREST CLASSIFIED ROA,2,19/11/2018 06:45:00 AM,Monday,6.45,3 Bor,A,5205,6 Single Cwy,2 30 MPH,0 No Jun In 20m,-2 Not Applicable,-2 Not Applicable,0,5 Pedn Phase At Ats,1 Daylight,1 Fine,1 Road-Dry,0 None,0 None,528580,183570,-0.147474,51.536401,,,Unknown,"(51.536401, -0.147474)",http://opendatacommunities.org/id/london-borough-council/camden,8527,21/12/2020 02:48:43 PM
1180122993,CAMDEN,1 Driver/Rider,1 Male,25-59,27,1,3 Slight,-2 Unknown,-2 N/A,3 Powered 2 Wheeler,BLOOMSBURY WAY J/W SOUTHAMPTON PLACE,2,24/07/2018 08:40:00 PM,Tuesday,20.40,3 Bor,A,40,2 One-Way St,1 <= 20 MPH,3 T/Stag Jun,2 Auto Sig,C,0,5 Pedn Phase At Ats,1 Daylight,1 Fine,1 Road-Dry,0 None,0 None,530370,181610,-0.122405,51.518376,,,Unknown,"(51.518376, -0.122405)",http://opendatacommunities.org/id/london-borough-council/camden,8200,21/12/2020 02:48:42 PM
0115EK41049,CAMDEN,3 Pedestrian,2 Female,25-59,36,1,3 Slight,05 Crossing Road (Not On Xing),3 From Drivers O/Side,1 Pedestrian,GARNETT ROAD J/W UPPER PARK ROAD.,1,26/11/2015 06:46:00 PM,Thursday,18.46,3 Bor,Unclassified,0,6 Single Cwy,2 30 MPH,6 Crossroads,4 Give Way/Uncontrolled,Unclassified,0,0 No Xing Facility In 50m,2 Dark,1 Fine,2 Road-Wet,0 None,0 None,527590,185300,-0.161114,51.552172,,,Unknown,"(51.552172, -0.161114)",http://opendatacommunities.org/id/london-borough-council/camden,5464,21/12/2020 02:48:37 PM
0116EK40565,CAMDEN,1 Driver/Rider,1 Male,25-59,39,1,3 Slight,-2 Unknown,-2 N/A,2 Pedal Cycle,ROYAL COLLEGE STREET J/W GEORGIANA STREET,2,06/08/2016 01:50:00 PM,Saturday,13.50,3 Bor,A,5202,6 Single Cwy,2 30 MPH,6 Crossroads,4 Give Way/Uncontrolled,Unclassified,0,1 Zebra,1 Daylight,1 Fine,1 Road-Dry,0 None,0 None,529310,183970,-0.136808,51.539829,,,Unknown,"(51.539829, -0.136808)",http://opendatacommunities.org/id/london-borough-council/camden,6457,21/12/2020 02:48:38 PM
1170037542,CAMDEN,1 Driver/Rider,1 Male,25-59,42,1,3 Slight,-2 Unknown,-2 N/A,2 Pedal Cycle,AGAR GROVE J/W YORK WAY,2,17/03/2017 06:50:00 PM,Friday,18.50,3 Bor,C,0,3 Dual Cwy,2 30 MPH,3 T/Stag Jun,2 Auto Sig,A,5200,9 Unknown (S/R),2 Dark,9 Unknown,1 Road-Dry,0 None,0 None,530030,184380,-0.126281,51.543348,,,Unknown,"(51.543348, -0.126281)",http://opendatacommunities.org/id/london-borough-council/camden,6965,21/12/2020 02:48:39 PM
1180094675,CAMDEN,1 Driver/Rider,1 Male,25-59,27,1,3 Slight,-2 Unknown,-2 N/A,4 Car,MURRAY STREET J/W CAMDEN SQUARE,2,07/03/2018 10:40:00 PM,Wednesday,22.40,3 Bor,Unclassified,0,2 One-Way St,1 <= 20 MPH,3 T/Stag Jun,4 Give Way/Uncontrolled,Unclassified,0,0 No Xing Facility In 50m,2 Dark,1 Fine,1 Road-Dry,0 None,0 None,529530,184440,-0.133465,51.544002,,,Unknown,"(51.544002, -0.133465)",http://opendatacommunities.org/id/london-borough-council/camden,7798,21/12/2020 02:48:41 PM
1170064811,CAMDEN,1 Driver/Rider,1 Male,25-59,27,1,3 Slight,-2 Unknown,-2 N/A,2 Pedal Cycle,JAMESTOWN ROAD 25M W OF J/W CAMDEN HIGH STREET,2,16/10/2017 10:30:00 PM,Monday,22.30,3 Bor,C,0,6 Single Cwy,1 <= 20 MPH,0 No Jun In 20m,-2 Not Applicable,-2 Not Applicable,0,5 Pedn Phase At Ats,2 Dark,1 Fine,1 Road-Dry,0 None,0 None,528767,184043,-0.144607,51.540609,,,Unknown,"(51.540609, -0.144607)",http://opendatacommunities.org/id/london-borough-council/camden,7427,21/12/2020 02:48:40 PM
0115EK40960,CAMDEN,3 Pedestrian,1 Male,25-59,27,1,3 Slight,05 Crossing Road (Not On Xing),2 From Drivers N/Side Msk,1 Pedestrian,"CORAM STREET, 30 METRES EAST OF HERBRAND STREET.",1,28/10/2015 01:40:00 AM,Wednesday,1.40,3 Bor,Unclassified,0,6 Single Cwy,1 <= 20 MPH,0 No Jun In 20m,-2 Not Applicable,-2 Not Applicable,0,0 No Xing Facility In 50m,2 Dark,1 Fine,1 Road-Dry,0 None,0 None,530150,182230,-0.125345,51.523999,,,Unknown,"(51.523999, -0.125345)",http://opendatacommunities.org/id/london-borough-council/camden,5386,21/12/2020 02:48:37 PM
0115EK40932,CAMDEN,3 Pedestrian,1 Male,25-59,49,1,3 Slight,01 Crossing Road On Ped Xing,1 From Drivers N/Side,1 Pedestrian,BAYHAM STREET J/W CROWNDALE ROAD.,1,20/10/2015 01:56:00 PM,Tuesday,13.56,3 Bor,C,0,2 One-Way St,2 30 MPH,3 T/Stag Jun,4 Give Way/Uncontrolled,B,512,1 Zebra,1 Daylight,1 Fine,1 Road-Dry,0 None,0 None,529270,183410,-0.13759,51.534805,,,Unknown,"(51.534805, -0.13759)",http://opendatacommunities.org/id/london-borough-council/camden,5362,21/12/2020 02:48:37 PM
0116EK40611,CAMDEN,1 Driver/Rider,1 Male,25-59,38,1,3 Slight,-2 Unknown,-2 N/A,2 Pedal Cycle,NEW OXFORD STREET 22M W OF DYOTT STREET,2,24/08/2016 12:40:00 PM,Wednesday,12.40,3 Bor,A,40,6 Single Cwy,2 30 MPH,0 No Jun In 20m,-2 Not Applicable,-2 Not Applicable,0,0 No Xing Facility In 50m,1 Daylight,1 Fine,1 Road-Dry,0 None,0 None,529990,181420,-0.127949,51.516756,,,Unknown,"(51.516756, -0.127949)",http://opendatacommunities.org/id/london-borough-council/camden,6489,21/12/2020 02:48:39 PM
1180127245,CAMDEN,1 Driver/Rider,1 Male,16-24,17,1,3 Slight,-2 Unknown,-2 N/A,3 Powered 2 Wheeler,TAVISTOCK PLACE J/W MARCHMONT STREET,4,15/08/2018 09:14:00 PM,Wednesday,21.14,3 Bor,C,0,2 One-Way St,1 <= 20 MPH,7 Multi Jun,2 Auto Sig,Unclassified,0,5 Pedn Phase At Ats,2 Dark,1 Fine,1 Road-Dry,0 None,0 None,530120,182410,-0.125711,51.525623,,,Unknown,"(51.525623, -0.125711)",http://opendatacommunities.org/id/london-borough-council/camden,8252,21/12/2020 02:48:42 PM
0115EK40566,CAMDEN,2 Passenger,2 Female,25-59,25,1,3 Slight,-2 Unknown,-2 N/A,4 Car,NFL SOUTHAMPTON ROW 50M SE J.W BLOOMSBURY PLACE,5,11/07/2015 05:15:00 PM,Saturday,17.15,3 Bor,A,4200,6 Single Cwy,2 30 MPH,0 No Jun In 20m,-2 Not Applicable,-2 Not Applicable,0,0 No Xing Facility In 50m,1 Daylight,1 Fine,1 Road-Dry,0 None,0 None,530400,181730,-0.121929,51.519448,,,Unknown,"(51.519448, -0.121929)",http://opendatacommunities.org/id/london-borough-council/camden,5052,21/12/2020 02:48:36 PM
1170053468,CAMDEN,2 Passenger,1 Male,60+,82,1,3 Slight,-2 Unknown,-2 N/A,6 Bus Or Coach,EUSTON ROAD J/W MELTON STREET,2,12/08/2017 06:49:00 PM,Saturday,18.49,1 TLRN,A,501,3 Dual Cwy,2 30 MPH,6 Crossroads,2 Auto Sig,C,0,4 Pelican Or Similar,1 Daylight,1 Fine,1 Road-Dry,0 None,0 None,529560,182480,-0.133753,51.526381,,,Unknown,"(51.526381, -0.133753)",http://opendatacommunities.org/id/london-borough-council/camden,7235,21/12/2020 02:48:40 PM
1190212053,CAMDEN,3 PEDESTRIAN,2 FEMALE,16-24,20,2,3 SLIGHT,01 CROSSING ROAD ON PED XING,'-2 NOT APPLICABLE,1 PEDESTRIAN,"On Euston Road, near the junction with Eversholt Street.",1,16/10/2019 08:55:00 AM,Wednesday,8.55,1 TLRN,A,501,3 DUAL CWY,30,06 CROSSROADS,2 AUTO SIG,A,4200,4 PELICAN OR SIMILAR,2 DAYLIGHT,1 FINE,2 ROAD-WET,0 NONE,0 NONE,529758,182595,-0.130858,51.527369,,,Unknown,"(51.527369, -0.130858)",http://opendatacommunities.org/id/london-borough-council/camden,9444,21/12/2020 02:48:44 PM
1160012471,CAMDEN,1 Driver/Rider,1 Male,25-59,25,1,3 Slight,-2 Unknown,-2 N/A,3 Powered 2 Wheeler,"ON GUILFORD STREET, NEAR THE JUNCTION WITH HERBRAND STREET .",1,27/09/2016 11:00:00 AM,Tuesday,11.00,3 Bor,B,502,2 One-Way St,2 30 MPH,3 T/Stag Jun,4 Give Way/Uncontrolled,Unclassified,0,0 No Xing Facility In 50m,1 Daylight,9 Unknown,1 Road-Dry,0 None,0 None,530230,182050,-0.124259,51.522363,,,Unknown,"(51.522363, -0.124259)",http://opendatacommunities.org/id/london-borough-council/camden,5837,21/12/2020 02:48:38 PM
0116EK40282,CAMDEN,1 Driver/Rider,1 Male,25-59,51,1,3 Slight,-2 Unknown,-2 N/A,4 Car,BELSIZE AVENUE J/W TUDOR CLOSE,2,22/04/2016 02:45:00 PM,Friday,14.45,3 Bor,C,0,6 Single Cwy,1 <= 20 MPH,3 T/Stag Jun,4 Give Way/Uncontrolled,Unclassified,0,0 No Xing Facility In 50m,1 Daylight,1 Fine,1 Road-Dry,0 None,0 None,527060,185030,-0.168851,51.549865,,,Unknown,"(51.549865, -0.168851)",http://opendatacommunities.org/id/london-borough-council/camden,6219,21/12/2020 02:48:38 PM
1170011218,CAMDEN,3 Pedestrian,1 Male,25-59,29,1,3 Slight,09 In Road - Not Crossing,5 In Rd Not Crossing,1 Pedestrian,PANCRAS ROAD 170M N OF J/W EUSTON ROAD,1,09/01/2017 04:45:00 PM,Monday,16.45,3 Bor,A,5202,6 Single Cwy,1 <= 20 MPH,0 No Jun In 20m,-2 Not Applicable,-2 Not Applicable,0,0 No Xing Facility In 50m,2 Dark,2 Raining,2 Road-Wet,0 None,0 None,530130,183040,-0.125334,51.531283,,,Unknown,"(51.531283, -0.125334)",http://opendatacommunities.org/id/london-borough-council/camden,6574,21/12/2020 02:48:39 PM
1190195347,CAMDEN,3 PEDESTRIAN,2 FEMALE,16-24,16,4,3 SLIGHT,04 CROSSING ROAD WITHIN 50M XING,'-2 NOT APPLICABLE,1 PEDESTRIAN,"On Gower Street, near the junction with Kepple  St.",1,23/07/2019 10:55:00 AM,Tuesday,10.55,3 BOR,A,400,6 SINGLE CWY,20,06 CROSSROADS,2 AUTO SIG,A,400,4 PELICAN OR SIMILAR,2 DAYLIGHT,1 FINE,1 ROAD-DRY,4 ROADWORKS,0 NONE,529825,181825,-0.130177,51.520434,,,Unknown,"(51.520434, -0.130177)",http://opendatacommunities.org/id/london-borough-council/camden,9218,21/12/2020 02:48:44 PM
0116EK40365,CAMDEN,2 Passenger,2 Female,25-59,29,1,3 Slight,-2 Unknown,-2 N/A,6 Bus Or Coach,SOUTHAMPTON ROW J/W HIGH HOLBORN,1,25/05/2016 12:35:00 PM,Wednesday,12.35,3 Bor,A,4200,6 Single Cwy,2 30 MPH,6 Crossroads,2 Auto Sig,A,40,5 Pedn Phase At Ats,1 Daylight,1 Fine,1 Road-Dry,0 None,0 None,530500,181530,-0.120562,51.517627,,,Unknown,"(51.517627, -0.120562)",http://opendatacommunities.org/id/london-borough-council/camden,6289,21/12/2020 02:48:38 PM
1190170990,CAMDEN,1 DRIVER/RIDER,1 MALE,25-59,28,1,3 SLIGHT,'-2 NOT APPLICABLE,'-2 NOT APPLICABLE,3 POWERED 2 WHEELER,"On Belsize Road, 30 metres west of the junction with un named road to flat parking.",2,24/03/2019 11:20:00 PM,Sunday,23.20,3 BOR,B,509,3 DUAL CWY,30,00 NO JUN IN 20M,,0,0,0 NO XING FACILITY IN 50M,1 DARK,1 FINE,1 ROAD-DRY,0 NONE,0 NONE,525859,183905,-0.186566,51.540024,,,Unknown,"(51.540024, -0.186566)",http://opendatacommunities.org/id/london-borough-council/camden,8869,21/12/2020 02:48:43 PM
0115EK41145,CAMDEN,3 Pedestrian,1 Male,25-59,52,1,3 Slight,04 Crossing Road Within 50m Xing,1 From Drivers N/Side,1 Pedestrian,GORDON HOUSE ROAD 25M NE OF OAK VILLAGE,1,19/12/2015 03:40:00 PM,Saturday,15.40,3 Bor,B,518,6 Single Cwy,1 <= 20 MPH,0 No Jun In 20m,-2 Not Applicable,-2 Not Applicable,0,4 Pelican Or Similar,2 Dark,1 Fine,1 Road-Dry,0 None,0 None,528290,185640,-0.150899,51.555069,,,Unknown,"(51.555069, -0.150899)",http://opendatacommunities.org/id/london-borough-council/camden,5548,21/12/2020 02:48:37 PM
1190190308,CAMDEN,3 PEDESTRIAN,1 MALE,25-59,57,1,2 SERIOUS,01 CROSSING ROAD ON PED XING,1 FROM DRIVERS N/SIDE,1 PEDESTRIAN,"On Torriano Avenue, near the junction with LEIGHTON ROAD, NW5.",1,29/06/2019 10:24:00 AM,Saturday,10.24,3 BOR,A,5200,6 SINGLE CWY,20,03 T/STAG JUN,4 GIVE WAY/UNCONTROLLED,5,0,4 PELICAN OR SIMILAR,2 DAYLIGHT,1 FINE,1 ROAD-DRY,0 NONE,0 NONE,529551,185181,-0.132889,51.550657,,,Unknown,"(51.550657, -0.132889)",http://opendatacommunities.org/id/london-borough-council/camden,9144,21/12/2020 02:48:44 PM
1160005500,CAMDEN,1 Driver/Rider,1 Male,25-59,30,1,3 Slight,-2 Unknown,-2 N/A,3 Powered 2 Wheeler,HAMPSTEAD ROAD J/W DRUMMOND STREET,2,07/12/2016 08:53:00 AM,Wednesday,8.53,1 TLRN,A,400,6 Single Cwy,2 30 MPH,6 Crossroads,2 Auto Sig,A,400,0 No Xing Facility In 50m,1 Daylight,8 Other,1 Road-Dry,0 None,0 None,529220,182480,-0.138652,51.526459,,,Unknown,"(51.526459, -0.138652)",http://opendatacommunities.org/id/london-borough-council/camden,5743,21/12/2020 02:48:37 PM
1180102853,CAMDEN,1 Driver/Rider,1 Male,25-59,28,1,3 Slight,-2 Unknown,-2 N/A,3 Powered 2 Wheeler,JAMESTOWN ROAD 20M E OF J/W CAMDEN HIGH STREET,2,18/03/2018 08:00:00 PM,Sunday,20.00,3 Bor,A,502,6 Single Cwy,2 30 MPH,3 T/Stag Jun,9 Unknown (S/R),C,0,9 Unknown (S/R),2 Dark,9 Unknown,9 Unknown (S/R),9 Unknown (S/R),9 Unknown (S/R),528760,184040,-0.144709,51.540583,,,Unknown,"(51.540583, -0.144709)",http://opendatacommunities.org/id/london-borough-council/camden,7910,21/12/2020 02:48:41 PM
1170052280,CAMDEN,1 Driver/Rider,1 Male,16-24,22,1,3 Slight,-2 Unknown,-2 N/A,4 Car,HAVERSTOCK HILL 48M S OF J/W ROWLAND HILL STREET,2,06/08/2017 03:30:00 AM,Sunday,3.30,3 Bor,A,502,6 Single Cwy,1 <= 20 MPH,0 No Jun In 20m,-2 Not Applicable,-2 Not Applicable,0,0 No Xing Facility In 50m,2 Dark,1 Fine,1 Road-Dry,0 None,0 None,527140,185300,-0.167601,51.552274,,,Unknown,"(51.552274, -0.167601)",http://opendatacommunities.org/id/london-borough-council/camden,7226,21/12/2020 02:48:40 PM
1170056176,CAMDEN,1 Driver/Rider,1 Male,0-15,15,1,3 Slight,-2 Unknown,-2 N/A,2 Pedal Cycle,DRUMMOND STREET J/W COBURG STREET,2,27/08/2017 11:39:00 AM,Sunday,11.39,3 Bor,C,0,6 Single Cwy,2 30 MPH,3 T/Stag Jun,4 Give Way/Uncontrolled,Unclassified,0,0 No Xing Facility In 50m,1 Daylight,1 Fine,1 Road-Dry,0 None,0 None,529400,182590,-0.136018,51.527406,,,Unknown,"(51.527406, -0.136018)",http://opendatacommunities.org/id/london-borough-council/camden,7278,21/12/2020 02:48:40 PM
1170018808,CAMDEN,1 Driver/Rider,1 Male,25-59,54,1,3 Slight,-2 Unknown,-2 N/A,4 Car,EUSTON FLYOVER J/W TOTTENHAM COURT RD,2,16/02/2017 07:40:00 AM,Thursday,7.40,1 TLRN,A,501,3 Dual Cwy,1 <= 20 MPH,7 Multi Jun,2 Auto Sig,A,501,4 Pelican Or Similar,1 Daylight,1 Fine,1 Road-Dry,0 None,0 None,529258,182328,-0.13816,51.525084,,,Unknown,"(51.525084, -0.13816)",http://opendatacommunities.org/id/london-borough-council/camden,6676,21/12/2020 02:48:39 PM
0116EK40396,CAMDEN,1 Driver/Rider,2 Female,16-24,23,1,3 Slight,-2 Unknown,-2 N/A,2 Pedal Cycle,JUDD STREET J/W CROMER STREET,2,05/05/2016 07:00:00 PM,Thursday,19.00,3 Bor,B,504,6 Single Cwy,2 30 MPH,3 T/Stag Jun,4 Give Way/Uncontrolled,Unclassified,0,1 Zebra,1 Daylight,1 Fine,1 Road-Dry,0 None,0 None,530190,182600,-0.124633,51.527315,,,Unknown,"(51.527315, -0.124633)",http://opendatacommunities.org/id/london-borough-council/camden,6313,21/12/2020 02:48:38 PM
1190188009,CAMDEN,1 DRIVER/RIDER,1 MALE,25-59,50,1,3 SLIGHT,'-2 NOT APPLICABLE,'-2 NOT APPLICABLE,2 PEDAL CYCLE,"On Kentish Town Road, near the junction with Patshull Road.",2,18/06/2019 11:56:00 AM,Tuesday,11.56,3 BOR,A,400,6 SINGLE CWY,20,03 T/STAG JUN,4 GIVE WAY/UNCONTROLLED,6,0,9 UNKNOWN (S/R),2 DAYLIGHT,2 RAINING,1 ROAD-DRY,0 NONE,0 NONE,528965,184796,-0.141477,51.547331,,,Unknown,"(51.547331, -0.141477)",http://opendatacommunities.org/id/london-borough-council/camden,9111,21/12/2020 02:48:44 PM
1190189623,CAMDEN,1 DRIVER/RIDER,1 MALE,16-24,21,1,3 SLIGHT,'-2 NOT APPLICABLE,'-2 NOT APPLICABLE,2 PEDAL CYCLE,"On Hawley Road (Stop A), 80 metres north of the junction with Camden Gardens.",2,23/06/2019 03:15:00 PM,Sunday,15.15,3 BOR,A,400,9 UNKNOWN,20,00 NO JUN IN 20M,,0,0,5 PEDN PHASE AT ATS,2 DAYLIGHT,8 OTHER,1 ROAD-DRY,9 UNKNOWN (S/R),0 NONE,528946,184213,-0.141965,51.542096,,,Unknown,"(51.542096, -0.141965)",http://opendatacommunities.org/id/london-borough-council/camden,9130,21/12/2020 02:48:44 PM
0116EK40184,CAMDEN,3 Pedestrian,2 Female,16-24,23,1,3 Slight,05 Crossing Road (Not On Xing),1 From Drivers N/Side,1 Pedestrian,KENTISH TOWN ROAD J/W BUCK STREET.,1,26/03/2016 03:22:00 AM,Saturday,3.22,3 Bor,A,400,2 One-Way St,1 <= 20 MPH,3 T/Stag Jun,4 Give Way/Uncontrolled,Unclassified,0,0 No Xing Facility In 50m,2 Dark,1 Fine,1 Road-Dry,0 None,0 None,528920,183990,-0.142421,51.540098,,,Unknown,"(51.540098, -0.142421)",http://opendatacommunities.org/id/london-borough-council/camden,6130,21/12/2020 02:48:38 PM