Reference,London Borough Name,Casualty Class,Casualty Sex,Casualty Age Band,Casualty Age,Number Of Casualties,Casualty Severity,Pedestrian Location,Pedestrian Movement,Mode Of Travel,Attendant Location,Number Of Vehicles,Date,Day,Time,Highway,Road Class 1,Road Number 1,Road Type,Speed Limit,Junction Detail,Junction Control,Road Class 2,Road Number 2,Pedestrian Crossing,Light Condition Band,Weather,Road Surface,Special Conditions,Carriage Way Hazard,Easting,Northing,Longitude,Latitude,Ward Code,Ward Name,Spatial Accuracy,Location,Organisation URI,Socrata ID,Last Uploaded
1180087552,CAMDEN,3 Pedestrian,1 Male,25-59,27,1,2 Serious,04 Crossing Road Within 50m Xing,3 From Drivers O/Side,1 Pedestrian,CAMDEN HIGH STREET 40M S OF J/W GREENLAND ROAD,1,03/02/2018 03:29:00 AM,Saturday,3.29,1 TLRN,A,502,6 Single Cwy,1 <= 20 MPH,0 No Jun In 20m,-2 Not Applicable,-2 Not Applicable,0,4 Pelican Or Similar,2 Dark,1 Fine,1 Road-Dry,0 None,0 None,528930,183820,-0.142339,51.538568,,,Unknown,"(51.538568, -0.142339)",http://opendatacommunities.org/id/london-borough-council/camden,7717,21/12/2020 02:48:41 PM
0116EK40197,CAMDEN,2 Passenger,1 Male,0-15,10,1,3 Slight,-2 Unknown,-2 N/A,4 Car,CAMDEN HIGH STREET J/W JAMESTOWN ROAD,2,01/04/2016 11:20:00 PM,Friday,23.20,3 Bor,A,502,6 Single Cwy,1 <= 20 MPH,6 Crossroads,2 Auto Sig,C,0,5 Pedn Phase At Ats,2 Dark,1 Fine,1 Road-Dry,0 None,0 None,528780,184060,-0.144413,51.540759,,,Unknown,"(51.540759, -0.144413)",http://opendatacommunities.org/id/london-borough-council/camden,6143,21/12/2020 02:48:38 PM
1180129897,CAMDEN,1 Driver/Rider,1 Male,25-59,54,1,2 Serious,-2 Unknown,-2 N/A,2 Pedal Cycle,A400 J/W GRAFTON WAY,2,29/08/2018 02:35:00 PM,Wednesday,14.35,3 Bor,A,400,2 One-Way St,1 <= 20 MPH,99 Unknown (S/R),9 Unknown (S/R),Unclassified,0,9 Unknown (S/R),1 Daylight,1 Fine,1 Road-Dry,0 None,0 None,529310,182200,-0.137458,51.523922,,,Unknown,"(51.523922, -0.137458)",http://opendatacommunities.org/id/london-borough-council/camden,8292,21/12/2020 02:48:42 PM
1170063106,CAMDEN,1 Driver/Rider,1 Male,25-59,40,1,3 Slight,-2 Unknown,-2 N/A,2 Pedal Cycle,GUILFORD STREET J/W DOUGHTY MEWS,2,07/10/2017 11:56:00 AM,Saturday,11.56,3 Bor,B,502,6 Single Cwy,1 <= 20 MPH,3 T/Stag Jun,4 Give Way/Uncontrolled,Unclassified,0,1 Zebra,1 Daylight,9 Unknown,1 Road-Dry,4 Roadworks,0 None,530710,182240,-0.117274,51.52396,,,Unknown,"(51.52396, -0.117274)",http://opendatacommunities.org/id/london-borough-council/camden,7389,21/12/2020 02:48:40 PM
1180112635,CAMDEN,1 Driver/Rider,1 Male,25-59,57,1,3 Slight,-2 Unknown,-2 N/A,5 Taxi,CAMDEN ROAD J/W LYME STREET,2,07/06/2018 12:12:00 AM,Thursday,0.12,1 TLRN,A,503,3 Dual Cwy,1 <= 20 MPH,3 T/Stag Jun,1 Auth Person,Unclassified,0,0 No Xing Facility In 50m,2 Dark,1 Fine,1 Road-Dry,0 None,0 None,529120,184060,-0.139513,51.540681,,,Unknown,"(51.540681, -0.139513)",http://opendatacommunities.org/id/london-borough-council/camden,8055,21/12/2020 02:48:42 PM
0115EK40218,CAMDEN,3 Pedestrian,2 Female,0-15,14,1,3 Slight,05 Crossing Road (Not On Xing),4 From Drivers O/Side Msk,1 Pedestrian,MARESFIELD GARDENS J/W FITZJOHN'S AVENUE,1,19/03/2015 04:10:00 PM,Thursday,16.10,3 Bor,Unclassified,0,2 One-Way St,2 30 MPH,3 T/Stag Jun,4 Give Way/Uncontrolled,B,511,0 No Xing Facility In 50m,1 Daylight,1 Fine,1 Road-Dry,0 None,0 None,526560,184630,-0.176203,51.546383,,,Unknown,"(51.546383, -0.176203)",http://opendatacommunities.org/id/london-borough-council/camden,4751,21/12/2020 02:48:36 PM
1190194530,CAMDEN,1 DRIVER/RIDER,1 MALE,25-59,28,1,3 SLIGHT,'-2 NOT APPLICABLE,5 IN RD NOT CROSSING,7 GOODS VEHICLE,"On Theobalds Road, 25 metres west of the junction with red lion street.",2,18/07/2019 09:34:00 PM,Thursday,21.34,3 BOR,A,401,2 ONE-WAY ST,20,00 NO JUN IN 20M,,0,0,5 PEDN PHASE AT ATS,1 DARK,1 FINE,1 ROAD-DRY,0 NONE,0 NONE,530659,181811,-0.118168,51.520116,,,Unknown,"(51.520116, -0.118168)",http://opendatacommunities.org/id/london-borough-council/camden,9199,21/12/2020 02:48:44 PM
0115EK40040,CAMDEN,1 Driver/Rider,2 Female,25-59,38,1,3 Slight,-2 Unknown,-2 N/A,2 Pedal Cycle,KILBURN HIGH ROAD J/W GASCONY AVENUE,2,10/01/2015 04:50:00 PM,Saturday,16.50,3 Bor,A,5,6 Single Cwy,2 30 MPH,3 T/Stag Jun,2 Auto Sig,A,5,5 Pedn Phase At Ats,2 Dark,1 Fine,1 Road-Dry,0 None,0 None,525080,184070,-0.197734,51.54168,,,Unknown,"(51.54168, -0.197734)",http://opendatacommunities.org/id/london-borough-council/camden,4611,21/12/2020 02:48:35 PM
0116EK40428,CAMDEN,1 Driver/Rider,2 Female,25-59,37,1,3 Slight,-2 Unknown,-2 N/A,4 Car,THEOBALD'S ROAD J/W GRAY'S INN ROAD,2,17/06/2016 05:00:00 PM,Friday,17.00,3 Bor,A,401,6 Single Cwy,1 <= 20 MPH,6 Crossroads,2 Auto Sig,A,5200,5 Pedn Phase At Ats,1 Daylight,1 Fine,1 Road-Dry,0 None,0 None,530980,181970,-0.113485,51.521471,,,Unknown,"(51.521471, -0.113485)",http://opendatacommunities.org/id/london-borough-council/camden,6345,21/12/2020 02:48:38 PM
0115EK40376,CAMDEN,3 Pedestrian,1 Male,60+,81,1,3 Slight,05 Crossing Road (Not On Xing),4 From Drivers O/Side Msk,1 Pedestrian,CAMDEN HIGH STREET 27M NW OF J/W GREENLAND STREET,1,13/05/2015 03:10:00 PM,Wednesday,15.10,1 TLRN,A,502,6 Single Cwy,3 40 MPH,0 No Jun In 20m,-2 Not Applicable,-2 Not Applicable,0,0 No Xing Facility In 50m,1 Daylight,1 Fine,1 Road-Dry,0 None,0 None,528940,183790,-0.142206,51.538296,,,Unknown,"(51.538296, -0.142206)",http://opendatacommunities.org/id/london-borough-council/camden,4878,21/12/2020 02:48:36 PM
1170029649,CAMDEN,1 Driver/Rider,1 Male,25-59,50,1,3 Slight,-2 Unknown,-2 N/A,5 Taxi,A503 CAMDEN ROAD 10M N OF J/W ROCHESTER SQUARE,2,01/04/2017 11:24:00 AM,Saturday,11.24,1 TLRN,A,503,6 Single Cwy,2 30 MPH,3 T/Stag Jun,4 Give Way/Uncontrolled,Unclassified,0,7 Footbridge Or Subway,1 Daylight,1 Fine,1 Road-Dry,0 None,0 None,529320,184390,-0.13651,51.543601,,,Unknown,"(51.543601, -0.13651)",http://opendatacommunities.org/id/london-borough-council/camden,6839,21/12/2020 02:48:39 PM
0115EK40927,CAMDEN,1 Driver/Rider,1 Male,25-59,30,1,3 Slight,-2 Unknown,-2 N/A,2 Pedal Cycle,HEATH STREET J/W NEW END,2,09/10/2015 03:45:00 PM,Friday,15.45,3 Bor,A,502,6 Single Cwy,2 30 MPH,6 Crossroads,4 Give Way/Uncontrolled,Unclassified,0,0 No Xing Facility In 50m,1 Daylight,1 Fine,1 Road-Dry,0 None,0 None,526360,186000,-0.178594,51.55874,,,Unknown,"(51.55874, -0.178594)",http://opendatacommunities.org/id/london-borough-council/camden,5359,21/12/2020 02:48:37 PM
0115EO40769,CAMDEN,3 Pedestrian,2 Female,16-24,23,1,3 Slight,09 In Road - Not Crossing,6 In Rd Not Crossing Msk,1 Pedestrian,FARRINGDON ROAD 40M SOUTH J/W ST CROSS STREET,1,25/10/2015 01:04:00 AM,Sunday,1.04,1 TLRN,A,201,6 Single Cwy,2 30 MPH,0 No Jun In 20m,-2 Not Applicable,-2 Not Applicable,0,0 No Xing Facility In 50m,2 Dark,8 Other,2 Road-Wet,0 None,0 None,531490,181900,-0.106164,51.520723,,,Unknown,"(51.520723, -0.106164)",http://opendatacommunities.org/id/london-borough-council/camden,5604,21/12/2020 02:48:37 PM
1180097863,CAMDEN,1 Driver/Rider,1 Male,25-59,44,1,3 Slight,-2 Unknown,-2 N/A,5 Taxi,PENTONVILLE RD J/W KINGS CROSS BRIDGE ROAD,2,23/03/2018 03:15:00 AM,Friday,3.15,1 TLRN,A,5203,6 Single Cwy,1 <= 20 MPH,6 Crossroads,2 Auto Sig,A,501,5 Pedn Phase At Ats,2 Dark,1 Fine,1 Road-Dry,0 None,0 None,530460,183000,-0.120594,51.530847,,,Unknown,"(51.530847, -0.120594)",http://opendatacommunities.org/id/london-borough-council/camden,7833,21/12/2020 02:48:41 PM
0116EK40384,CAMDEN,2 Passenger,1 Male,60+,75,1,3 Slight,-2 Unknown,-2 N/A,6 Bus Or Coach,FINCHLEY RD 63M NORTH OF J/W FINCHLEY RD SLIP RD,1,12/05/2016 01:15:00 PM,Thursday,13.15,1 TLRN,A,41,3 Dual Cwy,2 30 MPH,0 No Jun In 20m,-2 Not Applicable,-2 Not Applicable,0,0 No Xing Facility In 50m,1 Daylight,1 Fine,1 Road-Dry,0 None,0 None,526630,184330,-0.175302,51.543671,,,Unknown,"(51.543671, -0.175302)",http://opendatacommunities.org/id/london-borough-council/camden,6306,21/12/2020 02:48:38 PM
0115EK40764,CAMDEN,1 Driver/Rider,1 Male,25-59,51,1,3 Slight,-2 Unknown,-2 N/A,3 Powered 2 Wheeler,ETON ROAD J/W ETON VILLAS,2,01/09/2015 03:10:00 PM,Tuesday,15.10,3 Bor,Unclassified,0,6 Single Cwy,2 30 MPH,6 Crossroads,4 Give Way/Uncontrolled,Unclassified,0,0 No Xing Facility In 50m,1 Daylight,1 Fine,2 Road-Wet,0 None,0 None,527830,184540,-0.15793,51.545288,,,Unknown,"(51.545288, -0.15793)",http://opendatacommunities.org/id/london-borough-council/camden,5233,21/12/2020 02:48:37 PM
1170043664,CAMDEN,1 Driver/Rider,1 Male,60+,74,1,3 Slight,-2 Unknown,-2 N/A,5 Taxi,EUSTON ROAD 25M S OF J/W GOWER STREET THE NEAREST CLASSIFIED ROAD,3,19/06/2017 09:10:00 AM,Monday,9.10,1 TLRN,A,501,3 Dual Cwy,2 30 MPH,0 No Jun In 20m,-2 Not Applicable,-2 Not Applicable,0,5 Pedn Phase At Ats,1 Daylight,1 Fine,1 Road-Dry,0 None,0 None,529430,182390,-0.135659,51.525602,,,Unknown,"(51.525602, -0.135659)",http://opendatacommunities.org/id/london-borough-council/camden,7055,21/12/2020 02:48:39 PM
1160004741,CAMDEN,3 Pedestrian,2 Female,25-59,32,1,3 Slight,05 Crossing Road (Not On Xing),1 From Drivers N/Side,1 Pedestrian,EVERSHOLT STREET J/W GRAFTON PLACE,1,02/12/2016 06:20:00 PM,Friday,18.20,3 Bor,A,4200,6 Single Cwy,1 <= 20 MPH,3 T/Stag Jun,1 Auth Person,Unclassified,0,5 Pedn Phase At Ats,2 Dark,1 Fine,2 Road-Wet,0 None,0 None,529710,182670,-0.131522,51.528054,,,Unknown,"(51.528054, -0.131522)",http://opendatacommunities.org/id/london-borough-council/camden,5722,21/12/2020 02:48:37 PM
0116EK40131,CAMDEN,1 Driver/Rider,1 Male,25-59,29,1,3 Slight,-2 Unknown,-2 N/A,4 Car,HAMPSTEAD HIGH STREET J/W HEATH STREET.,3,06/03/2016 05:56:00 PM,Sunday,17.56,3 Bor,A,502,6 Single Cwy,1 <= 20 MPH,6 Crossroads,2 Auto Sig,B,511,5 Pedn Phase At Ats,2 Dark,1 Fine,1 Road-Dry,0 None,0 None,526380,185750,-0.178395,51.556489,,,Unknown,"(51.556489, -0.178395)",http://opendatacommunities.org/id/london-borough-council/camden,6088,21/12/2020 02:48:38 PM
1190199242,CAMDEN,1 DRIVER/RIDER,1 MALE,25-59,39,1,3 SLIGHT,'-2 NOT APPLICABLE,'-2 NOT APPLICABLE,3 POWERED 2 WHEELER,"On FINCHLEY ROAD, near the junction with BURRARD ROAD, NW3.",2,12/08/2019 10:25:00 PM,Monday,22.25,1 TLRN,A,41,6 SINGLE CWY,30,03 T/STAG JUN,4 GIVE WAY/UNCONTROLLED,6,0,0 NO XING FACILITY IN 50M,1 DARK,1 FINE,2 ROAD-WET,0 NONE,0 NONE,525335,185622,-0.193506,51.555571,,,Unknown,"(51.555571, -0.193506)",http://opendatacommunities.org/id/london-borough-council/camden,9268,21/12/2020 02:48:44 PM
0116CW10300,CAMDEN,1 Driver/Rider,1 Male,Unknown,0,1,3 Slight,-2 Unknown,-2 N/A,3 Powered 2 Wheeler,AVENUE ROAD J/W ACACIA ROAD,2,20/03/2016 01:27:00 PM,Sunday,13.27,3 Bor,B,525,6 Single Cwy,2 30 MPH,3 T/Stag Jun,4 Give Way/Uncontrolled,C,0,1 Zebra,1 Daylight,1 Fine,1 Road-Dry,0 None,0 None,527140,183700,-0.168179,51.537895,,,Unknown,"(51.537895, -0.168179)",http://opendatacommunities.org/id/london-borough-council/camden,5965,21/12/2020 02:48:38 PM
0115EK40521,CAMDEN,1 Driver/Rider,1 Male,25-59,29,1,3 Slight,-2 Unknown,-2 N/A,3 Powered 2 Wheeler,CAMDEN ROAD J/W SANDALL ROAD,2,29/06/2015 04:50:00 PM,Monday,16.50,1 TLRN,A,503,6 Single Cwy,2 30 MPH,3 T/Stag Jun,4 Give Way/Uncontrolled,Unclassified,0,0 No Xing Facility In 50m,1 Daylight,1 Fine,1 Road-Dry,0 None,0 None,529520,184620,-0.133543,51.545622,,,Unknown,"(51.545622, -0.133543)",http://opendatacommunities.org/id/london-borough-council/camden,5011,21/12/2020 02:48:36 PM
1180108520,CAMDEN,1 Driver/Rider,1 Male,25-59,30,1,3 Slight,-2 Unknown,-2 N/A,5 Taxi,SHAFTESBURY AVENUE 60M E OF J/W CHARING CROSS ROAD,2,17/05/2018 11:00:00 AM,Thursday,11.00,3 Bor,Unclassified,0,6 Single Cwy,2 30 MPH,0 No Jun In 20m,-2 Not Applicable,-2 Not Applicable,0,0 No Xing Facility In 50m,1 Daylight,1 Fine,1 Road-Dry,0 None,0 None,529963,181091,-0.128459,51.513806,,,Unknown,"(51.513806, -0.128459)",http://opendatacommunities.org/id/london-borough-council/camden,7999,21/12/2020 02:48:42 PM
0115EK40050,CAMDEN,1 Driver/Rider,1 Male,25-59,51,1,3 Slight,-2 Unknown,-2 N/A,7 Goods Vehicle,KILBURN HIGH ROAD J/W GREVILLE ROAD,2,22/01/2015 10:06:00 AM,Thursday,10.06,3 Bor,A,5,6 Single Cwy,2 30 MPH,3 T/Stag Jun,4 Give Way/Uncontrolled,A,5,1 Zebra,1 Daylight,1 Fine,1 Road-Dry,0 None,0 None,525530,183470,-0.191462,51.536188,,,Unknown,"(51.536188, -0.191462)",http://opendatacommunities.org/id/london-borough-council/camden,4618,21/12/2020 02:48:35 PM
1170070479,CAMDEN,1 Driver/Rider,1 Male,25-59,27,1,3 Slight,-2 Unknown,-2 N/A,2 Pedal Cycle,FINCHLEY ROAD 50M N OF J/W BLACKBURN ROAD,2,15/11/2017 07:17:00 PM,Wednesday,19.17,1 TLRN,A,41,3 Dual Cwy,2 30 MPH,0 No Jun In 20m,-2 Not Applicable,-2 Not Applicable,0,5 Pedn Phase At Ats,2 Dark,1 Fine,1 Road-Dry,0 None,0 None,526200,184810,-0.181327,51.548081,,,Unknown,"(51.548081, -0.181327)",http://opendatacommunities.org/id/london-borough-council/camden,7515,21/12/2020 02:48:41 PM
1180143045,CAMDEN,3 Pedestrian,2 Female,25-59,30,1,3 Slight,05 Crossing Road (Not On Xing),3 From Drivers O/Side,1 Pedestrian,BARTHOLOMEW ROAD (EAST) J/W BATHOLOMEW ROAD (WEST),1,02/11/2018 06:25:00 PM,Friday,18.25,3 Bor,Unclassified,0,6 Single Cwy,1 <= 20 MPH,3 T/Stag Jun,4 Give Way/Uncontrolled,Unclassified,0,0 No Xing Facility In 50m,1 Daylight,1 Fine,1 Road-Dry,0 None,0 None,529060,184650,-0.140162,51.545997,,,Unknown,"(51.545997, -0.140162)",http://opendatacommunities.org/id/london-borough-council/camden,8489,21/12/2020 02:48:43 PM
0116EK40126,CAMDEN,1 Driver/Rider,2 Female,25-59,29,1,3 Slight,-2 Unknown,-2 N/A,4 Car,CAMDEN ROAD J/W CAMDEN PARK ROAD.,2,05/03/2016 09:55:00 AM,Saturday,9.55,1 TLRN,A,503,6 Single Cwy,2 30 MPH,6 Crossroads,2 Auto Sig,A,5200,5 Pedn Phase At Ats,1 Daylight,2 Raining,2 Road-Wet,0 None,0 None,529720,184860,-0.130572,51.547733,,,Unknown,"(51.547733, -0.130572)",http://opendatacommunities.org/id/london-borough-council/camden,6083,21/12/2020 02:48:38 PM
0115EK40763,CAMDEN,1 Driver/Rider,1 Male,60+,63,1,3 Slight,-2 Unknown,-2 N/A,4 Car,"EUSTON ROAD, 200 METRES NE OF EUSTON ROAD SLIP ROAD.",4,01/09/2015 04:26:00 PM,Tuesday,16.26,1 TLRN,A,501,3 Dual Cwy,4 50 MPH,0 No Jun In 20m,-2 Not Applicable,-2 Not Applicable,0,0 No Xing Facility In 50m,1 Daylight,1 Fine,1 Road-Dry,0 None,0 None,529260,182330,-0.13813,51.525102,,,Unknown,"(51.525102, -0.13813)",http://opendatacommunities.org/id/london-borough-council/camden,5227,21/12/2020 02:48:37 PM
1180146910,CAMDEN,1 Driver/Rider,1 Male,25-59,48,1,3 Slight,-2 Unknown,-2 N/A,4 Car,GUILFORD STREET 30M W OF J/W RUSSELL SQUARE,2,17/11/2018 05:30:00 PM,Saturday,17.30,3 Bor,A,4200,2 One-Way St,1 <= 20 MPH,3 T/Stag Jun,4 Give Way/Uncontrolled,B,502,9 Unknown (S/R),2 Dark,1 Fine,1 Road-Dry,0 None,0 None,530181,182035,-0.124971,51.522239,,,Unknown,"(51.522239, -0.124971)",http://opendatacommunities.org/id/london-borough-council/camden,8540,21/12/2020 02:48:43 PM
1160024586,CAMDEN,1 Driver/Rider,1 Male,25-59,28,1,3 Slight,-2 Unknown,-2 N/A,3 Powered 2 Wheeler,MIDLAND ROAD J/W BRILL PLACE,2,14/10/2016 06:28:00 AM,Friday,6.28,3 Bor,A,5202,2 One-Way St,1 <= 20 MPH,3 T/Stag Jun,4 Give Way/Uncontrolled,C,0,0 No Xing Facility In 50m,2 Dark,1 Fine,1 Road-Dry,0 None,0 None,529950,183150,-0.127887,51.532313,,,Unknown,"(51.532313, -0.127887)",http://opendatacommunities.org/id/london-borough-council/camden,5911,21/12/2020 02:48:38 PM
1170016700,CAMDEN,1 Driver/Rider,1 Male,25-59,33,1,3 Slight,-2 Unknown,-2 N/A,2 Pedal Cycle,ROSSLYN HILL 50M S OF J/W POND STREET THE NEAREST CLASSIFIED ROAD,2,07/02/2017 07:10:00 PM,Tuesday,19.10,3 Bor,A,502,6 Single Cwy,1 <= 20 MPH,0 No Jun In 20m,-2 Not Applicable,-2 Not Applicable,0,0 No Xing Facility In 50m,2 Dark,1 Fine,1 Road-Dry,0 None,0 None,527080,185350,-0.168448,51.552737,,,Unknown,"(51.552737, -0.168448)",http://opendatacommunities.org/id/london-borough-council/camden,6653,21/12/2020 02:48:39 PM
0116EK40254,CAMDEN,1 Driver/Rider,1 Male,25-59,34,1,3 Slight,-2 Unknown,-2 N/A,3 Powered 2 Wheeler,NFL SOUTHAMPTON ROW 27M SOUTH J/W RUSSELL SQUARE,1,13/01/2016 05:55:00 PM,Wednesday,17.55,3 Bor,A,4200,6 Single Cwy,1 <= 20 MPH,0 No Jun In 20m,-2 Not Applicable,-2 Not Applicable,0,0 No Xing Facility In 50m,2 Dark,1 Fine,1 Road-Dry,0 None,6 Ped In Cwy (Not Inj),530260,181920,-0.123875,51.521188,,,Unknown,"(51.521188, -0.123875)",http://opendatacommunities.org/id/london-borough-council/camden,6192,21/12/2020 02:48:38 PM
0116EK40056,CAMDEN,1 Driver/Rider,1 Male,25-59,25,1,3 Slight,-2 Unknown,-2 N/A,2 Pedal Cycle,PRINCE OF WALES ROAD J/W KENTISH TOWN ROAD,1,06/02/2016 01:10:00 AM,Saturday,1.10,3 Bor,C,0,6 Single Cwy,1 <= 20 MPH,3 T/Stag Jun,2 Auto Sig,A,400,5 Pedn Phase At Ats,2 Dark,1 Fine,1 Road-Dry,0 None,0 None,528930,184700,-0.142017,51.546476,,,Unknown,"(51.546476, -0.142017)",http://opendatacommunities.org/id/london-borough-council/camden,6024,21/12/2020 02:48:38 PM
0116EK40563,CAMDEN,3 Pedestrian,2 Female,25-59,37,1,2 Serious,09 In Road - Not Crossing,9 Unknown Or Other,1 Pedestrian,WEST END LANE J/W BLACKBURN ROAD,1,05/08/2016 07:45:00 AM,Friday,7.45,3 Bor,B,510,6 Single Cwy,2 30 MPH,3 T/Stag Jun,4 Give Way/Uncontrolled,Unclassified,0,4 Pelican Or Similar,1 Daylight,1 Fine,1 Road-Dry,0 None,0 None,525520,184690,-0.191172,51.547154,,,Unknown,"(51.547154, -0.191172)",http://opendatacommunities.org/id/london-borough-council/camden,6455,21/12/2020 02:48:38 PM
0116EK40457,CAMDEN,2 Passenger,1 Male,16-24,22,1,3 Slight,-2 Unknown,-2 N/A,4 Car,CLARKSON ROW 47M NW OF MORNINGTON CRESCENT,1,24/06/2016 11:50:00 PM,Friday,23.50,3 Bor,Unclassified,0,6 Single Cwy,2 30 MPH,0 No Jun In 20m,-2 Not Applicable,-2 Not Applicable,0,0 No Xing Facility In 50m,2 Dark,1 Fine,1 Road-Dry,0 None,0 None,529040,183180,-0.140989,51.532791,,,Unknown,"(51.532791, -0.140989)",http://opendatacommunities.org/id/london-borough-council/camden,6368,21/12/2020 02:48:38 PM
1180151179,CAMDEN,1 Driver/Rider,2 Female,25-59,51,1,3 Slight,-2 Unknown,-2 N/A,4 Car,CAMDEN ROAD J/W TORRIANO AVENUE,2,10/12/2018 02:35:00 PM,Monday,14.35,1 TLRN,A,503,3 Dual Cwy,1 <= 20 MPH,7 Multi Jun,2 Auto Sig,A,5200,5 Pedn Phase At Ats,1 Daylight,1 Fine,1 Road-Dry,0 None,0 None,529720,184870,-0.130568,51.547823,,,Unknown,"(51.547823, -0.130568)",http://opendatacommunities.org/id/london-borough-council/camden,8600,21/12/2020 02:48:43 PM
1190189803,CAMDEN,1 DRIVER/RIDER,1 MALE,25-59,32,1,3 SLIGHT,'-2 NOT APPLICABLE,'-2 NOT APPLICABLE,2 PEDAL CYCLE,"On Kilburn High Road, 20 metres north of the junction with Kings Gate Place.",1,24/06/2019 11:30:00 PM,Monday,23.30,3 BOR,A,5,6 SINGLE CWY,30,03 T/STAG JUN,2 AUTO SIG,6,0,9 UNKNOWN (S/R),1 DARK,1 FINE,1 ROAD-DRY,0 NONE,0 NONE,525106,184053,-0.197365,51.541521,,,Unknown,"(51.541521, -0.197365)",http://opendatacommunities.org/id/london-borough-council/camden,9133,21/12/2020 02:48:44 PM
1190211231,CAMDEN,3 PEDESTRIAN,1 MALE,25-59,28,1,3 SLIGHT,04 CROSSING ROAD WITHIN 50M XING,'-2 NOT APPLICABLE,1 PEDESTRIAN,"On Kentish Town Road, near the junction with camden high street.",1,12/10/2019 06:25:00 PM,Saturday,18.25,1 TLRN,A,502,2 ONE-WAY ST,20,06 CROSSROADS,2 AUTO SIG,A,400,4 PELICAN OR SIMILAR,1 DARK,2 RAINING,2 ROAD-WET,0 NONE,0 NONE,528925,183916,-0.142376,51.539431,,,Unknown,"(51.539431, -0.142376)",http://opendatacommunities.org/id/london-borough-council/camden,9425,21/12/2020 02:48:44 PM
1190160344,CAMDEN,1 DRIVER/RIDER,1 MALE,25-59,27,1,3 SLIGHT,'-2 NOT APPLICABLE,'-2 NOT APPLICABLE,3 POWERED 2 WHEELER,"On Euston Road, near the junction with Pancras Road.",2,29/01/2019 08:50:00 PM,Tuesday,20.50,1 TLRN,A,501,3 DUAL CWY,30,03 T/STAG JUN,2 AUTO SIG,A,5202,5 PEDN PHASE AT ATS,1 DARK,3 SNOWING,2 ROAD-WET,0 NONE,0 NONE,530217,182904,-0.124131,51.530041,,,Unknown,"(51.530041, -0.124131)",http://opendatacommunities.org/id/london-borough-council/camden,8737,21/12/2020 02:48:43 PM
1190223497,CAMDEN,3 PEDESTRIAN,2 FEMALE,60+,85,1,3 SLIGHT,06 ON FOOTPATH - VERGE,3 FROM DRIVERS O/SIDE,1 PEDESTRIAN,"On Kidderpore Avenue, 100 metres north of the junction with PLATTS LANE.. The nearest classified road was the B1",5,07/12/2019 07:23:00 PM,Saturday,19.23,3 BOR,6,0,6 SINGLE CWY,20,00 NO JUN IN 20M,,0,0,0 NO XING FACILITY IN 50M,1 DARK,1 FINE,1 ROAD-DRY,0 NONE,1 VEHICLE LOAD IN CWY,525334,185795,-0.193459,51.557126,,,Unknown,"(51.557126, -0.193459)",http://opendatacommunities.org/id/london-borough-council/camden,9601,21/12/2020 02:48:45 PM
0115EO40755,CAMDEN,1 Driver/Rider,1 Male,25-59,27,1,3 Slight,-2 Unknown,-2 N/A,2 Pedal Cycle,FARRINGDON ROAD J/W SAFFRON STREET,2,08/10/2015 09:15:00 AM,Thursday,9.15,1 TLRN,A,201,6 Single Cwy,2 30 MPH,3 T/Stag Jun,4 Give Way/Uncontrolled,Unclassified,0,0 No Xing Facility In 50m,1 Daylight,1 Fine,1 Road-Dry,0 None,0 None,531450,181990,-0.106707,51.521541,,,Unknown,"(51.521541, -0.106707)",http://opendatacommunities.org/id/london-borough-council/camden,5603,21/12/2020 02:48:37 PM
1170051076,CAMDEN,1 Driver/Rider,1 Male,Unknown,0,1,3 Slight,-2 Unknown,-2 N/A,3 Powered 2 Wheeler,EUSTON ROAD J/W YORK WAY,2,28/07/2017 09:55:00 AM,Friday,9.55,1 TLRN,A,501,3 Dual Cwy,2 30 MPH,7 Multi Jun,2 Auto Sig,A,5200,4 Pelican Or Similar,1 Daylight,1 Fine,1 Road-Dry,0 None,0 None,530310,182960,-0.122771,51.530522,,,Unknown,"(51.530522, -0.122771)",http://opendatacommunities.org/id/london-borough-council/camden,7201,21/12/2020 02:48:40 PM
1170018997,CAMDEN,2 Passenger,1 Male,Unknown,0,1,3 Slight,-2 Unknown,-2 N/A,4 Car,THEOBALDS ROAD J/W EMERALDS STREET,2,13/02/2017 04:15:00 PM,Monday,16.15,3 Bor,A,401,6 Single Cwy,2 30 MPH,3 T/Stag Jun,2 Auto Sig,Unclassified,0,0 No Xing Facility In 50m,1 Daylight,9 Unknown,1 Road-Dry,0 None,0 None,530735,181865,-0.117053,51.520584,,,Unknown,"(51.520584, -0.117053)",http://opendatacommunities.org/id/london-borough-council/camden,6681,21/12/2020 02:48:39 PM
1170019698,CAMDEN,1 Driver/Rider,1 Male,25-59,58,1,3 Slight,-2 Unknown,-2 N/A,3 Powered 2 Wheeler,DELANCEY STREET J/W ARLINGTON ROAD,2,20/02/2017 08:55:00 AM,Monday,8.55,3 Bor,A,503,2 One-Way St,1 <= 20 MPH,6 Crossroads,4 Give Way/Uncontrolled,Unclassified,0,4 Pelican Or Similar,1 Daylight,1 Fine,1 Road-Dry,0 None,0 None,528930,183620,-0.142413,51.53677,,,Unknown,"(51.53677, -0.142413)",http://opendatacommunities.org/id/london-borough-council/camden,6692,21/12/2020 02:48:39 PM