Reference,London Borough Name,Casualty Class,Casualty Sex,Casualty Age Band,Casualty Age,Number Of Casualties,Casualty Severity,Pedestrian Location,Pedestrian Movement,Mode Of Travel,Attendant Location,Number Of Vehicles,Date,Day,Time,Highway,Road Class 1,Road Number 1,Road Type,Speed Limit,Junction Detail,Junction Control,Road Class 2,Road Number 2,Pedestrian Crossing,Light Condition Band,Weather,Road Surface,Special Conditions,Carriage Way Hazard,Easting,Northing,Longitude,Latitude,Ward Code,Ward Name,Spatial Accuracy,Location,Organisation URI,Socrata ID,Last Uploaded
1180150167,CAMDEN,1 Driver/Rider,1 Male,16-24,24,1,3 Slight,-2 Unknown,-2 N/A,3 Powered 2 Wheeler,EUSTON ROAD J/W CHARLTON STREET,2,05/12/2018 07:50:00 PM,Wednesday,19.50,1 TLRN,A,501,3 Dual Cwy,2 30 MPH,3 T/Stag Jun,4 Give Way/Uncontrolled,Unclassified,0,0 No Xing Facility In 50m,2 Dark,2 Raining,2 Road-Wet,0 None,0 None,529900,182690,-0.128777,51.52819,,,Unknown,"(51.52819, -0.128777)",http://opendatacommunities.org/id/london-borough-council/camden,8586,21/12/2020 02:48:43 PM
1190181702,CAMDEN,1 DRIVER/RIDER,1 MALE,16-24,21,1,3 SLIGHT,'-2 NOT APPLICABLE,'-2 NOT APPLICABLE,3 POWERED 2 WHEELER,Location uncertain Prince Albert Road,2,18/05/2019 07:48:00 PM,Saturday,19.48,3 BOR,A,5205,6 SINGLE CWY,20,09 OTHER JUN,2 AUTO SIG,6,0,1 ZEBRA,2 DAYLIGHT,1 FINE,1 ROAD-DRY,0 NONE,0 NONE,528370,183677,-0.150462,51.53741,,,Unknown,"(51.53741, -0.150462)",http://opendatacommunities.org/id/london-borough-council/camden,9019,21/12/2020 02:48:44 PM
1170051692,CAMDEN,2 Passenger,1 Male,25-59,34,1,3 Slight,-2 Unknown,-2 N/A,4 Car,EUSTON ROAD J/W MIDLAND ROAD,2,03/07/2017 09:51:00 AM,Monday,9.51,1 TLRN,A,501,6 Single Cwy,2 30 MPH,6 Crossroads,4 Give Way/Uncontrolled,C,0,0 No Xing Facility In 50m,1 Daylight,1 Fine,1 Road-Dry,0 None,0 None,530070,182790,-0.126291,51.52905,,,Unknown,"(51.52905, -0.126291)",http://opendatacommunities.org/id/london-borough-council/camden,7214,21/12/2020 02:48:40 PM
1190215483,CAMDEN,3 PEDESTRIAN,2 FEMALE,0-15,15,1,3 SLIGHT,08 IN CENTRE OF CARRIAGEWAY,'-2 NOT APPLICABLE,1 PEDESTRIAN,"On Haverstock Hill, near the junction with steeles road.",1,01/11/2019 04:57:00 PM,Friday,16.57,3 BOR,A,502,6 SINGLE CWY,20,03 T/STAG JUN,4 GIVE WAY/UNCONTROLLED,6,0,0 NO XING FACILITY IN 50M,1 DARK,1 FINE,2 ROAD-WET,0 NONE,0 NONE,527813,184697,-0.158118,51.546703,,,Unknown,"(51.546703, -0.158118)",http://opendatacommunities.org/id/london-borough-council/camden,9486,21/12/2020 02:48:44 PM
0115EK40587,CAMDEN,1 Driver/Rider,1 Male,16-24,18,1,3 Slight,-2 Unknown,-2 N/A,3 Powered 2 Wheeler,AVENUE ROAD J/W QUEEN'S GROVE.,2,16/07/2015 07:20:00 PM,Thursday,19.20,3 Bor,B,525,6 Single Cwy,2 30 MPH,3 T/Stag Jun,4 Give Way/Uncontrolled,Unclassified,0,1 Zebra,1 Daylight,1 Fine,1 Road-Dry,0 None,0 None,526970,183820,-0.170585,51.539011,,,Unknown,"(51.539011, -0.170585)",http://opendatacommunities.org/id/london-borough-council/camden,5073,21/12/2020 02:48:36 PM
1190223454,CAMDEN,1 DRIVER/RIDER,2 FEMALE,25-59,48,1,3 SLIGHT,'-2 NOT APPLICABLE,'-2 NOT APPLICABLE,2 PEDAL CYCLE,"On ABBEY ROAD, near the junction with BELSIZE ROAD.",2,07/12/2019 07:22:00 PM,Saturday,19.22,3 BOR,B,509,6 SINGLE CWY,30,06 CROSSROADS,2 AUTO SIG,B,507,4 PELICAN OR SIMILAR,1 DARK,1 FINE,1 ROAD-DRY,0 NONE,0 NONE,525794,183901,-0.187504,51.540002,,,Unknown,"(51.540002, -0.187504)",http://opendatacommunities.org/id/london-borough-council/camden,9600,21/12/2020 02:48:45 PM
0115EK40339,CAMDEN,1 Driver/Rider,1 Male,25-59,28,1,3 Slight,-2 Unknown,-2 N/A,3 Powered 2 Wheeler,WEST END LANE J/W FORTUNE GREEN ROAD,2,02/05/2015 09:48:00 PM,Saturday,21.48,3 Bor,C,0,6 Single Cwy,2 30 MPH,3 T/Stag Jun,4 Give Way/Uncontrolled,B,510,1 Zebra,2 Dark,2 Raining,2 Road-Wet,0 None,0 None,525400,185210,-0.192716,51.551854,,,Unknown,"(51.551854, -0.192716)",http://opendatacommunities.org/id/london-borough-council/camden,4849,21/12/2020 02:48:36 PM
0115EK40737,CAMDEN,3 Pedestrian,1 Male,25-59,47,1,3 Slight,09 In Road - Not Crossing,5 In Rd Not Crossing,1 Pedestrian,N.F.L ARKWRIGHT ROAD 58M SW OF FITZJOHN'S AVENUE,1,24/08/2015 10:00:00 AM,Monday,10.00,3 Bor,C,0,6 Single Cwy,2 30 MPH,0 No Jun In 20m,-2 Not Applicable,-2 Not Applicable,0,0 No Xing Facility In 50m,1 Daylight,2 Raining,2 Road-Wet,0 None,0 None,526470,185400,-0.177223,51.553323,,,Unknown,"(51.553323, -0.177223)",http://opendatacommunities.org/id/london-borough-council/camden,5205,21/12/2020 02:48:37 PM
1190204274,CAMDEN,3 PEDESTRIAN,2 FEMALE,25-59,50,2,3 SLIGHT,06 ON FOOTPATH - VERGE,'-2 NOT APPLICABLE,1 PEDESTRIAN,"On Camden Road, 30 metres north of the junction with Sandall Road.",2,09/09/2019 01:06:00 PM,Monday,13.06,1 TLRN,A,503,6 SINGLE CWY,20,00 NO JUN IN 20M,,0,0,1 ZEBRA,2 DAYLIGHT,1 FINE,1 ROAD-DRY,0 NONE,0 NONE,529538,184652,-0.133271,51.545906,,,Unknown,"(51.545906, -0.133271)",http://opendatacommunities.org/id/london-borough-council/camden,9351,21/12/2020 02:48:44 PM
1190157388,CAMDEN,3 PEDESTRIAN,2 FEMALE,60+,71,1,3 SLIGHT,05 CROSSING ROAD (NOT ON XING),1 FROM DRIVERS N/SIDE,1 PEDESTRIAN,"On CAMDEN STREET, near the junction with CAMDEN ROAD.",1,14/01/2019 12:01:00 PM,Monday,12.01,1 TLRN,A,400,3 DUAL CWY,20,06 CROSSROADS,2 AUTO SIG,A,503,5 PEDN PHASE AT ATS,2 DAYLIGHT,1 FINE,1 ROAD-DRY,0 NONE,0 NONE,529088,184040,-0.139982,51.540509,,,Unknown,"(51.540509, -0.139982)",http://opendatacommunities.org/id/london-borough-council/camden,8690,21/12/2020 02:48:43 PM
1170064420,CAMDEN,1 Driver/Rider,1 Male,25-59,27,1,3 Slight,-2 Unknown,-2 N/A,3 Powered 2 Wheeler,PRINCE OF WALES ROAD 20M E OF J/W CRADDOCK STREET,2,13/10/2017 08:41:00 PM,Friday,20.41,3 Bor,C,0,6 Single Cwy,1 <= 20 MPH,3 T/Stag Jun,4 Give Way/Uncontrolled,Unclassified,0,0 No Xing Facility In 50m,2 Dark,1 Fine,1 Road-Dry,0 None,0 None,528130,184600,-0.153584,51.545759,,,Unknown,"(51.545759, -0.153584)",http://opendatacommunities.org/id/london-borough-council/camden,7410,21/12/2020 02:48:40 PM
1170022129,CAMDEN,1 Driver/Rider,1 Male,60+,62,1,3 Slight,-2 Unknown,-2 N/A,4 Car,PRINCE ALBERT ROAD 30M E OF J/W ST MARKS SQUARE,2,01/03/2017 05:59:00 PM,Wednesday,17.59,3 Bor,A,5205,6 Single Cwy,2 30 MPH,0 No Jun In 20m,-2 Not Applicable,-2 Not Applicable,0,0 No Xing Facility In 50m,1 Daylight,2 Raining,2 Road-Wet,0 None,0 None,528230,183680,-0.152478,51.537469,,,Unknown,"(51.537469, -0.152478)",http://opendatacommunities.org/id/london-borough-council/camden,6731,21/12/2020 02:48:39 PM
0116EK40016,CAMDEN,1 Driver/Rider,1 Male,16-24,17,1,2 Serious,-2 Unknown,-2 N/A,2 Pedal Cycle,CHALK FARM ROAD J/W FERDINAND STREET,2,23/01/2016 03:24:00 PM,Saturday,15.24,3 Bor,A,502,6 Single Cwy,2 30 MPH,3 T/Stag Jun,2 Auto Sig,B,517,5 Pedn Phase At Ats,1 Daylight,1 Fine,1 Road-Dry,0 None,0 None,528430,184300,-0.14937,51.542995,,,Unknown,"(51.542995, -0.14937)",http://opendatacommunities.org/id/london-borough-council/camden,5995,21/12/2020 02:48:38 PM
0115EK40901,CAMDEN,1 Driver/Rider,1 Male,25-59,32,1,3 Slight,-2 Unknown,-2 N/A,5 Taxi,"REGENT'S PARK ROAD, 30 METRES NW OF GLOUCESTER AVENUE.",3,09/10/2015 04:37:00 PM,Friday,16.37,3 Bor,C,0,6 Single Cwy,2 30 MPH,0 No Jun In 20m,-2 Not Applicable,-2 Not Applicable,0,1 Zebra,1 Daylight,1 Fine,1 Road-Dry,0 None,0 None,528460,183720,-0.149149,51.537776,,,Unknown,"(51.537776, -0.149149)",http://opendatacommunities.org/id/london-borough-council/camden,5341,21/12/2020 02:48:37 PM
0115EK41203,CAMDEN,2 Passenger,1 Male,16-24,23,1,3 Slight,-2 Unknown,-2 N/A,5 Taxi,STANHOPE STREET J/W WILLIAM ROAD,2,14/12/2015 08:15:00 PM,Monday,20.15,3 Bor,Unclassified,0,6 Single Cwy,2 30 MPH,6 Crossroads,4 Give Way/Uncontrolled,Unclassified,0,0 No Xing Facility In 50m,2 Dark,1 Fine,1 Road-Dry,0 None,0 None,529060,182550,-0.140931,51.527125,,,Unknown,"(51.527125, -0.140931)",http://opendatacommunities.org/id/london-borough-council/camden,5579,21/12/2020 02:48:37 PM
1170036036,CAMDEN,3 Pedestrian,2 Female,16-24,23,1,3 Slight,09 In Road - Not Crossing,9 Unknown Or Other,1 Pedestrian,HIGH HOLBORN 10M W OF J/W GREYS INN ROAD,1,08/05/2017 11:05:00 AM,Monday,11.05,3 Bor,A,40,3 Dual Cwy,1 <= 20 MPH,3 T/Stag Jun,2 Auto Sig,A,5200,4 Pelican Or Similar,1 Daylight,1 Fine,1 Road-Dry,0 None,0 None,531100,181600,-0.111894,51.518118,,,Unknown,"(51.518118, -0.111894)",http://opendatacommunities.org/id/london-borough-council/camden,6943,21/12/2020 02:48:39 PM
1190195892,CAMDEN,1 DRIVER/RIDER,2 FEMALE,25-59,30,1,3 SLIGHT,'-2 NOT APPLICABLE,'-2 NOT APPLICABLE,3 POWERED 2 WHEELER,"On Finchley Road, 20 metres north of the junction with Langland Gardens NW1 .",2,25/07/2019 06:49:00 PM,Thursday,18.49,1 TLRN,A,41,3 DUAL CWY,30,03 T/STAG JUN,4 GIVE WAY/UNCONTROLLED,6,0,0 NO XING FACILITY IN 50M,2 DAYLIGHT,1 FINE,1 ROAD-DRY,0 NONE,0 NONE,525890,185241,-0.185641,51.552024,,,Unknown,"(51.552024, -0.185641)",http://opendatacommunities.org/id/london-borough-council/camden,9228,21/12/2020 02:48:44 PM
1160004453,CAMDEN,3 Pedestrian,2 Female,25-59,29,1,3 Slight,09 In Road - Not Crossing,5 In Rd Not Crossing,1 Pedestrian,GAISFORD STREET J/W KENTISH TOWN ROAD,1,01/12/2016 12:59:00 PM,Thursday,12.59,3 Bor,A,400,6 Single Cwy,1 <= 20 MPH,3 T/Stag Jun,4 Give Way/Uncontrolled,Unclassified,0,0 No Xing Facility In 50m,1 Daylight,1 Fine,1 Road-Dry,0 None,0 None,528980,184870,-0.141234,51.547992,,,Unknown,"(51.547992, -0.141234)",http://opendatacommunities.org/id/london-borough-council/camden,5717,21/12/2020 02:48:37 PM
0116EK40179,CAMDEN,1 Driver/Rider,1 Male,25-59,41,1,3 Slight,-2 Unknown,-2 N/A,2 Pedal Cycle,GORDON HOUSE ROAD 30M NE OF OAK VILLAGE,2,26/02/2016 07:49:00 AM,Friday,7.49,3 Bor,B,518,6 Single Cwy,1 <= 20 MPH,0 No Jun In 20m,-2 Not Applicable,-2 Not Applicable,0,0 No Xing Facility In 50m,1 Daylight,1 Fine,1 Road-Dry,0 None,0 None,528300,185640,-0.150755,51.555067,,,Unknown,"(51.555067, -0.150755)",http://opendatacommunities.org/id/london-borough-council/camden,6127,21/12/2020 02:48:38 PM
1180084942,CAMDEN,2 Passenger,2 Female,60+,67,1,3 Slight,-2 Unknown,-2 N/A,6 Bus Or Coach,YORK WAY J/W CALEDONIA ST,1,21/01/2018 12:55:00 PM,Sunday,12.55,3 Bor,A,5200,6 Single Cwy,1 <= 20 MPH,3 T/Stag Jun,2 Auto Sig,A,5210,0 No Xing Facility In 50m,1 Daylight,2 Raining,2 Road-Wet,0 None,0 None,530320,183060,-0.122589,51.531419,,,Unknown,"(51.531419, -0.122589)",http://opendatacommunities.org/id/london-borough-council/camden,7687,21/12/2020 02:48:41 PM
1170044891,CAMDEN,1 Driver/Rider,1 Male,25-59,39,1,3 Slight,-2 Unknown,-2 N/A,2 Pedal Cycle,THEOBALDS ROAD J/W RED LION STREET,2,19/06/2017 08:40:00 AM,Monday,8.40,3 Bor,A,401,6 Single Cwy,1 <= 20 MPH,3 T/Stag Jun,4 Give Way/Uncontrolled,C,0,0 No Xing Facility In 50m,1 Daylight,1 Fine,1 Road-Dry,0 None,0 None,530680,181840,-0.117855,51.520372,,,Unknown,"(51.520372, -0.117855)",http://opendatacommunities.org/id/london-borough-council/camden,7078,21/12/2020 02:48:40 PM
0115EK40885,CAMDEN,3 Pedestrian,1 Male,25-59,51,1,3 Slight,01 Crossing Road On Ped Xing,1 From Drivers N/Side,1 Pedestrian,HIGH HOLBORN J/W SOUTHAMPTON ROW.,1,07/10/2015 09:15:00 AM,Wednesday,9.15,3 Bor,A,40,6 Single Cwy,2 30 MPH,6 Crossroads,2 Auto Sig,A,4200,5 Pedn Phase At Ats,1 Daylight,1 Fine,1 Road-Dry,0 None,0 None,530490,181520,-0.12071,51.51754,,,Unknown,"(51.51754, -0.12071)",http://opendatacommunities.org/id/london-borough-council/camden,5328,21/12/2020 02:48:37 PM
1180096926,CAMDEN,2 Passenger,1 Male,0-15,0,1,3 Slight,-2 Unknown,-2 N/A,6 Bus Or Coach,BELSIZE ROAD J/W ABBEY ROAD,2,18/03/2018 07:45:00 PM,Sunday,19.45,3 Bor,B,509,6 Single Cwy,1 <= 20 MPH,6 Crossroads,2 Auto Sig,B,507,0 No Xing Facility In 50m,2 Dark,3 Snowing,2 Road-Wet,0 None,0 None,525814,183883,-0.187222,51.539836,,,Unknown,"(51.539836, -0.187222)",http://opendatacommunities.org/id/london-borough-council/camden,7822,21/12/2020 02:48:41 PM
1190167306,CAMDEN,3 PEDESTRIAN,1 MALE,U,,1,3 SLIGHT,10 UNKNOWN OR OTHER,9 UNKNOWN OR OTHER,1 PEDESTRIAN,NFL Holmes Road,1,07/02/2019 08:45:00 AM,Thursday,8.45,3 BOR,A,400,9 UNKNOWN,30,08 PRIV DRIVE,9 UNKNOWN (S/R),6,0,5 PEDN PHASE AT ATS,2 DAYLIGHT,9 UNKNOWN,9 UNKNOWN (S/R),9 UNKNOWN (S/R),9 UNKNOWN (S/R),528970,185029,-0.14132,51.549424,,,Unknown,"(51.549424, -0.14132)",http://opendatacommunities.org/id/london-borough-council/camden,8825,21/12/2020 02:48:43 PM
0115EK40306,CAMDEN,3 Pedestrian,2 Female,Unknown,0,1,3 Slight,04 Crossing Road Within 50m Xing,3 From Drivers O/Side,1 Pedestrian,FROGNAL J/W ARKWRIGHT ROAD,1,22/04/2015 03:50:00 PM,Wednesday,15.50,3 Bor,C,0,6 Single Cwy,2 30 MPH,6 Crossroads,2 Auto Sig,Unclassified,0,5 Pedn Phase At Ats,1 Daylight,1 Fine,1 Road-Dry,0 None,0 None,526230,185230,-0.180744,51.551849,,,Unknown,"(51.551849, -0.180744)",http://opendatacommunities.org/id/london-borough-council/camden,4827,21/12/2020 02:48:36 PM
0115EK40537,CAMDEN,2 Passenger,1 Male,16-24,20,1,3 Slight,-2 Unknown,-2 N/A,4 Car,NFL- FINCHLEY ROAD 56M NW OF J/W LANGLANDS GARDENS,2,19/06/2015 07:54:00 PM,Friday,19.54,1 TLRN,A,41,6 Single Cwy,2 30 MPH,0 No Jun In 20m,-2 Not Applicable,-2 Not Applicable,0,0 No Xing Facility In 50m,1 Daylight,1 Fine,1 Road-Dry,0 None,0 None,525860,185260,-0.186067,51.552201,,,Unknown,"(51.552201, -0.186067)",http://opendatacommunities.org/id/london-borough-council/camden,5024,21/12/2020 02:48:36 PM
1180087529,CAMDEN,1 Driver/Rider,1 Male,Unknown,0,1,3 Slight,-2 Unknown,-2 N/A,2 Pedal Cycle,NFL TORRINGTON PLACE 30M W OF J/W GOWER STREET,2,02/02/2018 07:30:00 PM,Friday,19.30,3 Bor,C,0,2 One-Way St,1 <= 20 MPH,0 No Jun In 20m,-2 Not Applicable,-2 Not Applicable,0,9 Unknown (S/R),2 Dark,1 Fine,1 Road-Dry,0 None,0 None,529620,182030,-0.133054,51.522323,,,Unknown,"(51.522323, -0.133054)",http://opendatacommunities.org/id/london-borough-council/camden,7715,21/12/2020 02:48:41 PM
0116EK40141,CAMDEN,1 Driver/Rider,1 Male,25-59,44,1,3 Slight,-2 Unknown,-2 N/A,2 Pedal Cycle,BARTHOLOMEW RD J/W LEIGHTON RD,1,11/03/2016 09:00:00 AM,Friday,9.00,3 Bor,C,0,6 Single Cwy,1 <= 20 MPH,3 T/Stag Jun,4 Give Way/Uncontrolled,Unclassified,0,0 No Xing Facility In 50m,1 Daylight,1 Fine,1 Road-Dry,0 None,0 None,529420,185170,-0.134782,51.550588,,,Unknown,"(51.550588, -0.134782)",http://opendatacommunities.org/id/london-borough-council/camden,6097,21/12/2020 02:48:38 PM
0115EK40132,CAMDEN,1 Driver/Rider,1 Male,25-59,32,1,3 Slight,-2 Unknown,-2 N/A,3 Powered 2 Wheeler,JAMESTOWN ROAD J/W OVALL ROAD,2,21/02/2015 12:28:00 AM,Saturday,0.28,3 Bor,C,0,2 One-Way St,1 <= 20 MPH,3 T/Stag Jun,4 Give Way/Uncontrolled,C,0,0 No Xing Facility In 50m,2 Dark,1 Fine,1 Road-Dry,0 None,0 None,528560,183960,-0.14762,51.53991,,,Unknown,"(51.53991, -0.14762)",http://opendatacommunities.org/id/london-borough-council/camden,4684,21/12/2020 02:48:36 PM
0115EK40619,CAMDEN,1 Driver/Rider,1 Male,25-59,25,1,3 Slight,-2 Unknown,-2 N/A,2 Pedal Cycle,"NFL - GREAT QUEEN STREET, 40 METRES SW OF KINGSWAY.",2,23/07/2015 03:50:00 PM,Thursday,15.50,3 Bor,B,402,6 Single Cwy,2 30 MPH,0 No Jun In 20m,-2 Not Applicable,-2 Not Applicable,0,5 Pedn Phase At Ats,1 Daylight,1 Fine,1 Road-Dry,0 None,0 None,530530,181360,-0.120193,51.516093,,,Unknown,"(51.516093, -0.120193)",http://opendatacommunities.org/id/london-borough-council/camden,5100,21/12/2020 02:48:36 PM
1180092736,CAMDEN,2 Passenger,2 Female,25-59,47,1,3 Slight,-2 Unknown,-2 N/A,6 Bus Or Coach,WOBURN PLACE J/W RUSSELL SQUARE,1,26/02/2018 08:50:00 PM,Monday,20.50,3 Bor,A,4200,3 Dual Cwy,2 30 MPH,6 Crossroads,2 Auto Sig,A,4200,5 Pedn Phase At Ats,2 Dark,4 Fine/High Winds,1 Road-Dry,0 None,0 None,530116,182100,-0.125883,51.522838,,,Unknown,"(51.522838, -0.125883)",http://opendatacommunities.org/id/london-borough-council/camden,7779,21/12/2020 02:48:41 PM
0115EK40227,CAMDEN,1 Driver/Rider,1 Male,16-24,21,1,3 Slight,-2 Unknown,-2 N/A,4 Car,FINCHLEY ROAD J/WADELAIDE ROAD,2,24/03/2015 11:09:00 PM,Tuesday,23.09,1 TLRN,A,41,3 Dual Cwy,3 40 MPH,6 Crossroads,2 Auto Sig,A,41,5 Pedn Phase At Ats,2 Dark,1 Fine,1 Road-Dry,0 None,0 None,526630,184100,-0.175384,51.541604,,,Unknown,"(51.541604, -0.175384)",http://opendatacommunities.org/id/london-borough-council/camden,4759,21/12/2020 02:48:36 PM
1190180036,CAMDEN,3 PEDESTRIAN,1 MALE,25-59,50,1,3 SLIGHT,05 CROSSING ROAD (NOT ON XING),3 FROM DRIVERS O/SIDE,1 PEDESTRIAN,Location uncertain Plender St / Royal College St,1,10/05/2019 07:38:00 AM,Friday,7.38,3 BOR,6,0,6 SINGLE CWY,30,03 T/STAG JUN,9 UNKNOWN (S/R),6,0,0 NO XING FACILITY IN 50M,2 DAYLIGHT,1 FINE,1 ROAD-DRY,0 NONE,0 NONE,529422,183692,-0.135296,51.537305,,,Unknown,"(51.537305, -0.135296)",http://opendatacommunities.org/id/london-borough-council/camden,8988,21/12/2020 02:48:44 PM
1180151875,CAMDEN,1 Driver/Rider,1 Male,16-24,22,1,3 Slight,-2 Unknown,-2 N/A,2 Pedal Cycle,HAMPSTEAD ROAD J/W WILLIAM ROAD,2,13/12/2018 03:20:00 PM,Thursday,15.20,1 TLRN,A,400,6 Single Cwy,2 30 MPH,3 T/Stag Jun,4 Give Way/Uncontrolled,Unclassified,0,0 No Xing Facility In 50m,1 Daylight,1 Fine,1 Road-Dry,0 None,0 None,529210,182560,-0.138766,51.52718,,,Unknown,"(51.52718, -0.138766)",http://opendatacommunities.org/id/london-borough-council/camden,8605,21/12/2020 02:48:43 PM
1170063378,CAMDEN,3 Pedestrian,2 Female,25-59,51,1,3 Slight,05 Crossing Road (Not On Xing),3 From Drivers O/Side,1 Pedestrian,KEPPEL STREET 50M E OF J/W GOWER STREET,1,09/10/2017 02:50:00 PM,Monday,14.50,3 Bor,Unclassified,0,2 One-Way St,1 <= 20 MPH,0 No Jun In 20m,-2 Not Applicable,-2 Not Applicable,0,0 No Xing Facility In 50m,1 Daylight,1 Fine,1 Road-Dry,0 None,0 None,529840,181840,-0.129955,51.520565,,,Unknown,"(51.520565, -0.129955)",http://opendatacommunities.org/id/london-borough-council/camden,7393,21/12/2020 02:48:40 PM
1190209591,CAMDEN,1 DRIVER/RIDER,1 MALE,25-59,44,1,3 SLIGHT,'-2 NOT APPLICABLE,'-2 NOT APPLICABLE,4 CAR,"On Montague Pl, 50 metres north of the junction with Malet Street.",2,03/10/2019 10:26:00 PM,Thursday,22.26,3 BOR,B,506,7 SLIP RD,20,00 NO JUN IN 20M,,0,0,5 PEDN PHASE AT ATS,1 DARK,2 RAINING,2 ROAD-WET,0 NONE,0 NONE,529963,181822,-0.12819,51.520375,,,Unknown,"(51.520375, -0.12819)",http://opendatacommunities.org/id/london-borough-council/camden,9406,21/12/2020 02:48:44 PM
1160000656,CAMDEN,3 Pedestrian,1 Male,25-59,36,1,3 Slight,01 Crossing Road On Ped Xing,1 From Drivers N/Side,1 Pedestrian,NORTH END WAY J/W SPANIARDS WAY,1,06/11/2016 09:20:00 AM,Sunday,9.20,3 Bor,A,502,6 Single Cwy,2 30 MPH,1 Roundabout,4 Give Way/Uncontrolled,B,519,1 Zebra,2 Dark,1 Fine,1 Road-Dry,0 None,0 None,526260,186430,-0.179881,51.562627,,,Unknown,"(51.562627, -0.179881)",http://opendatacommunities.org/id/london-borough-council/camden,5648,21/12/2020 02:48:37 PM
1190199603,CAMDEN,1 DRIVER/RIDER,1 MALE,25-59,49,1,3 SLIGHT,'-2 NOT APPLICABLE,'-2 NOT APPLICABLE,2 PEDAL CYCLE,"On Highgate West Hill, near the junction with oakeshott aveneue.",2,15/08/2019 05:45:00 AM,Thursday,5.45,3 BOR,5,0,6 SINGLE CWY,20,03 T/STAG JUN,4 GIVE WAY/UNCONTROLLED,6,0,0 NO XING FACILITY IN 50M,2 DAYLIGHT,1 FINE,2 ROAD-WET,0 NONE,0 NONE,528115,186712,-0.153032,51.564743,,,Unknown,"(51.564743, -0.153032)",http://opendatacommunities.org/id/london-borough-council/camden,9274,21/12/2020 02:48:44 PM
1180126078,CAMDEN,3 Pedestrian,1 Male,60+,61,1,3 Slight,05 Crossing Road (Not On Xing),1 From Drivers N/Side,1 Pedestrian,HATTON WALL J/W HATTON GARDEN,1,09/08/2018 03:25:00 PM,Thursday,15.25,3 Bor,Unclassified,0,6 Single Cwy,1 <= 20 MPH,6 Crossroads,4 Give Way/Uncontrolled,B,521,0 No Xing Facility In 50m,1 Daylight,2 Raining,2 Road-Wet,1 Traf Sig Out,0 None,531300,181994,-0.108866,51.521612,,,Unknown,"(51.521612, -0.108866)",http://opendatacommunities.org/id/london-borough-council/camden,8236,21/12/2020 02:48:42 PM
1190205916,CAMDEN,1 DRIVER/RIDER,2 FEMALE,25-59,31,1,3 SLIGHT,'-2 NOT APPLICABLE,'-2 NOT APPLICABLE,2 PEDAL CYCLE,"On Jeffreys Street, 30 metres east of the junction with Camden Street.",2,17/09/2019 10:10:00 AM,Tuesday,10.10,3 BOR,6,0,2 ONE-WAY ST,30,00 NO JUN IN 20M,,0,0,5 PEDN PHASE AT ATS,2 DAYLIGHT,1 FINE,1 ROAD-DRY,0 NONE,0 NONE,528975,184295,-0.141517,51.542826,,,Unknown,"(51.542826, -0.141517)",http://opendatacommunities.org/id/london-borough-council/camden,9367,21/12/2020 02:48:44 PM
1160025081,CAMDEN,3 Pedestrian,2 Female,25-59,38,1,3 Slight,05 Crossing Road (Not On Xing),1 From Drivers N/Side,1 Pedestrian,FINCHLEY ROAD J/W FAIRFAX ROAD,1,11/10/2016 07:00:00 PM,Tuesday,19.00,1 TLRN,A,41,3 Dual Cwy,2 30 MPH,3 T/Stag Jun,4 Give Way/Uncontrolled,C,0,0 No Xing Facility In 50m,2 Dark,1 Fine,1 Road-Dry,0 None,0 None,526460,184500,-0.177691,51.545237,,,Unknown,"(51.545237, -0.177691)",http://opendatacommunities.org/id/london-borough-council/camden,5947,21/12/2020 02:48:38 PM
0115EK40512,CAMDEN,3 Pedestrian,1 Male,25-59,50,1,3 Slight,05 Crossing Road (Not On Xing),3 From Drivers O/Side,1 Pedestrian,CHALK FARM ROAD J/W BELMONT STREET,1,28/06/2015 11:00:00 PM,Sunday,23.00,3 Bor,A,502,6 Single Cwy,2 30 MPH,3 T/Stag Jun,4 Give Way/Uncontrolled,Unclassified,0,0 No Xing Facility In 50m,2 Dark,1 Fine,1 Road-Dry,0 None,0 None,528290,184340,-0.151373,51.543386,,,Unknown,"(51.543386, -0.151373)",http://opendatacommunities.org/id/london-borough-council/camden,5000,21/12/2020 02:48:36 PM
0115EK40227,CAMDEN,1 Driver/Rider,1 Male,25-59,42,1,3 Slight,-2 Unknown,-2 N/A,5 Taxi,FINCHLEY ROAD J/WADELAIDE ROAD,2,24/03/2015 11:09:00 PM,Tuesday,23.09,1 TLRN,A,41,3 Dual Cwy,3 40 MPH,6 Crossroads,2 Auto Sig,A,41,5 Pedn Phase At Ats,2 Dark,1 Fine,1 Road-Dry,0 None,0 None,526630,184100,-0.175384,51.541604,,,Unknown,"(51.541604, -0.175384)",http://opendatacommunities.org/id/london-borough-council/camden,4758,21/12/2020 02:48:36 PM
1170034759,CAMDEN,3 Pedestrian,2 Female,60+,77,1,3 Slight,05 Crossing Road (Not On Xing),9 Unknown Or Other,1 Pedestrian,PRINCE ARTHUR ROAD J/W FITZJOHNS AVENUE,1,29/04/2017 06:10:00 PM,Saturday,18.10,3 Bor,B,511,6 Single Cwy,2 30 MPH,9 Other Jun,4 Give Way/Uncontrolled,Unclassified,0,0 No Xing Facility In 50m,1 Daylight,1 Fine,1 Road-Dry,0 None,0 None,526460,185510,-0.177328,51.554314,,,Unknown,"(51.554314, -0.177328)",http://opendatacommunities.org/id/london-borough-council/camden,6928,21/12/2020 02:48:39 PM
1170044997,CAMDEN,1 Driver/Rider,1 Male,16-24,22,1,3 Slight,-2 Unknown,-2 N/A,3 Powered 2 Wheeler,YORK WAY J/W BREWERY ROAD,2,26/06/2017 03:25:00 PM,Monday,15.25,3 Bor,A,5200,6 Single Cwy,2 30 MPH,3 T/Stag Jun,4 Give Way/Uncontrolled,Unclassified,0,0 No Xing Facility In 50m,1 Daylight,1 Fine,1 Road-Dry,0 None,0 None,530040,184470,-0.126103,51.544155,,,Unknown,"(51.544155, -0.126103)",http://opendatacommunities.org/id/london-borough-council/camden,7084,21/12/2020 02:48:40 PM