Reference,London Borough Name,Casualty Class,Casualty Sex,Casualty Age Band,Casualty Age,Number Of Casualties,Casualty Severity,Pedestrian Location,Pedestrian Movement,Mode Of Travel,Attendant Location,Number Of Vehicles,Date,Day,Time,Highway,Road Class 1,Road Number 1,Road Type,Speed Limit,Junction Detail,Junction Control,Road Class 2,Road Number 2,Pedestrian Crossing,Light Condition Band,Weather,Road Surface,Special Conditions,Carriage Way Hazard,Easting,Northing,Longitude,Latitude,Ward Code,Ward Name,Spatial Accuracy,Location,Organisation URI,Socrata ID,Last Uploaded
0115EK41080,CAMDEN,1 Driver/Rider,1 Male,25-59,58,1,3 Slight,-2 Unknown,-2 N/A,3 Powered 2 Wheeler,HEATH STREET J/W HAMPSTEAD HIGH STREET.,2,03/12/2015 07:22:00 AM,Thursday,7.22,3 Bor,B,511,6 Single Cwy,2 30 MPH,6 Crossroads,2 Auto Sig,A,502,5 Pedn Phase At Ats,1 Daylight,1 Fine,1 Road-Dry,0 None,0 None,526370,185760,-0.178536,51.556581,,,Unknown,"(51.556581, -0.178536)",http://opendatacommunities.org/id/london-borough-council/camden,5488,21/12/2020 02:48:37 PM
0116EO40440,CAMDEN,1 Driver/Rider,1 Male,25-59,41,1,3 Slight,-2 Unknown,-2 N/A,3 Powered 2 Wheeler,FARRINGDON RD J/W ST CROSS STREET,2,06/07/2016 12:05:00 PM,Wednesday,12.05,1 TLRN,A,201,6 Single Cwy,1 <= 20 MPH,3 T/Stag Jun,4 Give Way/Uncontrolled,Unclassified,0,0 No Xing Facility In 50m,1 Daylight,1 Fine,1 Road-Dry,4 Roadworks,0 None,531480,181930,-0.106297,51.520995,,,Unknown,"(51.520995, -0.106297)",http://opendatacommunities.org/id/london-borough-council/camden,6535,21/12/2020 02:48:39 PM
1190168731,CAMDEN,1 DRIVER/RIDER,1 MALE,25-59,29,1,3 SLIGHT,'-2 NOT APPLICABLE,'-2 NOT APPLICABLE,7 GOODS VEHICLE,"On Hampstead Road, 60 metres north of the junction with Varndell Street.",1,09/03/2019 08:00:00 PM,Saturday,20.00,1 TLRN,A,400,9 UNKNOWN,20,00 NO JUN IN 20M,,0,0,9 UNKNOWN (S/R),1 DARK,1 FINE,1 ROAD-DRY,4 ROADWORKS,0 NONE,529215,182865,-0.138582,51.52992,,,Unknown,"(51.52992, -0.138582)",http://opendatacommunities.org/id/london-borough-council/camden,8838,21/12/2020 02:48:43 PM
1170068201,CAMDEN,1 Driver/Rider,1 Male,25-59,41,1,3 Slight,-2 Unknown,-2 N/A,5 Taxi,KENTISH TOWN ROAD 40M N OF J/W YORK MEWS,2,05/11/2017 06:15:00 AM,Sunday,6.15,3 Bor,A,400,6 Single Cwy,1 <= 20 MPH,0 No Jun In 20m,-2 Not Applicable,-2 Not Applicable,0,5 Pedn Phase At Ats,1 Daylight,1 Fine,2 Road-Wet,0 None,0 None,529000,185100,-0.140862,51.550055,,,Unknown,"(51.550055, -0.140862)",http://opendatacommunities.org/id/london-borough-council/camden,7482,21/12/2020 02:48:40 PM
1170065245,CAMDEN,1 Driver/Rider,1 Male,25-59,54,1,3 Slight,-2 Unknown,-2 N/A,8 Other Vehicle,CAMDEN ROAD J/W CAMDEN PARK ROAD,3,18/10/2017 12:26:00 PM,Wednesday,12.26,1 TLRN,A,503,3 Dual Cwy,5 60 MPH,6 Crossroads,2 Auto Sig,A,5200,1 Zebra,1 Daylight,2 Raining,2 Road-Wet,0 None,0 None,529719,184867,-0.130583,51.547796,,,Unknown,"(51.547796, -0.130583)",http://opendatacommunities.org/id/london-borough-council/camden,7432,21/12/2020 02:48:40 PM
1180141192,CAMDEN,1 Driver/Rider,2 Female,25-59,26,1,3 Slight,-2 Unknown,-2 N/A,2 Pedal Cycle,HIGHGATE ROAD 30M W OF J/W INGESTRE ROAD,2,16/10/2018 01:35:00 PM,Tuesday,13.35,3 Bor,B,518,9 Unknown,2 30 MPH,0 No Jun In 20m,-2 Not Applicable,-2 Not Applicable,0,9 Unknown (S/R),2 Dark,9 Unknown,9 Unknown (S/R),9 Unknown (S/R),9 Unknown (S/R),528660,185720,-0.145536,51.555704,,,Unknown,"(51.555704, -0.145536)",http://opendatacommunities.org/id/london-borough-council/camden,8470,21/12/2020 02:48:43 PM
1170072930,CAMDEN,3 Pedestrian,1 Male,25-59,39,1,1 Fatal,09 In Road - Not Crossing,9 Unknown Or Other,1 Pedestrian,NEW OXFORD STREET J/W MUSEUM STREET,1,26/11/2017 02:40:00 PM,Sunday,14.40,3 Bor,A,40,3 Dual Cwy,1 <= 20 MPH,7 Multi Jun,2 Auto Sig,C,0,1 Zebra,1 Daylight,1 Fine,1 Road-Dry,0 None,0 None,530180,181470,-0.125194,51.517162,,,Unknown,"(51.517162, -0.125194)",http://opendatacommunities.org/id/london-borough-council/camden,7550,21/12/2020 02:48:41 PM
1180083768,CAMDEN,1 Driver/Rider,1 Male,25-59,54,1,3 Slight,-2 Unknown,-2 N/A,3 Powered 2 Wheeler,ADELAIDE ROAD J/W ETON COLLEGE ROAD,2,15/01/2018 10:35:00 PM,Monday,22.35,3 Bor,B,509,6 Single Cwy,1 <= 20 MPH,7 Multi Jun,4 Give Way/Uncontrolled,Unclassified,0,4 Pelican Or Similar,2 Dark,1 Fine,2 Road-Wet,0 None,0 None,528030,184390,-0.155102,51.543895,,,Unknown,"(51.543895, -0.155102)",http://opendatacommunities.org/id/london-borough-council/camden,7669,21/12/2020 02:48:41 PM
0115EK41109,CAMDEN,1 Driver/Rider,1 Male,25-59,46,1,3 Slight,-2 Unknown,-2 N/A,5 Taxi,PRIMROSE HILL ROAD J/W FELLOWS ROAD.,2,11/12/2015 03:43:00 PM,Friday,15.43,3 Bor,C,0,6 Single Cwy,2 30 MPH,6 Crossroads,4 Give Way/Uncontrolled,Unclassified,0,0 No Xing Facility In 50m,1 Daylight,1 Fine,1 Road-Dry,0 None,0 None,527500,184450,-0.162719,51.544554,,,Unknown,"(51.544554, -0.162719)",http://opendatacommunities.org/id/london-borough-council/camden,5515,21/12/2020 02:48:37 PM
0115CW10829,CAMDEN,1 Driver/Rider,2 Female,25-59,31,1,3 Slight,-2 Unknown,-2 N/A,3 Powered 2 Wheeler,OUTER CIRCLE J/W CHESTER ROAD.,2,17/06/2015 10:25:00 PM,Wednesday,22.25,3 Bor,Unclassified,0,6 Single Cwy,2 30 MPH,3 T/Stag Jun,4 Give Way/Uncontrolled,Unclassified,0,0 No Xing Facility In 50m,2 Dark,1 Fine,1 Road-Dry,0 None,0 None,528700,182740,-0.146048,51.528914,,,Unknown,"(51.528914, -0.146048)",http://opendatacommunities.org/id/london-borough-council/camden,4566,21/12/2020 02:48:35 PM
1170029231,CAMDEN,1 Driver/Rider,1 Male,25-59,28,1,3 Slight,-2 Unknown,-2 N/A,2 Pedal Cycle,HIGH HOLBORN 25M S OF J/W SOUTH PLACE,2,29/03/2017 06:30:00 PM,Wednesday,18.30,3 Bor,A,40,6 Single Cwy,1 <= 20 MPH,0 No Jun In 20m,-2 Not Applicable,-2 Not Applicable,0,0 No Xing Facility In 50m,1 Daylight,1 Fine,1 Road-Dry,0 None,0 None,530710,181560,-0.117526,51.517848,,,Unknown,"(51.517848, -0.117526)",http://opendatacommunities.org/id/london-borough-council/camden,6833,21/12/2020 02:48:39 PM
0115EK41090,CAMDEN,1 Driver/Rider,1 Male,Unknown,0,1,3 Slight,-2 Unknown,-2 N/A,3 Powered 2 Wheeler,EUSTON ROAD J/W PANCRAS ROAD.,2,01/12/2015 07:40:00 AM,Tuesday,7.40,1 TLRN,A,501,3 Dual Cwy,2 30 MPH,3 T/Stag Jun,2 Auto Sig,A,5202,5 Pedn Phase At Ats,1 Daylight,1 Fine,1 Road-Dry,0 None,0 None,530200,182890,-0.124381,51.529919,,,Unknown,"(51.529919, -0.124381)",http://opendatacommunities.org/id/london-borough-council/camden,5495,21/12/2020 02:48:37 PM
1170045761,CAMDEN,1 Driver/Rider,1 Male,25-59,55,1,2 Serious,-2 Unknown,-2 N/A,2 Pedal Cycle,LYMINGTON ROAD J/W DRESDEN CLOSE,2,29/06/2017 04:48:00 PM,Thursday,16.48,3 Bor,C,0,6 Single Cwy,1 <= 20 MPH,3 T/Stag Jun,4 Give Way/Uncontrolled,Unclassified,0,0 No Xing Facility In 50m,1 Daylight,1 Fine,1 Road-Dry,0 None,0 None,525940,185060,-0.184985,51.550386,,,Unknown,"(51.550386, -0.184985)",http://opendatacommunities.org/id/london-borough-council/camden,7098,21/12/2020 02:48:40 PM
1190182046,CAMDEN,1 DRIVER/RIDER,1 MALE,16-24,23,1,3 SLIGHT,'-2 NOT APPLICABLE,'-2 NOT APPLICABLE,3 POWERED 2 WHEELER,"On Camden Road, 5 metres south of the junction with sandall road.",2,20/05/2019 05:30:00 PM,Monday,17.30,1 TLRN,A,503,6 SINGLE CWY,30,03 T/STAG JUN,4 GIVE WAY/UNCONTROLLED,6,0,0 NO XING FACILITY IN 50M,2 DAYLIGHT,1 FINE,1 ROAD-DRY,0 NONE,0 NONE,529491,184597,-0.133969,51.545422,,,Unknown,"(51.545422, -0.133969)",http://opendatacommunities.org/id/london-borough-council/camden,9025,21/12/2020 02:48:44 PM
1160024423,CAMDEN,1 Driver/Rider,1 Male,25-59,34,1,3 Slight,-2 Unknown,-2 N/A,2 Pedal Cycle,BAYHAM STREET J/W GREENLAND PLACE,2,17/10/2016 06:30:00 AM,Monday,6.30,3 Bor,A,503,2 One-Way St,2 30 MPH,6 Crossroads,4 Give Way/Uncontrolled,Unclassified,0,0 No Xing Facility In 50m,2 Dark,1 Fine,1 Road-Dry,0 None,0 None,528990,183880,-0.141453,51.539093,,,Unknown,"(51.539093, -0.141453)",http://opendatacommunities.org/id/london-borough-council/camden,5904,21/12/2020 02:48:38 PM
1190187522,CAMDEN,3 PEDESTRIAN,1 MALE,25-59,58,1,3 SLIGHT,01 CROSSING ROAD ON PED XING,3 FROM DRIVERS O/SIDE,1 PEDESTRIAN,"On Upper Woburn Place, 100 metres south of the junction with Euston road.",1,16/06/2019 09:20:00 AM,Sunday,9.20,3 BOR,A,4200,6 SINGLE CWY,20,00 NO JUN IN 20M,,0,0,1 ZEBRA,2 DAYLIGHT,2 RAINING,2 ROAD-WET,0 NONE,0 NONE,529812,182527,-0.130105,51.526746,,,Unknown,"(51.526746, -0.130105)",http://opendatacommunities.org/id/london-borough-council/camden,9101,21/12/2020 02:48:44 PM
0116EK40414,CAMDEN,1 Driver/Rider,1 Male,25-59,34,1,3 Slight,-2 Unknown,-2 N/A,5 Taxi,EUSTON ROAD J/W CHALTON STREET,2,12/06/2016 12:06:00 AM,Sunday,0.06,1 TLRN,A,501,6 Single Cwy,2 30 MPH,3 T/Stag Jun,4 Give Way/Uncontrolled,Unclassified,0,8 Central Refuge,2 Dark,1 Fine,1 Road-Dry,0 None,0 None,529900,182680,-0.128781,51.5281,,,Unknown,"(51.5281, -0.128781)",http://opendatacommunities.org/id/london-borough-council/camden,6334,21/12/2020 02:48:38 PM
1190180506,CAMDEN,2 PASSENGER,2 FEMALE,16-24,18,2,3 SLIGHT,'-2 NOT APPLICABLE,'-2 NOT APPLICABLE,9 PRIVATE HIRE,"On Hampstead Road, near the junction with Robert street.",2,13/05/2019 07:50:00 AM,Monday,7.50,1 TLRN,A,400,6 SINGLE CWY,30,03 T/STAG JUN,4 GIVE WAY/UNCONTROLLED,6,0,4 PELICAN OR SIMILAR,2 DAYLIGHT,1 FINE,1 ROAD-DRY,0 NONE,0 NONE,529216,182696,-0.13863,51.528401,,,Unknown,"(51.528401, -0.13863)",http://opendatacommunities.org/id/london-borough-council/camden,8997,21/12/2020 02:48:44 PM
1190209913,CAMDEN,3 PEDESTRIAN,2 FEMALE,16-24,20,1,3 SLIGHT,01 CROSSING ROAD ON PED XING,1 FROM DRIVERS N/SIDE,1 PEDESTRIAN,"On Finchley Road, 30 metres north of the junction with Weech Road.",1,06/10/2019 02:26:00 PM,Sunday,14.26,1 TLRN,A,41,3 DUAL CWY,30,00 NO JUN IN 20M,,0,0,1 ZEBRA,2 DAYLIGHT,1 FINE,2 ROAD-WET,0 NONE,0 NONE,525223,185748,-0.195076,51.556728,,,Unknown,"(51.556728, -0.195076)",http://opendatacommunities.org/id/london-borough-council/camden,9412,21/12/2020 02:48:44 PM
1190201468,CAMDEN,3 PEDESTRIAN,1 MALE,25-59,42,1,3 SLIGHT,10 UNKNOWN OR OTHER,3 FROM DRIVERS O/SIDE,1 PEDESTRIAN,"On Camden High Street, 40 metres north of the junction with Greenland Road.",1,24/08/2019 08:00:00 PM,Saturday,20.00,3 BOR,A,502,9 UNKNOWN,50,00 NO JUN IN 20M,,0,0,1 ZEBRA,2 DAYLIGHT,1 FINE,1 ROAD-DRY,0 NONE,0 NONE,528885,183924,-0.14295,51.539512,,,Unknown,"(51.539512, -0.14295)",http://opendatacommunities.org/id/london-borough-council/camden,9303,21/12/2020 02:48:44 PM
1190160867,CAMDEN,3 PEDESTRIAN,2 FEMALE,60+,65,1,2 SERIOUS,01 CROSSING ROAD ON PED XING,3 FROM DRIVERS O/SIDE,1 PEDESTRIAN,"On CROWNDALE ROAD, near the junction with BAYHAM STREET.",1,01/02/2019 10:52:00 PM,Friday,22.52,3 BOR,B,512,2 ONE-WAY ST,30,03 T/STAG JUN,4 GIVE WAY/UNCONTROLLED,B,512,1 ZEBRA,2 DAYLIGHT,2 RAINING,2 ROAD-WET,0 NONE,0 NONE,529274,183398,-0.137537,51.534696,,,Unknown,"(51.534696, -0.137537)",http://opendatacommunities.org/id/london-borough-council/camden,8742,21/12/2020 02:48:43 PM
1170074685,CAMDEN,1 Driver/Rider,2 Female,25-59,53,1,3 Slight,-2 Unknown,-2 N/A,4 Car,SAVERNAKE ROAD 25M W OF J/W RONA ROAD,2,30/11/2017 04:35:00 PM,Thursday,16.35,3 Bor,Unclassified,0,6 Single Cwy,2 30 MPH,0 No Jun In 20m,-2 Not Applicable,-2 Not Applicable,0,1 Zebra,1 Daylight,1 Fine,1 Road-Dry,0 None,0 None,528050,185710,-0.154334,51.555753,,,Unknown,"(51.555753, -0.154334)",http://opendatacommunities.org/id/london-borough-council/camden,7571,21/12/2020 02:48:41 PM
0115EK40345,CAMDEN,1 Driver/Rider,1 Male,25-59,41,1,3 Slight,-2 Unknown,-2 N/A,2 Pedal Cycle,HIGH HOLBORN 26M W OF J/W HOLBORN PLACE,2,27/04/2015 10:10:00 AM,Monday,10.10,3 Bor,A,40,3 Dual Cwy,3 40 MPH,0 No Jun In 20m,-2 Not Applicable,-2 Not Applicable,0,0 No Xing Facility In 50m,1 Daylight,1 Fine,1 Road-Dry,0 None,0 None,530690,181550,-0.117818,51.517763,,,Unknown,"(51.517763, -0.117818)",http://opendatacommunities.org/id/london-borough-council/camden,4853,21/12/2020 02:48:36 PM
1170031635,CAMDEN,3 Pedestrian,2 Female,0-15,14,1,3 Slight,05 Crossing Road (Not On Xing),1 From Drivers N/Side,1 Pedestrian,ALBERT STREET J/W DELANCEY STREET NW1,1,11/04/2017 12:55:00 PM,Tuesday,12.55,3 Bor,A,503,6 Single Cwy,1 <= 20 MPH,6 Crossroads,3 Stop Sign,Unclassified,0,1 Zebra,1 Daylight,1 Fine,1 Road-Dry,0 None,0 None,528850,183570,-0.143584,51.536339,,,Unknown,"(51.536339, -0.143584)",http://opendatacommunities.org/id/london-borough-council/camden,6874,21/12/2020 02:48:39 PM
0115EK40667,CAMDEN,1 Driver/Rider,1 Male,16-24,24,1,3 Slight,-2 Unknown,-2 N/A,2 Pedal Cycle,PARK SQUARE EAST J/W ST ANDREW'S PLACE,2,02/08/2015 12:43:00 PM,Sunday,12.43,3 Bor,Unclassified,0,6 Single Cwy,2 30 MPH,6 Crossroads,4 Give Way/Uncontrolled,Unclassified,0,0 No Xing Facility In 50m,1 Daylight,1 Fine,1 Road-Dry,0 None,0 None,528730,182320,-0.14577,51.525133,,,Unknown,"(51.525133, -0.14577)",http://opendatacommunities.org/id/london-borough-council/camden,5141,21/12/2020 02:48:36 PM
1190168753,CAMDEN,3 PEDESTRIAN,2 FEMALE,25-59,45,1,3 SLIGHT,10 UNKNOWN OR OTHER,9 UNKNOWN OR OTHER,1 PEDESTRIAN,Location unknown  Finchley Road,1,06/03/2019 03:15:00 PM,Wednesday,15.15,1 TLRN,A,41,9 UNKNOWN,30,99 UNKNOWN (S/R),9 UNKNOWN (S/R),6,0,9 UNKNOWN (S/R),2 DAYLIGHT,9 UNKNOWN,9 UNKNOWN (S/R),9 UNKNOWN (S/R),9 UNKNOWN (S/R),525614,185404,-0.189562,51.55355,,,Unknown,"(51.55355, -0.189562)",http://opendatacommunities.org/id/london-borough-council/camden,8839,21/12/2020 02:48:43 PM
1180153687,CAMDEN,3 Pedestrian,2 Female,16-24,17,1,3 Slight,04 Crossing Road Within 50m Xing,1 From Drivers N/Side,1 Pedestrian,CAMDEN HIGH STREET J/W CROWNDALE ROAD,1,21/12/2018 06:25:00 PM,Friday,18.25,3 Bor,A,4200,2 One-Way St,1 <= 20 MPH,3 T/Stag Jun,2 Auto Sig,B,512,4 Pelican Or Similar,2 Dark,1 Fine,1 Road-Dry,0 None,0 None,529172,183381,-0.139013,51.534567,,,Unknown,"(51.534567, -0.139013)",http://opendatacommunities.org/id/london-borough-council/camden,8634,21/12/2020 02:48:43 PM
1190211676,CAMDEN,3 PEDESTRIAN,2 FEMALE,60+,86,2,3 SLIGHT,09 IN ROAD - NOT CROSSING,'-2 NOT APPLICABLE,1 PEDESTRIAN,"On Sidmouth mews wc1, 30 metres east of the junction with Sidmouth street.. The nearest classified road was the B2. The nearest classified road was the B2",1,14/10/2019 08:40:00 PM,Monday,20.40,3 BOR,6,0,2 ONE-WAY ST,20,00 NO JUN IN 20M,,0,0,0 NO XING FACILITY IN 50M,1 DARK,2 RAINING,2 ROAD-WET,0 NONE,0 NONE,530554,182627,-0.119378,51.527473,,,Unknown,"(51.527473, -0.119378)",http://opendatacommunities.org/id/london-borough-council/camden,9434,21/12/2020 02:48:44 PM
1190171672,CAMDEN,1 DRIVER/RIDER,1 MALE,25-59,48,2,3 SLIGHT,'-2 NOT APPLICABLE,'-2 NOT APPLICABLE,4 CAR,"On Camden High Street, near the junction with Greenland Street.",2,28/03/2019 01:30:00 AM,Thursday,1.30,1 TLRN,A,502,2 ONE-WAY ST,30,03 T/STAG JUN,2 AUTO SIG,6,0,0 NO XING FACILITY IN 50M,1 DARK,1 FINE,1 ROAD-DRY,0 NONE,0 NONE,528972,183748,-0.14176,51.537911,,,Unknown,"(51.537911, -0.14176)",http://opendatacommunities.org/id/london-borough-council/camden,8882,21/12/2020 02:48:43 PM
1180118104,CAMDEN,1 Driver/Rider,1 Male,Unknown,0,1,3 Slight,-2 Unknown,-2 N/A,2 Pedal Cycle,FARRINGDON LANE J/W SAFFRON STREET,2,02/07/2018 07:15:00 AM,Monday,7.15,1 TLRN,A,201,6 Single Cwy,2 30 MPH,3 T/Stag Jun,4 Give Way/Uncontrolled,Unclassified,0,9 Unknown (S/R),1 Daylight,1 Fine,1 Road-Dry,0 None,0 None,531450,181990,-0.106707,51.521541,,,Unknown,"(51.521541, -0.106707)",http://opendatacommunities.org/id/london-borough-council/camden,8139,21/12/2020 02:48:42 PM
0116EK40533,CAMDEN,1 Driver/Rider,1 Male,25-59,28,1,3 Slight,-2 Unknown,-2 N/A,2 Pedal Cycle,TOTTENHAM COURT ROAD J/W CHENIES STREET,2,24/07/2016 05:15:00 PM,Sunday,17.15,3 Bor,A,400,6 Single Cwy,2 30 MPH,3 T/Stag Jun,2 Auto Sig,B,506,5 Pedn Phase At Ats,1 Daylight,1 Fine,1 Road-Dry,0 None,0 None,529550,181800,-0.134147,51.520272,,,Unknown,"(51.520272, -0.134147)",http://opendatacommunities.org/id/london-borough-council/camden,6430,21/12/2020 02:48:38 PM
0115EK40284,CAMDEN,1 Driver/Rider,2 Female,25-59,50,1,3 Slight,-2 Unknown,-2 N/A,4 Car,FINCHLEY ROAD J/W CANFIELD GARDENS,2,15/04/2015 05:57:00 PM,Wednesday,17.57,1 TLRN,A,41,6 Single Cwy,2 30 MPH,3 T/Stag Jun,2 Auto Sig,C,0,5 Pedn Phase At Ats,1 Daylight,1 Fine,1 Road-Dry,0 None,0 None,526320,184660,-0.179651,51.546706,,,Unknown,"(51.546706, -0.179651)",http://opendatacommunities.org/id/london-borough-council/camden,4808,21/12/2020 02:48:36 PM
0116EK40398,CAMDEN,1 Driver/Rider,1 Male,25-59,49,1,2 Serious,-2 Unknown,-2 N/A,2 Pedal Cycle,RUSSELL SQUARE 22M SE OF GUILFORD STREET,2,26/05/2016 05:10:00 PM,Thursday,17.10,3 Bor,A,4200,6 Single Cwy,2 30 MPH,0 No Jun In 20m,-2 Not Applicable,-2 Not Applicable,0,0 No Xing Facility In 50m,1 Daylight,1 Fine,1 Road-Dry,0 None,0 None,530190,182000,-0.124854,51.521923,,,Unknown,"(51.521923, -0.124854)",http://opendatacommunities.org/id/london-borough-council/camden,6315,21/12/2020 02:48:38 PM
1160012486,CAMDEN,1 Driver/Rider,1 Male,25-59,32,1,2 Serious,-2 Unknown,-2 N/A,3 Powered 2 Wheeler,"ON EUSTON ROAD, NEAR THE JUNCTION WITH CLEVELAND STREET .",2,29/09/2016 05:08:00 PM,Thursday,17.08,1 TLRN,A,501,3 Dual Cwy,3 40 MPH,5 Slip Road,4 Give Way/Uncontrolled,A,501,5 Pedn Phase At Ats,1 Daylight,1 Fine,1 Road-Dry,9 Unknown (S/R),0 None,528940,182180,-0.142795,51.523827,,,Unknown,"(51.523827, -0.142795)",http://opendatacommunities.org/id/london-borough-council/camden,5839,21/12/2020 02:48:38 PM
0115EK40213,CAMDEN,1 Driver/Rider,1 Male,25-59,29,1,3 Slight,-2 Unknown,-2 N/A,5 Taxi,EUSTON ROAD J/W MABLEDON PLACE,2,11/03/2015 12:05:00 PM,Wednesday,12.05,1 TLRN,A,501,6 Single Cwy,2 30 MPH,3 T/Stag Jun,2 Auto Sig,C,0,5 Pedn Phase At Ats,1 Daylight,1 Fine,1 Road-Dry,0 None,0 None,529960,182710,-0.127906,51.528356,,,Unknown,"(51.528356, -0.127906)",http://opendatacommunities.org/id/london-borough-council/camden,4746,21/12/2020 02:48:36 PM
0115EK40961,CAMDEN,1 Driver/Rider,1 Male,25-59,38,1,3 Slight,-2 Unknown,-2 N/A,2 Pedal Cycle,THEOBALD'S ROAD J/W LAMB'S CONDUIT STREET.,2,28/10/2015 07:04:00 PM,Wednesday,19.04,3 Bor,A,401,6 Single Cwy,2 30 MPH,6 Crossroads,2 Auto Sig,C,0,5 Pedn Phase At Ats,2 Dark,1 Fine,1 Road-Dry,0 None,0 None,530690,181840,-0.117711,51.520369,,,Unknown,"(51.520369, -0.117711)",http://opendatacommunities.org/id/london-borough-council/camden,5387,21/12/2020 02:48:37 PM
1180154783,CAMDEN,3 Pedestrian,1 Male,25-59,32,1,3 Slight,01 Crossing Road On Ped Xing,1 From Drivers N/Side,1 Pedestrian,KENTISH TOWN ROAD J/W CAMDEN ROAD,1,29/12/2018 02:38:00 AM,Saturday,2.38,1 TLRN,A,400,2 One-Way St,1 <= 20 MPH,7 Multi Jun,2 Auto Sig,A,503,5 Pedn Phase At Ats,2 Dark,1 Fine,1 Road-Dry,0 None,0 None,528910,183900,-0.142598,51.539291,,,Unknown,"(51.539291, -0.142598)",http://opendatacommunities.org/id/london-borough-council/camden,8649,21/12/2020 02:48:43 PM
0116EK40639,CAMDEN,1 Driver/Rider,1 Male,16-24,21,1,3 Slight,-2 Unknown,-2 N/A,3 Powered 2 Wheeler,KILBURN HIGH ROAD J/W BRONDESBURY VILLAS,2,27/08/2016 04:39:00 PM,Saturday,16.39,3 Bor,A,5,6 Single Cwy,2 30 MPH,3 T/Stag Jun,4 Give Way/Uncontrolled,Unclassified,0,4 Pelican Or Similar,1 Daylight,1 Fine,1 Road-Dry,0 None,0 None,525400,183640,-0.193275,51.537744,,,Unknown,"(51.537744, -0.193275)",http://opendatacommunities.org/id/london-borough-council/camden,6505,21/12/2020 02:48:39 PM
0116EK40467,CAMDEN,1 Driver/Rider,1 Male,25-59,30,1,3 Slight,-2 Unknown,-2 N/A,4 Car,HAVERSTOCK HILL J/W GLENLOCH ROAD,1,02/07/2016 02:40:00 AM,Saturday,2.40,3 Bor,A,502,6 Single Cwy,2 30 MPH,3 T/Stag Jun,4 Give Way/Uncontrolled,Unclassified,0,4 Pelican Or Similar,2 Dark,1 Fine,1 Road-Dry,0 None,0 None,527340,185090,-0.164794,51.550342,,,Unknown,"(51.550342, -0.164794)",http://opendatacommunities.org/id/london-borough-council/camden,6375,21/12/2020 02:48:38 PM
0115EK40689,CAMDEN,1 Driver/Rider,1 Male,16-24,20,1,3 Slight,-2 Unknown,-2 N/A,3 Powered 2 Wheeler,N.F.L PROWSE PLACE 22M SE OF IVOR STREET,1,09/08/2015 07:25:00 PM,Sunday,19.25,3 Bor,Unclassified,0,6 Single Cwy,2 30 MPH,0 No Jun In 20m,-2 Not Applicable,-2 Not Applicable,0,0 No Xing Facility In 50m,1 Daylight,1 Fine,1 Road-Dry,0 None,0 None,529050,184210,-0.140467,51.542045,,,Unknown,"(51.542045, -0.140467)",http://opendatacommunities.org/id/london-borough-council/camden,5164,21/12/2020 02:48:36 PM
1190213122,CAMDEN,1 DRIVER/RIDER,1 MALE,25-59,26,1,3 SLIGHT,'-2 NOT APPLICABLE,'-2 NOT APPLICABLE,3 POWERED 2 WHEELER,"On Gower Street, 25 metres north of the junction with Torrington Place.",1,21/10/2019 01:35:00 PM,Monday,13.35,3 BOR,A,400,9 UNKNOWN,30,00 NO JUN IN 20M,,0,0,9 UNKNOWN (S/R),2 DAYLIGHT,9 UNKNOWN,9 UNKNOWN (S/R),9 UNKNOWN (S/R),9 UNKNOWN (S/R),529596,182123,-0.133366,51.523164,,,Unknown,"(51.523164, -0.133366)",http://opendatacommunities.org/id/london-borough-council/camden,9457,21/12/2020 02:48:44 PM
1190226341,CAMDEN,1 DRIVER/RIDER,1 MALE,25-59,40,1,3 SLIGHT,'-2 NOT APPLICABLE,3 FROM DRIVERS O/SIDE,2 PEDAL CYCLE,"On Guilford Street, 100 metres west of the junction with Russell square.",2,20/12/2019 11:45:00 AM,Friday,11.45,3 BOR,B,502,2 ONE-WAY ST,20,00 NO JUN IN 20M,,0,0,5 PEDN PHASE AT ATS,2 DAYLIGHT,2 RAINING,2 ROAD-WET,0 NONE,0 NONE,530247,182059,-0.124011,51.52244,,,Unknown,"(51.52244, -0.124011)",http://opendatacommunities.org/id/london-borough-council/camden,9642,21/12/2020 02:48:45 PM
1180087287,CAMDEN,1 Driver/Rider,2 Female,25-59,55,1,3 Slight,-2 Unknown,-2 N/A,3 Powered 2 Wheeler,WOBURN SQUARE J/W GORDON SQUARE,2,31/01/2018 05:50:00 PM,Wednesday,17.50,3 Bor,C,0,6 Single Cwy,1 <= 20 MPH,3 T/Stag Jun,3 Stop Sign,Unclassified,0,9 Unknown (S/R),2 Dark,1 Fine,9 Unknown (S/R),9 Unknown (S/R),9 Unknown (S/R),529810,182180,-0.130262,51.523628,,,Unknown,"(51.523628, -0.130262)",http://opendatacommunities.org/id/london-borough-council/camden,7711,21/12/2020 02:48:41 PM
1180139162,CAMDEN,1 Driver/Rider,1 Male,25-59,58,1,3 Slight,-2 Unknown,-2 N/A,3 Powered 2 Wheeler,FINCHLEY ROAD 50M S OF J/W ARKWRIGHT ROAD,2,15/10/2018 08:05:00 AM,Monday,8.05,1 TLRN,A,41,3 Dual Cwy,2 30 MPH,0 No Jun In 20m,-2 Not Applicable,-2 Not Applicable,0,0 No Xing Facility In 50m,1 Daylight,2 Raining,2 Road-Wet,0 None,0 None,526110,185040,-0.182542,51.550168,,,Unknown,"(51.550168, -0.182542)",http://opendatacommunities.org/id/london-borough-council/camden,8433,21/12/2020 02:48:43 PM