Reference,London Borough Name,Casualty Class,Casualty Sex,Casualty Age Band,Casualty Age,Number Of Casualties,Casualty Severity,Pedestrian Location,Pedestrian Movement,Mode Of Travel,Attendant Location,Number Of Vehicles,Date,Day,Time,Highway,Road Class 1,Road Number 1,Road Type,Speed Limit,Junction Detail,Junction Control,Road Class 2,Road Number 2,Pedestrian Crossing,Light Condition Band,Weather,Road Surface,Special Conditions,Carriage Way Hazard,Easting,Northing,Longitude,Latitude,Ward Code,Ward Name,Spatial Accuracy,Location,Organisation URI,Socrata ID,Last Uploaded
1190202341,CAMDEN,1 DRIVER/RIDER,1 MALE,25-59,47,1,2 SERIOUS,'-2 NOT APPLICABLE,1 FROM DRIVERS N/SIDE,2 PEDAL CYCLE,"On Clerkenwell Road, 30 metres north of the junction with Hatton Gardens.",2,15/08/2019 07:01:00 PM,Thursday,19.01,3 BOR,A,5201,6 SINGLE CWY,30,00 NO JUN IN 20M,,0,0,0 NO XING FACILITY IN 50M,2 DAYLIGHT,1 FINE,1 ROAD-DRY,0 NONE,0 NONE,531301,182048,-0.108832,51.522097,,,Unknown,"(51.522097, -0.108832)",http://opendatacommunities.org/id/london-borough-council/camden,9315,21/12/2020 02:48:44 PM
1180114504,CAMDEN,3 Pedestrian,2 Female,25-59,59,1,2 Serious,04 Crossing Road Within 50m Xing,3 From Drivers O/Side,1 Pedestrian,TOTTENHAM COURT ROAD 10M S OF J/W WINDMILL STREET,1,14/06/2018 08:55:00 PM,Thursday,20.55,3 Bor,A,400,3 Dual Cwy,1 <= 20 MPH,3 T/Stag Jun,4 Give Way/Uncontrolled,A,400,5 Pedn Phase At Ats,1 Daylight,1 Fine,1 Road-Dry,4 Roadworks,2 Other Object In Cwy,529630,181690,-0.133035,51.519265,,,Unknown,"(51.519265, -0.133035)",http://opendatacommunities.org/id/london-borough-council/camden,8076,21/12/2020 02:48:42 PM
1180134710,CAMDEN,2 Passenger,2 Female,25-59,32,1,3 Slight,-2 Unknown,-2 N/A,3 Powered 2 Wheeler,EVERSHOLT STREET 50M S OF J/W CRANLEIGH STREET,2,24/09/2018 10:10:00 PM,Monday,22.10,3 Bor,A,4200,3 Dual Cwy,1 <= 20 MPH,0 No Jun In 20m,-2 Not Applicable,-2 Not Applicable,0,0 No Xing Facility In 50m,2 Dark,1 Fine,1 Road-Dry,0 None,0 None,529396,183105,-0.135886,51.532035,,,Unknown,"(51.532035, -0.135886)",http://opendatacommunities.org/id/london-borough-council/camden,8350,21/12/2020 02:48:42 PM
0115EK40449,CAMDEN,1 Driver/Rider,1 Male,25-59,35,1,3 Slight,-2 Unknown,-2 N/A,3 Powered 2 Wheeler,NFL- KILBURN HIGH ROAD 23M SE OF J/W BELSIZE ROAD,1,08/06/2015 06:45:00 PM,Monday,18.45,3 Bor,A,5,6 Single Cwy,2 30 MPH,0 No Jun In 20m,-2 Not Applicable,-2 Not Applicable,0,5 Pedn Phase At Ats,1 Daylight,1 Fine,1 Road-Dry,0 None,0 None,525450,183570,-0.19258,51.537104,,,Unknown,"(51.537104, -0.19258)",http://opendatacommunities.org/id/london-borough-council/camden,4943,21/12/2020 02:48:36 PM
1190185119,CAMDEN,1 DRIVER/RIDER,1 MALE,25-59,42,1,3 SLIGHT,'-2 NOT APPLICABLE,'-2 NOT APPLICABLE,2 PEDAL CYCLE,"On New Oxford Street, 50 metres east of the junction with Bloomsbury Street.. The nearest classified road was the A400. The nearest classified road was the A400",2,01/06/2019 01:15:00 PM,Saturday,13.15,3 BOR,A,40,6 SINGLE CWY,30,00 NO JUN IN 20M,,0,0,5 PEDN PHASE AT ATS,2 DAYLIGHT,1 FINE,1 ROAD-DRY,0 NONE,0 NONE,530105,181452,-0.126281,51.517017,,,Unknown,"(51.517017, -0.126281)",http://opendatacommunities.org/id/london-borough-council/camden,9063,21/12/2020 02:48:44 PM
0115EK40369,CAMDEN,2 Passenger,1 Male,25-59,36,1,3 Slight,-2 Unknown,-2 N/A,6 Bus Or Coach,CLERKENWELL ROAD J/W HERBAL HILL,1,11/05/2015 08:43:00 AM,Monday,8.43,3 Bor,A,5201,6 Single Cwy,2 30 MPH,6 Crossroads,4 Give Way/Uncontrolled,A,5201,1 Zebra,1 Daylight,1 Fine,1 Road-Dry,0 None,0 None,531330,182040,-0.108417,51.522018,,,Unknown,"(51.522018, -0.108417)",http://opendatacommunities.org/id/london-borough-council/camden,4873,21/12/2020 02:48:36 PM
1170030168,CAMDEN,1 Driver/Rider,1 Male,25-59,35,1,3 Slight,-2 Unknown,-2 N/A,3 Powered 2 Wheeler,CAMDEN STREET J/W CAMDEN ROAD,2,04/04/2017 02:50:00 PM,Tuesday,14.50,1 TLRN,A,400,3 Dual Cwy,1 <= 20 MPH,6 Crossroads,2 Auto Sig,A,503,5 Pedn Phase At Ats,1 Daylight,1 Fine,1 Road-Dry,0 None,0 None,529090,184040,-0.139953,51.540508,,,Unknown,"(51.540508, -0.139953)",http://opendatacommunities.org/id/london-borough-council/camden,6846,21/12/2020 02:48:39 PM
0115EK41081,CAMDEN,1 Driver/Rider,2 Female,60+,73,1,3 Slight,-2 Unknown,-2 N/A,4 Car,"BLOOMSBURY STREET, 30 METRES NORTH WEST OF GREAT RUSSELL STREET.",2,04/12/2015 09:55:00 AM,Friday,9.55,3 Bor,A,400,2 One-Way St,2 30 MPH,0 No Jun In 20m,-2 Not Applicable,-2 Not Applicable,0,4 Pelican Or Similar,1 Daylight,1 Fine,1 Road-Dry,0 None,0 None,529990,181560,-0.127897,51.518014,,,Unknown,"(51.518014, -0.127897)",http://opendatacommunities.org/id/london-borough-council/camden,5489,21/12/2020 02:48:37 PM
1160024713,CAMDEN,1 Driver/Rider,1 Male,25-59,34,1,3 Slight,-2 Unknown,-2 N/A,2 Pedal Cycle,EUSTON ROAD J/W EVERSHOLT STREET,2,11/10/2016 07:15:00 PM,Tuesday,19.15,1 TLRN,A,501,3 Dual Cwy,3 40 MPH,6 Crossroads,2 Auto Sig,A,4200,5 Pedn Phase At Ats,2 Dark,1 Fine,1 Road-Dry,0 None,0 None,529740,182580,-0.131123,51.527238,,,Unknown,"(51.527238, -0.131123)",http://opendatacommunities.org/id/london-borough-council/camden,5928,21/12/2020 02:48:38 PM
1180108711,CAMDEN,1 Driver/Rider,2 Female,16-24,24,1,3 Slight,-2 Unknown,-2 N/A,2 Pedal Cycle,AVENUE ROAD J/W ST EDMUNDS TERRACE,2,18/05/2018 07:40:00 AM,Friday,7.40,3 Bor,B,525,6 Single Cwy,2 30 MPH,6 Crossroads,4 Give Way/Uncontrolled,B,525,1 Zebra,1 Daylight,1 Fine,1 Road-Dry,0 None,0 None,527370,183470,-0.164947,51.535776,,,Unknown,"(51.535776, -0.164947)",http://opendatacommunities.org/id/london-borough-council/camden,8002,21/12/2020 02:48:42 PM
1180124665,CAMDEN,2 Passenger,2 Female,16-24,19,1,3 Slight,-2 Unknown,-2 N/A,4 Car,FROGNAL LANE J/W FINCHLEY ROAD,2,09/07/2018 05:30:00 PM,Monday,17.30,1 TLRN,A,41,6 Single Cwy,2 30 MPH,6 Crossroads,2 Auto Sig,A,41,9 Unknown (S/R),1 Daylight,1 Fine,1 Road-Dry,0 None,0 None,525685,185346,-0.188559,51.553013,,,Unknown,"(51.553013, -0.188559)",http://opendatacommunities.org/id/london-borough-council/camden,8217,21/12/2020 02:48:42 PM
0115EK40552,CAMDEN,3 Pedestrian,2 Female,25-59,31,1,3 Slight,01 Crossing Road On Ped Xing,1 From Drivers N/Side,1 Pedestrian,HAMPSTEAD HIGH STREET J/W GAYTON ROAD,1,11/06/2015 06:36:00 PM,Thursday,18.36,3 Bor,A,502,6 Single Cwy,2 30 MPH,3 T/Stag Jun,4 Give Way/Uncontrolled,Unclassified,0,1 Zebra,1 Daylight,1 Fine,1 Road-Dry,0 None,0 None,526530,185650,-0.176268,51.555556,,,Unknown,"(51.555556, -0.176268)",http://opendatacommunities.org/id/london-borough-council/camden,5038,21/12/2020 02:48:36 PM
1170023121,CAMDEN,1 Driver/Rider,1 Male,60+,62,1,3 Slight,-2 Unknown,-2 N/A,2 Pedal Cycle,TOTTENHAM COURT ROAD J/W PERCY STREET,2,28/02/2017 11:25:00 AM,Tuesday,11.25,3 Bor,A,400,2 One-Way St,2 30 MPH,3 T/Stag Jun,9 Unknown (S/R),A,400,4 Pelican Or Similar,1 Daylight,1 Fine,9 Unknown (S/R),9 Unknown (S/R),0 None,529672,181634,-0.132451,51.518752,,,Unknown,"(51.518752, -0.132451)",http://opendatacommunities.org/id/london-borough-council/camden,6746,21/12/2020 02:48:39 PM
1160024378,CAMDEN,1 Driver/Rider,1 Male,25-59,42,1,3 Slight,-2 Unknown,-2 N/A,6 Bus Or Coach,EVERSHOLT STREET 25M S OF J/W CROWNDALE ROAD,1,04/10/2016 08:02:00 PM,Tuesday,20.02,3 Bor,A,4200,6 Single Cwy,2 30 MPH,0 No Jun In 20m,-2 Not Applicable,-2 Not Applicable,0,5 Pedn Phase At Ats,2 Dark,1 Fine,1 Road-Dry,0 None,0 None,529210,183340,-0.13848,51.53419,,,Unknown,"(51.53419, -0.13848)",http://opendatacommunities.org/id/london-borough-council/camden,5895,21/12/2020 02:48:38 PM
1190227529,CAMDEN,1 DRIVER/RIDER,1 MALE,25-59,46,2,3 SLIGHT,'-2 NOT APPLICABLE,'-2 NOT APPLICABLE,3 POWERED 2 WHEELER,"On Kilburn High Road, near the junction with Brondesbury Villas.",1,28/12/2019 02:44:00 PM,Saturday,14.44,3 BOR,A,5,6 SINGLE CWY,30,03 T/STAG JUN,4 GIVE WAY/UNCONTROLLED,B,451,4 PELICAN OR SIMILAR,2 DAYLIGHT,1 FINE,1 ROAD-DRY,0 NONE,0 NONE,525329,183715,-0.194272,51.538434,,,Unknown,"(51.538434, -0.194272)",http://opendatacommunities.org/id/london-borough-council/camden,9651,21/12/2020 02:48:45 PM
1180083558,CAMDEN,1 Driver/Rider,1 Male,25-59,43,1,2 Serious,-2 Unknown,-2 N/A,3 Powered 2 Wheeler,GOWER STREET J/W BEDFORD SQUARE,2,14/01/2018 09:55:00 PM,Sunday,21.55,3 Bor,A,400,2 One-Way St,1 <= 20 MPH,3 T/Stag Jun,2 Auto Sig,B,506,0 No Xing Facility In 50m,2 Dark,1 Fine,1 Road-Dry,0 None,0 None,529910,181660,-0.129013,51.518932,,,Unknown,"(51.518932, -0.129013)",http://opendatacommunities.org/id/london-borough-council/camden,7666,21/12/2020 02:48:41 PM
0115EK40429,CAMDEN,2 Passenger,2 Female,0-15,2,1,3 Slight,-2 Unknown,-2 N/A,4 Car,CAMDEN ROAD J/W ROUSDEN STREET,3,29/05/2015 01:55:00 PM,Friday,13.55,1 TLRN,A,503,6 Single Cwy,2 30 MPH,3 T/Stag Jun,4 Give Way/Uncontrolled,Unclassified,0,4 Pelican Or Similar,1 Daylight,1 Fine,1 Road-Dry,0 None,0 None,529220,184240,-0.138006,51.542276,,,Unknown,"(51.542276, -0.138006)",http://opendatacommunities.org/id/london-borough-council/camden,4920,21/12/2020 02:48:36 PM
1170050638,CAMDEN,3 Pedestrian,2 Female,60+,82,1,3 Slight,01 Crossing Road On Ped Xing,1 From Drivers N/Side,1 Pedestrian,TAVISTOCK PLACE J/W MARCHANT STREET,1,26/07/2017 05:49:00 PM,Wednesday,17.49,3 Bor,C,0,6 Single Cwy,2 30 MPH,6 Crossroads,2 Auto Sig,Unclassified,0,5 Pedn Phase At Ats,1 Daylight,1 Fine,1 Road-Dry,0 None,0 None,530120,182410,-0.125711,51.525623,,,Unknown,"(51.525623, -0.125711)",http://opendatacommunities.org/id/london-borough-council/camden,7194,21/12/2020 02:48:40 PM
1180106387,CAMDEN,1 Driver/Rider,1 Male,25-59,30,1,3 Slight,-2 Unknown,-2 N/A,3 Powered 2 Wheeler,CAMDEN ROAD 50M S OF J/W KENTISH TOWN ROAD THE NEAREST CLASSIFIED,2,07/05/2018 09:08:00 PM,Monday,21.08,1 TLRN,A,503,2 One-Way St,1 <= 20 MPH,0 No Jun In 20m,-2 Not Applicable,-2 Not Applicable,0,4 Pelican Or Similar,1 Daylight,1 Fine,1 Road-Dry,0 None,0 None,529020,183990,-0.14098,51.540075,,,Unknown,"(51.540075, -0.14098)",http://opendatacommunities.org/id/london-borough-council/camden,7967,21/12/2020 02:48:42 PM
1160003830,CAMDEN,1 Driver/Rider,2 Female,25-59,25,1,3 Slight,-2 Unknown,-2 N/A,8 Other Vehicle,YORK WAY J/W COPENHAGEN STREET,2,28/11/2016 05:55:00 PM,Monday,17.55,3 Bor,A,5200,3 Dual Cwy,2 30 MPH,9 Other Jun,2 Auto Sig,B,154,0 No Xing Facility In 50m,2 Dark,1 Fine,1 Road-Dry,0 None,0 None,530314,183674,-0.122449,51.536938,,,Unknown,"(51.536938, -0.122449)",http://opendatacommunities.org/id/london-borough-council/camden,5708,21/12/2020 02:48:37 PM
1180106059,CAMDEN,3 Pedestrian,2 Female,25-59,35,1,3 Slight,01 Crossing Road On Ped Xing,3 From Drivers O/Side,1 Pedestrian,FARRINGDON ROAD J/W GREVILLE STREET,1,05/05/2018 01:23:00 PM,Saturday,13.23,1 TLRN,A,201,6 Single Cwy,2 30 MPH,6 Crossroads,2 Auto Sig,Unclassified,0,5 Pedn Phase At Ats,1 Daylight,1 Fine,1 Road-Dry,4 Roadworks,0 None,531510,181800,-0.105914,51.51982,,,Unknown,"(51.51982, -0.105914)",http://opendatacommunities.org/id/london-borough-council/camden,7962,21/12/2020 02:48:42 PM
1180152423,CAMDEN,1 Driver/Rider,1 Male,16-24,21,1,3 Slight,-2 Unknown,-2 N/A,3 Powered 2 Wheeler,HIGHGATE ROAD J/W SWAINS LANE,1,16/12/2018 04:10:00 AM,Sunday,4.10,3 Bor,C,0,6 Single Cwy,1 <= 20 MPH,1 Roundabout,4 Give Way/Uncontrolled,Unclassified,0,1 Zebra,2 Dark,8 Other,2 Road-Wet,0 None,0 None,528280,186340,-0.150788,51.561362,,,Unknown,"(51.561362, -0.150788)",http://opendatacommunities.org/id/london-borough-council/camden,8614,21/12/2020 02:48:43 PM
0115EK40993,CAMDEN,1 Driver/Rider,1 Male,25-59,41,1,3 Slight,-2 Unknown,-2 N/A,4 Car,HAVERSTOCK HILL J/W UPPER PARK ROAD.,3,06/11/2015 03:43:00 PM,Friday,15.43,3 Bor,A,502,6 Single Cwy,2 30 MPH,3 T/Stag Jun,4 Give Way/Uncontrolled,Unclassified,0,0 No Xing Facility In 50m,1 Daylight,1 Fine,1 Road-Dry,0 None,0 None,527500,184960,-0.162534,51.549137,,,Unknown,"(51.549137, -0.162534)",http://opendatacommunities.org/id/london-borough-council/camden,5421,21/12/2020 02:48:37 PM
1190200204,CAMDEN,1 DRIVER/RIDER,1 MALE,25-59,51,1,3 SLIGHT,'-2 NOT APPLICABLE,'-2 NOT APPLICABLE,4 CAR,"On Fairhazel Gardens, 30 metres north of the junction with Greencroft Gardens.",3,17/08/2019 11:15:00 PM,Saturday,23.15,3 BOR,6,0,2 ONE-WAY ST,20,00 NO JUN IN 20M,,0,0,0 NO XING FACILITY IN 50M,1 DARK,1 FINE,1 ROAD-DRY,0 NONE,0 NONE,526099,184390,-0.182933,51.544329,,,Unknown,"(51.544329, -0.182933)",http://opendatacommunities.org/id/london-borough-council/camden,9282,21/12/2020 02:48:44 PM
1190212995,CAMDEN,1 DRIVER/RIDER,1 MALE,25-59,28,1,2 SERIOUS,'-2 NOT APPLICABLE,'-2 NOT APPLICABLE,3 POWERED 2 WHEELER,"On Adelaide road, near the junction with Eton road.",2,20/10/2019 09:00:00 PM,Sunday,21.00,3 BOR,B,509,6 SINGLE CWY,20,09 OTHER JUN,4 GIVE WAY/UNCONTROLLED,6,0,0 NO XING FACILITY IN 50M,1 DARK,1 FINE,1 ROAD-DRY,0 NONE,0 NONE,527717,184374,-0.159619,51.543822,,,Unknown,"(51.543822, -0.159619)",http://opendatacommunities.org/id/london-borough-council/camden,9455,21/12/2020 02:48:44 PM
1180086370,CAMDEN,2 Passenger,1 Male,25-59,28,1,3 Slight,-2 Unknown,-2 N/A,4 Car,CANTELOWES ROAD J/W SOUTH VILLAS NW1,2,28/01/2018 09:30:00 PM,Sunday,21.30,3 Bor,Unclassified,0,6 Single Cwy,2 30 MPH,6 Crossroads,4 Give Way/Uncontrolled,Unclassified,0,0 No Xing Facility In 50m,2 Dark,1 Fine,1 Road-Dry,0 None,0 None,529740,184590,-0.130383,51.545302,,,Unknown,"(51.545302, -0.130383)",http://opendatacommunities.org/id/london-borough-council/camden,7699,21/12/2020 02:48:41 PM
0115EK40981,CAMDEN,1 Driver/Rider,1 Male,16-24,24,1,3 Slight,-2 Unknown,-2 N/A,3 Powered 2 Wheeler,EUSTON ROAD J/W JUDD STREET.,2,04/11/2015 04:30:00 PM,Wednesday,16.30,1 TLRN,A,501,3 Dual Cwy,2 30 MPH,6 Crossroads,2 Auto Sig,B,504,5 Pedn Phase At Ats,1 Daylight,1 Fine,1 Road-Dry,0 None,0 None,530080,182790,-0.126147,51.529048,,,Unknown,"(51.529048, -0.126147)",http://opendatacommunities.org/id/london-borough-council/camden,5412,21/12/2020 02:48:37 PM
0115EK40071,CAMDEN,3 Pedestrian,2 Female,60+,74,1,3 Slight,05 Crossing Road (Not On Xing),3 From Drivers O/Side,1 Pedestrian,WAKEFIELD STREET J/W HANDEL STREET,1,31/01/2015 10:22:00 AM,Saturday,10.22,3 Bor,Unclassified,0,6 Single Cwy,2 30 MPH,3 T/Stag Jun,4 Give Way/Uncontrolled,Unclassified,0,0 No Xing Facility In 50m,1 Daylight,1 Fine,2 Road-Wet,0 None,0 None,530340,182410,-0.122542,51.525573,,,Unknown,"(51.525573, -0.122542)",http://opendatacommunities.org/id/london-borough-council/camden,4637,21/12/2020 02:48:35 PM
1160006872,CAMDEN,2 Passenger,2 Female,25-59,38,1,3 Slight,-2 Unknown,-2 N/A,4 Car,KENTISH TOWN ROAD 25M S OF J/W FARRIER STREET,3,22/11/2016 10:00:00 PM,Tuesday,22.00,3 Bor,A,400,6 Single Cwy,2 30 MPH,0 No Jun In 20m,-2 Not Applicable,-2 Not Applicable,0,0 No Xing Facility In 50m,2 Dark,9 Unknown,9 Unknown (S/R),9 Unknown (S/R),0 None,528957,184365,-0.141751,51.543459,,,Unknown,"(51.543459, -0.141751)",http://opendatacommunities.org/id/london-borough-council/camden,5774,21/12/2020 02:48:37 PM
1170077822,CAMDEN,2 Passenger,2 Female,25-59,54,1,3 Slight,-2 Unknown,-2 N/A,4 Car,TOTTENHAM COURT ROAD J/W EUSTON ROAD,2,07/12/2017 10:15:00 PM,Thursday,22.15,1 TLRN,A,400,2 One-Way St,2 30 MPH,5 Slip Road,2 Auto Sig,A,501,0 No Xing Facility In 50m,2 Dark,1 Fine,1 Road-Dry,0 None,0 None,529270,182280,-0.138005,51.52465,,,Unknown,"(51.52465, -0.138005)",http://opendatacommunities.org/id/london-borough-council/camden,7611,21/12/2020 02:48:41 PM
0116EK40476,CAMDEN,2 Passenger,2 Female,25-59,34,1,3 Slight,-2 Unknown,-2 N/A,4 Car,REGENT'S PARK ROAD J/W ST MARK'S SQUARE,2,06/07/2016 11:54:00 AM,Wednesday,11.54,3 Bor,C,0,6 Single Cwy,2 30 MPH,6 Crossroads,4 Give Way/Uncontrolled,C,0,1 Zebra,1 Daylight,1 Fine,1 Road-Dry,0 None,0 None,528200,183760,-0.152881,51.538194,,,Unknown,"(51.538194, -0.152881)",http://opendatacommunities.org/id/london-borough-council/camden,6384,21/12/2020 02:48:38 PM
0116EK40456,CAMDEN,3 Pedestrian,1 Male,25-59,35,1,3 Slight,06 On Footpath - Verge,9 Unknown Or Other,1 Pedestrian,"CAMDEN HIGH STREET, 35 METRES NW OF CAMDEN ROAD.",1,25/06/2016 12:59:00 AM,Saturday,0.59,3 Bor,A,502,2 One-Way St,1 <= 20 MPH,0 No Jun In 20m,-2 Not Applicable,-2 Not Applicable,0,0 No Xing Facility In 50m,2 Dark,1 Fine,1 Road-Dry,0 None,0 None,528890,183890,-0.14289,51.539206,,,Unknown,"(51.539206, -0.14289)",http://opendatacommunities.org/id/london-borough-council/camden,6367,21/12/2020 02:48:38 PM
1170046119,CAMDEN,1 Driver/Rider,1 Male,60+,62,1,3 Slight,-2 Unknown,-2 N/A,4 Car,HAMPSTEAD ROAD J/W GRANBY TERRACE,3,02/07/2017 06:30:00 PM,Sunday,18.30,1 TLRN,A,400,6 Single Cwy,2 30 MPH,3 T/Stag Jun,2 Auto Sig,C,0,4 Pelican Or Similar,1 Daylight,1 Fine,1 Road-Dry,0 None,0 None,529173,183083,-0.139108,51.531889,,,Unknown,"(51.531889, -0.139108)",http://opendatacommunities.org/id/london-borough-council/camden,7107,21/12/2020 02:48:40 PM
1180148269,CAMDEN,1 Driver/Rider,1 Male,25-59,31,1,3 Slight,-2 Unknown,-2 N/A,3 Powered 2 Wheeler,FINCHLEY ROAD J/W ARKWRIGHT ROAD,2,27/11/2018 08:35:00 AM,Tuesday,8.35,1 TLRN,A,41,3 Dual Cwy,2 30 MPH,8 Priv Drive,4 Give Way/Uncontrolled,C,0,1 Zebra,1 Daylight,1 Fine,1 Road-Dry,0 None,0 None,526040,185100,-0.183529,51.550723,,,Unknown,"(51.550723, -0.183529)",http://opendatacommunities.org/id/london-borough-council/camden,8562,21/12/2020 02:48:43 PM
1180141282,CAMDEN,3 Pedestrian,2 Female,16-24,21,1,3 Slight,05 Crossing Road (Not On Xing),1 From Drivers N/Side,1 Pedestrian,YORK WAY J/W BRANDON ROAD,1,25/10/2018 03:48:00 PM,Thursday,15.48,3 Bor,A,5200,6 Single Cwy,1 <= 20 MPH,3 T/Stag Jun,4 Give Way/Uncontrolled,Unclassified,0,0 No Xing Facility In 50m,1 Daylight,1 Fine,1 Road-Dry,0 None,0 None,530060,184290,-0.125881,51.542532,,,Unknown,"(51.542532, -0.125881)",http://opendatacommunities.org/id/london-borough-council/camden,8472,21/12/2020 02:48:43 PM
1170018997,CAMDEN,1 Driver/Rider,1 Male,25-59,34,1,3 Slight,-2 Unknown,-2 N/A,4 Car,THEOBALDS ROAD J/W EMERALDS STREET,2,13/02/2017 04:15:00 PM,Monday,16.15,3 Bor,A,401,6 Single Cwy,2 30 MPH,3 T/Stag Jun,2 Auto Sig,Unclassified,0,0 No Xing Facility In 50m,1 Daylight,9 Unknown,1 Road-Dry,0 None,0 None,530735,181865,-0.117053,51.520584,,,Unknown,"(51.520584, -0.117053)",http://opendatacommunities.org/id/london-borough-council/camden,6680,21/12/2020 02:48:39 PM
1180095601,CAMDEN,1 Driver/Rider,1 Male,25-59,52,1,2 Serious,-2 Unknown,-2 N/A,3 Powered 2 Wheeler,FARRINGDON ROAD J/W CHARTERHOUSE STREET,2,12/03/2018 08:35:00 AM,Monday,8.35,1 TLRN,A,201,6 Single Cwy,1 <= 20 MPH,6 Crossroads,2 Auto Sig,B,500,5 Pedn Phase At Ats,1 Daylight,2 Raining,2 Road-Wet,0 None,0 None,531560,181660,-0.105246,51.51855,,,Unknown,"(51.51855, -0.105246)",http://opendatacommunities.org/id/london-borough-council/camden,7810,21/12/2020 02:48:41 PM
0115EK40315,CAMDEN,2 Passenger,2 Female,16-24,21,1,3 Slight,-2 Unknown,-2 N/A,6 Bus Or Coach,TOTTENGHAM COURT ROAD J/W EUSTON ROAD,1,26/04/2015 12:26:00 AM,Sunday,0.26,1 TLRN,A,400,6 Single Cwy,2 30 MPH,6 Crossroads,2 Auto Sig,A,501,5 Pedn Phase At Ats,2 Dark,1 Fine,1 Road-Dry,0 None,0 None,529250,182320,-0.138278,51.525014,,,Unknown,"(51.525014, -0.138278)",http://opendatacommunities.org/id/london-borough-council/camden,4835,21/12/2020 02:48:36 PM
1160001686,CAMDEN,3 Pedestrian,2 Female,25-59,27,1,3 Slight,10 Unknown,9 Unknown Or Other,1 Pedestrian,QUEEN'S CRESCENT J/W MALDEN ROAD,1,06/11/2016 04:45:00 PM,Sunday,16.45,3 Bor,Unclassified,0,6 Single Cwy,2 30 MPH,2 Mini,4 Give Way/Uncontrolled,B,517,1 Zebra,1 Daylight,1 Fine,2 Road-Wet,0 None,0 None,528150,184970,-0.153161,51.54908,,,Unknown,"(51.54908, -0.153161)",http://opendatacommunities.org/id/london-borough-council/camden,5672,21/12/2020 02:48:37 PM
1170029693,CAMDEN,1 Driver/Rider,1 Male,25-59,44,1,3 Slight,-2 Unknown,-2 N/A,2 Pedal Cycle,SUMATRA ROAD J/W WEST END LANE,2,29/03/2017 06:40:00 PM,Wednesday,18.40,3 Bor,B,510,6 Single Cwy,1 <= 20 MPH,3 T/Stag Jun,2 Auto Sig,B,510,4 Pelican Or Similar,1 Daylight,1 Fine,1 Road-Dry,0 None,0 None,525490,184890,-0.191533,51.548958,,,Unknown,"(51.548958, -0.191533)",http://opendatacommunities.org/id/london-borough-council/camden,6841,21/12/2020 02:48:39 PM
1160002314,CAMDEN,3 Pedestrian,1 Male,25-59,47,1,1 Fatal,06 On Footpath - Verge,9 Unknown Or Other,1 Pedestrian,HAMPSTEAD ROAD J/W MORNINGTON CRESCENT,1,19/11/2016 01:35:00 AM,Saturday,1.35,1 TLRN,A,400,6 Single Cwy,2 30 MPH,5 Slip Road,4 Give Way/Uncontrolled,Unclassified,0,5 Pedn Phase At Ats,2 Dark,1 Fine,1 Road-Dry,0 None,0 None,529160,183350,-0.139197,51.534291,,,Unknown,"(51.534291, -0.139197)",http://opendatacommunities.org/id/london-borough-council/camden,5682,21/12/2020 02:48:37 PM
1160007274,CAMDEN,1 Driver/Rider,1 Male,25-59,48,1,3 Slight,-2 Unknown,-2 N/A,2 Pedal Cycle,CAMDEN ROAD J/W ROCHESTER SQUARE,2,16/12/2016 08:50:00 AM,Friday,8.50,1 TLRN,A,503,3 Dual Cwy,1 <= 20 MPH,9 Other Jun,4 Give Way/Uncontrolled,Unclassified,0,0 No Xing Facility In 50m,1 Daylight,1 Fine,1 Road-Dry,0 None,2 Other Object In Cwy,529320,184380,-0.136513,51.543511,,,Unknown,"(51.543511, -0.136513)",http://opendatacommunities.org/id/london-borough-council/camden,5782,21/12/2020 02:48:37 PM
1160024367,CAMDEN,1 Driver/Rider,1 Male,25-59,58,1,3 Slight,-2 Unknown,-2 N/A,2 Pedal Cycle,KINGSWAY J/W KEELEY STREET,2,13/10/2016 03:50:00 PM,Thursday,15.50,3 Bor,A,4200,2 One-Way St,2 30 MPH,3 T/Stag Jun,4 Give Way/Uncontrolled,Unclassified,0,0 No Xing Facility In 50m,1 Daylight,1 Fine,1 Road-Dry,0 None,0 None,530610,181280,-0.119071,51.515355,,,Unknown,"(51.515355, -0.119071)",http://opendatacommunities.org/id/london-borough-council/camden,5890,21/12/2020 02:48:38 PM
1190201325,CAMDEN,1 DRIVER/RIDER,1 MALE,0-15,13,1,3 SLIGHT,'-2 NOT APPLICABLE,'-2 NOT APPLICABLE,2 PEDAL CYCLE,"On Belsize Road, 50 metres north of the junction with hillgrove road.",2,24/08/2019 02:31:00 PM,Saturday,14.31,3 BOR,5,0,6 SINGLE CWY,20,00 NO JUN IN 20M,,0,0,0 NO XING FACILITY IN 50M,2 DAYLIGHT,1 FINE,1 ROAD-DRY,0 NONE,0 NONE,526398,184190,-0.178696,51.542465,,,Unknown,"(51.542465, -0.178696)",http://opendatacommunities.org/id/london-borough-council/camden,9299,21/12/2020 02:48:44 PM