Reference,London Borough Name,Casualty Class,Casualty Sex,Casualty Age Band,Casualty Age,Number Of Casualties,Casualty Severity,Pedestrian Location,Pedestrian Movement,Mode Of Travel,Attendant Location,Number Of Vehicles,Date,Day,Time,Highway,Road Class 1,Road Number 1,Road Type,Speed Limit,Junction Detail,Junction Control,Road Class 2,Road Number 2,Pedestrian Crossing,Light Condition Band,Weather,Road Surface,Special Conditions,Carriage Way Hazard,Easting,Northing,Longitude,Latitude,Ward Code,Ward Name,Spatial Accuracy,Location,Organisation URI,Socrata ID,Last Uploaded
1180094809,CAMDEN,1 Driver/Rider,1 Male,25-59,49,1,3 Slight,-2 Unknown,-2 N/A,4 Car,NFL KILBURN HIGH ROAD J/W THE TERRACE,2,16/02/2018 08:15:00 PM,Friday,20.15,3 Bor,A,5,9 Unknown,2 30 MPH,3 T/Stag Jun,9 Unknown (S/R),Unclassified,0,9 Unknown (S/R),2 Dark,9 Unknown,9 Unknown (S/R),9 Unknown (S/R),9 Unknown (S/R),525150,183980,-0.196757,51.540855,,,Unknown,"(51.540855, -0.196757)",http://opendatacommunities.org/id/london-borough-council/camden,7799,21/12/2020 02:48:41 PM
0116EK40393,CAMDEN,1 Driver/Rider,1 Male,25-59,29,1,3 Slight,-2 Unknown,-2 N/A,3 Powered 2 Wheeler,N.F.L HAVERSTOCK HILL 45M SE OF PRINCE OF WALES ROAD,2,05/06/2016 07:20:00 PM,Sunday,19.20,3 Bor,A,502,6 Single Cwy,1 <= 20 MPH,0 No Jun In 20m,-2 Not Applicable,-2 Not Applicable,0,0 No Xing Facility In 50m,1 Daylight,1 Fine,1 Road-Dry,0 None,0 None,528000,184550,-0.155476,51.545339,,,Unknown,"(51.545339, -0.155476)",http://opendatacommunities.org/id/london-borough-council/camden,6310,21/12/2020 02:48:38 PM
0116EK40259,CAMDEN,1 Driver/Rider,1 Male,25-59,58,1,2 Serious,-2 Unknown,-2 N/A,2 Pedal Cycle,CAMDEN STREET J/W CAMDEN ROAD,1,07/01/2016 07:00:00 AM,Thursday,7.00,1 TLRN,A,400,6 Single Cwy,1 <= 20 MPH,6 Crossroads,2 Auto Sig,A,503,5 Pedn Phase At Ats,2 Dark,5 Raining/High Winds,2 Road-Wet,0 None,0 None,529100,184020,-0.139816,51.540326,,,Unknown,"(51.540326, -0.139816)",http://opendatacommunities.org/id/london-borough-council/camden,6198,21/12/2020 02:48:38 PM
0115EK40024,CAMDEN,1 Driver/Rider,1 Male,16-24,19,1,3 Slight,-2 Unknown,-2 N/A,2 Pedal Cycle,HAMPSTEAD ROAD J/W ROBERT STREET,2,17/01/2015 02:30:00 PM,Saturday,14.30,1 TLRN,A,400,6 Single Cwy,2 30 MPH,3 T/Stag Jun,4 Give Way/Uncontrolled,Unclassified,0,4 Pelican Or Similar,1 Daylight,8 Other,2 Road-Wet,0 None,0 None,529210,182710,-0.138711,51.528528,,,Unknown,"(51.528528, -0.138711)",http://opendatacommunities.org/id/london-borough-council/camden,4600,21/12/2020 02:48:35 PM
1170080418,CAMDEN,1 Driver/Rider,1 Male,25-59,26,1,3 Slight,-2 Unknown,-2 N/A,3 Powered 2 Wheeler,CROWN PLACE J/W KENTISH TOWN ROAD,2,27/12/2017 08:50:00 PM,Wednesday,20.50,3 Bor,Unclassified,0,6 Single Cwy,1 <= 20 MPH,9 Other Jun,4 Give Way/Uncontrolled,A,400,5 Pedn Phase At Ats,2 Dark,1 Fine,2 Road-Wet,0 None,0 None,528980,184930,-0.141212,51.548532,,,Unknown,"(51.548532, -0.141212)",http://opendatacommunities.org/id/london-borough-council/camden,7633,21/12/2020 02:48:41 PM
1190222997,CAMDEN,1 DRIVER/RIDER,1 MALE,16-24,22,1,3 SLIGHT,'-2 NOT APPLICABLE,5 IN RD NOT CROSSING,3 POWERED 2 WHEELER,"On Southampton Row, 50 metres south of the junction with Great Russel Street.",2,05/12/2019 12:18:00 PM,Thursday,12.18,3 BOR,A,4200,7 SLIP RD,30,00 NO JUN IN 20M,,0,0,9 UNKNOWN (S/R),2 DAYLIGHT,9 UNKNOWN,9 UNKNOWN (S/R),9 UNKNOWN (S/R),9 UNKNOWN (S/R),530395,181761,-0.121989,51.519728,,,Unknown,"(51.519728, -0.121989)",http://opendatacommunities.org/id/london-borough-council/camden,9590,21/12/2020 02:48:45 PM
0115EK40734,CAMDEN,1 Driver/Rider,2 Female,25-59,33,1,3 Slight,-2 Unknown,-2 N/A,2 Pedal Cycle,UPPER WOBURN PLACE J/W ENDSLEIGH GARDENS,2,21/08/2015 01:55:00 PM,Friday,13.55,3 Bor,A,4200,6 Single Cwy,2 30 MPH,3 T/Stag Jun,4 Give Way/Uncontrolled,Unclassified,0,0 No Xing Facility In 50m,1 Daylight,1 Fine,1 Road-Dry,0 None,0 None,529790,182540,-0.130418,51.526868,,,Unknown,"(51.526868, -0.130418)",http://opendatacommunities.org/id/london-borough-council/camden,5202,21/12/2020 02:48:37 PM
1190216556,CAMDEN,1 DRIVER/RIDER,1 MALE,25-59,57,1,3 SLIGHT,'-2 NOT APPLICABLE,'-2 NOT APPLICABLE,2 PEDAL CYCLE,"On Gordon House Road, 50 metres west of the junction with Lisseden gardens.",3,06/11/2019 06:35:00 PM,Wednesday,18.35,3 BOR,B,518,6 SINGLE CWY,20,00 NO JUN IN 20M,,0,0,0 NO XING FACILITY IN 50M,1 DARK,2 RAINING,2 ROAD-WET,0 NONE,0 NONE,528357,185677,-0.14992,51.555387,,,Unknown,"(51.555387, -0.14992)",http://opendatacommunities.org/id/london-borough-council/camden,9499,21/12/2020 02:48:44 PM
0116EK40426,CAMDEN,2 Passenger,2 Female,60+,78,1,3 Slight,-2 Unknown,-2 N/A,6 Bus Or Coach,EUSTON ROAD J/W PANCRAS ROAD,2,19/06/2016 03:30:00 PM,Sunday,15.30,1 TLRN,A,501,3 Dual Cwy,2 30 MPH,3 T/Stag Jun,2 Auto Sig,A,5202,5 Pedn Phase At Ats,1 Daylight,1 Fine,1 Road-Dry,0 None,0 None,530210,182890,-0.124237,51.529916,,,Unknown,"(51.529916, -0.124237)",http://opendatacommunities.org/id/london-borough-council/camden,6343,21/12/2020 02:48:38 PM
1190177507,CAMDEN,2 PASSENGER,1 MALE,25-59,37,1,3 SLIGHT,'-2 NOT APPLICABLE,'-2 NOT APPLICABLE,6 BUS OR COACH,"On Euston Road, 30 metres west of the junction with Hampstead road.. The nearest classified road was the A400. The nearest classified road was the A400",1,27/04/2019 07:41:00 PM,Saturday,19.41,1 TLRN,A,501,6 SINGLE CWY,30,00 NO JUN IN 20M,,0,0,4 PELICAN OR SIMILAR,1 DARK,2 RAINING,2 ROAD-WET,0 NONE,0 NONE,529209,182322,-0.138868,51.525041,,,Unknown,"(51.525041, -0.138868)",http://opendatacommunities.org/id/london-borough-council/camden,8951,21/12/2020 02:48:44 PM
1190175150,CAMDEN,1 DRIVER/RIDER,1 MALE,16-24,24,1,3 SLIGHT,'-2 NOT APPLICABLE,'-2 NOT APPLICABLE,3 POWERED 2 WHEELER,"On Coram Street, near the junction with Herbrand Street.",2,14/04/2019 09:00:00 PM,Sunday,21.00,3 BOR,6,0,6 SINGLE CWY,20,09 OTHER JUN,4 GIVE WAY/UNCONTROLLED,6,0,0 NO XING FACILITY IN 50M,1 DARK,1 FINE,1 ROAD-DRY,0 NONE,0 NONE,530117,182243,-0.125816,51.524123,,,Unknown,"(51.524123, -0.125816)",http://opendatacommunities.org/id/london-borough-council/camden,8926,21/12/2020 02:48:44 PM
1170029739,CAMDEN,1 Driver/Rider,2 Female,25-59,35,1,3 Slight,-2 Unknown,-2 N/A,2 Pedal Cycle,BURGHLEY ROAD J/W OAKFORD ROAD,1,12/03/2017 07:35:00 PM,Sunday,19.35,3 Bor,Unclassified,0,6 Single Cwy,2 30 MPH,3 T/Stag Jun,4 Give Way/Uncontrolled,Unclassified,0,9 Unknown (S/R),2 Dark,1 Fine,1 Road-Dry,0 None,0 None,529050,185850,-0.139866,51.556783,,,Unknown,"(51.556783, -0.139866)",http://opendatacommunities.org/id/london-borough-council/camden,6842,21/12/2020 02:48:39 PM
0115EK40309,CAMDEN,1 Driver/Rider,1 Male,25-59,25,1,3 Slight,-2 Unknown,-2 N/A,7 Goods Vehicle,WESTBERE ROAD 23M NW OF J/W MINSTER ROAD,3,23/04/2015 12:50:00 PM,Thursday,12.50,3 Bor,Unclassified,0,6 Single Cwy,2 30 MPH,0 No Jun In 20m,-2 Not Applicable,-2 Not Applicable,0,0 No Xing Facility In 50m,1 Daylight,1 Fine,1 Road-Dry,0 None,0 None,524500,185300,-0.205658,51.552862,,,Unknown,"(51.552862, -0.205658)",http://opendatacommunities.org/id/london-borough-council/camden,4831,21/12/2020 02:48:36 PM
0115EK40763,CAMDEN,2 Passenger,1 Male,0-15,9,1,3 Slight,-2 Unknown,-2 N/A,5 Taxi,"EUSTON ROAD, 200 METRES NE OF EUSTON ROAD SLIP ROAD.",4,01/09/2015 04:26:00 PM,Tuesday,16.26,1 TLRN,A,501,3 Dual Cwy,4 50 MPH,0 No Jun In 20m,-2 Not Applicable,-2 Not Applicable,0,0 No Xing Facility In 50m,1 Daylight,1 Fine,1 Road-Dry,0 None,0 None,529260,182330,-0.13813,51.525102,,,Unknown,"(51.525102, -0.13813)",http://opendatacommunities.org/id/london-borough-council/camden,5226,21/12/2020 02:48:37 PM
0115EK40519,CAMDEN,3 Pedestrian,2 Female,25-59,44,1,2 Serious,05 Crossing Road (Not On Xing),9 Unknown Or Other,1 Pedestrian,BLOOMSBURY WAY J/W BLOOMSBURY SQUARE,1,23/06/2015 10:29:00 AM,Tuesday,10.29,3 Bor,A,40,2 One-Way St,2 30 MPH,3 T/Stag Jun,4 Give Way/Uncontrolled,C,0,0 No Xing Facility In 50m,1 Daylight,9 Unknown,1 Road-Dry,0 None,0 None,530390,181630,-0.12211,51.518551,,,Unknown,"(51.518551, -0.12211)",http://opendatacommunities.org/id/london-borough-council/camden,5009,21/12/2020 02:48:36 PM
1170044986,CAMDEN,3 Pedestrian,2 Female,25-59,25,1,3 Slight,01 Crossing Road On Ped Xing,1 From Drivers N/Side,1 Pedestrian,KEELEY STREET J/W KINGSWAY,1,26/06/2017 01:43:00 PM,Monday,13.43,3 Bor,A,4200,3 Dual Cwy,2 30 MPH,3 T/Stag Jun,2 Auto Sig,Unclassified,0,5 Pedn Phase At Ats,1 Daylight,1 Fine,1 Road-Dry,0 None,0 None,530600,181270,-0.119218,51.515268,,,Unknown,"(51.515268, -0.119218)",http://opendatacommunities.org/id/london-borough-council/camden,7081,21/12/2020 02:48:40 PM
0115EK40111,CAMDEN,2 Passenger,2 Female,25-59,37,1,3 Slight,-2 Unknown,-2 N/A,5 Taxi,GOWER STREET J/W TORRINGTON PLACE,2,12/02/2015 11:55:00 AM,Thursday,11.55,3 Bor,A,400,6 Single Cwy,2 30 MPH,6 Crossroads,2 Auto Sig,C,0,5 Pedn Phase At Ats,1 Daylight,1 Fine,1 Road-Dry,0 None,0 None,529650,182040,-0.132618,51.522406,,,Unknown,"(51.522406, -0.132618)",http://opendatacommunities.org/id/london-borough-council/camden,4667,21/12/2020 02:48:36 PM
1180137973,CAMDEN,1 Driver/Rider,1 Male,16-24,22,1,3 Slight,-2 Unknown,-2 N/A,4 Car,WESTBERE ROAD J/W MINSTER ROAD,2,09/10/2018 05:53:00 AM,Tuesday,5.53,3 Bor,Unclassified,0,6 Single Cwy,1 <= 20 MPH,9 Other Jun,4 Give Way/Uncontrolled,Unclassified,0,4 Pelican Or Similar,2 Dark,1 Fine,1 Road-Dry,0 None,0 None,524490,185320,-0.205795,51.553044,,,Unknown,"(51.553044, -0.205795)",http://opendatacommunities.org/id/london-borough-council/camden,8407,21/12/2020 02:48:42 PM
1170063383,CAMDEN,1 Driver/Rider,1 Male,60+,61,1,3 Slight,-2 Unknown,-2 N/A,4 Car,BAYHAM STREET J/W PLENDER STREET,2,09/10/2017 12:05:00 PM,Monday,12.05,3 Bor,C,0,2 One-Way St,1 <= 20 MPH,6 Crossroads,4 Give Way/Uncontrolled,Unclassified,0,1 Zebra,1 Daylight,1 Fine,1 Road-Dry,0 None,0 None,529190,183560,-0.138688,51.536172,,,Unknown,"(51.536172, -0.138688)",http://opendatacommunities.org/id/london-borough-council/camden,7394,21/12/2020 02:48:40 PM
1170071409,CAMDEN,1 Driver/Rider,1 Male,16-24,24,1,3 Slight,-2 Unknown,-2 N/A,3 Powered 2 Wheeler,AVENUE ROAD 30M N OF J/W ADELAIDE ROAD THE NEAREST CLASSIFIED ROAD,3,20/11/2017 05:25:00 PM,Monday,17.25,1 TLRN,A,41,2 One-Way St,2 30 MPH,0 No Jun In 20m,-2 Not Applicable,-2 Not Applicable,0,5 Pedn Phase At Ats,2 Dark,2 Raining,2 Road-Wet,0 None,0 None,526710,184210,-0.174192,51.542575,,,Unknown,"(51.542575, -0.174192)",http://opendatacommunities.org/id/london-borough-council/camden,7526,21/12/2020 02:48:41 PM
1170039046,CAMDEN,1 Driver/Rider,1 Male,25-59,27,1,3 Slight,-2 Unknown,-2 N/A,2 Pedal Cycle,GRAYS INN ROAD J/W ROGER STREET,2,17/05/2017 12:00:00 PM,Wednesday,12.00,3 Bor,A,5200,6 Single Cwy,2 30 MPH,3 T/Stag Jun,4 Give Way/Uncontrolled,Unclassified,0,0 No Xing Facility In 50m,1 Daylight,2 Raining,2 Road-Wet,0 None,0 None,530920,182100,-0.114301,51.522653,,,Unknown,"(51.522653, -0.114301)",http://opendatacommunities.org/id/london-borough-council/camden,6991,21/12/2020 02:48:39 PM
1190162774,CAMDEN,1 DRIVER/RIDER,1 MALE,25-59,42,1,3 SLIGHT,'-2 NOT APPLICABLE,'-2 NOT APPLICABLE,2 PEDAL CYCLE,Oval Road j/w Regent's Park Terrace,2,11/02/2019 01:40:00 AM,Monday,1.40,3 BOR,5,0,6 SINGLE CWY,20,07 MULTI JUN,4 GIVE WAY/UNCONTROLLED,6,0,0 NO XING FACILITY IN 50M,2 DAYLIGHT,1 FINE,1 ROAD-DRY,0 NONE,0 NONE,528609,183786,-0.146978,51.538335,,,Unknown,"(51.538335, -0.146978)",http://opendatacommunities.org/id/london-borough-council/camden,8774,21/12/2020 02:48:43 PM
1170020550,CAMDEN,1 Driver/Rider,1 Male,25-59,46,1,3 Slight,-2 Unknown,-2 N/A,2 Pedal Cycle,HIGH HOLBORN J/W NEWTON STREET,2,23/02/2017 08:15:00 PM,Thursday,20.15,3 Bor,A,40,2 One-Way St,2 30 MPH,3 T/Stag Jun,2 Auto Sig,Unclassified,0,0 No Xing Facility In 50m,2 Dark,4 Fine/High Winds,1 Road-Dry,4 Roadworks,0 None,530390,181490,-0.122162,51.517293,,,Unknown,"(51.517293, -0.122162)",http://opendatacommunities.org/id/london-borough-council/camden,6707,21/12/2020 02:48:39 PM
1170018254,CAMDEN,3 Pedestrian,1 Male,25-59,53,1,3 Slight,09 In Road - Not Crossing,7 In Rd Facing Traffic,1 Pedestrian,HANDYSIDE STREET 5M W OF J/W STABLE STREET N1C,1,14/02/2017 10:00:00 AM,Tuesday,10.00,3 Bor,Unclassified,0,2 One-Way St,1 <= 20 MPH,9 Other Jun,1 Auth Person,Unclassified,0,0 No Xing Facility In 50m,1 Daylight,1 Fine,1 Road-Dry,0 None,0 None,530080,183730,-0.1258,51.537495,,,Unknown,"(51.537495, -0.1258)",http://opendatacommunities.org/id/london-borough-council/camden,6668,21/12/2020 02:48:39 PM
1170034386,CAMDEN,1 Driver/Rider,1 Male,25-59,48,1,3 Slight,-2 Unknown,-2 N/A,3 Powered 2 Wheeler,CAMDEN ROAD 25M NE OF J/W ST PANCRAS WAY THE NEAREST CLASSIFIED RO,1,07/04/2017 06:00:00 PM,Friday,18.00,1 TLRN,A,503,6 Single Cwy,2 30 MPH,0 No Jun In 20m,-2 Not Applicable,-2 Not Applicable,0,0 No Xing Facility In 50m,1 Daylight,1 Fine,1 Road-Dry,0 None,0 None,529280,184331,-0.137108,51.54308,,,Unknown,"(51.54308, -0.137108)",http://opendatacommunities.org/id/london-borough-council/camden,6922,21/12/2020 02:48:39 PM
1180151037,CAMDEN,1 Driver/Rider,1 Male,25-59,34,1,3 Slight,-2 Unknown,-2 N/A,4 Car,SAINT PAUL'S CRESCENT 25M S OF J/W AGAR GROVE,4,10/12/2018 03:30:00 AM,Monday,3.30,3 Bor,Unclassified,0,6 Single Cwy,2 30 MPH,0 No Jun In 20m,-2 Not Applicable,-2 Not Applicable,0,0 No Xing Facility In 50m,2 Dark,1 Fine,1 Road-Dry,0 None,0 None,529820,184320,-0.129329,51.542857,,,Unknown,"(51.542857, -0.129329)",http://opendatacommunities.org/id/london-borough-council/camden,8597,21/12/2020 02:48:43 PM
1160003592,CAMDEN,3 Pedestrian,1 Male,16-24,22,1,2 Serious,02 Crossing Road In Zig-Zag App,3 From Drivers O/Side,1 Pedestrian,LEIGHTON ROAD J/W TORRIANO AVENUE,1,26/11/2016 10:30:00 PM,Saturday,22.30,3 Bor,A,5200,2 One-Way St,1 <= 20 MPH,7 Multi Jun,4 Give Way/Uncontrolled,A,5200,1 Zebra,2 Dark,1 Fine,1 Road-Dry,0 None,0 None,529550,185180,-0.132904,51.550648,,,Unknown,"(51.550648, -0.132904)",http://opendatacommunities.org/id/london-borough-council/camden,5703,21/12/2020 02:48:37 PM
1190196280,CAMDEN,3 PEDESTRIAN,2 FEMALE,25-59,35,1,3 SLIGHT,06 ON FOOTPATH - VERGE,'-2 NOT APPLICABLE,1 PEDESTRIAN,"On Pancras Road, 50 metres north of the junction with Euston Road.. The nearest classified road was the A501. The nearest classified road was the A501",1,27/07/2019 04:55:00 PM,Saturday,16.55,3 BOR,A,5202,6 SINGLE CWY,20,00 NO JUN IN 20M,,0,0,0 NO XING FACILITY IN 50M,2 DAYLIGHT,2 RAINING,2 ROAD-WET,0 NONE,0 NONE,530184,182966,-0.124584,51.530605,,,Unknown,"(51.530605, -0.124584)",http://opendatacommunities.org/id/london-borough-council/camden,9235,21/12/2020 02:48:44 PM
1190194992,CAMDEN,1 DRIVER/RIDER,2 FEMALE,16-24,16,1,2 SERIOUS,'-2 NOT APPLICABLE,'-2 NOT APPLICABLE,2 PEDAL CYCLE,"On Clerkenwell Road, near the junction with ROSEBERY AVENUE.",2,21/07/2019 05:42:00 PM,Sunday,17.42,3 BOR,A,5201,3 DUAL CWY,20,09 OTHER JUN,2 AUTO SIG,A,401,5 PEDN PHASE AT ATS,2 DAYLIGHT,1 FINE,1 ROAD-DRY,0 NONE,0 NONE,531011,182007,-0.113025,51.521796,,,Unknown,"(51.521796, -0.113025)",http://opendatacommunities.org/id/london-borough-council/camden,9208,21/12/2020 02:48:44 PM
1170062680,CAMDEN,1 Driver/Rider,2 Female,25-59,26,1,3 Slight,-2 Unknown,-2 N/A,4 Car,ALEXANDRA ROAD J/W  HILGROVE ROAD,2,13/09/2017 06:00:00 PM,Wednesday,18.00,3 Bor,B,509,6 Single Cwy,1 <= 20 MPH,3 T/Stag Jun,2 Auto Sig,Unclassified,0,0 No Xing Facility In 50m,1 Daylight,1 Fine,1 Road-Dry,9 Unknown (S/R),9 Unknown (S/R),526540,184090,-0.176685,51.541534,,,Unknown,"(51.541534, -0.176685)",http://opendatacommunities.org/id/london-borough-council/camden,7379,21/12/2020 02:48:40 PM
0115EK40238,CAMDEN,1 Driver/Rider,1 Male,25-59,39,1,3 Slight,-2 Unknown,-2 N/A,4 Car,CAMDENR OAD J/W ST PANCRAS WAY,2,27/03/2015 03:00:00 PM,Friday,15.00,1 TLRN,A,503,2 One-Way St,2 30 MPH,6 Crossroads,2 Auto Sig,A,5202,5 Pedn Phase At Ats,1 Daylight,1 Fine,1 Road-Dry,0 None,0 None,529250,184300,-0.137552,51.542808,,,Unknown,"(51.542808, -0.137552)",http://opendatacommunities.org/id/london-borough-council/camden,4766,21/12/2020 02:48:36 PM
1170039515,CAMDEN,1 Driver/Rider,1 Male,25-59,28,1,3 Slight,-2 Unknown,-2 N/A,3 Powered 2 Wheeler,UPPER WOBURN PLACE J/W EVERSHOTT ROAD,3,24/05/2017 01:00:00 PM,Wednesday,13.00,1 TLRN,A,501,3 Dual Cwy,2 30 MPH,6 Crossroads,2 Auto Sig,A,4200,0 No Xing Facility In 50m,1 Daylight,1 Fine,1 Road-Dry,0 None,0 None,529770,182580,-0.130691,51.527232,,,Unknown,"(51.527232, -0.130691)",http://opendatacommunities.org/id/london-borough-council/camden,6997,21/12/2020 02:48:39 PM
1170033487,CAMDEN,1 Driver/Rider,1 Male,25-59,54,1,3 Slight,-2 Unknown,-2 N/A,4 Car,GREAT ORMOND STREET J/W POWIS PLACE,2,12/04/2017 11:03:00 AM,Wednesday,11.03,3 Bor,Unclassified,0,6 Single Cwy,1 <= 20 MPH,3 T/Stag Jun,4 Give Way/Uncontrolled,Unclassified,0,0 No Xing Facility In 50m,1 Daylight,1 Fine,1 Road-Dry,0 None,0 None,530470,181980,-0.120828,51.521678,,,Unknown,"(51.521678, -0.120828)",http://opendatacommunities.org/id/london-borough-council/camden,6905,21/12/2020 02:48:39 PM
1190194345,CAMDEN,1 DRIVER/RIDER,1 MALE,25-59,28,1,3 SLIGHT,'-2 NOT APPLICABLE,'-2 NOT APPLICABLE,3 POWERED 2 WHEELER,"On York Way, near the junction with Canal Reach.",2,18/07/2019 08:57:00 AM,Thursday,8.57,3 BOR,6,0,6 SINGLE CWY,20,03 T/STAG JUN,4 GIVE WAY/UNCONTROLLED,6,0,1 ZEBRA,2 DAYLIGHT,1 FINE,2 ROAD-WET,0 NONE,0 NONE,530153,183954,-0.124665,51.539491,,,Unknown,"(51.539491, -0.124665)",http://opendatacommunities.org/id/london-borough-council/camden,9197,21/12/2020 02:48:44 PM
0115EK40249,CAMDEN,2 Passenger,2 Female,25-59,48,1,3 Slight,-2 Unknown,-2 N/A,6 Bus Or Coach,WESTBERE ROAD J/W MENELIK ROAD,1,07/03/2015 12:08:00 PM,Saturday,12.08,3 Bor,Unclassified,0,6 Single Cwy,2 30 MPH,3 T/Stag Jun,4 Give Way/Uncontrolled,Unclassified,0,0 No Xing Facility In 50m,1 Daylight,1 Fine,1 Road-Dry,0 None,0 None,524340,185490,-0.207898,51.554605,,,Unknown,"(51.554605, -0.207898)",http://opendatacommunities.org/id/london-borough-council/camden,4778,21/12/2020 02:48:36 PM
0115EK41169,CAMDEN,1 Driver/Rider,1 Male,16-24,16,1,3 Slight,-2 Unknown,-2 N/A,2 Pedal Cycle,NFL ELSWORTHY ROAD 50M NE OF J/W AVENUE ROAD,2,30/12/2015 03:10:00 PM,Wednesday,15.10,3 Bor,Unclassified,0,6 Single Cwy,2 30 MPH,0 No Jun In 20m,-2 Not Applicable,-2 Not Applicable,0,0 No Xing Facility In 50m,1 Daylight,1 Fine,1 Road-Dry,0 None,0 None,526990,183870,-0.170279,51.539456,,,Unknown,"(51.539456, -0.170279)",http://opendatacommunities.org/id/london-borough-council/camden,5568,21/12/2020 02:48:37 PM
0116EK40043,CAMDEN,2 Passenger,2 Female,25-59,39,1,3 Slight,-2 Unknown,-2 N/A,5 Taxi,AVENUE ROAD J/W RADLETT PLACE.,3,01/02/2016 08:00:00 PM,Monday,20.00,3 Bor,B,525,6 Single Cwy,2 30 MPH,3 T/Stag Jun,4 Give Way/Uncontrolled,B,525,1 Zebra,2 Dark,1 Fine,1 Road-Dry,0 None,0 None,527110,183730,-0.1686,51.538171,,,Unknown,"(51.538171, -0.1686)",http://opendatacommunities.org/id/london-borough-council/camden,6016,21/12/2020 02:48:38 PM
1160006119,CAMDEN,1 Driver/Rider,2 Female,25-59,53,1,3 Slight,-2 Unknown,-2 N/A,4 Car,FINCHLEY ROAD J/W ADELAIDE ROAD,2,09/12/2016 07:05:00 PM,Friday,19.05,1 TLRN,A,41,3 Dual Cwy,2 30 MPH,3 T/Stag Jun,2 Auto Sig,B,509,5 Pedn Phase At Ats,2 Dark,1 Fine,1 Road-Dry,0 None,0 None,526636,184110,-0.175294,51.541693,,,Unknown,"(51.541693, -0.175294)",http://opendatacommunities.org/id/london-borough-council/camden,5755,21/12/2020 02:48:37 PM
1180133438,CAMDEN,1 Driver/Rider,1 Male,16-24,23,1,3 Slight,-2 Unknown,-2 N/A,2 Pedal Cycle,PLENDER STREET J/W BAYHAM STREET,2,17/09/2018 08:45:00 AM,Monday,8.45,3 Bor,Unclassified,0,6 Single Cwy,2 30 MPH,6 Crossroads,9 Unknown (S/R),C,0,1 Zebra,1 Daylight,1 Fine,1 Road-Dry,3 Road Sign Def,9 Unknown (S/R),529170,183550,-0.13898,51.536086,,,Unknown,"(51.536086, -0.13898)",http://opendatacommunities.org/id/london-borough-council/camden,8333,21/12/2020 02:48:42 PM
1170057526,CAMDEN,1 Driver/Rider,1 Male,25-59,28,1,3 Slight,-2 Unknown,-2 N/A,2 Pedal Cycle,PANCRAS ROAD 25M N OF J/W KINGS BOULEVARD,2,30/08/2017 09:10:00 AM,Wednesday,9.10,3 Bor,A,5202,6 Single Cwy,2 30 MPH,0 No Jun In 20m,-2 Not Applicable,-2 Not Applicable,0,5 Pedn Phase At Ats,1 Daylight,1 Fine,1 Road-Dry,0 None,0 None,530100,183150,-0.125726,51.532278,,,Unknown,"(51.532278, -0.125726)",http://opendatacommunities.org/id/london-borough-council/camden,7296,21/12/2020 02:48:40 PM
0116EK40242,CAMDEN,3 Pedestrian,1 Male,25-59,29,1,3 Slight,09 In Road - Not Crossing,9 Unknown Or Other,1 Pedestrian,HEATH STREET J/W ORIEL COURT,1,13/01/2016 03:10:00 PM,Wednesday,15.10,3 Bor,B,511,6 Single Cwy,1 <= 20 MPH,3 T/Stag Jun,4 Give Way/Uncontrolled,B,511,0 No Xing Facility In 50m,1 Daylight,1 Fine,1 Road-Dry,0 None,0 None,526370,185640,-0.178579,51.555502,,,Unknown,"(51.555502, -0.178579)",http://opendatacommunities.org/id/london-borough-council/camden,6180,21/12/2020 02:48:38 PM
0115EK40974,CAMDEN,2 Passenger,2 Female,60+,83,1,3 Slight,-2 Unknown,-2 N/A,6 Bus Or Coach,CAMDEN HIGH STREET J/W PARKWAY.,1,02/11/2015 01:15:00 PM,Monday,13.15,1 TLRN,A,400,2 One-Way St,1 <= 20 MPH,7 Multi Jun,2 Auto Sig,A,4201,5 Pedn Phase At Ats,1 Daylight,1 Fine,1 Road-Dry,0 None,0 None,528900,183870,-0.142753,51.539024,,,Unknown,"(51.539024, -0.142753)",http://opendatacommunities.org/id/london-borough-council/camden,5401,21/12/2020 02:48:37 PM
1180147517,CAMDEN,1 Driver/Rider,1 Male,25-59,39,1,3 Slight,-2 Unknown,-2 N/A,2 Pedal Cycle,BEDFORD ROW J/W THEOBALDS ROAD,2,22/11/2018 03:35:00 PM,Thursday,15.35,3 Bor,Unclassified,0,6 Single Cwy,2 30 MPH,6 Crossroads,9 Unknown (S/R),A,401,1 Zebra,1 Daylight,7 Fog/Mist,1 Road-Dry,0 None,0 None,530770,181860,-0.116551,51.520531,,,Unknown,"(51.520531, -0.116551)",http://opendatacommunities.org/id/london-borough-council/camden,8546,21/12/2020 02:48:43 PM
1170069458,CAMDEN,3 Pedestrian,1 Male,16-24,20,1,3 Slight,04 Crossing Road Within 50m Xing,1 From Drivers N/Side,1 Pedestrian,OXFORD STREET 20M E OF J/W TOTTENHAM COURT ROAD,1,11/11/2017 09:52:00 AM,Saturday,9.52,3 Bor,A,40,6 Single Cwy,2 30 MPH,6 Crossroads,2 Auto Sig,A,400,5 Pedn Phase At Ats,1 Daylight,2 Raining,2 Road-Wet,0 None,0 None,529810,181370,-0.13056,51.516348,,,Unknown,"(51.516348, -0.13056)",http://opendatacommunities.org/id/london-borough-council/camden,7503,21/12/2020 02:48:41 PM