Reference,London Borough Name,Casualty Class,Casualty Sex,Casualty Age Band,Casualty Age,Number Of Casualties,Casualty Severity,Pedestrian Location,Pedestrian Movement,Mode Of Travel,Attendant Location,Number Of Vehicles,Date,Day,Time,Highway,Road Class 1,Road Number 1,Road Type,Speed Limit,Junction Detail,Junction Control,Road Class 2,Road Number 2,Pedestrian Crossing,Light Condition Band,Weather,Road Surface,Special Conditions,Carriage Way Hazard,Easting,Northing,Longitude,Latitude,Ward Code,Ward Name,Spatial Accuracy,Location,Organisation URI,Socrata ID,Last Uploaded
1170069038,CAMDEN,1 Driver/Rider,1 Male,25-59,52,1,3 Slight,-2 Unknown,-2 N/A,2 Pedal Cycle,WOBURN PLACE J/W TAVISTOCK SQUARE,2,25/10/2017 09:05:00 PM,Wednesday,21.05,3 Bor,C,0,2 One-Way St,1 <= 20 MPH,6 Crossroads,2 Auto Sig,C,0,5 Pedn Phase At Ats,2 Dark,1 Fine,1 Road-Dry,0 None,0 None,529980,182270,-0.12778,51.524397,,,Unknown,"(51.524397, -0.12778)",http://opendatacommunities.org/id/london-borough-council/camden,7494,21/12/2020 02:48:41 PM
1170067307,CAMDEN,1 Driver/Rider,1 Male,25-59,53,1,3 Slight,-2 Unknown,-2 N/A,2 Pedal Cycle,ROYAL COLLEGE STREET 25M N OF J/W GEORGIANA STREET,2,28/10/2017 08:07:00 PM,Saturday,20.07,3 Bor,A,5202,2 One-Way St,2 30 MPH,0 No Jun In 20m,-2 Not Applicable,-2 Not Applicable,0,4 Pelican Or Similar,1 Daylight,9 Unknown,9 Unknown (S/R),9 Unknown (S/R),9 Unknown (S/R),529302,183999,-0.136913,51.540091,,,Unknown,"(51.540091, -0.136913)",http://opendatacommunities.org/id/london-borough-council/camden,7469,21/12/2020 02:48:40 PM
1170052395,CAMDEN,1 Driver/Rider,2 Female,60+,83,1,3 Slight,-2 Unknown,-2 N/A,2 Pedal Cycle,WINCHESTER ROAD J/W ETON AVENUE,2,07/08/2017 10:45:00 AM,Monday,10.45,3 Bor,Unclassified,0,6 Single Cwy,1 <= 20 MPH,6 Crossroads,4 Give Way/Uncontrolled,Unclassified,0,0 No Xing Facility In 50m,1 Daylight,1 Fine,1 Road-Dry,0 None,0 None,526780,184390,-0.173118,51.544177,,,Unknown,"(51.544177, -0.173118)",http://opendatacommunities.org/id/london-borough-council/camden,7230,21/12/2020 02:48:40 PM
1170063391,CAMDEN,1 Driver/Rider,1 Male,25-59,39,1,3 Slight,-2 Unknown,-2 N/A,5 Taxi,HIGH HOLBORN 15M W OF J/W CHANCERY LANE,2,08/10/2017 12:39:00 PM,Sunday,12.39,3 Bor,A,40,6 Single Cwy,2 30 MPH,3 T/Stag Jun,2 Auto Sig,A,5200,4 Pelican Or Similar,1 Daylight,1 Fine,1 Road-Dry,0 None,0 None,531120,181610,-0.111602,51.518203,,,Unknown,"(51.518203, -0.111602)",http://opendatacommunities.org/id/london-borough-council/camden,7396,21/12/2020 02:48:40 PM
1190174536,CAMDEN,1 DRIVER/RIDER,1 MALE,25-59,44,1,3 SLIGHT,'-2 NOT APPLICABLE,'-2 NOT APPLICABLE,4 CAR,"On Kilburn High Road, near the junction with Mallard Close.",2,03/02/2019 12:30:00 AM,Sunday,0.30,3 BOR,A,5,6 SINGLE CWY,30,03 T/STAG JUN,4 GIVE WAY/UNCONTROLLED,A,5,0 NO XING FACILITY IN 50M,1 DARK,1 FINE,1 ROAD-DRY,0 NONE,0 NONE,525427,183618,-0.192894,51.537541,,,Unknown,"(51.537541, -0.192894)",http://opendatacommunities.org/id/london-borough-council/camden,8917,21/12/2020 02:48:44 PM
1170046443,CAMDEN,1 Driver/Rider,1 Male,25-59,32,1,2 Serious,-2 Unknown,-2 N/A,2 Pedal Cycle,GREAT RUSSELL STREET J/W BLOOMSBURY SQUARE,2,28/06/2017 06:15:00 PM,Wednesday,18.15,3 Bor,C,0,6 Single Cwy,2 30 MPH,3 T/Stag Jun,4 Give Way/Uncontrolled,Unclassified,0,5 Pedn Phase At Ats,1 Daylight,1 Fine,1 Road-Dry,0 None,0 None,530250,181690,-0.124104,51.519123,,,Unknown,"(51.519123, -0.124104)",http://opendatacommunities.org/id/london-borough-council/camden,7114,21/12/2020 02:48:40 PM
0116EK40107,CAMDEN,1 Driver/Rider,1 Male,60+,84,1,3 Slight,-2 Unknown,-2 N/A,4 Car,HEATH STREET J/W HAMPSTEAD SQUARE,2,28/02/2016 03:40:00 PM,Sunday,15.40,3 Bor,A,502,6 Single Cwy,1 <= 20 MPH,3 T/Stag Jun,4 Give Way/Uncontrolled,Unclassified,0,0 No Xing Facility In 50m,1 Daylight,1 Fine,1 Road-Dry,0 None,0 None,526360,186080,-0.178565,51.559459,,,Unknown,"(51.559459, -0.178565)",http://opendatacommunities.org/id/london-borough-council/camden,6066,21/12/2020 02:48:38 PM
1170037889,CAMDEN,1 Driver/Rider,1 Male,25-59,40,1,2 Serious,-2 Unknown,-2 N/A,3 Powered 2 Wheeler,MARKET ROAD J/W YORK WAY,2,24/04/2017 07:00:00 PM,Monday,19.00,3 Bor,Unclassified,0,6 Single Cwy,1 <= 20 MPH,3 T/Stag Jun,4 Give Way/Uncontrolled,A,5200,0 No Xing Facility In 50m,2 Dark,1 Fine,1 Road-Dry,0 None,0 None,530022,184566,-0.126327,51.545022,,,Unknown,"(51.545022, -0.126327)",http://opendatacommunities.org/id/london-borough-council/camden,6969,21/12/2020 02:48:39 PM
1190218854,CAMDEN,2 PASSENGER,1 MALE,0-15,2,1,3 SLIGHT,'-2 NOT APPLICABLE,'-2 NOT APPLICABLE,4 CAR,"On Burrard Road, near the junction with Finchley road.",2,16/11/2019 06:40:00 PM,Saturday,18.40,1 TLRN,6,0,6 SINGLE CWY,30,03 T/STAG JUN,4 GIVE WAY/UNCONTROLLED,A,41,0 NO XING FACILITY IN 50M,1 DARK,1 FINE,1 ROAD-DRY,0 NONE,0 NONE,525327,185625,-0.193621,51.5556,,,Unknown,"(51.5556, -0.193621)",http://opendatacommunities.org/id/london-borough-council/camden,9522,21/12/2020 02:48:44 PM
0115EK40257,CAMDEN,1 Driver/Rider,1 Male,25-59,50,1,3 Slight,-2 Unknown,-2 N/A,4 Car,NFL- EUSTON ROAD J/W GORDON STREET,2,27/03/2015 01:09:00 PM,Friday,13.09,1 TLRN,A,501,6 Single Cwy,2 30 MPH,6 Crossroads,2 Auto Sig,C,0,5 Pedn Phase At Ats,1 Daylight,1 Fine,1 Road-Dry,0 None,0 None,529570,182470,-0.133613,51.526289,,,Unknown,"(51.526289, -0.133613)",http://opendatacommunities.org/id/london-borough-council/camden,4788,21/12/2020 02:48:36 PM
1180154833,CAMDEN,3 Pedestrian,1 Male,25-59,44,1,3 Slight,01 Crossing Road On Ped Xing,1 From Drivers N/Side,1 Pedestrian,EUSTON ROAD J/W ARGYLE STREET,1,29/12/2018 01:57:00 PM,Saturday,13.57,1 TLRN,A,501,3 Dual Cwy,2 30 MPH,6 Crossroads,2 Auto Sig,C,0,4 Pelican Or Similar,1 Daylight,1 Fine,1 Road-Dry,0 None,0 None,530210,182880,-0.124241,51.529826,,,Unknown,"(51.529826, -0.124241)",http://opendatacommunities.org/id/london-borough-council/camden,8650,21/12/2020 02:48:43 PM
1170047538,CAMDEN,1 Driver/Rider,1 Male,Unknown,0,1,3 Slight,-2 Unknown,-2 N/A,3 Powered 2 Wheeler,CAMDEN STREET J/W PRATT STREET,2,10/07/2017 06:51:00 PM,Monday,18.51,1 TLRN,A,400,2 One-Way St,1 <= 20 MPH,6 Crossroads,2 Auto Sig,C,0,5 Pedn Phase At Ats,1 Daylight,1 Fine,1 Road-Dry,0 None,0 None,529229,183806,-0.138036,51.538373,,,Unknown,"(51.538373, -0.138036)",http://opendatacommunities.org/id/london-borough-council/camden,7139,21/12/2020 02:48:40 PM
1160012659,CAMDEN,3 Pedestrian,1 Male,25-59,25,1,3 Slight,05 Crossing Road (Not On Xing),1 From Drivers N/Side,1 Pedestrian,"ON GOWER PLACE, NEAR THE JUNCTION WITH GOWER STREET .",1,09/09/2016 03:30:00 PM,Friday,15.30,3 Bor,Unclassified,0,2 One-Way St,2 30 MPH,3 T/Stag Jun,4 Give Way/Uncontrolled,A,400,0 No Xing Facility In 50m,1 Daylight,9 Unknown,9 Unknown (S/R),0 None,0 None,529450,182330,-0.135393,51.525058,,,Unknown,"(51.525058, -0.135393)",http://opendatacommunities.org/id/london-borough-council/camden,5846,21/12/2020 02:48:38 PM
0115EK40542,CAMDEN,1 Driver/Rider,1 Male,25-59,48,1,3 Slight,-2 Unknown,-2 N/A,3 Powered 2 Wheeler,PRINCE ALBERT ROAD 50M NW OF PARKWAY,2,04/07/2015 04:25:00 PM,Saturday,16.25,3 Bor,A,5205,6 Single Cwy,2 30 MPH,0 No Jun In 20m,-2 Not Applicable,-2 Not Applicable,0,0 No Xing Facility In 50m,1 Daylight,1 Fine,1 Road-Dry,0 None,0 None,528580,183560,-0.147478,51.536311,,,Unknown,"(51.536311, -0.147478)",http://opendatacommunities.org/id/london-borough-council/camden,5030,21/12/2020 02:48:36 PM
1190170705,CAMDEN,1 DRIVER/RIDER,1 MALE,25-59,33,1,3 SLIGHT,'-2 NOT APPLICABLE,'-2 NOT APPLICABLE,4 CAR,"On Delancey Street, near the junction with Arlington road.",2,22/03/2019 08:45:00 PM,Friday,20.45,3 BOR,A,503,6 SINGLE CWY,20,03 T/STAG JUN,4 GIVE WAY/UNCONTROLLED,6,0,4 PELICAN OR SIMILAR,1 DARK,1 FINE,1 ROAD-DRY,0 NONE,0 NONE,528929,183619,-0.142427,51.536761,,,Unknown,"(51.536761, -0.142427)",http://opendatacommunities.org/id/london-borough-council/camden,8863,21/12/2020 02:48:43 PM
1190205095,CAMDEN,1 DRIVER/RIDER,1 MALE,25-59,38,1,2 SERIOUS,'-2 NOT APPLICABLE,'-2 NOT APPLICABLE,2 PEDAL CYCLE,"On EVERSHOLT STREET, near the junction with LIDLINTON PLACE.",2,13/09/2019 09:30:00 AM,Friday,9.30,1 TLRN,A,4200,6 SINGLE CWY,20,06 CROSSROADS,2 AUTO SIG,A,400,5 PEDN PHASE AT ATS,2 DAYLIGHT,1 FINE,1 ROAD-DRY,0 NONE,0 NONE,529309,183223,-0.137097,51.533116,,,Unknown,"(51.533116, -0.137097)",http://opendatacommunities.org/id/london-borough-council/camden,9359,21/12/2020 02:48:44 PM
1180117851,CAMDEN,3 Pedestrian,2 Female,60+,92,1,3 Slight,05 Crossing Road (Not On Xing),2 From Drivers N/Side Msk,1 Pedestrian,MOUNT PLEASANT J/W WARNER STREET,1,30/06/2018 07:30:00 PM,Saturday,19.30,3 Bor,C,0,6 Single Cwy,2 30 MPH,3 T/Stag Jun,4 Give Way/Uncontrolled,Unclassified,0,0 No Xing Facility In 50m,1 Daylight,1 Fine,1 Road-Dry,0 None,0 None,531070,182220,-0.112096,51.523696,,,Unknown,"(51.523696, -0.112096)",http://opendatacommunities.org/id/london-borough-council/camden,8133,21/12/2020 02:48:42 PM
1170053605,CAMDEN,1 Driver/Rider,1 Male,25-59,45,1,3 Slight,-2 Unknown,-2 N/A,3 Powered 2 Wheeler,FINCHLEY ROAD J/W PARSIFAL ROAD,2,25/07/2017 06:30:00 PM,Tuesday,18.30,1 TLRN,A,41,6 Single Cwy,2 30 MPH,3 T/Stag Jun,4 Give Way/Uncontrolled,Unclassified,0,9 Unknown (S/R),1 Daylight,1 Fine,1 Road-Dry,9 Unknown (S/R),9 Unknown (S/R),525400,185570,-0.192588,51.555089,,,Unknown,"(51.555089, -0.192588)",http://opendatacommunities.org/id/london-borough-council/camden,7240,21/12/2020 02:48:40 PM
1190159318,CAMDEN,3 PEDESTRIAN,1 MALE,25-59,28,1,3 SLIGHT,10 UNKNOWN OR OTHER,9 UNKNOWN OR OTHER,1 PEDESTRIAN,"On Malden Crescent, near the junction with Prince of Wales Road.",1,21/01/2019 01:00:00 PM,Monday,13.00,3 BOR,B,517,6 SINGLE CWY,20,06 CROSSROADS,2 AUTO SIG,5,0,9 UNKNOWN (S/R),2 DAYLIGHT,9 UNKNOWN,9 UNKNOWN (S/R),9 UNKNOWN (S/R),9 UNKNOWN (S/R),528330,184610,-0.150698,51.545804,,,Unknown,"(51.545804, -0.150698)",http://opendatacommunities.org/id/london-borough-council/camden,8722,21/12/2020 02:48:43 PM
1190228016,CAMDEN,1 DRIVER/RIDER,1 MALE,16-24,23,1,3 SLIGHT,'-2 NOT APPLICABLE,1 FROM DRIVERS N/SIDE,3 POWERED 2 WHEELER,"On Kilburn High Road, near the junction with Coventry Close.",1,31/12/2019 11:45:00 PM,Tuesday,23.45,3 BOR,A,5,7 SLIP RD,25,06 CROSSROADS,2 AUTO SIG,5,0,1 ZEBRA,1 DARK,2 RAINING,2 ROAD-WET,0 NONE,9 UNKNOWN (S/R),525483,183558,-0.192108,51.536989,,,Unknown,"(51.536989, -0.192108)",http://opendatacommunities.org/id/london-borough-council/camden,9660,21/12/2020 02:48:45 PM
1170049830,CAMDEN,1 Driver/Rider,1 Male,16-24,24,1,3 Slight,-2 Unknown,-2 N/A,3 Powered 2 Wheeler,HIGHGATE HIGH STREET J/W SOUTHWOOD LANE,2,22/07/2017 01:06:00 PM,Saturday,13.06,3 Bor,B,519,1 Roundabout,1 <= 20 MPH,2 Mini,4 Give Way/Uncontrolled,B,550,1 Zebra,1 Daylight,2 Raining,2 Road-Wet,0 None,0 None,528367,187427,-0.149137,51.571111,,,Unknown,"(51.571111, -0.149137)",http://opendatacommunities.org/id/london-borough-council/camden,7173,21/12/2020 02:48:40 PM
1190203616,CAMDEN,1 DRIVER/RIDER,1 MALE,25-59,40,1,3 SLIGHT,'-2 NOT APPLICABLE,'-2 NOT APPLICABLE,2 PEDAL CYCLE,"On Camden Street, 40 metres south of the junction with Crowndale Road.. The nearest classified road was the B512. The nearest classified road was the B512",2,05/09/2019 08:35:00 PM,Thursday,20.35,1 TLRN,A,400,6 SINGLE CWY,30,00 NO JUN IN 20M,,0,0,0 NO XING FACILITY IN 50M,1 DARK,1 FINE,1 ROAD-DRY,0 NONE,0 NONE,529397,183516,-0.135721,51.535729,,,Unknown,"(51.535729, -0.135721)",http://opendatacommunities.org/id/london-borough-council/camden,9336,21/12/2020 02:48:44 PM
0115EK40523,CAMDEN,1 Driver/Rider,1 Male,25-59,36,1,3 Slight,-2 Unknown,-2 N/A,4 Car,AVENUE ROAD J/W FINCHLEY ROAD,2,17/06/2015 04:50:00 PM,Wednesday,16.50,1 TLRN,A,41,6 Single Cwy,2 30 MPH,9 Other Jun,2 Auto Sig,A,41,5 Pedn Phase At Ats,1 Daylight,1 Fine,1 Road-Dry,0 None,0 None,526650,184340,-0.17501,51.543756,,,Unknown,"(51.543756, -0.17501)",http://opendatacommunities.org/id/london-borough-council/camden,5013,21/12/2020 02:48:36 PM
1180116049,CAMDEN,1 Driver/Rider,1 Male,25-59,52,1,3 Slight,-2 Unknown,-2 N/A,3 Powered 2 Wheeler,REGIS ROAD 4M W OF J/W KENTISH TOWN ROAD,2,22/06/2018 01:40:00 PM,Friday,13.40,3 Bor,A,400,6 Single Cwy,2 30 MPH,6 Crossroads,2 Auto Sig,A,400,5 Pedn Phase At Ats,1 Daylight,1 Fine,1 Road-Dry,0 None,0 None,529010,185190,-0.140684,51.550861,,,Unknown,"(51.550861, -0.140684)",http://opendatacommunities.org/id/london-borough-council/camden,8102,21/12/2020 02:48:42 PM
1170053883,CAMDEN,1 Driver/Rider,2 Female,25-59,50,1,3 Slight,-2 Unknown,-2 N/A,2 Pedal Cycle,CAMDEN HIGH STREET J/W CAMDEN ROAD,1,04/06/2017 07:15:00 PM,Sunday,19.15,1 TLRN,A,502,2 One-Way St,2 30 MPH,6 Crossroads,2 Auto Sig,A,503,9 Unknown (S/R),1 Daylight,1 Fine,9 Unknown (S/R),9 Unknown (S/R),9 Unknown (S/R),528900,183870,-0.142753,51.539024,,,Unknown,"(51.539024, -0.142753)",http://opendatacommunities.org/id/london-borough-council/camden,7248,21/12/2020 02:48:40 PM
1160005270,CAMDEN,1 Driver/Rider,1 Male,25-59,33,1,3 Slight,-2 Unknown,-2 N/A,2 Pedal Cycle,CAMDEN ROAD J/W ST PANCRAS WAY,2,25/11/2016 08:45:00 AM,Friday,8.45,1 TLRN,A,503,6 Single Cwy,2 30 MPH,6 Crossroads,2 Auto Sig,A,5202,1 Zebra,1 Daylight,1 Fine,1 Road-Dry,0 None,0 None,529250,184300,-0.137552,51.542808,,,Unknown,"(51.542808, -0.137552)",http://opendatacommunities.org/id/london-borough-council/camden,5740,21/12/2020 02:48:37 PM
1180138692,CAMDEN,3 Pedestrian,1 Male,16-24,17,1,3 Slight,05 Crossing Road (Not On Xing),1 From Drivers N/Side,1 Pedestrian,CAMDEN HIGH STREET 10M N OF J/W BUCK STREET,1,12/10/2018 09:10:00 PM,Friday,21.10,3 Bor,A,502,6 Single Cwy,1 <= 20 MPH,3 T/Stag Jun,4 Give Way/Uncontrolled,Unclassified,0,0 No Xing Facility In 50m,2 Dark,4 Fine/High Winds,1 Road-Dry,0 None,0 None,528830,184000,-0.143715,51.540208,,,Unknown,"(51.540208, -0.143715)",http://opendatacommunities.org/id/london-borough-council/camden,8422,21/12/2020 02:48:43 PM
1170074762,CAMDEN,1 Driver/Rider,1 Male,25-59,49,1,3 Slight,-2 Unknown,-2 N/A,2 Pedal Cycle,OSSULSTON STREET J/W EUSTON ROAD NW1,2,01/12/2017 09:10:00 PM,Friday,21.10,1 TLRN,C,0,6 Single Cwy,2 30 MPH,3 T/Stag Jun,2 Auto Sig,A,501,5 Pedn Phase At Ats,2 Dark,1 Fine,1 Road-Dry,0 None,0 None,529970,182750,-0.127747,51.528713,,,Unknown,"(51.528713, -0.127747)",http://opendatacommunities.org/id/london-borough-council/camden,7574,21/12/2020 02:48:41 PM
1170068449,CAMDEN,2 Passenger,1 Male,0-15,6,1,3 Slight,-2 Unknown,-2 N/A,4 Car,HIGHGATE ROAD J/W CHETWYND ROAD,3,06/11/2017 02:15:00 PM,Monday,14.15,3 Bor,C,0,6 Single Cwy,2 30 MPH,9 Other Jun,2 Auto Sig,C,0,5 Pedn Phase At Ats,1 Daylight,1 Fine,1 Road-Dry,0 None,0 None,528580,185840,-0.146645,51.556801,,,Unknown,"(51.556801, -0.146645)",http://opendatacommunities.org/id/london-borough-council/camden,7487,21/12/2020 02:48:41 PM
0115EK40661,CAMDEN,2 Passenger,2 Female,25-59,41,1,3 Slight,-2 Unknown,-2 N/A,6 Bus Or Coach,WOBURN PLACE 40M SE OF TAVISTOCK PLACE,1,03/08/2015 01:12:00 PM,Monday,13.12,3 Bor,A,4200,6 Single Cwy,2 30 MPH,0 No Jun In 20m,-2 Not Applicable,-2 Not Applicable,0,0 No Xing Facility In 50m,1 Daylight,1 Fine,1 Road-Dry,0 None,0 None,529990,182270,-0.127636,51.524395,,,Unknown,"(51.524395, -0.127636)",http://opendatacommunities.org/id/london-borough-council/camden,5136,21/12/2020 02:48:36 PM
1180146723,CAMDEN,1 Driver/Rider,1 Male,25-59,42,1,3 Slight,-2 Unknown,-2 N/A,2 Pedal Cycle,KILBURN HIGH ROAD 200M S OF J/W BELSIZE ROAD,2,18/11/2018 07:30:00 PM,Sunday,19.30,3 Bor,A,5,6 Single Cwy,2 30 MPH,0 No Jun In 20m,-2 Not Applicable,-2 Not Applicable,0,9 Unknown (S/R),2 Dark,1 Fine,1 Road-Dry,9 Unknown (S/R),0 None,525500,183510,-0.19188,51.536554,,,Unknown,"(51.536554, -0.19188)",http://opendatacommunities.org/id/london-borough-council/camden,8536,21/12/2020 02:48:43 PM
0116CW10964,CAMDEN,2 Passenger,2 Female,16-24,17,1,3 Slight,-2 Unknown,-2 N/A,6 Bus Or Coach,FINCHLEY ROAD J/W BOUNDARY LANE,2,12/07/2016 06:30:00 PM,Tuesday,18.30,1 TLRN,A,41,6 Single Cwy,2 30 MPH,6 Crossroads,2 Auto Sig,C,0,5 Pedn Phase At Ats,1 Daylight,1 Fine,1 Road-Dry,0 None,0 None,526610,183870,-0.175755,51.539541,,,Unknown,"(51.539541, -0.175755)",http://opendatacommunities.org/id/london-borough-council/camden,5971,21/12/2020 02:48:38 PM
1180089122,CAMDEN,3 Pedestrian,1 Male,25-59,57,1,3 Slight,01 Crossing Road On Ped Xing,1 From Drivers N/Side,1 Pedestrian,EUSTON ROAD J/W DUKES ROAD,1,09/02/2018 07:15:00 PM,Friday,19.15,1 TLRN,A,501,6 Single Cwy,2 30 MPH,9 Other Jun,2 Auto Sig,Unclassified,0,5 Pedn Phase At Ats,2 Dark,1 Fine,2 Road-Wet,0 None,0 None,529850,182630,-0.12952,51.527663,,,Unknown,"(51.527663, -0.12952)",http://opendatacommunities.org/id/london-borough-council/camden,7734,21/12/2020 02:48:41 PM
0115EK40356,CAMDEN,1 Driver/Rider,1 Male,25-59,30,1,2 Serious,-2 Unknown,-2 N/A,3 Powered 2 Wheeler,DRUMMOND STREET 59M SW OF J/W HAMPSTEAD ROAD,2,07/05/2015 06:15:00 PM,Thursday,18.15,3 Bor,Unclassified,0,6 Single Cwy,2 30 MPH,0 No Jun In 20m,-2 Not Applicable,-2 Not Applicable,0,0 No Xing Facility In 50m,1 Daylight,1 Fine,1 Road-Dry,0 None,0 None,529160,182460,-0.139523,51.526293,,,Unknown,"(51.526293, -0.139523)",http://opendatacommunities.org/id/london-borough-council/camden,4865,21/12/2020 02:48:36 PM
1180120450,CAMDEN,3 Pedestrian,2 Female,0-15,13,1,3 Slight,01 Crossing Road On Ped Xing,1 From Drivers N/Side,1 Pedestrian,EVERSHOLT STREET J/W OAKLEIGH SQUARE,1,11/07/2018 06:40:00 PM,Wednesday,18.40,1 TLRN,A,4200,6 Single Cwy,1 <= 20 MPH,6 Crossroads,2 Auto Sig,A,400,4 Pelican Or Similar,1 Daylight,1 Fine,1 Road-Dry,0 None,0 None,529320,183210,-0.136943,51.532996,,,Unknown,"(51.532996, -0.136943)",http://opendatacommunities.org/id/london-borough-council/camden,8168,21/12/2020 02:48:42 PM
0115EK40416,CAMDEN,1 Driver/Rider,1 Male,60+,80,1,3 Slight,-2 Unknown,-2 N/A,4 Car,PRINCE OF WALES ROAD J/W HAVERSTOCK HILL,2,12/05/2015 05:15:00 PM,Tuesday,17.15,3 Bor,C,0,6 Single Cwy,2 30 MPH,3 T/Stag Jun,2 Auto Sig,A,502,5 Pedn Phase At Ats,1 Daylight,1 Fine,1 Road-Dry,0 None,0 None,527980,184590,-0.15575,51.545703,,,Unknown,"(51.545703, -0.15575)",http://opendatacommunities.org/id/london-borough-council/camden,4910,21/12/2020 02:48:36 PM
1160012646,CAMDEN,1 Driver/Rider,1 Male,25-59,30,1,3 Slight,-2 Unknown,-2 N/A,2 Pedal Cycle,"ON AVENUE ROAD, 109 METRES NORTH OF THE JUNCTION WITH ST EDMUND'S",2,09/09/2016 09:04:00 AM,Friday,9.04,3 Bor,B,525,6 Single Cwy,2 30 MPH,0 No Jun In 20m,-2 Not Applicable,-2 Not Applicable,0,0 No Xing Facility In 50m,1 Daylight,1 Fine,1 Road-Dry,0 None,0 None,527290,183540,-0.166075,51.536423,,,Unknown,"(51.536423, -0.166075)",http://opendatacommunities.org/id/london-borough-council/camden,5843,21/12/2020 02:48:38 PM
1160005426,CAMDEN,3 Pedestrian,1 Male,25-59,26,1,3 Slight,08 In Centre Of Carriageway,9 Unknown Or Other,1 Pedestrian,GORDON SQUARE J/W TAVISTOCK SQUARE,1,06/12/2016 05:00:00 PM,Tuesday,17.00,3 Bor,C,0,6 Single Cwy,1 <= 20 MPH,6 Crossroads,4 Give Way/Uncontrolled,C,0,4 Pelican Or Similar,2 Dark,1 Fine,2 Road-Wet,0 None,0 None,529880,182240,-0.129231,51.524151,,,Unknown,"(51.524151, -0.129231)",http://opendatacommunities.org/id/london-borough-council/camden,5741,21/12/2020 02:48:37 PM
1180142376,CAMDEN,1 Driver/Rider,1 Male,16-24,23,1,3 Slight,-2 Unknown,-2 N/A,4 Car,FITZJOHN'S AVENUE 106M S OF J/W LYNDHURST ROAD,2,31/10/2018 07:46:00 AM,Wednesday,7.46,3 Bor,B,511,6 Single Cwy,1 <= 20 MPH,0 No Jun In 20m,-2 Not Applicable,-2 Not Applicable,0,0 No Xing Facility In 50m,1 Daylight,1 Fine,1 Road-Dry,0 None,0 None,526570,185090,-0.175893,51.550515,,,Unknown,"(51.550515, -0.175893)",http://opendatacommunities.org/id/london-borough-council/camden,8481,21/12/2020 02:48:43 PM
1170032558,CAMDEN,3 Pedestrian,2 Female,0-15,3,1,3 Slight,04 Crossing Road Within 50m Xing,2 From Drivers N/Side Msk,1 Pedestrian,GOWER STREET 10M S OF J/W EUSTON ROAD,1,18/04/2017 08:00:00 AM,Tuesday,8.00,1 TLRN,A,501,2 One-Way St,1 <= 20 MPH,3 T/Stag Jun,2 Auto Sig,A,400,5 Pedn Phase At Ats,1 Daylight,1 Fine,1 Road-Dry,0 None,0 None,529275,182298,-0.137926,51.524811,,,Unknown,"(51.524811, -0.137926)",http://opendatacommunities.org/id/london-borough-council/camden,6891,21/12/2020 02:48:39 PM
1190204191,CAMDEN,1 DRIVER/RIDER,1 MALE,25-59,26,1,3 SLIGHT,'-2 NOT APPLICABLE,'-2 NOT APPLICABLE,2 PEDAL CYCLE,"On Hampstead Road, 50 metres north of the junction with Drummond Street.",2,09/09/2019 08:16:00 AM,Monday,8.16,1 TLRN,A,400,6 SINGLE CWY,20,00 NO JUN IN 20M,,0,0,1 ZEBRA,2 DAYLIGHT,1 FINE,1 ROAD-DRY,0 NONE,0 NONE,529226,182505,-0.138556,51.526682,,,Unknown,"(51.526682, -0.138556)",http://opendatacommunities.org/id/london-borough-council/camden,9349,21/12/2020 02:48:44 PM
1160024004,CAMDEN,1 Driver/Rider,1 Male,25-59,47,1,3 Slight,-2 Unknown,-2 N/A,2 Pedal Cycle,CLERKENWELL ROAD J/W HATTON GARDEN,2,31/10/2016 07:30:00 AM,Monday,7.30,3 Bor,A,5201,6 Single Cwy,1 <= 20 MPH,3 T/Stag Jun,4 Give Way/Uncontrolled,B,521,1 Zebra,2 Dark,1 Fine,1 Road-Dry,0 None,0 None,531260,182040,-0.109425,51.522035,,,Unknown,"(51.522035, -0.109425)",http://opendatacommunities.org/id/london-borough-council/camden,5878,21/12/2020 02:48:38 PM
1190222435,CAMDEN,2 PASSENGER,1 MALE,60+,75,1,3 SLIGHT,'-2 NOT APPLICABLE,'-2 NOT APPLICABLE,6 BUS OR COACH,"On Albany street, near the junction with Chester Close North.",1,03/12/2019 12:30:00 PM,Tuesday,12.30,3 BOR,A,4201,6 SINGLE CWY,20,09 OTHER JUN,4 GIVE WAY/UNCONTROLLED,6,0,1 ZEBRA,2 DAYLIGHT,1 FINE,1 ROAD-DRY,0 NONE,0 NONE,528813,182790,-0.144402,51.529338,,,Unknown,"(51.529338, -0.144402)",http://opendatacommunities.org/id/london-borough-council/camden,9577,21/12/2020 02:48:45 PM
1170049124,CAMDEN,1 Driver/Rider,1 Male,16-24,18,1,3 Slight,-2 Unknown,-2 N/A,3 Powered 2 Wheeler,PENTONVILLE ROAD 10M N OF J/W CALEDONIAN ROAD,2,18/07/2017 10:55:00 PM,Tuesday,22.55,1 TLRN,A,501,2 One-Way St,2 30 MPH,6 Crossroads,2 Auto Sig,A,5200,0 No Xing Facility In 50m,2 Dark,2 Raining,2 Road-Wet,0 None,0 None,530332,182981,-0.122446,51.530706,,,Unknown,"(51.530706, -0.122446)",http://opendatacommunities.org/id/london-borough-council/camden,7163,21/12/2020 02:48:40 PM