Reference,London Borough Name,Casualty Class,Casualty Sex,Casualty Age Band,Casualty Age,Number Of Casualties,Casualty Severity,Pedestrian Location,Pedestrian Movement,Mode Of Travel,Attendant Location,Number Of Vehicles,Date,Day,Time,Highway,Road Class 1,Road Number 1,Road Type,Speed Limit,Junction Detail,Junction Control,Road Class 2,Road Number 2,Pedestrian Crossing,Light Condition Band,Weather,Road Surface,Special Conditions,Carriage Way Hazard,Easting,Northing,Longitude,Latitude,Ward Code,Ward Name,Spatial Accuracy,Location,Organisation URI,Socrata ID,Last Uploaded
1190211780,CAMDEN,1 DRIVER/RIDER,1 MALE,U,,1,3 SLIGHT,'-2 NOT APPLICABLE,'-2 NOT APPLICABLE,2 PEDAL CYCLE,"On Avenue Road, near the junction with Regency Lodge.",2,14/10/2019 09:03:00 AM,Monday,9.03,1 TLRN,A,41,9 UNKNOWN,30,08 PRIV DRIVE,9 UNKNOWN (S/R),6,0,9 UNKNOWN (S/R),2 DAYLIGHT,2 RAINING,2 ROAD-WET,0 NONE,0 NONE,526731,184205,-0.173891,51.542525,,,Unknown,"(51.542525, -0.173891)",http://opendatacommunities.org/id/london-borough-council/camden,9437,21/12/2020 02:48:44 PM
1180128345,CAMDEN,2 Passenger,2 Female,Unknown,0,1,3 Slight,-2 Unknown,-2 N/A,6 Bus Or Coach,FINCHLEY ROAD 50M N OF J/W WEST END LANE,1,13/08/2018 11:25:00 AM,Monday,11.25,1 TLRN,A,41,9 Unknown,2 30 MPH,0 No Jun In 20m,-2 Not Applicable,-2 Not Applicable,0,9 Unknown (S/R),1 Daylight,9 Unknown,9 Unknown (S/R),9 Unknown (S/R),9 Unknown (S/R),525700,185310,-0.188356,51.552686,,,Unknown,"(51.552686, -0.188356)",http://opendatacommunities.org/id/london-borough-council/camden,8264,21/12/2020 02:48:42 PM
1190176596,CAMDEN,3 PEDESTRIAN,1 MALE,0-15,5,1,3 SLIGHT,08 IN CENTRE OF CARRIAGEWAY,4 FROM DRIVERS O/SIDE MSK,1 PEDESTRIAN,"On Fordwych Road, near the junction with RICHBOROUGH RD, NW2.",1,23/04/2019 04:54:00 PM,Tuesday,16.54,3 BOR,6,0,6 SINGLE CWY,20,09 OTHER JUN,4 GIVE WAY/UNCONTROLLED,6,0,0 NO XING FACILITY IN 50M,2 DAYLIGHT,1 FINE,1 ROAD-DRY,0 NONE,0 NONE,524107,185583,-0.211224,51.555492,,,Unknown,"(51.555492, -0.211224)",http://opendatacommunities.org/id/london-borough-council/camden,8941,21/12/2020 02:48:44 PM
0115EK40807,CAMDEN,2 Passenger,2 Female,16-24,18,1,3 Slight,-2 Unknown,-2 N/A,5 Taxi,CAMDEN STREET J/W ST MARTIN'S CLOSE.,2,07/09/2015 09:20:00 AM,Monday,9.20,1 TLRN,A,400,2 One-Way St,2 30 MPH,3 T/Stag Jun,4 Give Way/Uncontrolled,Unclassified,0,0 No Xing Facility In 50m,1 Daylight,1 Fine,1 Road-Dry,0 None,0 None,529200,183840,-0.138441,51.538686,,,Unknown,"(51.538686, -0.138441)",http://opendatacommunities.org/id/london-borough-council/camden,5266,21/12/2020 02:48:37 PM
1190199987,CAMDEN,1 DRIVER/RIDER,1 MALE,16-24,23,1,2 SERIOUS,'-2 NOT APPLICABLE,'-2 NOT APPLICABLE,2 PEDAL CYCLE,"On Chalk Farm Road, 25 metres south of the junction with Ferdinand Street.",2,17/08/2019 12:18:00 AM,Saturday,0.18,3 BOR,A,502,6 SINGLE CWY,20,00 NO JUN IN 20M,,0,0,4 PELICAN OR SIMILAR,1 DARK,1 FINE,2 ROAD-WET,0 NONE,0 NONE,528469,184288,-0.148812,51.542878,,,Unknown,"(51.542878, -0.148812)",http://opendatacommunities.org/id/london-borough-council/camden,9280,21/12/2020 02:48:44 PM
1160003360,CAMDEN,3 Pedestrian,1 Male,25-59,52,1,3 Slight,05 Crossing Road (Not On Xing),1 From Drivers N/Side,1 Pedestrian,ST PANCRAS WAY J/W ROYAL COLLEGE STREET,1,25/11/2016 08:35:00 AM,Friday,8.35,3 Bor,A,5202,6 Single Cwy,1 <= 20 MPH,3 T/Stag Jun,2 Auto Sig,A,5202,1 Zebra,1 Daylight,1 Fine,1 Road-Dry,0 None,0 None,529070,184410,-0.140106,51.543838,,,Unknown,"(51.543838, -0.140106)",http://opendatacommunities.org/id/london-borough-council/camden,5699,21/12/2020 02:48:37 PM
1170026024,CAMDEN,1 Driver/Rider,1 Male,25-59,34,1,3 Slight,-2 Unknown,-2 N/A,3 Powered 2 Wheeler,EUSTON ROAD J/W MELTON STREET,2,17/03/2017 08:44:00 AM,Friday,8.44,1 TLRN,A,501,3 Dual Cwy,2 30 MPH,6 Crossroads,2 Auto Sig,C,0,5 Pedn Phase At Ats,1 Daylight,1 Fine,1 Road-Dry,0 None,0 None,529560,182470,-0.133757,51.526291,,,Unknown,"(51.526291, -0.133757)",http://opendatacommunities.org/id/london-borough-council/camden,6790,21/12/2020 02:48:39 PM
0115EK40256,CAMDEN,2 Passenger,1 Male,25-59,41,1,3 Slight,-2 Unknown,-2 N/A,6 Bus Or Coach,ADELAIDE ROAD J/W AVENUE ROAD,1,07/04/2015 07:00:00 PM,Tuesday,19.00,1 TLRN,A,41,6 Single Cwy,2 30 MPH,6 Crossroads,2 Auto Sig,B,525,5 Pedn Phase At Ats,1 Daylight,1 Fine,1 Road-Dry,0 None,0 None,526750,184120,-0.173648,51.541757,,,Unknown,"(51.541757, -0.173648)",http://opendatacommunities.org/id/london-borough-council/camden,4787,21/12/2020 02:48:36 PM
1190214641,CAMDEN,1 DRIVER/RIDER,1 MALE,16-24,21,1,3 SLIGHT,'-2 NOT APPLICABLE,'-2 NOT APPLICABLE,2 PEDAL CYCLE,"On Leighton Road, near the junction with Bartholomew Road.",2,28/10/2019 12:35:00 PM,Monday,12.35,3 BOR,5,0,6 SINGLE CWY,30,03 T/STAG JUN,4 GIVE WAY/UNCONTROLLED,6,0,1 ZEBRA,2 DAYLIGHT,1 FINE,1 ROAD-DRY,0 NONE,0 NONE,529421,185189,-0.13476,51.550758,,,Unknown,"(51.550758, -0.13476)",http://opendatacommunities.org/id/london-borough-council/camden,9475,21/12/2020 02:48:44 PM
0115EK40329,CAMDEN,1 Driver/Rider,2 Female,60+,73,1,3 Slight,-2 Unknown,-2 N/A,2 Pedal Cycle,SOUTH END ROAD J/W POND STREET,2,28/04/2015 01:22:00 PM,Tuesday,13.22,3 Bor,C,0,6 Single Cwy,2 30 MPH,6 Crossroads,2 Auto Sig,B,518,5 Pedn Phase At Ats,1 Daylight,1 Fine,1 Road-Dry,0 None,0 None,527310,185510,-0.165074,51.554123,,,Unknown,"(51.554123, -0.165074)",http://opendatacommunities.org/id/london-borough-council/camden,4844,21/12/2020 02:48:36 PM
1160005130,CAMDEN,1 Driver/Rider,2 Female,25-59,44,1,3 Slight,-2 Unknown,-2 N/A,4 Car,KENTISH TOWN ROAD J/W ROYAL COLLEGE STREET,2,05/12/2016 10:10:00 AM,Monday,10.10,3 Bor,A,400,6 Single Cwy,1 <= 20 MPH,3 T/Stag Jun,2 Auto Sig,A,5202,5 Pedn Phase At Ats,1 Daylight,1 Fine,1 Road-Dry,0 None,0 None,528970,184530,-0.141503,51.544939,,,Unknown,"(51.544939, -0.141503)",http://opendatacommunities.org/id/london-borough-council/camden,5738,21/12/2020 02:48:37 PM
1190217226,CAMDEN,1 DRIVER/RIDER,1 MALE,25-59,52,1,3 SLIGHT,'-2 NOT APPLICABLE,'-2 NOT APPLICABLE,5 TAXI,"On Highgate High Street, near the junction with Bisham Gardens.",2,08/11/2019 07:50:00 PM,Friday,19.50,3 BOR,B,519,6 SINGLE CWY,20,03 T/STAG JUN,4 GIVE WAY/UNCONTROLLED,6,0,9 UNKNOWN (S/R),1 DARK,2 RAINING,2 ROAD-WET,0 NONE,0 NONE,528546,187368,-0.146577,51.57054,,,Unknown,"(51.57054, -0.146577)",http://opendatacommunities.org/id/london-borough-council/camden,9504,21/12/2020 02:48:44 PM
1190180506,CAMDEN,1 DRIVER/RIDER,1 MALE,25-59,56,2,3 SLIGHT,'-2 NOT APPLICABLE,'-2 NOT APPLICABLE,9 PRIVATE HIRE,"On Hampstead Road, near the junction with Robert street.",2,13/05/2019 07:50:00 AM,Monday,7.50,1 TLRN,A,400,6 SINGLE CWY,30,03 T/STAG JUN,4 GIVE WAY/UNCONTROLLED,6,0,4 PELICAN OR SIMILAR,2 DAYLIGHT,1 FINE,1 ROAD-DRY,0 NONE,0 NONE,529216,182696,-0.13863,51.528401,,,Unknown,"(51.528401, -0.13863)",http://opendatacommunities.org/id/london-borough-council/camden,8996,21/12/2020 02:48:44 PM
0115EK41164,CAMDEN,3 Pedestrian,1 Male,60+,76,1,3 Slight,01 Crossing Road On Ped Xing,1 From Drivers N/Side,1 Pedestrian,BLOOMSBURY STREET J/W NEW OXFORD STREET,1,27/12/2015 04:42:00 PM,Sunday,16.42,3 Bor,A,400,6 Single Cwy,2 30 MPH,6 Crossroads,2 Auto Sig,A,40,5 Pedn Phase At Ats,2 Dark,1 Fine,1 Road-Dry,0 None,0 None,530060,181430,-0.126937,51.51683,,,Unknown,"(51.51683, -0.126937)",http://opendatacommunities.org/id/london-borough-council/camden,5564,21/12/2020 02:48:37 PM
1190185113,CAMDEN,1 DRIVER/RIDER,2 FEMALE,25-59,28,1,3 SLIGHT,'-2 NOT APPLICABLE,'-2 NOT APPLICABLE,2 PEDAL CYCLE,"On Prince of Wales Road, 30 metres east of the junction with Hamood Street.",2,03/06/2019 06:15:00 PM,Monday,18.15,3 BOR,5,0,6 SINGLE CWY,30,00 NO JUN IN 20M,,0,0,1 ZEBRA,2 DAYLIGHT,1 FINE,1 ROAD-DRY,0 NONE,0 NONE,528561,184656,-0.147352,51.546165,,,Unknown,"(51.546165, -0.147352)",http://opendatacommunities.org/id/london-borough-council/camden,9062,21/12/2020 02:48:44 PM
1180103202,CAMDEN,3 Pedestrian,2 Female,25-59,26,1,3 Slight,01 Crossing Road On Ped Xing,1 From Drivers N/Side,1 Pedestrian,GLOUCESTER GATE 50M E OF J/W OUTER CIRCLE,3,22/04/2018 04:30:00 PM,Sunday,16.30,3 Bor,Unclassified,0,6 Single Cwy,1 <= 20 MPH,0 No Jun In 20m,-2 Not Applicable,-2 Not Applicable,0,1 Zebra,1 Daylight,1 Fine,1 Road-Dry,0 None,0 None,528600,183370,-0.147259,51.534599,,,Unknown,"(51.534599, -0.147259)",http://opendatacommunities.org/id/london-borough-council/camden,7917,21/12/2020 02:48:41 PM
0115EK40701,CAMDEN,1 Driver/Rider,1 Male,25-59,27,1,3 Slight,-2 Unknown,-2 N/A,2 Pedal Cycle,KINGSWAY J/W REMNANT STREET,2,11/08/2015 08:38:00 PM,Tuesday,20.38,3 Bor,A,4200,3 Dual Cwy,2 30 MPH,6 Crossroads,2 Auto Sig,A,4200,5 Pedn Phase At Ats,2 Dark,1 Fine,2 Road-Wet,0 None,0 None,530570,181390,-0.119606,51.516353,,,Unknown,"(51.516353, -0.119606)",http://opendatacommunities.org/id/london-borough-council/camden,5177,21/12/2020 02:48:36 PM
0116EK40267,CAMDEN,3 Pedestrian,1 Male,25-59,44,1,3 Slight,04 Crossing Road Within 50m Xing,3 From Drivers O/Side,1 Pedestrian,WEST END LANE 52M S OF SUMATRA ROAD,1,22/04/2016 09:30:00 PM,Friday,21.30,3 Bor,B,510,6 Single Cwy,2 30 MPH,0 No Jun In 20m,-2 Not Applicable,-2 Not Applicable,0,4 Pelican Or Similar,2 Dark,2 Raining,2 Road-Wet,0 None,0 None,525520,184850,-0.191114,51.548592,,,Unknown,"(51.548592, -0.191114)",http://opendatacommunities.org/id/london-borough-council/camden,6206,21/12/2020 02:48:38 PM
0116EK40325,CAMDEN,3 Pedestrian,1 Male,25-59,41,1,3 Slight,01 Crossing Road On Ped Xing,9 Unknown Or Other,1 Pedestrian,NFL - FORTRESS RD 49M SOUTH WEST OF J/W BELLINA MEWS,1,07/05/2016 09:00:00 PM,Saturday,21.00,3 Bor,A,400,6 Single Cwy,2 30 MPH,0 No Jun In 20m,-2 Not Applicable,-2 Not Applicable,0,1 Zebra,2 Dark,1 Fine,1 Road-Dry,0 None,6 Ped In Cwy (Not Inj),529010,185540,-0.140556,51.554007,,,Unknown,"(51.554007, -0.140556)",http://opendatacommunities.org/id/london-borough-council/camden,6256,21/12/2020 02:48:38 PM
1160006191,CAMDEN,1 Driver/Rider,1 Male,25-59,26,1,3 Slight,-2 Unknown,-2 N/A,3 Powered 2 Wheeler,GRAFTON WAY J/W TOTTENHAM COURT ROAD,2,10/12/2016 12:20:00 PM,Saturday,12.20,3 Bor,Unclassified,0,2 One-Way St,1 <= 20 MPH,6 Crossroads,2 Auto Sig,Unclassified,0,5 Pedn Phase At Ats,1 Daylight,2 Raining,2 Road-Wet,0 None,0 None,529150,182180,-0.13977,51.523779,,,Unknown,"(51.523779, -0.13977)",http://opendatacommunities.org/id/london-borough-council/camden,5756,21/12/2020 02:48:37 PM
0116EK40144,CAMDEN,3 Pedestrian,1 Male,25-59,56,1,3 Slight,10 Unknown,1 From Drivers N/Side,1 Pedestrian,PENTONVILLE RD J/W KING'S CROSS RD,1,12/03/2016 02:20:00 AM,Saturday,2.20,1 TLRN,A,501,6 Single Cwy,2 30 MPH,9 Other Jun,2 Auto Sig,A,501,5 Pedn Phase At Ats,2 Dark,1 Fine,2 Road-Wet,0 None,0 None,530540,183010,-0.119438,51.530919,,,Unknown,"(51.530919, -0.119438)",http://opendatacommunities.org/id/london-borough-council/camden,6100,21/12/2020 02:48:38 PM
0116EK40537,CAMDEN,1 Driver/Rider,1 Male,60+,70,1,3 Slight,-2 Unknown,-2 N/A,4 Car,HIGHGATE ROAD J/W LADY SOMERSET ROAD,2,26/07/2016 07:45:00 PM,Tuesday,19.45,3 Bor,B,518,6 Single Cwy,2 30 MPH,3 T/Stag Jun,4 Give Way/Uncontrolled,Unclassified,0,0 No Xing Facility In 50m,1 Daylight,1 Fine,1 Road-Dry,0 None,0 None,528740,185550,-0.144445,51.554158,,,Unknown,"(51.554158, -0.144445)",http://opendatacommunities.org/id/london-borough-council/camden,6434,21/12/2020 02:48:38 PM
1160012480,CAMDEN,3 Pedestrian,2 Female,25-59,41,1,3 Slight,05 Crossing Road (Not On Xing),1 From Drivers N/Side,1 Pedestrian,"ON DOWNSHIRE HILL, NEAR THE JUNCTION WITH KEATS GROVE .",1,23/09/2016 01:00:00 PM,Friday,13.00,3 Bor,Unclassified,0,6 Single Cwy,2 30 MPH,3 T/Stag Jun,4 Give Way/Uncontrolled,Unclassified,0,0 No Xing Facility In 50m,1 Daylight,9 Unknown,1 Road-Dry,0 None,0 None,526940,185660,-0.170354,51.555554,,,Unknown,"(51.555554, -0.170354)",http://opendatacommunities.org/id/london-borough-council/camden,5838,21/12/2020 02:48:38 PM
1190180332,CAMDEN,1 DRIVER/RIDER,1 MALE,25-59,35,2,3 SLIGHT,'-2 NOT APPLICABLE,'-2 NOT APPLICABLE,4 CAR,Location uncertain York Way,2,12/05/2019 01:05:00 AM,Sunday,1.05,3 BOR,A,5200,6 SINGLE CWY,30,03 T/STAG JUN,2 AUTO SIG,6,0,5 PEDN PHASE AT ATS,1 DARK,1 FINE,1 ROAD-DRY,0 NONE,0 NONE,530255,183855,-0.123232,51.538578,,,Unknown,"(51.538578, -0.123232)",http://opendatacommunities.org/id/london-borough-council/camden,8992,21/12/2020 02:48:44 PM
1190229544,CAMDEN,3 PEDESTRIAN,2 FEMALE,0-15,10,2,3 SLIGHT,04 CROSSING ROAD WITHIN 50M XING,'-2 NOT APPLICABLE,1 PEDESTRIAN,"On Chalk Farm Road, near the junction with Ferdinand Street .",1,29/10/2019 04:30:00 PM,Tuesday,16.30,3 BOR,A,502,6 SINGLE CWY,20,03 T/STAG JUN,2 AUTO SIG,B,517,1 ZEBRA,2 DAYLIGHT,1 FINE,1 ROAD-DRY,0 NONE,0 NONE,528466,184289,-0.148855,51.542888,,,Unknown,"(51.542888, -0.148855)",http://opendatacommunities.org/id/london-borough-council/camden,9663,21/12/2020 02:48:45 PM
0116EK40551,CAMDEN,1 Driver/Rider,1 Male,25-59,37,1,3 Slight,-2 Unknown,-2 N/A,3 Powered 2 Wheeler,ADELAIDE ROAD J/W ETON ROAD,2,29/07/2016 02:15:00 PM,Friday,14.15,3 Bor,B,509,6 Single Cwy,2 30 MPH,3 T/Stag Jun,4 Give Way/Uncontrolled,Unclassified,0,0 No Xing Facility In 50m,1 Daylight,9 Unknown,1 Road-Dry,0 None,0 None,527720,184370,-0.159577,51.543785,,,Unknown,"(51.543785, -0.159577)",http://opendatacommunities.org/id/london-borough-council/camden,6445,21/12/2020 02:48:38 PM
0115EK40091,CAMDEN,3 Pedestrian,1 Male,25-59,28,1,3 Slight,01 Crossing Road On Ped Xing,9 Unknown Or Other,1 Pedestrian,EUSTON ROAD J/W JUDD STREET,1,05/02/2015 08:51:00 AM,Thursday,8.51,1 TLRN,A,501,6 Single Cwy,2 30 MPH,6 Crossroads,2 Auto Sig,B,504,5 Pedn Phase At Ats,1 Daylight,1 Fine,2 Road-Wet,0 None,0 None,530080,182790,-0.126147,51.529048,,,Unknown,"(51.529048, -0.126147)",http://opendatacommunities.org/id/london-borough-council/camden,4652,21/12/2020 02:48:35 PM
0116EK40134,CAMDEN,3 Pedestrian,1 Male,16-24,21,1,3 Slight,01 Crossing Road On Ped Xing,3 From Drivers O/Side,1 Pedestrian,PARSIFAL RD J/W FINCHLEY RD,1,09/03/2016 05:59:00 PM,Wednesday,17.59,1 TLRN,Unclassified,0,6 Single Cwy,2 30 MPH,3 T/Stag Jun,4 Give Way/Uncontrolled,A,41,4 Pelican Or Similar,2 Dark,9 Unknown,2 Road-Wet,0 None,0 None,525390,185550,-0.192739,51.554912,,,Unknown,"(51.554912, -0.192739)",http://opendatacommunities.org/id/london-borough-council/camden,6092,21/12/2020 02:48:38 PM
0115EK40190,CAMDEN,3 Pedestrian,1 Male,0-15,14,1,2 Serious,05 Crossing Road (Not On Xing),1 From Drivers N/Side,1 Pedestrian,EVERSHOLT STREET J/W CRANLEIGH STREET,1,06/03/2015 04:00:00 PM,Friday,16.00,3 Bor,A,4200,6 Single Cwy,2 30 MPH,3 T/Stag Jun,4 Give Way/Uncontrolled,Unclassified,0,0 No Xing Facility In 50m,1 Daylight,1 Fine,1 Road-Dry,0 None,0 None,529360,183150,-0.136389,51.532448,,,Unknown,"(51.532448, -0.136389)",http://opendatacommunities.org/id/london-borough-council/camden,4731,21/12/2020 02:48:36 PM
1170049311,CAMDEN,3 Pedestrian,1 Male,16-24,23,1,2 Serious,04 Crossing Road Within 50m Xing,2 From Drivers N/Side Msk,1 Pedestrian,FORTUNE GREEN ROAD 20M S OF J/W INGHAM ROAD,1,19/07/2017 12:00:00 PM,Wednesday,12.00,3 Bor,B,510,3 Dual Cwy,1 <= 20 MPH,3 T/Stag Jun,4 Give Way/Uncontrolled,Unclassified,0,1 Zebra,1 Daylight,1 Fine,1 Road-Dry,0 None,0 None,525110,185560,-0.196772,51.555064,,,Unknown,"(51.555064, -0.196772)",http://opendatacommunities.org/id/london-borough-council/camden,7164,21/12/2020 02:48:40 PM
0115EK40491,CAMDEN,2 Passenger,2 Female,25-59,38,1,3 Slight,-2 Unknown,-2 N/A,6 Bus Or Coach,EUSTON ROAD J/W DUKE'S ROAD,2,15/06/2015 10:01:00 AM,Monday,10.01,1 TLRN,A,501,3 Dual Cwy,3 40 MPH,6 Crossroads,2 Auto Sig,Unclassified,0,5 Pedn Phase At Ats,1 Daylight,1 Fine,1 Road-Dry,0 None,0 None,529840,182640,-0.12966,51.527755,,,Unknown,"(51.527755, -0.12966)",http://opendatacommunities.org/id/london-borough-council/camden,4979,21/12/2020 02:48:36 PM
0115EK40017,CAMDEN,1 Driver/Rider,1 Male,25-59,33,1,3 Slight,-2 Unknown,-2 N/A,3 Powered 2 Wheeler,FARRINGDON ROAD J/W CHARTERHOUSE STREET,1,15/01/2015 08:30:00 AM,Thursday,8.30,1 TLRN,A,201,6 Single Cwy,2 30 MPH,6 Crossroads,2 Auto Sig,B,500,5 Pedn Phase At Ats,1 Daylight,1 Fine,1 Road-Dry,0 None,0 None,531550,181660,-0.10539,51.518552,,,Unknown,"(51.518552, -0.10539)",http://opendatacommunities.org/id/london-borough-council/camden,4597,21/12/2020 02:48:35 PM
0115EK40240,CAMDEN,1 Driver/Rider,2 Female,16-24,21,1,3 Slight,-2 Unknown,-2 N/A,4 Car,AVENUE ROAD J/W ACACIA ROAD,2,25/03/2015 01:00:00 PM,Wednesday,13.00,3 Bor,B,525,6 Single Cwy,2 30 MPH,3 T/Stag Jun,4 Give Way/Uncontrolled,C,0,1 Zebra,1 Daylight,1 Fine,1 Road-Dry,0 None,0 None,527130,183710,-0.168319,51.537987,,,Unknown,"(51.537987, -0.168319)",http://opendatacommunities.org/id/london-borough-council/camden,4770,21/12/2020 02:48:36 PM
1190182841,CAMDEN,1 DRIVER/RIDER,1 MALE,25-59,43,1,3 SLIGHT,'-2 NOT APPLICABLE,'-2 NOT APPLICABLE,3 POWERED 2 WHEELER,"On Highgate Road, near the junction with GORDON HOUSE ROAD.",2,23/05/2019 04:32:00 PM,Thursday,16.32,3 BOR,B,518,6 SINGLE CWY,20,06 CROSSROADS,2 AUTO SIG,5,0,4 PELICAN OR SIMILAR,2 DAYLIGHT,1 FINE,1 ROAD-DRY,0 NONE,0 NONE,528586,185819,-0.146567,51.556611,,,Unknown,"(51.556611, -0.146567)",http://opendatacommunities.org/id/london-borough-council/camden,9036,21/12/2020 02:48:44 PM
0116EK40013,CAMDEN,1 Driver/Rider,2 Female,25-59,29,1,3 Slight,-2 Unknown,-2 N/A,4 Car,FINCHLEY ROAD J/W HILGROVE ROAD,2,23/01/2016 01:10:00 PM,Saturday,13.10,1 TLRN,A,41,3 Dual Cwy,2 30 MPH,6 Crossroads,2 Auto Sig,B,509,5 Pedn Phase At Ats,1 Daylight,1 Fine,1 Road-Dry,0 None,0 None,526630,184100,-0.175384,51.541604,,,Unknown,"(51.541604, -0.175384)",http://opendatacommunities.org/id/london-borough-council/camden,5989,21/12/2020 02:48:38 PM
1170043169,CAMDEN,1 Driver/Rider,1 Male,60+,72,1,3 Slight,-2 Unknown,-2 N/A,4 Car,FINCHLEY ROAD J/W LANGLAND GARDENS,2,15/06/2017 04:44:00 PM,Thursday,16.44,1 TLRN,A,41,3 Dual Cwy,2 30 MPH,3 T/Stag Jun,4 Give Way/Uncontrolled,Unclassified,0,0 No Xing Facility In 50m,1 Daylight,1 Fine,1 Road-Dry,0 None,0 None,525920,185210,-0.18522,51.551738,,,Unknown,"(51.551738, -0.18522)",http://opendatacommunities.org/id/london-borough-council/camden,7046,21/12/2020 02:48:39 PM
1190215590,CAMDEN,3 PEDESTRIAN,1 MALE,25-59,46,1,2 SERIOUS,05 CROSSING ROAD (NOT ON XING),'-2 NOT APPLICABLE,1 PEDESTRIAN,"On KILBURN HIGH ROAD, near the junction with PRIORY PARK ROAD.",1,13/09/2019 07:21:00 AM,Friday,7.21,3 BOR,A,5,6 SINGLE CWY,30,03 T/STAG JUN,4 GIVE WAY/UNCONTROLLED,6,0,5 PEDN PHASE AT ATS,2 DAYLIGHT,1 FINE,1 ROAD-DRY,0 NONE,0 NONE,525184,183946,-0.196279,51.540542,,,Unknown,"(51.540542, -0.196279)",http://opendatacommunities.org/id/london-borough-council/camden,9487,21/12/2020 02:48:44 PM
1190219695,CAMDEN,1 DRIVER/RIDER,1 MALE,25-59,32,1,3 SLIGHT,'-2 NOT APPLICABLE,'-2 NOT APPLICABLE,2 PEDAL CYCLE,"On Shaftesbury Avenue, near the junction with Monmouth Street.",2,20/11/2019 06:45:00 PM,Wednesday,18.45,3 BOR,A,401,6 SINGLE CWY,20,03 T/STAG JUN,4 GIVE WAY/UNCONTROLLED,B,404,1 ZEBRA,2 DAYLIGHT,1 FINE,1 ROAD-DRY,4 ROADWORKS,9 UNKNOWN (S/R),530066,181241,-0.12692,51.51513,,,Unknown,"(51.51513, -0.12692)",http://opendatacommunities.org/id/london-borough-council/camden,9534,21/12/2020 02:48:44 PM
1190166381,CAMDEN,3 PEDESTRIAN,1 MALE,60+,89,1,2 SERIOUS,01 CROSSING ROAD ON PED XING,1 FROM DRIVERS N/SIDE,1 PEDESTRIAN,"ON TAVISTOCK SQUARE, NEAR THE JUNCTION WITH TAVISTOCK PLACE .",1,01/03/2019 08:10:00 PM,Friday,20.10,3 BOR,A,4200,2 ONE-WAY ST,20,06 CROSSROADS,2 AUTO SIG,5,0,5 PEDN PHASE AT ATS,1 DARK,1 FINE,1 ROAD-DRY,0 NONE,0 NONE,529965,182305,-0.127983,51.524715,,,Unknown,"(51.524715, -0.127983)",http://opendatacommunities.org/id/london-borough-council/camden,8811,21/12/2020 02:48:43 PM
1180146203,CAMDEN,1 Driver/Rider,2 Female,Unknown,0,1,3 Slight,-2 Unknown,-2 N/A,2 Pedal Cycle,EVERSHOLT STREET J/W WELLESLEY PLACE,2,17/11/2018 06:50:00 AM,Saturday,6.50,3 Bor,A,4200,3 Dual Cwy,1 <= 20 MPH,3 T/Stag Jun,2 Auto Sig,Unclassified,0,5 Pedn Phase At Ats,2 Dark,1 Fine,1 Road-Dry,0 None,0 None,529700,182670,-0.131666,51.528056,,,Unknown,"(51.528056, -0.131666)",http://opendatacommunities.org/id/london-borough-council/camden,8524,21/12/2020 02:48:43 PM
1190158932,CAMDEN,1 DRIVER/RIDER,2 FEMALE,25-59,32,1,3 SLIGHT,'-2 NOT APPLICABLE,'-2 NOT APPLICABLE,2 PEDAL CYCLE,"On Longord Street, near the junction with Albany street.",2,22/01/2019 06:20:00 PM,Tuesday,18.20,3 BOR,6,0,6 SINGLE CWY,30,03 T/STAG JUN,9 UNKNOWN (S/R),A,4201,9 UNKNOWN (S/R),1 DARK,3 SNOWING,2 ROAD-WET,0 NONE,0 NONE,528842,182382,-0.144133,51.525664,,,Unknown,"(51.525664, -0.144133)",http://opendatacommunities.org/id/london-borough-council/camden,8715,21/12/2020 02:48:43 PM
1180110370,CAMDEN,3 Pedestrian,1 Male,25-59,33,1,2 Serious,06 On Footpath - Verge,9 Unknown Or Other,1 Pedestrian,THEOBALDS ROAD J/W SOUTHAMPTON ROW,1,25/05/2018 01:40:00 PM,Friday,13.40,3 Bor,A,401,6 Single Cwy,1 <= 20 MPH,6 Crossroads,2 Auto Sig,A,4200,1 Zebra,1 Daylight,1 Fine,1 Road-Dry,4 Roadworks,0 None,530480,181700,-0.120788,51.51916,,,Unknown,"(51.51916, -0.120788)",http://opendatacommunities.org/id/london-borough-council/camden,8024,21/12/2020 02:48:42 PM
1180101134,CAMDEN,3 Pedestrian,1 Male,60+,72,1,3 Slight,05 Crossing Road (Not On Xing),1 From Drivers N/Side,1 Pedestrian,CHURCHWAY J/W EUSTON ROAD,1,11/04/2018 12:40:00 PM,Wednesday,12.40,1 TLRN,Unclassified,0,6 Single Cwy,1 <= 20 MPH,6 Crossroads,2 Auto Sig,A,501,5 Pedn Phase At Ats,1 Daylight,1 Fine,1 Road-Dry,0 None,0 None,529830,182650,-0.129801,51.527847,,,Unknown,"(51.527847, -0.129801)",http://opendatacommunities.org/id/london-borough-council/camden,7884,21/12/2020 02:48:41 PM
1170017558,CAMDEN,3 Pedestrian,2 Female,25-59,56,1,1 Fatal,01 Crossing Road On Ped Xing,1 From Drivers N/Side,1 Pedestrian,HAMPSTEAD ROAD 170M N CARDINGTON STREET,1,10/02/2017 11:50:00 AM,Friday,11.50,1 TLRN,A,400,3 Dual Cwy,2 30 MPH,0 No Jun In 20m,-2 Not Applicable,-2 Not Applicable,0,4 Pelican Or Similar,1 Daylight,2 Raining,2 Road-Wet,0 None,0 None,529210,182940,-0.138627,51.530595,,,Unknown,"(51.530595, -0.138627)",http://opendatacommunities.org/id/london-borough-council/camden,6663,21/12/2020 02:48:39 PM