Reference,London Borough Name,Casualty Class,Casualty Sex,Casualty Age Band,Casualty Age,Number Of Casualties,Casualty Severity,Pedestrian Location,Pedestrian Movement,Mode Of Travel,Attendant Location,Number Of Vehicles,Date,Day,Time,Highway,Road Class 1,Road Number 1,Road Type,Speed Limit,Junction Detail,Junction Control,Road Class 2,Road Number 2,Pedestrian Crossing,Light Condition Band,Weather,Road Surface,Special Conditions,Carriage Way Hazard,Easting,Northing,Longitude,Latitude,Ward Code,Ward Name,Spatial Accuracy,Location,Organisation URI,Socrata ID,Last Uploaded
1180118237,CAMDEN,1 Driver/Rider,1 Male,25-59,44,1,3 Slight,-2 Unknown,-2 N/A,2 Pedal Cycle,KENTISH TOWN ROAD J/W HOLMES ROAD,2,02/07/2018 01:38:00 PM,Monday,13.38,3 Bor,A,400,6 Single Cwy,1 <= 20 MPH,3 T/Stag Jun,4 Give Way/Uncontrolled,Unclassified,0,9 Unknown (S/R),1 Daylight,1 Fine,1 Road-Dry,0 None,0 None,528960,185010,-0.141471,51.549255,,,Unknown,"(51.549255, -0.141471)",http://opendatacommunities.org/id/london-borough-council/camden,8141,21/12/2020 02:48:42 PM
0115EK40763,CAMDEN,2 Passenger,1 Male,25-59,34,1,3 Slight,-2 Unknown,-2 N/A,5 Taxi,"EUSTON ROAD, 200 METRES NE OF EUSTON ROAD SLIP ROAD.",4,01/09/2015 04:26:00 PM,Tuesday,16.26,1 TLRN,A,501,3 Dual Cwy,4 50 MPH,0 No Jun In 20m,-2 Not Applicable,-2 Not Applicable,0,0 No Xing Facility In 50m,1 Daylight,1 Fine,1 Road-Dry,0 None,0 None,529260,182330,-0.13813,51.525102,,,Unknown,"(51.525102, -0.13813)",http://opendatacommunities.org/id/london-borough-council/camden,5232,21/12/2020 02:48:37 PM
1180120848,CAMDEN,3 Pedestrian,2 Female,25-59,38,1,3 Slight,01 Crossing Road On Ped Xing,1 From Drivers N/Side,1 Pedestrian,KENTISH TOWN ROAD J/W HAWLEY ROAD,1,13/07/2018 08:16:00 PM,Friday,20.16,3 Bor,A,400,6 Single Cwy,1 <= 20 MPH,6 Crossroads,2 Auto Sig,C,0,4 Pelican Or Similar,2 Dark,2 Raining,2 Road-Wet,0 None,1 Vehicle Load In Cwy,528950,184270,-0.141886,51.542607,,,Unknown,"(51.542607, -0.141886)",http://opendatacommunities.org/id/london-borough-council/camden,8177,21/12/2020 02:48:42 PM
1180126951,CAMDEN,1 Driver/Rider,1 Male,25-59,35,1,3 Slight,-2 Unknown,-2 N/A,3 Powered 2 Wheeler,SPRINGFIELD LANE J/W SPRINGFIELD WALK,2,12/08/2018 09:15:00 PM,Sunday,21.15,3 Bor,Unclassified,0,6 Single Cwy,1 <= 20 MPH,99 Unknown (S/R),9 Unknown (S/R),Unclassified,0,0 No Xing Facility In 50m,1 Daylight,8 Other,1 Road-Dry,0 None,0 None,525550,183560,-0.191142,51.536992,,,Unknown,"(51.536992, -0.191142)",http://opendatacommunities.org/id/london-borough-council/camden,8246,21/12/2020 02:48:42 PM
0115EK40305,CAMDEN,1 Driver/Rider,2 Female,25-59,33,1,3 Slight,-2 Unknown,-2 N/A,4 Car,GOODGE STREET J/W WHITEFIELD STREET,5,19/04/2015 11:49:00 AM,Sunday,11.49,3 Bor,B,506,6 Single Cwy,2 30 MPH,6 Crossroads,2 Auto Sig,Unclassified,0,5 Pedn Phase At Ats,1 Daylight,1 Fine,1 Road-Dry,0 None,0 None,529530,181760,-0.13445,51.519917,,,Unknown,"(51.519917, -0.13445)",http://opendatacommunities.org/id/london-borough-council/camden,4825,21/12/2020 02:48:36 PM
0115EK41022,CAMDEN,1 Driver/Rider,2 Female,25-59,26,1,3 Slight,-2 Unknown,-2 N/A,2 Pedal Cycle,CAMDEN HIGH STREET J/W GREENLAND ROAD.,2,06/11/2015 08:55:00 AM,Friday,8.55,1 TLRN,A,400,6 Single Cwy,2 30 MPH,7 Multi Jun,2 Auto Sig,A,502,5 Pedn Phase At Ats,1 Daylight,1 Fine,1 Road-Dry,0 None,0 None,528920,183870,-0.142465,51.539019,,,Unknown,"(51.539019, -0.142465)",http://opendatacommunities.org/id/london-borough-council/camden,5442,21/12/2020 02:48:37 PM
1180115363,CAMDEN,1 Driver/Rider,2 Female,16-24,23,1,3 Slight,-2 Unknown,-2 N/A,2 Pedal Cycle,BAYHAM STREET J/W PLENDER STREET,2,19/06/2018 06:30:00 PM,Tuesday,18.30,3 Bor,C,0,2 One-Way St,1 <= 20 MPH,6 Crossroads,4 Give Way/Uncontrolled,Unclassified,0,1 Zebra,1 Daylight,1 Fine,1 Road-Dry,0 None,0 None,529190,183560,-0.138688,51.536172,,,Unknown,"(51.536172, -0.138688)",http://opendatacommunities.org/id/london-borough-council/camden,8087,21/12/2020 02:48:42 PM
0115EK40386,CAMDEN,1 Driver/Rider,1 Male,25-59,40,1,3 Slight,-2 Unknown,-2 N/A,2 Pedal Cycle,CAMDEN ROAD J/W BONNY STREET,2,15/05/2015 02:00:00 PM,Friday,14.00,1 TLRN,A,503,6 Single Cwy,2 30 MPH,3 T/Stag Jun,2 Auto Sig,Unclassified,0,5 Pedn Phase At Ats,1 Daylight,1 Fine,1 Road-Dry,0 None,0 None,529180,184160,-0.138612,51.541566,,,Unknown,"(51.541566, -0.138612)",http://opendatacommunities.org/id/london-borough-council/camden,4888,21/12/2020 02:48:36 PM
0115EK40685,CAMDEN,1 Driver/Rider,2 Female,Unknown,0,1,3 Slight,-2 Unknown,-2 N/A,4 Car,THEOBALD'S ROAD J/W GRAY'S INN ROAD,2,09/08/2015 05:50:00 AM,Sunday,5.50,3 Bor,A,401,6 Single Cwy,2 30 MPH,6 Crossroads,2 Auto Sig,A,5200,5 Pedn Phase At Ats,1 Daylight,1 Fine,1 Road-Dry,0 None,0 None,530980,181970,-0.113485,51.521471,,,Unknown,"(51.521471, -0.113485)",http://opendatacommunities.org/id/london-borough-council/camden,5158,21/12/2020 02:48:36 PM
1190210822,CAMDEN,1 DRIVER/RIDER,1 MALE,60+,62,1,3 SLIGHT,'-2 NOT APPLICABLE,'-2 NOT APPLICABLE,3 POWERED 2 WHEELER,"On Kiln Place, near the junction with Grafton Road.",2,10/10/2019 11:15:00 AM,Thursday,11.15,3 BOR,5,0,2 ONE-WAY ST,30,03 T/STAG JUN,4 GIVE WAY/UNCONTROLLED,6,0,0 NO XING FACILITY IN 50M,2 DAYLIGHT,1 FINE,1 ROAD-DRY,0 NONE,0 NONE,528264,185431,-0.15135,51.553197,,,Unknown,"(51.553197, -0.15135)",http://opendatacommunities.org/id/london-borough-council/camden,9419,21/12/2020 02:48:44 PM
0115QK50910,CAMDEN,1 Driver/Rider,1 Male,25-59,57,1,3 Slight,-2 Unknown,-2 N/A,3 Powered 2 Wheeler,KILBURN HIGH RD J/W BRONDESBURY RD,2,17/09/2015 11:13:00 PM,Thursday,23.13,3 Bor,A,5,6 Single Cwy,2 30 MPH,3 T/Stag Jun,4 Give Way/Uncontrolled,B,451,4 Pelican Or Similar,2 Dark,1 Fine,1 Road-Dry,0 None,0 None,525340,183710,-0.194115,51.538387,,,Unknown,"(51.538387, -0.194115)",http://opendatacommunities.org/id/london-borough-council/camden,5626,21/12/2020 02:48:37 PM
1160001119,CAMDEN,1 Driver/Rider,1 Male,25-59,40,1,3 Slight,-2 Unknown,-2 N/A,3 Powered 2 Wheeler,GOWER STREET J/W CHENIES STREET,2,11/11/2016 08:16:00 AM,Friday,8.16,3 Bor,A,400,3 Dual Cwy,1 <= 20 MPH,6 Crossroads,2 Auto Sig,Unclassified,0,5 Pedn Phase At Ats,1 Daylight,1 Fine,1 Road-Dry,0 None,0 None,529750,181880,-0.131237,51.520945,,,Unknown,"(51.520945, -0.131237)",http://opendatacommunities.org/id/london-borough-council/camden,5659,21/12/2020 02:48:37 PM
1180148409,CAMDEN,1 Driver/Rider,2 Female,25-59,28,1,2 Serious,-2 Unknown,-2 N/A,2 Pedal Cycle,HATTON GARDEN J/W ST CROSS STREET,2,27/11/2018 08:44:00 PM,Tuesday,20.44,3 Bor,B,521,6 Single Cwy,2 30 MPH,6 Crossroads,4 Give Way/Uncontrolled,Unclassified,0,0 No Xing Facility In 50m,2 Dark,2 Raining,2 Road-Wet,0 None,0 None,531320,181870,-0.108624,51.520493,,,Unknown,"(51.520493, -0.108624)",http://opendatacommunities.org/id/london-borough-council/camden,8566,21/12/2020 02:48:43 PM
1180134951,CAMDEN,2 Passenger,2 Female,25-59,39,1,2 Serious,-2 Unknown,-2 N/A,3 Powered 2 Wheeler,BLOOMSBURY WAY J/W BURY PLACE,2,25/09/2018 06:00:00 AM,Tuesday,6.00,3 Bor,A,40,6 Single Cwy,1 <= 20 MPH,6 Crossroads,2 Auto Sig,Unclassified,0,0 No Xing Facility In 50m,1 Daylight,1 Fine,1 Road-Dry,0 None,0 None,530280,181550,-0.123724,51.517858,,,Unknown,"(51.517858, -0.123724)",http://opendatacommunities.org/id/london-borough-council/camden,8352,21/12/2020 02:48:42 PM
1180136313,CAMDEN,1 Driver/Rider,1 Male,25-59,38,1,3 Slight,-2 Unknown,-2 N/A,2 Pedal Cycle,AVENUE ROAD NW8 J/W ELSWORTHY ROAD NW3,2,02/10/2018 09:41:00 AM,Tuesday,9.41,3 Bor,B,525,6 Single Cwy,1 <= 20 MPH,3 T/Stag Jun,4 Give Way/Uncontrolled,Unclassified,0,4 Pelican Or Similar,1 Daylight,1 Fine,2 Road-Wet,0 None,0 None,526960,183830,-0.170726,51.539103,,,Unknown,"(51.539103, -0.170726)",http://opendatacommunities.org/id/london-borough-council/camden,8373,21/12/2020 02:48:42 PM
1160004580,CAMDEN,1 Driver/Rider,2 Female,16-24,24,1,3 Slight,-2 Unknown,-2 N/A,4 Car,CROFTDOWN ROAD J/W HIGHGATE ROAD,2,14/11/2016 08:38:00 AM,Monday,8.38,3 Bor,C,0,9 Unknown,1 <= 20 MPH,3 T/Stag Jun,9 Unknown (S/R),Unclassified,0,1 Zebra,1 Daylight,8 Other,1 Road-Dry,0 None,0 None,528420,186110,-0.148853,51.559264,,,Unknown,"(51.559264, -0.148853)",http://opendatacommunities.org/id/london-borough-council/camden,5720,21/12/2020 02:48:37 PM
0115EK40131,CAMDEN,1 Driver/Rider,1 Male,25-59,56,1,3 Slight,-2 Unknown,-2 N/A,5 Taxi,NEW OXFORD STREET J/W CHARING CROSS ROAD,2,20/02/2015 04:14:00 AM,Friday,4.14,3 Bor,A,40,6 Single Cwy,2 30 MPH,6 Crossroads,2 Auto Sig,A,40,5 Pedn Phase At Ats,2 Dark,2 Raining,2 Road-Wet,0 None,0 None,529820,181380,-0.130412,51.516436,,,Unknown,"(51.516436, -0.130412)",http://opendatacommunities.org/id/london-borough-council/camden,4683,21/12/2020 02:48:36 PM
0115EK40750,CAMDEN,1 Driver/Rider,2 Female,25-59,35,1,3 Slight,-2 Unknown,-2 N/A,3 Powered 2 Wheeler,UPPER WOBURN PLACE 30M SE OF ENDSLEIGH GARDENS,2,27/08/2015 04:55:00 AM,Thursday,4.55,3 Bor,A,4200,6 Single Cwy,2 30 MPH,0 No Jun In 20m,-2 Not Applicable,-2 Not Applicable,0,0 No Xing Facility In 50m,2 Dark,1 Fine,1 Road-Dry,0 None,0 None,529810,182520,-0.130137,51.526683,,,Unknown,"(51.526683, -0.130137)",http://opendatacommunities.org/id/london-borough-council/camden,5214,21/12/2020 02:48:37 PM
0116EK40512,CAMDEN,2 Passenger,2 Female,60+,76,1,2 Serious,-2 Unknown,-2 N/A,4 Car,EAST HEATH ROAD J/W WELL WALK,2,01/07/2016 08:45:00 AM,Friday,8.45,3 Bor,C,0,6 Single Cwy,2 30 MPH,3 T/Stag Jun,4 Give Way/Uncontrolled,Unclassified,0,0 No Xing Facility In 50m,1 Daylight,1 Fine,1 Road-Dry,0 None,0 None,526770,186170,-0.172621,51.560176,,,Unknown,"(51.560176, -0.172621)",http://opendatacommunities.org/id/london-borough-council/camden,6420,21/12/2020 02:48:38 PM
0115EK40661,CAMDEN,2 Passenger,2 Female,60+,65,1,2 Serious,-2 Unknown,-2 N/A,6 Bus Or Coach,WOBURN PLACE 40M SE OF TAVISTOCK PLACE,1,03/08/2015 01:12:00 PM,Monday,13.12,3 Bor,A,4200,6 Single Cwy,2 30 MPH,0 No Jun In 20m,-2 Not Applicable,-2 Not Applicable,0,0 No Xing Facility In 50m,1 Daylight,1 Fine,1 Road-Dry,0 None,0 None,529990,182270,-0.127636,51.524395,,,Unknown,"(51.524395, -0.127636)",http://opendatacommunities.org/id/london-borough-council/camden,5134,21/12/2020 02:48:36 PM
1190221909,CAMDEN,1 DRIVER/RIDER,2 FEMALE,60+,62,1,3 SLIGHT,'-2 NOT APPLICABLE,'-2 NOT APPLICABLE,4 CAR,"On Whitestone Pond Jack Straw's Castle (Stop P), near the junction with Heath Street.",2,30/11/2019 07:30:00 PM,Saturday,19.30,3 BOR,5,0,7 SLIP RD,20,03 T/STAG JUN,9 UNKNOWN (S/R),5,0,1 ZEBRA,1 DARK,8 OTHER,1 ROAD-DRY,9 UNKNOWN (S/R),9 UNKNOWN (S/R),526268,186319,-0.179806,51.561627,,,Unknown,"(51.561627, -0.179806)",http://opendatacommunities.org/id/london-borough-council/camden,9564,21/12/2020 02:48:45 PM
1190225436,CAMDEN,1 DRIVER/RIDER,1 MALE,25-59,46,1,3 SLIGHT,'-2 NOT APPLICABLE,'-2 NOT APPLICABLE,9 PRIVATE HIRE,"On Malden Road, near the junction with GILDEN CRES.",2,16/12/2019 08:46:00 PM,Monday,20.46,3 BOR,B,517,6 SINGLE CWY,20,03 T/STAG JUN,4 GIVE WAY/UNCONTROLLED,6,0,0 NO XING FACILITY IN 50M,1 DARK,2 RAINING,2 ROAD-WET,0 NONE,0 NONE,528140,185034,-0.153282,51.549657,,,Unknown,"(51.549657, -0.153282)",http://opendatacommunities.org/id/london-borough-council/camden,9623,21/12/2020 02:48:45 PM
1190186540,CAMDEN,3 PEDESTRIAN,1 MALE,25-59,32,1,2 SERIOUS,05 CROSSING ROAD (NOT ON XING),3 FROM DRIVERS O/SIDE,1 PEDESTRIAN,"On Tottenham Court Road, near the junction with Torrington Place.",1,11/06/2019 10:08:00 AM,Tuesday,10.08,3 BOR,A,400,6 SINGLE CWY,20,03 T/STAG JUN,2 AUTO SIG,6,0,4 PELICAN OR SIMILAR,2 DAYLIGHT,1 FINE,1 ROAD-DRY,0 NONE,0 NONE,529485,181924,-0.135038,51.521402,,,Unknown,"(51.521402, -0.135038)",http://opendatacommunities.org/id/london-borough-council/camden,9084,21/12/2020 02:48:44 PM
0115EK40082,CAMDEN,1 Driver/Rider,1 Male,Unknown,0,1,3 Slight,-2 Unknown,-2 N/A,3 Powered 2 Wheeler,ADELAIDE ROAD J/W AVENUE ROAD,2,01/02/2015 06:20:00 PM,Sunday,18.20,1 TLRN,B,509,6 Single Cwy,2 30 MPH,6 Crossroads,2 Auto Sig,B,525,5 Pedn Phase At Ats,2 Dark,1 Fine,1 Road-Dry,0 None,0 None,526770,184120,-0.173359,51.541752,,,Unknown,"(51.541752, -0.173359)",http://opendatacommunities.org/id/london-borough-council/camden,4646,21/12/2020 02:48:35 PM
1170015222,CAMDEN,3 Pedestrian,1 Male,25-59,31,1,3 Slight,01 Crossing Road On Ped Xing,3 From Drivers O/Side,1 Pedestrian,CAMDEN STREET J/W CAMDEN ROAD,1,28/01/2017 10:25:00 PM,Saturday,22.25,1 TLRN,A,400,2 One-Way St,1 <= 20 MPH,7 Multi Jun,2 Auto Sig,A,503,4 Pelican Or Similar,2 Dark,9 Unknown,9 Unknown (S/R),0 None,0 None,529090,184040,-0.139953,51.540508,,,Unknown,"(51.540508, -0.139953)",http://opendatacommunities.org/id/london-borough-council/camden,6629,21/12/2020 02:48:39 PM
1170067895,CAMDEN,1 Driver/Rider,1 Male,25-59,31,1,2 Serious,-2 Unknown,-2 N/A,3 Powered 2 Wheeler,SOUTHAMPTON ROW J/W GREAT RUSSELL STREET,2,02/11/2017 05:55:00 PM,Thursday,17.55,3 Bor,A,4200,6 Single Cwy,2 30 MPH,3 T/Stag Jun,2 Auto Sig,C,0,5 Pedn Phase At Ats,2 Dark,1 Fine,1 Road-Dry,0 None,0 None,530360,181790,-0.122483,51.519996,,,Unknown,"(51.519996, -0.122483)",http://opendatacommunities.org/id/london-borough-council/camden,7476,21/12/2020 02:48:40 PM
0116EK40050,CAMDEN,3 Pedestrian,1 Male,25-59,28,1,3 Slight,01 Crossing Road On Ped Xing,3 From Drivers O/Side,1 Pedestrian,KENTISH TOWN ROAD J/W ISLIP STREET.,1,03/02/2016 06:13:00 PM,Wednesday,18.13,3 Bor,A,400,6 Single Cwy,1 <= 20 MPH,3 T/Stag Jun,4 Give Way/Uncontrolled,Unclassified,0,4 Pelican Or Similar,2 Dark,1 Fine,1 Road-Dry,0 None,0 None,528990,185060,-0.14102,51.549698,,,Unknown,"(51.549698, -0.14102)",http://opendatacommunities.org/id/london-borough-council/camden,6020,21/12/2020 02:48:38 PM
1190214552,CAMDEN,1 DRIVER/RIDER,1 MALE,25-59,25,1,3 SLIGHT,'-2 NOT APPLICABLE,'-2 NOT APPLICABLE,2 PEDAL CYCLE,"On Fortune Green Road, near the junction with Parsifal Road.",2,28/10/2019 10:50:00 AM,Monday,10.50,3 BOR,B,510,6 SINGLE CWY,20,03 T/STAG JUN,9 UNKNOWN (S/R),6,0,0 NO XING FACILITY IN 50M,2 DAYLIGHT,1 FINE,1 ROAD-DRY,0 NONE,0 NONE,525239,185379,-0.194977,51.553409,,,Unknown,"(51.553409, -0.194977)",http://opendatacommunities.org/id/london-borough-council/camden,9473,21/12/2020 02:48:44 PM
1190222610,CAMDEN,1 DRIVER/RIDER,1 MALE,U,,1,2 SERIOUS,'-2 NOT APPLICABLE,1 FROM DRIVERS N/SIDE,2 PEDAL CYCLE,"On Theobalds Road, near the junction with Lambs conduit Street.",1,11/11/2019 07:50:00 AM,Monday,7.50,3 BOR,A,401,6 SINGLE CWY,30,06 CROSSROADS,9 UNKNOWN (S/R),5,0,9 UNKNOWN (S/R),2 DAYLIGHT,9 UNKNOWN,9 UNKNOWN (S/R),0 NONE,0 NONE,530697,181840,-0.11761,51.520368,,,Unknown,"(51.520368, -0.11761)",http://opendatacommunities.org/id/london-borough-council/camden,9580,21/12/2020 02:48:45 PM
0116EK40079,CAMDEN,1 Driver/Rider,1 Male,25-59,29,1,3 Slight,-2 Unknown,-2 N/A,2 Pedal Cycle,PANCRAS ROAD J/W GOODS WAY.,2,16/02/2016 08:55:00 AM,Tuesday,8.55,3 Bor,A,5202,6 Single Cwy,2 30 MPH,6 Crossroads,2 Auto Sig,C,0,5 Pedn Phase At Ats,1 Daylight,1 Fine,1 Road-Dry,0 None,0 None,529980,183190,-0.12744,51.532665,,,Unknown,"(51.532665, -0.12744)",http://opendatacommunities.org/id/london-borough-council/camden,6043,21/12/2020 02:48:38 PM
0115EK41094,CAMDEN,2 Passenger,1 Male,Unknown,0,1,2 Serious,-2 Unknown,-2 N/A,7 Goods Vehicle,KINGSWAY J/W GREAT QUEEN STREET.,3,20/11/2015 12:30:00 PM,Friday,12.30,3 Bor,A,4200,6 Single Cwy,2 30 MPH,6 Crossroads,2 Auto Sig,B,402,5 Pedn Phase At Ats,1 Daylight,1 Fine,1 Road-Dry,0 None,0 None,530560,181380,-0.119754,51.516265,,,Unknown,"(51.516265, -0.119754)",http://opendatacommunities.org/id/london-borough-council/camden,5499,21/12/2020 02:48:37 PM
1160006787,CAMDEN,3 Pedestrian,2 Female,60+,81,1,2 Serious,05 Crossing Road (Not On Xing),3 From Drivers O/Side,1 Pedestrian,FLEET ROAD J/W CRESSY ROAD,1,01/12/2016 04:15:00 PM,Thursday,16.15,3 Bor,B,518,2 One-Way St,1 <= 20 MPH,3 T/Stag Jun,4 Give Way/Uncontrolled,Unclassified,0,1 Zebra,2 Dark,1 Fine,1 Road-Dry,0 None,0 None,527550,185440,-0.16164,51.55344,,,Unknown,"(51.55344, -0.16164)",http://opendatacommunities.org/id/london-borough-council/camden,5769,21/12/2020 02:48:37 PM
1170066062,CAMDEN,1 Driver/Rider,1 Male,60+,61,1,3 Slight,-2 Unknown,-2 N/A,3 Powered 2 Wheeler,TOTTENHAM COURT ROAD J/W STEPHEN STREET,3,23/10/2017 05:50:00 PM,Monday,17.50,3 Bor,A,400,2 One-Way St,2 30 MPH,5 Slip Road,4 Give Way/Uncontrolled,Unclassified,0,0 No Xing Facility In 50m,1 Daylight,1 Fine,1 Road-Dry,0 None,0 None,529710,181560,-0.131931,51.518079,,,Unknown,"(51.518079, -0.131931)",http://opendatacommunities.org/id/london-borough-council/camden,7452,21/12/2020 02:48:40 PM
1180147469,CAMDEN,3 Pedestrian,1 Male,0-15,10,1,3 Slight,05 Crossing Road (Not On Xing),3 From Drivers O/Side,1 Pedestrian,IVERSON ROAD 32M W OF J/W ARIEL ROAD,1,22/11/2018 03:40:00 PM,Thursday,15.40,3 Bor,B,520,6 Single Cwy,1 <= 20 MPH,0 No Jun In 20m,-2 Not Applicable,-2 Not Applicable,0,0 No Xing Facility In 50m,1 Daylight,8 Other,1 Road-Dry,0 None,0 None,525000,184630,-0.198688,51.54673,,,Unknown,"(51.54673, -0.198688)",http://opendatacommunities.org/id/london-borough-council/camden,8545,21/12/2020 02:48:43 PM
0116EK40193,CAMDEN,1 Driver/Rider,2 Female,25-59,28,1,3 Slight,-2 Unknown,-2 N/A,2 Pedal Cycle,DELANCEY STREET J/W PARKWAY,2,12/03/2016 09:35:00 AM,Saturday,9.35,3 Bor,A,503,2 One-Way St,1 <= 20 MPH,6 Crossroads,2 Auto Sig,A,4201,5 Pedn Phase At Ats,1 Daylight,1 Fine,1 Road-Dry,0 None,0 None,528670,183600,-0.146167,51.53665,,,Unknown,"(51.53665, -0.146167)",http://opendatacommunities.org/id/london-borough-council/camden,6138,21/12/2020 02:48:38 PM
0116EK40419,CAMDEN,3 Pedestrian,1 Male,16-24,23,1,3 Slight,09 In Road - Not Crossing,5 In Rd Not Crossing,1 Pedestrian,PANCRAS ROAD J/W CHENIES PLACE.,1,18/06/2016 11:13:00 AM,Saturday,11.13,3 Bor,A,5202,6 Single Cwy,1 <= 20 MPH,3 T/Stag Jun,4 Give Way/Uncontrolled,Unclassified,0,0 No Xing Facility In 50m,1 Daylight,1 Fine,1 Road-Dry,4 Roadworks,0 None,529820,183340,-0.129691,51.53405,,,Unknown,"(51.53405, -0.129691)",http://opendatacommunities.org/id/london-borough-council/camden,6338,21/12/2020 02:48:38 PM
1180099136,CAMDEN,2 Passenger,2 Female,Unknown,0,1,3 Slight,-2 Unknown,-2 N/A,5 Taxi,FORTUNE GREEN ROAD 21M N OF J/W MILL LANE,1,25/03/2018 08:45:00 PM,Sunday,20.45,3 Bor,B,510,6 Single Cwy,2 30 MPH,0 No Jun In 20m,-2 Not Applicable,-2 Not Applicable,0,1 Zebra,1 Daylight,1 Fine,2 Road-Wet,0 None,0 None,525350,185300,-0.193405,51.552674,,,Unknown,"(51.552674, -0.193405)",http://opendatacommunities.org/id/london-borough-council/camden,7855,21/12/2020 02:48:41 PM
1190178461,CAMDEN,3 PEDESTRIAN,2 FEMALE,16-24,23,1,3 SLIGHT,10 UNKNOWN OR OTHER,9 UNKNOWN OR OTHER,1 PEDESTRIAN,"On Mornington Crescent (Stop A), 50 metres north of the junction with Harrington Square.",1,01/05/2019 05:32:00 PM,Wednesday,17.32,1 TLRN,A,400,2 ONE-WAY ST,30,00 NO JUN IN 20M,,0,0,1 ZEBRA,2 DAYLIGHT,1 FINE,1 ROAD-DRY,0 NONE,0 NONE,529152,183323,-0.139322,51.53405,,,Unknown,"(51.53405, -0.139322)",http://opendatacommunities.org/id/london-borough-council/camden,8969,21/12/2020 02:48:44 PM
0115EK40779,CAMDEN,1 Driver/Rider,1 Male,25-59,45,1,3 Slight,-2 Unknown,-2 N/A,7 Goods Vehicle,KILBURN HIGH ROAD J/W BRONDESBURY VILLAS,2,31/08/2015 09:10:00 PM,Monday,21.10,3 Bor,A,5,6 Single Cwy,2 30 MPH,3 T/Stag Jun,4 Give Way/Uncontrolled,Unclassified,0,4 Pelican Or Similar,2 Dark,1 Fine,2 Road-Wet,0 None,0 None,525400,183630,-0.193279,51.537654,,,Unknown,"(51.537654, -0.193279)",http://opendatacommunities.org/id/london-borough-council/camden,5245,21/12/2020 02:48:37 PM
1180100601,CAMDEN,3 Pedestrian,1 Male,25-59,35,1,2 Serious,09 In Road - Not Crossing,5 In Rd Not Crossing,1 Pedestrian,NEW OXFORD STREET J/W DYOTT STREET,1,08/04/2018 03:37:00 PM,Sunday,15.37,3 Bor,A,40,6 Single Cwy,2 30 MPH,3 T/Stag Jun,4 Give Way/Uncontrolled,Unclassified,0,0 No Xing Facility In 50m,1 Daylight,2 Raining,2 Road-Wet,0 None,0 None,530010,181430,-0.127657,51.516842,,,Unknown,"(51.516842, -0.127657)",http://opendatacommunities.org/id/london-borough-council/camden,7871,21/12/2020 02:48:41 PM
1170065768,CAMDEN,2 Passenger,1 Male,25-59,54,1,3 Slight,-2 Unknown,-2 N/A,6 Bus Or Coach,KINGSWAY J/W HIGH HOBORN,1,21/10/2017 07:25:00 AM,Saturday,7.25,3 Bor,A,4200,3 Dual Cwy,1 <= 20 MPH,6 Crossroads,2 Auto Sig,A,40,4 Pelican Or Similar,1 Daylight,1 Fine,2 Road-Wet,0 None,0 None,530510,181520,-0.120422,51.517535,,,Unknown,"(51.517535, -0.120422)",http://opendatacommunities.org/id/london-borough-council/camden,7444,21/12/2020 02:48:40 PM
1170015174,CAMDEN,1 Driver/Rider,1 Male,25-59,27,1,3 Slight,-2 Unknown,-2 N/A,3 Powered 2 Wheeler,FINCHLEY ROAD J/W ADELAIDE ROAD,2,22/01/2017 09:30:00 PM,Sunday,21.30,1 TLRN,A,41,6 Single Cwy,3 40 MPH,3 T/Stag Jun,9 Unknown (S/R),Unclassified,0,4 Pelican Or Similar,2 Dark,1 Fine,1 Road-Dry,0 None,0 None,526650,184230,-0.175049,51.542768,,,Unknown,"(51.542768, -0.175049)",http://opendatacommunities.org/id/london-borough-council/camden,6627,21/12/2020 02:48:39 PM
1160005083,CAMDEN,1 Driver/Rider,1 Male,25-59,29,1,3 Slight,-2 Unknown,-2 N/A,3 Powered 2 Wheeler,HAMPSTEAD ROAD J/W DRUMMOND STREET,2,03/12/2016 07:00:00 PM,Saturday,19.00,1 TLRN,A,400,6 Single Cwy,2 30 MPH,6 Crossroads,2 Auto Sig,A,400,5 Pedn Phase At Ats,2 Dark,1 Fine,1 Road-Dry,0 None,0 None,529220,182490,-0.138648,51.526549,,,Unknown,"(51.526549, -0.138648)",http://opendatacommunities.org/id/london-borough-council/camden,5735,21/12/2020 02:48:37 PM
1180110944,CAMDEN,1 Driver/Rider,1 Male,25-59,50,1,3 Slight,-2 Unknown,-2 N/A,5 Taxi,BAYHAM STREET NW1 J/W PLENDER STREET NW1,2,29/05/2018 06:40:00 AM,Tuesday,6.40,3 Bor,C,0,2 One-Way St,1 <= 20 MPH,6 Crossroads,4 Give Way/Uncontrolled,Unclassified,0,1 Zebra,1 Daylight,1 Fine,1 Road-Dry,0 None,0 None,529190,183560,-0.138688,51.536172,,,Unknown,"(51.536172, -0.138688)",http://opendatacommunities.org/id/london-borough-council/camden,8031,21/12/2020 02:48:42 PM
0115EK40766,CAMDEN,1 Driver/Rider,1 Male,25-59,50,1,3 Slight,-2 Unknown,-2 N/A,7 Goods Vehicle,BAYHAM STREET J/W GREENLAND ROAD.,2,01/09/2015 12:25:00 PM,Tuesday,12.25,3 Bor,A,503,2 One-Way St,2 30 MPH,6 Crossroads,4 Give Way/Uncontrolled,Unclassified,0,0 No Xing Facility In 50m,1 Daylight,1 Fine,1 Road-Dry,0 None,0 None,528990,183880,-0.141453,51.539093,,,Unknown,"(51.539093, -0.141453)",http://opendatacommunities.org/id/london-borough-council/camden,5235,21/12/2020 02:48:37 PM