Reference,London Borough Name,Casualty Class,Casualty Sex,Casualty Age Band,Casualty Age,Number Of Casualties,Casualty Severity,Pedestrian Location,Pedestrian Movement,Mode Of Travel,Attendant Location,Number Of Vehicles,Date,Day,Time,Highway,Road Class 1,Road Number 1,Road Type,Speed Limit,Junction Detail,Junction Control,Road Class 2,Road Number 2,Pedestrian Crossing,Light Condition Band,Weather,Road Surface,Special Conditions,Carriage Way Hazard,Easting,Northing,Longitude,Latitude,Ward Code,Ward Name,Spatial Accuracy,Location,Organisation URI,Socrata ID,Last Uploaded
1190167814,CAMDEN,1 DRIVER/RIDER,1 MALE,16-24,20,1,3 SLIGHT,'-2 NOT APPLICABLE,'-2 NOT APPLICABLE,3 POWERED 2 WHEELER,"On York Way, near the junction with Beaconsfield Street.",2,08/03/2019 03:55:00 PM,Friday,15.55,3 BOR,A,5200,6 SINGLE CWY,30,09 OTHER JUN,4 GIVE WAY/UNCONTROLLED,6,0,0 NO XING FACILITY IN 50M,2 DAYLIGHT,2 RAINING,2 ROAD-WET,4 ROADWORKS,0 NONE,530229,183878,-0.123598,51.538791,,,Unknown,"(51.538791, -0.123598)",http://opendatacommunities.org/id/london-borough-council/camden,8829,21/12/2020 02:48:43 PM
1190211895,CAMDEN,3 PEDESTRIAN,2 FEMALE,25-59,28,1,3 SLIGHT,01 CROSSING ROAD ON PED XING,3 FROM DRIVERS O/SIDE,1 PEDESTRIAN,"On Euston Road, near the junction with Eversholt Street.",1,15/10/2019 05:05:00 PM,Tuesday,17.05,1 TLRN,A,501,2 ONE-WAY ST,20,06 CROSSROADS,2 AUTO SIG,A,4200,5 PEDN PHASE AT ATS,2 DAYLIGHT,1 FINE,1 ROAD-DRY,0 NONE,0 NONE,529752,182592,-0.130946,51.527344,,,Unknown,"(51.527344, -0.130946)",http://opendatacommunities.org/id/london-borough-council/camden,9439,21/12/2020 02:48:44 PM
1170074624,CAMDEN,3 Pedestrian,1 Male,16-24,24,1,3 Slight,05 Crossing Road (Not On Xing),3 From Drivers O/Side,1 Pedestrian,KILBURN HIGH ROAD 50M N OF J/W QUEX ROAD THE NEAREST CLASSIFIED RO,1,01/12/2017 12:24:00 PM,Friday,12.24,3 Bor,A,5,6 Single Cwy,2 30 MPH,0 No Jun In 20m,-2 Not Applicable,-2 Not Applicable,0,0 No Xing Facility In 50m,1 Daylight,1 Fine,1 Road-Dry,0 None,0 None,525210,183900,-0.195921,51.540123,,,Unknown,"(51.540123, -0.195921)",http://opendatacommunities.org/id/london-borough-council/camden,7570,21/12/2020 02:48:41 PM
1170065759,CAMDEN,1 Driver/Rider,1 Male,25-59,32,1,3 Slight,-2 Unknown,-2 N/A,7 Goods Vehicle,EUSTON ROAD J/W UPPER WOBURN PLACE,2,21/10/2017 02:25:00 AM,Saturday,2.25,1 TLRN,A,501,3 Dual Cwy,2 30 MPH,3 T/Stag Jun,2 Auto Sig,A,4200,4 Pelican Or Similar,2 Dark,1 Fine,2 Road-Wet,0 None,0 None,529760,182540,-0.13085,51.526874,,,Unknown,"(51.526874, -0.13085)",http://opendatacommunities.org/id/london-borough-council/camden,7443,21/12/2020 02:48:40 PM
1180151483,CAMDEN,1 Driver/Rider,1 Male,25-59,27,1,3 Slight,-2 Unknown,-2 N/A,4 Car,KENTISH TOWN ROAD J/W REGIS ROAD,2,11/12/2018 09:55:00 PM,Tuesday,21.55,3 Bor,A,400,6 Single Cwy,2 30 MPH,6 Crossroads,2 Auto Sig,A,400,1 Zebra,2 Dark,1 Fine,1 Road-Dry,0 None,0 None,529000,185190,-0.140829,51.550864,,,Unknown,"(51.550864, -0.140829)",http://opendatacommunities.org/id/london-borough-council/camden,8603,21/12/2020 02:48:43 PM
1180095585,CAMDEN,1 Driver/Rider,1 Male,16-24,23,1,3 Slight,-2 Unknown,-2 N/A,4 Car,FINCHLEY ROAD J/W CANNON  HILL,2,12/03/2018 09:30:00 AM,Monday,9.30,1 TLRN,A,41,3 Dual Cwy,2 30 MPH,6 Crossroads,2 Auto Sig,Unclassified,0,4 Pelican Or Similar,1 Daylight,2 Raining,2 Road-Wet,0 None,0 None,525520,185450,-0.190901,51.553984,,,Unknown,"(51.553984, -0.190901)",http://opendatacommunities.org/id/london-borough-council/camden,7809,21/12/2020 02:48:41 PM
1190184863,CAMDEN,1 DRIVER/RIDER,1 MALE,25-59,26,1,3 SLIGHT,'-2 NOT APPLICABLE,'-2 NOT APPLICABLE,3 POWERED 2 WHEELER,Location uncertain  Finchley Road,2,03/06/2019 01:05:00 PM,Monday,13.05,1 TLRN,A,41,2 ONE-WAY ST,30,03 T/STAG JUN,9 UNKNOWN (S/R),6,0,5 PEDN PHASE AT ATS,2 DAYLIGHT,1 FINE,1 ROAD-DRY,0 NONE,0 NONE,526298,184686,-0.179959,51.546945,,,Unknown,"(51.546945, -0.179959)",http://opendatacommunities.org/id/london-borough-council/camden,9060,21/12/2020 02:48:44 PM
1190156676,CAMDEN,1 DRIVER/RIDER,1 MALE,25-59,30,1,3 SLIGHT,'-2 NOT APPLICABLE,'-2 NOT APPLICABLE,2 PEDAL CYCLE,"On Avenue Road, 25 metres south of the junction with Adelaide Road.. The nearest classified road was the B509",2,10/01/2019 08:20:00 AM,Thursday,8.20,3 BOR,B,525,6 SINGLE CWY,30,00 NO JUN IN 20M,,0,0,0 NO XING FACILITY IN 50M,2 DAYLIGHT,1 FINE,1 ROAD-DRY,0 NONE,0 NONE,526819,184046,-0.17268,51.541076,,,Unknown,"(51.541076, -0.17268)",http://opendatacommunities.org/id/london-borough-council/camden,8678,21/12/2020 02:48:43 PM
0116EK40308,CAMDEN,1 Driver/Rider,1 Male,25-59,35,1,3 Slight,-2 Unknown,-2 N/A,2 Pedal Cycle,COPENHAGEN STREET J/W YORK WAY,2,04/05/2016 03:45:00 PM,Wednesday,15.45,3 Bor,B,154,6 Single Cwy,1 <= 20 MPH,6 Crossroads,4 Give Way/Uncontrolled,A,5200,0 No Xing Facility In 50m,1 Daylight,1 Fine,1 Road-Dry,0 None,0 None,530330,183670,-0.12222,51.536898,,,Unknown,"(51.536898, -0.12222)",http://opendatacommunities.org/id/london-borough-council/camden,6243,21/12/2020 02:48:38 PM
0116QK50578,CAMDEN,1 Driver/Rider,1 Male,16-24,20,1,3 Slight,-2 Unknown,-2 N/A,3 Powered 2 Wheeler,"KILBURN HIGH ROAD, J/W BRONDESBURY VILLAS",2,10/07/2016 06:12:00 PM,Sunday,18.12,3 Bor,A,5,6 Single Cwy,2 30 MPH,3 T/Stag Jun,4 Give Way/Uncontrolled,Unclassified,0,4 Pelican Or Similar,1 Daylight,9 Unknown,1 Road-Dry,0 None,0 None,525400,183640,-0.193275,51.537744,,,Unknown,"(51.537744, -0.193275)",http://opendatacommunities.org/id/london-borough-council/camden,6551,21/12/2020 02:48:39 PM
0115EK40871,CAMDEN,3 Pedestrian,1 Male,0-15,11,1,3 Slight,04 Crossing Road Within 50m Xing,4 From Drivers O/Side Msk,1 Pedestrian,"FINCHLEY ROAD, 25 METRES SE OF ARKWRIGHT ROAD.",1,02/10/2015 08:28:00 AM,Friday,8.28,1 TLRN,A,41,6 Single Cwy,2 30 MPH,0 No Jun In 20m,-2 Not Applicable,-2 Not Applicable,0,5 Pedn Phase At Ats,1 Daylight,1 Fine,1 Road-Dry,0 None,0 None,526050,185100,-0.183385,51.550721,,,Unknown,"(51.550721, -0.183385)",http://opendatacommunities.org/id/london-borough-council/camden,5318,21/12/2020 02:48:37 PM
1180093055,CAMDEN,1 Driver/Rider,1 Male,25-59,38,1,3 Slight,-2 Unknown,-2 N/A,4 Car,MIDLAND ROAD J/W EUSTON ROAD,2,28/02/2018 08:00:00 AM,Wednesday,8.00,1 TLRN,C,0,2 One-Way St,2 30 MPH,3 T/Stag Jun,2 Auto Sig,A,501,1 Zebra,1 Daylight,3 Snowing,3 Road-Snow,0 None,0 None,530062,182812,-0.126398,51.529249,,,Unknown,"(51.529249, -0.126398)",http://opendatacommunities.org/id/london-borough-council/camden,7784,21/12/2020 02:48:41 PM
1190211926,CAMDEN,1 DRIVER/RIDER,2 FEMALE,25-59,35,1,3 SLIGHT,'-2 NOT APPLICABLE,'-2 NOT APPLICABLE,2 PEDAL CYCLE,"On Euston Road, near the junction with Woburn Place .",2,14/10/2019 08:45:00 AM,Monday,8.45,1 TLRN,A,501,3 DUAL CWY,30,06 CROSSROADS,2 AUTO SIG,A,4200,5 PEDN PHASE AT ATS,2 DAYLIGHT,2 RAINING,2 ROAD-WET,0 NONE,0 NONE,529780,182600,-0.130539,51.527409,,,Unknown,"(51.527409, -0.130539)",http://opendatacommunities.org/id/london-borough-council/camden,9440,21/12/2020 02:48:44 PM
1190177261,CAMDEN,1 DRIVER/RIDER,1 MALE,25-59,28,1,2 SERIOUS,'-2 NOT APPLICABLE,'-2 NOT APPLICABLE,2 PEDAL CYCLE,"On GLOUCESTER GATE BRIDGE/PARKWAY, near the junction with PARK VILLAGE EAST.",2,26/04/2019 03:33:00 PM,Friday,15.33,3 BOR,A,4201,3 DUAL CWY,20,06 CROSSROADS,2 AUTO SIG,5,0,5 PEDN PHASE AT ATS,2 DAYLIGHT,1 FINE,1 ROAD-DRY,0 NONE,0 NONE,528627,183532,-0.146811,51.536048,,,Unknown,"(51.536048, -0.146811)",http://opendatacommunities.org/id/london-borough-council/camden,8947,21/12/2020 02:48:44 PM
1180121476,CAMDEN,1 Driver/Rider,1 Male,25-59,40,1,2 Serious,-2 Unknown,-2 N/A,3 Powered 2 Wheeler,ABBEY ROAD 60M S OF J/W BELSIZE ROAD THE NEAREST CLASSIFIED ROAD W,2,17/07/2018 10:20:00 AM,Tuesday,10.20,3 Bor,B,507,6 Single Cwy,1 <= 20 MPH,0 No Jun In 20m,-2 Not Applicable,-2 Not Applicable,0,0 No Xing Facility In 50m,1 Daylight,1 Fine,1 Road-Dry,0 None,0 None,525740,183930,-0.188272,51.540275,,,Unknown,"(51.540275, -0.188272)",http://opendatacommunities.org/id/london-borough-council/camden,8183,21/12/2020 02:48:42 PM
0115EK41163,CAMDEN,2 Passenger,2 Female,60+,83,1,2 Serious,-2 Unknown,-2 N/A,4 Car,EAST HEATH ROAD J/W KEATS GROVE,2,27/12/2015 05:50:00 PM,Sunday,17.50,3 Bor,C,0,6 Single Cwy,1 <= 20 MPH,3 T/Stag Jun,4 Give Way/Uncontrolled,Unclassified,0,0 No Xing Facility In 50m,2 Dark,1 Fine,2 Road-Wet,0 None,0 None,527190,185720,-0.166728,51.556037,,,Unknown,"(51.556037, -0.166728)",http://opendatacommunities.org/id/london-borough-council/camden,5563,21/12/2020 02:48:37 PM
1190178439,CAMDEN,1 DRIVER/RIDER,2 FEMALE,25-59,29,1,3 SLIGHT,'-2 NOT APPLICABLE,'-2 NOT APPLICABLE,3 POWERED 2 WHEELER,"On Adelaide Road, 30 metres west of the junction with ELSWORTHY ROAD.",2,02/05/2019 04:59:00 PM,Thursday,16.59,3 BOR,B,509,6 SINGLE CWY,30,00 NO JUN IN 20M,,0,0,0 NO XING FACILITY IN 50M,2 DAYLIGHT,2 RAINING,2 ROAD-WET,0 NONE,0 NONE,527328,184304,-0.165251,51.54328,,,Unknown,"(51.54328, -0.165251)",http://opendatacommunities.org/id/london-borough-council/camden,8968,21/12/2020 02:48:44 PM
1170020002,CAMDEN,1 Driver/Rider,2 Female,25-59,28,1,3 Slight,-2 Unknown,-2 N/A,4 Car,ARKWRIGHT ROAD NW3 J/W FROGNAL NW3,2,20/02/2017 02:40:00 PM,Monday,14.40,3 Bor,C,0,6 Single Cwy,1 <= 20 MPH,6 Crossroads,4 Give Way/Uncontrolled,Unclassified,0,0 No Xing Facility In 50m,1 Daylight,1 Fine,1 Road-Dry,0 None,0 None,526230,185230,-0.180744,51.551849,,,Unknown,"(51.551849, -0.180744)",http://opendatacommunities.org/id/london-borough-council/camden,6696,21/12/2020 02:48:39 PM
1170036475,CAMDEN,1 Driver/Rider,2 Female,25-59,44,1,3 Slight,-2 Unknown,-2 N/A,2 Pedal Cycle,MARCHMONT STREET J/W TAVISTOCK PLACE,2,10/05/2017 11:50:00 AM,Wednesday,11.50,3 Bor,C,0,3 Dual Cwy,1 <= 20 MPH,6 Crossroads,2 Auto Sig,Unclassified,0,4 Pelican Or Similar,1 Daylight,1 Fine,1 Road-Dry,0 None,0 None,530130,182420,-0.125563,51.525711,,,Unknown,"(51.525711, -0.125563)",http://opendatacommunities.org/id/london-borough-council/camden,6951,21/12/2020 02:48:39 PM
1190200375,CAMDEN,3 PEDESTRIAN,2 FEMALE,16-24,17,1,3 SLIGHT,05 CROSSING ROAD (NOT ON XING),'-2 NOT APPLICABLE,1 PEDESTRIAN,"On Bloomsbury Way, near the junction with Museum Street.",1,19/08/2019 11:45:00 AM,Monday,11.45,3 BOR,A,40,6 SINGLE CWY,20,06 CROSSROADS,2 AUTO SIG,6,0,5 PEDN PHASE AT ATS,2 DAYLIGHT,1 FINE,1 ROAD-DRY,0 NONE,0 NONE,530246,181499,-0.124233,51.517407,,,Unknown,"(51.517407, -0.124233)",http://opendatacommunities.org/id/london-borough-council/camden,9287,21/12/2020 02:48:44 PM
1190166370,CAMDEN,1 DRIVER/RIDER,1 MALE,25-59,52,1,2 SERIOUS,'-2 NOT APPLICABLE,'-2 NOT APPLICABLE,2 PEDAL CYCLE,"On Bloomsbury Street, WC1, near the junction with New Oxford Street, WC1.",2,01/03/2019 03:40:00 PM,Friday,15.40,3 BOR,A,400,2 ONE-WAY ST,20,06 CROSSROADS,2 AUTO SIG,A,40,5 PEDN PHASE AT ATS,2 DAYLIGHT,1 FINE,1 ROAD-DRY,0 NONE,0 NONE,530062,181440,-0.126905,51.516919,,,Unknown,"(51.516919, -0.126905)",http://opendatacommunities.org/id/london-borough-council/camden,8810,21/12/2020 02:48:43 PM
1180098018,CAMDEN,1 Driver/Rider,1 Male,25-59,47,1,3 Slight,-2 Unknown,-2 N/A,2 Pedal Cycle,WEST END LANE 73M S OF J/W BLACKBURN ROAD,1,24/03/2018 02:00:00 AM,Saturday,2.00,3 Bor,B,510,3 Dual Cwy,1 <= 20 MPH,0 No Jun In 20m,-2 Not Applicable,-2 Not Applicable,0,5 Pedn Phase At Ats,2 Dark,2 Raining,2 Road-Wet,0 None,0 None,525520,184587,-0.191208,51.546228,,,Unknown,"(51.546228, -0.191208)",http://opendatacommunities.org/id/london-borough-council/camden,7835,21/12/2020 02:48:41 PM
1190159634,CAMDEN,3 PEDESTRIAN,2 FEMALE,16-24,21,1,3 SLIGHT,08 IN CENTRE OF CARRIAGEWAY,1 FROM DRIVERS N/SIDE,1 PEDESTRIAN,NFL CHALK FARM ROAD 70M W Ferdinand St,1,26/01/2019 01:25:00 AM,Saturday,1.25,3 BOR,A,502,6 SINGLE CWY,20,08 PRIV DRIVE,2 AUTO SIG,6,0,8 CENTRAL REFUGE,1 DARK,1 FINE,1 ROAD-DRY,0 NONE,0 NONE,528386,184337,-0.14999,51.543338,,,Unknown,"(51.543338, -0.14999)",http://opendatacommunities.org/id/london-borough-council/camden,8725,21/12/2020 02:48:43 PM
1160024230,CAMDEN,1 Driver/Rider,1 Male,25-59,36,1,3 Slight,-2 Unknown,-2 N/A,2 Pedal Cycle,WEST END LANE J/W BLACKBURN ROAD,2,17/10/2016 10:00:00 AM,Monday,10.00,3 Bor,B,510,6 Single Cwy,2 30 MPH,3 T/Stag Jun,4 Give Way/Uncontrolled,Unclassified,0,4 Pelican Or Similar,1 Daylight,1 Fine,1 Road-Dry,0 None,0 None,525520,184680,-0.191175,51.547064,,,Unknown,"(51.547064, -0.191175)",http://opendatacommunities.org/id/london-borough-council/camden,5884,21/12/2020 02:48:38 PM
1170038143,CAMDEN,1 Driver/Rider,2 Female,16-24,24,1,3 Slight,-2 Unknown,-2 N/A,4 Car,FINCHLEY ROAD J/W FORTUNE GREEN ROAD,2,08/05/2017 06:00:00 PM,Monday,18.00,1 TLRN,A,41,6 Single Cwy,2 30 MPH,3 T/Stag Jun,2 Auto Sig,B,510,9 Unknown (S/R),1 Daylight,1 Fine,9 Unknown (S/R),0 None,0 None,525170,185820,-0.195815,51.557387,,,Unknown,"(51.557387, -0.195815)",http://opendatacommunities.org/id/london-borough-council/camden,6977,21/12/2020 02:48:39 PM
0115EK40074,CAMDEN,3 Pedestrian,1 Male,25-59,26,1,2 Serious,04 Crossing Road Within 50m Xing,1 From Drivers N/Side,1 Pedestrian,ROYAL COLLEGE STREET J/W CAMDEN ROAD,1,01/02/2015 03:42:00 AM,Sunday,3.42,1 TLRN,A,5202,2 One-Way St,2 30 MPH,6 Crossroads,2 Auto Sig,A,503,5 Pedn Phase At Ats,2 Dark,6 Snowing/High Winds,4 Road-Frost/Ice,0 None,0 None,529190,184180,-0.13846,51.541743,,,Unknown,"(51.541743, -0.13846)",http://opendatacommunities.org/id/london-borough-council/camden,4640,21/12/2020 02:48:35 PM
1180139516,CAMDEN,3 Pedestrian,2 Female,16-24,18,1,3 Slight,05 Crossing Road (Not On Xing),1 From Drivers N/Side,1 Pedestrian,TOTTENHAM COURT ROAD 20M S OF J/W BAYLEY STREET,1,16/10/2018 06:32:00 PM,Tuesday,18.32,3 Bor,A,400,2 One-Way St,2 30 MPH,9 Other Jun,1 Auth Person,A,400,5 Pedn Phase At Ats,2 Dark,1 Fine,1 Road-Dry,0 None,0 None,529770,181470,-0.1311,51.517256,,,Unknown,"(51.517256, -0.1311)",http://opendatacommunities.org/id/london-borough-council/camden,8438,21/12/2020 02:48:43 PM
0116EK40347,CAMDEN,1 Driver/Rider,1 Male,25-59,49,1,3 Slight,-2 Unknown,-2 N/A,2 Pedal Cycle,FORTUNE GREEN ROAD J/W ACHILLES ROAD,2,17/05/2016 09:05:00 AM,Tuesday,9.05,3 Bor,B,510,6 Single Cwy,2 30 MPH,3 T/Stag Jun,4 Give Way/Uncontrolled,Unclassified,0,0 No Xing Facility In 50m,1 Daylight,1 Fine,1 Road-Dry,0 None,0 None,525120,185460,-0.196664,51.554163,,,Unknown,"(51.554163, -0.196664)",http://opendatacommunities.org/id/london-borough-council/camden,6275,21/12/2020 02:48:38 PM
1160003831,CAMDEN,1 Driver/Rider,2 Female,25-59,29,1,2 Serious,-2 Unknown,-2 N/A,2 Pedal Cycle,HIGHGATE WEST HILL J/W MILLFIELD LANE,2,28/11/2016 08:00:00 PM,Monday,20.00,3 Bor,C,0,6 Single Cwy,1 <= 20 MPH,6 Crossroads,2 Auto Sig,Unclassified,0,0 No Xing Facility In 50m,2 Dark,1 Fine,1 Road-Dry,0 None,0 None,528150,186540,-0.15259,51.563189,,,Unknown,"(51.563189, -0.15259)",http://opendatacommunities.org/id/london-borough-council/camden,5709,21/12/2020 02:48:37 PM
0115EK40698,CAMDEN,2 Passenger,2 Female,0-15,14,1,3 Slight,-2 Unknown,-2 N/A,6 Bus Or Coach,EVERSHOLT STREET J/W GRAFTON PLACE,1,10/08/2015 04:35:00 PM,Monday,16.35,3 Bor,A,4200,6 Single Cwy,2 30 MPH,3 T/Stag Jun,2 Auto Sig,A,4200,5 Pedn Phase At Ats,1 Daylight,1 Fine,1 Road-Dry,0 None,0 None,529710,182650,-0.13153,51.527874,,,Unknown,"(51.527874, -0.13153)",http://opendatacommunities.org/id/london-borough-council/camden,5174,21/12/2020 02:48:36 PM
1180137724,CAMDEN,1 Driver/Rider,1 Male,25-59,25,1,3 Slight,-2 Unknown,-2 N/A,2 Pedal Cycle,GRAYS INN ROAD J/W GUILDFORD STREET,2,08/10/2018 07:41:00 PM,Monday,19.41,3 Bor,A,5200,3 Dual Cwy,1 <= 20 MPH,6 Crossroads,4 Give Way/Uncontrolled,B,502,5 Pedn Phase At Ats,2 Dark,1 Fine,1 Road-Dry,0 None,0 None,530800,182280,-0.115963,51.524298,,,Unknown,"(51.524298, -0.115963)",http://opendatacommunities.org/id/london-borough-council/camden,8403,21/12/2020 02:48:42 PM
1170010847,CAMDEN,1 Driver/Rider,1 Male,25-59,28,1,3 Slight,-2 Unknown,-2 N/A,2 Pedal Cycle,LEIGHTON ROAD NW5 10M N OF J/W LEIGHTON GROVE NW5,2,10/01/2017 06:20:00 PM,Tuesday,18.20,3 Bor,Unclassified,0,6 Single Cwy,1 <= 20 MPH,9 Other Jun,4 Give Way/Uncontrolled,Unclassified,0,1 Zebra,2 Dark,2 Raining,2 Road-Wet,0 None,0 None,529450,185290,-0.134305,51.551659,,,Unknown,"(51.551659, -0.134305)",http://opendatacommunities.org/id/london-borough-council/camden,6571,21/12/2020 02:48:39 PM
1180126641,CAMDEN,1 Driver/Rider,1 Male,16-24,23,1,3 Slight,-2 Unknown,-2 N/A,4 Car,SWINTON STREET 50M E OF J/W GRAYS INN ROAD,1,12/08/2018 11:00:00 PM,Sunday,23.00,1 TLRN,A,501,2 One-Way St,2 30 MPH,0 No Jun In 20m,-2 Not Applicable,-2 Not Applicable,0,0 No Xing Facility In 50m,2 Dark,2 Raining,2 Road-Wet,0 None,0 None,530590,182780,-0.118803,51.52884,,,Unknown,"(51.52884, -0.118803)",http://opendatacommunities.org/id/london-borough-council/camden,8243,21/12/2020 02:48:42 PM
1180135656,CAMDEN,3 Pedestrian,1 Male,60+,73,1,3 Slight,05 Crossing Road (Not On Xing),1 From Drivers N/Side,1 Pedestrian,KILBURN HIGH ROAD J/W BRONDESBURY VILLA,1,28/09/2018 02:09:00 PM,Friday,14.09,3 Bor,A,5,3 Dual Cwy,2 30 MPH,3 T/Stag Jun,4 Give Way/Uncontrolled,Unclassified,0,0 No Xing Facility In 50m,1 Daylight,1 Fine,1 Road-Dry,0 None,0 None,525400,183620,-0.193282,51.537565,,,Unknown,"(51.537565, -0.193282)",http://opendatacommunities.org/id/london-borough-council/camden,8361,21/12/2020 02:48:42 PM
1180126578,CAMDEN,3 Pedestrian,1 Male,60+,74,1,3 Slight,01 Crossing Road On Ped Xing,1 From Drivers N/Side,1 Pedestrian,MANSFIELD ROAD 21M W OF J/W ESTELLE ROAD,1,12/08/2018 10:35:00 AM,Sunday,10.35,3 Bor,B,518,6 Single Cwy,2 30 MPH,0 No Jun In 20m,-2 Not Applicable,-2 Not Applicable,0,1 Zebra,1 Daylight,1 Fine,1 Road-Dry,0 None,0 None,528028,185512,-0.154723,51.553978,,,Unknown,"(51.553978, -0.154723)",http://opendatacommunities.org/id/london-borough-council/camden,8242,21/12/2020 02:48:42 PM
1180137918,CAMDEN,1 Driver/Rider,1 Male,60+,63,1,3 Slight,-2 Unknown,-2 N/A,5 Taxi,CAMDEN ROAD J/W TORRIANO AVE,2,07/10/2018 11:23:00 PM,Sunday,23.23,1 TLRN,A,503,6 Single Cwy,2 30 MPH,6 Crossroads,2 Auto Sig,A,5200,5 Pedn Phase At Ats,1 Daylight,1 Fine,1 Road-Dry,0 None,0 None,529750,184870,-0.130135,51.547816,,,Unknown,"(51.547816, -0.130135)",http://opendatacommunities.org/id/london-borough-council/camden,8406,21/12/2020 02:48:42 PM
1170034537,CAMDEN,1 Driver/Rider,1 Male,16-24,19,1,3 Slight,-2 Unknown,-2 N/A,2 Pedal Cycle,HAMPSTEAD ROAD J/W ROBERT STREET,2,28/04/2017 06:50:00 PM,Friday,18.50,1 TLRN,A,400,6 Single Cwy,1 <= 20 MPH,3 T/Stag Jun,4 Give Way/Uncontrolled,Unclassified,0,5 Pedn Phase At Ats,1 Daylight,1 Fine,1 Road-Dry,0 None,0 None,529219,182712,-0.138581,51.528544,,,Unknown,"(51.528544, -0.138581)",http://opendatacommunities.org/id/london-borough-council/camden,6927,21/12/2020 02:48:39 PM
1170066626,CAMDEN,1 Driver/Rider,2 Female,25-59,29,1,3 Slight,-2 Unknown,-2 N/A,2 Pedal Cycle,THEOBALDS ROAD J/W LAMBS CONDUIT STREET,3,26/10/2017 11:16:00 AM,Thursday,11.16,3 Bor,A,401,6 Single Cwy,1 <= 20 MPH,6 Crossroads,2 Auto Sig,C,0,5 Pedn Phase At Ats,1 Daylight,2 Raining,2 Road-Wet,0 None,0 None,530700,181840,-0.117567,51.520367,,,Unknown,"(51.520367, -0.117567)",http://opendatacommunities.org/id/london-borough-council/camden,7456,21/12/2020 02:48:40 PM
1190156136,CAMDEN,1 DRIVER/RIDER,1 MALE,25-59,35,1,3 SLIGHT,'-2 NOT APPLICABLE,'-2 NOT APPLICABLE,2 PEDAL CYCLE,"On West End Lane, 50 metres south of the junction with Sumatra Road.",2,07/01/2019 08:10:00 AM,Monday,8.10,3 BOR,B,510,2 ONE-WAY ST,20,00 NO JUN IN 20M,,0,0,1 ZEBRA,2 DAYLIGHT,8 OTHER,1 ROAD-DRY,0 NONE,0 NONE,525523,184869,-0.191064,51.548762,,,Unknown,"(51.548762, -0.191064)",http://opendatacommunities.org/id/london-borough-council/camden,8673,21/12/2020 02:48:43 PM
0116EK40174,CAMDEN,1 Driver/Rider,2 Female,25-59,30,1,3 Slight,-2 Unknown,-2 N/A,2 Pedal Cycle,GREENLAND RD J/W CAMDEN STREET,2,21/03/2016 07:45:00 PM,Monday,19.45,1 TLRN,Unclassified,0,6 Single Cwy,2 30 MPH,3 T/Stag Jun,4 Give Way/Uncontrolled,A,400,0 No Xing Facility In 50m,2 Dark,1 Fine,1 Road-Dry,0 None,0 None,529120,183960,-0.13955,51.539782,,,Unknown,"(51.539782, -0.13955)",http://opendatacommunities.org/id/london-borough-council/camden,6124,21/12/2020 02:48:38 PM
1190170781,CAMDEN,2 PASSENGER,2 FEMALE,25-59,41,1,3 SLIGHT,'-2 NOT APPLICABLE,'-2 NOT APPLICABLE,4 CAR,"Location uncertain Mutrix Road, 30 metres junction with quex road",2,23/03/2019 02:17:00 PM,Saturday,14.17,3 BOR,6,0,6 SINGLE CWY,20,00 NO JUN IN 20M,,0,0,0 NO XING FACILITY IN 50M,2 DAYLIGHT,1 FINE,1 ROAD-DRY,0 NONE,0 NONE,525388,183908,-0.193353,51.540155,,,Unknown,"(51.540155, -0.193353)",http://opendatacommunities.org/id/london-borough-council/camden,8866,21/12/2020 02:48:43 PM
0116EK40014,CAMDEN,2 Passenger,2 Female,16-24,23,1,3 Slight,-2 Unknown,-2 N/A,4 Car,HEATH STREET J/W NEW END,2,23/01/2016 02:00:00 AM,Saturday,2.00,3 Bor,A,502,6 Single Cwy,2 30 MPH,3 T/Stag Jun,4 Give Way/Uncontrolled,Unclassified,0,1 Zebra,2 Dark,1 Fine,1 Road-Dry,0 None,0 None,526360,186010,-0.17859,51.55883,,,Unknown,"(51.55883, -0.17859)",http://opendatacommunities.org/id/london-borough-council/camden,5992,21/12/2020 02:48:38 PM
1190162884,CAMDEN,1 DRIVER/RIDER,2 FEMALE,16-24,21,1,3 SLIGHT,'-2 NOT APPLICABLE,'-2 NOT APPLICABLE,4 CAR,"On Leverton Street, near the junction with Ascham Street.",2,11/02/2019 11:11:00 PM,Monday,23.11,3 BOR,6,0,6 SINGLE CWY,30,06 CROSSROADS,3 STOP SIGN,6,0,8 CENTRAL REFUGE,1 DARK,1 FINE,1 ROAD-DRY,0 NONE,0 NONE,529090,185423,-0.139446,51.552937,,,Unknown,"(51.552937, -0.139446)",http://opendatacommunities.org/id/london-borough-council/camden,8775,21/12/2020 02:48:43 PM
0116EK40196,CAMDEN,1 Driver/Rider,1 Male,16-24,20,1,3 Slight,-2 Unknown,-2 N/A,3 Powered 2 Wheeler,CHALK FARM ROAD J/W HARTLAND ROAD,2,01/04/2016 04:15:00 PM,Friday,16.15,3 Bor,A,502,6 Single Cwy,2 30 MPH,3 T/Stag Jun,4 Give Way/Uncontrolled,Unclassified,0,0 No Xing Facility In 50m,1 Daylight,1 Fine,1 Road-Dry,0 None,0 None,528570,184250,-0.14737,51.542514,,,Unknown,"(51.542514, -0.14737)",http://opendatacommunities.org/id/london-borough-council/camden,6141,21/12/2020 02:48:38 PM