Reference,London Borough Name,Casualty Class,Casualty Sex,Casualty Age Band,Casualty Age,Number Of Casualties,Casualty Severity,Pedestrian Location,Pedestrian Movement,Mode Of Travel,Attendant Location,Number Of Vehicles,Date,Day,Time,Highway,Road Class 1,Road Number 1,Road Type,Speed Limit,Junction Detail,Junction Control,Road Class 2,Road Number 2,Pedestrian Crossing,Light Condition Band,Weather,Road Surface,Special Conditions,Carriage Way Hazard,Easting,Northing,Longitude,Latitude,Ward Code,Ward Name,Spatial Accuracy,Location,Organisation URI,Socrata ID,Last Uploaded
0115EK40474,CAMDEN,3 Pedestrian,2 Female,60+,73,1,3 Slight,01 Crossing Road On Ped Xing,1 From Drivers N/Side,1 Pedestrian,KILBURN HIGH ROAD J/W BELSIZE ROAD,1,12/06/2015 04:39:00 PM,Friday,16.39,3 Bor,A,5,6 Single Cwy,2 30 MPH,3 T/Stag Jun,4 Give Way/Uncontrolled,B,509,4 Pelican Or Similar,1 Daylight,1 Fine,1 Road-Dry,0 None,0 None,525440,183590,-0.192717,51.537286,,,Unknown,"(51.537286, -0.192717)",http://opendatacommunities.org/id/london-borough-council/camden,4965,21/12/2020 02:48:36 PM
1180100189,CAMDEN,1 Driver/Rider,1 Male,25-59,29,1,2 Serious,-2 Unknown,-2 N/A,3 Powered 2 Wheeler,ROYAL COLLEGE STREET 50M N OF J/W PLENDER STREET,4,05/04/2018 11:30:00 AM,Thursday,11.30,3 Bor,A,5202,2 One-Way St,1 <= 20 MPH,0 No Jun In 20m,-2 Not Applicable,-2 Not Applicable,0,0 No Xing Facility In 50m,1 Daylight,1 Fine,1 Road-Dry,0 None,0 None,529434,183750,-0.135102,51.537823,,,Unknown,"(51.537823, -0.135102)",http://opendatacommunities.org/id/london-borough-council/camden,7868,21/12/2020 02:48:41 PM
0116EK40197,CAMDEN,2 Passenger,2 Female,25-59,30,1,3 Slight,-2 Unknown,-2 N/A,4 Car,CAMDEN HIGH STREET J/W JAMESTOWN ROAD,2,01/04/2016 11:20:00 PM,Friday,23.20,3 Bor,A,502,6 Single Cwy,1 <= 20 MPH,6 Crossroads,2 Auto Sig,C,0,5 Pedn Phase At Ats,2 Dark,1 Fine,1 Road-Dry,0 None,0 None,528780,184060,-0.144413,51.540759,,,Unknown,"(51.540759, -0.144413)",http://opendatacommunities.org/id/london-borough-council/camden,6142,21/12/2020 02:48:38 PM
1180106757,CAMDEN,1 Driver/Rider,1 Male,25-59,26,1,3 Slight,-2 Unknown,-2 N/A,3 Powered 2 Wheeler,NFL GORDON STREET 25M S OF J/W EUSTON ROAD,2,09/05/2018 09:20:00 AM,Wednesday,9.20,3 Bor,C,0,6 Single Cwy,2 30 MPH,0 No Jun In 20m,-2 Not Applicable,-2 Not Applicable,0,5 Pedn Phase At Ats,1 Daylight,1 Fine,1 Road-Dry,0 None,0 None,529590,182460,-0.133328,51.526194,,,Unknown,"(51.526194, -0.133328)",http://opendatacommunities.org/id/london-borough-council/camden,7973,21/12/2020 02:48:42 PM
0115EK40539,CAMDEN,3 Pedestrian,1 Male,25-59,51,1,2 Serious,01 Crossing Road On Ped Xing,3 From Drivers O/Side,1 Pedestrian,HAMPSTEAD ROAD 25M S OF ROBERT STREET,1,03/07/2015 11:13:00 AM,Friday,11.13,1 TLRN,A,400,6 Single Cwy,2 30 MPH,0 No Jun In 20m,-2 Not Applicable,-2 Not Applicable,0,4 Pelican Or Similar,1 Daylight,1 Fine,1 Road-Dry,0 None,0 None,529210,182680,-0.138722,51.528259,,,Unknown,"(51.528259, -0.138722)",http://opendatacommunities.org/id/london-borough-council/camden,5026,21/12/2020 02:48:36 PM
1170020617,CAMDEN,3 Pedestrian,2 Female,25-59,29,1,3 Slight,06 On Footpath - Verge,9 Unknown Or Other,1 Pedestrian,CARKERS LANE 25M SW OF J/W HIGHGATE ROAD,1,16/02/2017 01:07:00 PM,Thursday,13.07,3 Bor,B,518,6 Single Cwy,2 30 MPH,0 No Jun In 20m,-2 Not Applicable,-2 Not Applicable,0,0 No Xing Facility In 50m,1 Daylight,1 Fine,1 Road-Dry,0 None,0 None,528780,185490,-0.14389,51.55361,,,Unknown,"(51.55361, -0.14389)",http://opendatacommunities.org/id/london-borough-council/camden,6710,21/12/2020 02:48:39 PM
1190198256,CAMDEN,3 PEDESTRIAN,1 MALE,25-59,30,1,2 SERIOUS,08 IN CENTRE OF CARRIAGEWAY,'-2 NOT APPLICABLE,1 PEDESTRIAN,"On Endsleigh Street, near the junction with Tavistock Square.",1,07/08/2019 09:49:00 AM,Wednesday,9.49,3 BOR,6,0,6 SINGLE CWY,20,06 CROSSROADS,4 GIVE WAY/UNCONTROLLED,6,0,0 NO XING FACILITY IN 50M,2 DAYLIGHT,1 FINE,1 ROAD-DRY,0 NONE,0 NONE,529812,182375,-0.130161,51.52538,,,Unknown,"(51.52538, -0.130161)",http://opendatacommunities.org/id/london-borough-council/camden,9261,21/12/2020 02:48:44 PM
1180139733,CAMDEN,1 Driver/Rider,1 Male,25-59,37,1,3 Slight,-2 Unknown,-2 N/A,3 Powered 2 Wheeler,CARLOW STREET 25M E OF J/W ARLINGTON ROAD,2,30/09/2018 05:10:00 PM,Sunday,17.10,3 Bor,Unclassified,0,2 One-Way St,1 <= 20 MPH,0 No Jun In 20m,-2 Not Applicable,-2 Not Applicable,0,0 No Xing Facility In 50m,1 Daylight,1 Fine,1 Road-Dry,0 None,0 None,529091,183455,-0.140153,51.535251,,,Unknown,"(51.535251, -0.140153)",http://opendatacommunities.org/id/london-borough-council/camden,8439,21/12/2020 02:48:43 PM
1190187602,CAMDEN,1 DRIVER/RIDER,1 MALE,25-59,49,2,3 SLIGHT,'-2 NOT APPLICABLE,'-2 NOT APPLICABLE,4 CAR,"On Finchley Road, near the junction with Hilgrove Road.",2,16/06/2019 06:59:00 PM,Sunday,18.59,1 TLRN,A,41,3 DUAL CWY,20,06 CROSSROADS,2 AUTO SIG,B,509,5 PEDN PHASE AT ATS,2 DAYLIGHT,1 FINE,1 ROAD-DRY,0 NONE,0 NONE,526625,184094,-0.175458,51.541551,,,Unknown,"(51.541551, -0.175458)",http://opendatacommunities.org/id/london-borough-council/camden,9105,21/12/2020 02:48:44 PM
0115EK40035,CAMDEN,3 Pedestrian,2 Female,25-59,25,1,3 Slight,09 In Road - Not Crossing,8 In Rd Back To Traffic,1 Pedestrian,CAMDEN ROAD J/W CAMDEN STREET,1,16/01/2015 06:21:00 PM,Friday,18.21,1 TLRN,A,503,6 Single Cwy,2 30 MPH,6 Crossroads,2 Auto Sig,A,400,5 Pedn Phase At Ats,2 Dark,1 Fine,2 Road-Wet,0 None,0 None,529080,184020,-0.140104,51.540331,,,Unknown,"(51.540331, -0.140104)",http://opendatacommunities.org/id/london-borough-council/camden,4606,21/12/2020 02:48:35 PM
0116EK40050,CAMDEN,1 Driver/Rider,1 Male,16-24,23,1,3 Slight,-2 Unknown,-2 N/A,3 Powered 2 Wheeler,KENTISH TOWN ROAD J/W ISLIP STREET.,1,03/02/2016 06:13:00 PM,Wednesday,18.13,3 Bor,A,400,6 Single Cwy,1 <= 20 MPH,3 T/Stag Jun,4 Give Way/Uncontrolled,Unclassified,0,4 Pelican Or Similar,2 Dark,1 Fine,1 Road-Dry,0 None,0 None,528990,185060,-0.14102,51.549698,,,Unknown,"(51.549698, -0.14102)",http://opendatacommunities.org/id/london-borough-council/camden,6021,21/12/2020 02:48:38 PM
1180087067,CAMDEN,1 Driver/Rider,1 Male,Unknown,0,1,3 Slight,-2 Unknown,-2 N/A,2 Pedal Cycle,YORK WAY 50M N OF J/W GOODS WAY,2,31/01/2018 05:38:00 PM,Wednesday,17.38,3 Bor,A,5200,6 Single Cwy,2 30 MPH,0 No Jun In 20m,-2 Not Applicable,-2 Not Applicable,0,9 Unknown (S/R),2 Dark,1 Fine,1 Road-Dry,9 Unknown (S/R),9 Unknown (S/R),530320,183520,-0.122419,51.535553,,,Unknown,"(51.535553, -0.122419)",http://opendatacommunities.org/id/london-borough-council/camden,7707,21/12/2020 02:48:41 PM
1190168032,CAMDEN,1 DRIVER/RIDER,2 FEMALE,25-59,44,1,2 SERIOUS,'-2 NOT APPLICABLE,'-2 NOT APPLICABLE,2 PEDAL CYCLE,"On Avenue Road, near the junction with St Edmunds Terrace, NW8.",2,09/03/2019 05:09:00 PM,Saturday,17.09,3 BOR,B,525,6 SINGLE CWY,20,06 CROSSROADS,4 GIVE WAY/UNCONTROLLED,B,525,0 NO XING FACILITY IN 50M,2 DAYLIGHT,1 FINE,1 ROAD-DRY,0 NONE,0 NONE,527374,183474,-0.164888,51.535811,,,Unknown,"(51.535811, -0.164888)",http://opendatacommunities.org/id/london-borough-council/camden,8832,21/12/2020 02:48:43 PM
0116EK40171,CAMDEN,1 Driver/Rider,1 Male,25-59,50,1,3 Slight,-2 Unknown,-2 N/A,2 Pedal Cycle,TAVISTOCK SQUARE 24M SOUTH WEST J/W BEDFORD WAY,1,18/03/2016 05:40:00 PM,Friday,17.40,3 Bor,C,0,6 Single Cwy,2 30 MPH,0 No Jun In 20m,-2 Not Applicable,-2 Not Applicable,0,0 No Xing Facility In 50m,2 Dark,1 Fine,1 Road-Dry,0 None,0 None,529880,182230,-0.129235,51.524061,,,Unknown,"(51.524061, -0.129235)",http://opendatacommunities.org/id/london-borough-council/camden,6122,21/12/2020 02:48:38 PM
1170051053,CAMDEN,1 Driver/Rider,1 Male,16-24,23,1,3 Slight,-2 Unknown,-2 N/A,4 Car,ESTELLE ROAD 10M S OF J/W SEVERNAKE ROAD,2,28/07/2017 05:25:00 PM,Friday,17.25,3 Bor,Unclassified,0,6 Single Cwy,2 30 MPH,3 T/Stag Jun,4 Give Way/Uncontrolled,Unclassified,0,0 No Xing Facility In 50m,1 Daylight,1 Fine,1 Road-Dry,0 None,0 None,527960,185690,-0.155638,51.555594,,,Unknown,"(51.555594, -0.155638)",http://opendatacommunities.org/id/london-borough-council/camden,7199,21/12/2020 02:48:40 PM
0115EK40141,CAMDEN,1 Driver/Rider,1 Male,60+,60,1,3 Slight,-2 Unknown,-2 N/A,4 Car,FINCHLEY ROAD J/W PLATT'S LANE,2,07/01/2015 11:08:00 AM,Wednesday,11.08,1 TLRN,A,41,6 Single Cwy,2 30 MPH,6 Crossroads,2 Auto Sig,C,0,5 Pedn Phase At Ats,1 Daylight,1 Fine,1 Road-Dry,0 None,0 None,525170,185860,-0.195801,51.557747,,,Unknown,"(51.557747, -0.195801)",http://opendatacommunities.org/id/london-borough-council/camden,4691,21/12/2020 02:48:36 PM
1190204069,CAMDEN,3 PEDESTRIAN,2 FEMALE,25-59,48,1,3 SLIGHT,01 CROSSING ROAD ON PED XING,'-2 NOT APPLICABLE,1 PEDESTRIAN,"On Tottenham Court Road, 21 metres north of the junction with percy street.. The nearest classified road was the B1. The nearest classified road was the B1",1,08/09/2019 02:00:00 PM,Sunday,14.00,3 BOR,A,400,6 SINGLE CWY,20,00 NO JUN IN 20M,,0,0,5 PEDN PHASE AT ATS,2 DAYLIGHT,1 FINE,1 ROAD-DRY,0 NONE,0 NONE,529705,181587,-0.131993,51.518323,,,Unknown,"(51.518323, -0.131993)",http://opendatacommunities.org/id/london-borough-council/camden,9343,21/12/2020 02:48:44 PM
1160002829,CAMDEN,1 Driver/Rider,1 Male,16-24,21,1,2 Serious,-2 Unknown,-2 N/A,3 Powered 2 Wheeler,CAMDEN ROAD J/W TORRIANO AVENUE,2,22/11/2016 02:32:00 PM,Tuesday,14.32,1 TLRN,A,503,6 Single Cwy,2 30 MPH,6 Crossroads,2 Auto Sig,A,5200,5 Pedn Phase At Ats,1 Daylight,1 Fine,1 Road-Dry,0 None,0 None,529728,184879,-0.130449,51.547902,,,Unknown,"(51.547902, -0.130449)",http://opendatacommunities.org/id/london-borough-council/camden,5688,21/12/2020 02:48:37 PM
1190200328,CAMDEN,1 DRIVER/RIDER,1 MALE,25-59,29,1,3 SLIGHT,'-2 NOT APPLICABLE,'-2 NOT APPLICABLE,3 POWERED 2 WHEELER,"On Churchway, 20 metres north of the junction with Euston Road.",2,19/08/2019 08:30:00 AM,Monday,8.30,1 TLRN,6,0,6 SINGLE CWY,30,03 T/STAG JUN,2 AUTO SIG,A,501,9 UNKNOWN (S/R),2 DAYLIGHT,1 FINE,2 ROAD-WET,0 NONE,0 NONE,529829,182640,-0.129819,51.527757,,,Unknown,"(51.527757, -0.129819)",http://opendatacommunities.org/id/london-borough-council/camden,9285,21/12/2020 02:48:44 PM
1170051188,CAMDEN,1 Driver/Rider,1 Male,60+,71,1,3 Slight,-2 Unknown,-2 N/A,3 Powered 2 Wheeler,SUMATRA ROAD 100M W OF J/W DENNINGTON PARK ROAD,2,30/07/2017 04:25:00 PM,Sunday,16.25,3 Bor,Unclassified,0,3 Dual Cwy,1 <= 20 MPH,0 No Jun In 20m,-2 Not Applicable,-2 Not Applicable,0,0 No Xing Facility In 50m,1 Daylight,1 Fine,1 Road-Dry,0 None,0 None,525170,184920,-0.196135,51.549299,,,Unknown,"(51.549299, -0.196135)",http://opendatacommunities.org/id/london-borough-council/camden,7205,21/12/2020 02:48:40 PM
0115EK40253,CAMDEN,1 Driver/Rider,1 Male,25-59,32,1,3 Slight,-2 Unknown,-2 N/A,2 Pedal Cycle,HIGHGATE ROAD J/W ST ALBANS ROAD,2,05/04/2015 08:00:00 AM,Sunday,8.00,3 Bor,C,0,6 Single Cwy,2 30 MPH,3 T/Stag Jun,4 Give Way/Uncontrolled,Unclassified,0,1 Zebra,1 Daylight,1 Fine,1 Road-Dry,0 None,0 None,528310,186270,-0.150381,51.560727,,,Unknown,"(51.560727, -0.150381)",http://opendatacommunities.org/id/london-borough-council/camden,4782,21/12/2020 02:48:36 PM
1170071988,CAMDEN,1 Driver/Rider,1 Male,25-59,25,1,2 Serious,-2 Unknown,-2 N/A,3 Powered 2 Wheeler,FINCHLEY ROAD J/W BURRARD ROAD,2,22/11/2017 03:13:00 PM,Wednesday,15.13,1 TLRN,A,41,3 Dual Cwy,2 30 MPH,9 Other Jun,4 Give Way/Uncontrolled,Unclassified,0,0 No Xing Facility In 50m,1 Daylight,1 Fine,1 Road-Dry,0 None,0 None,525330,185620,-0.193579,51.555554,,,Unknown,"(51.555554, -0.193579)",http://opendatacommunities.org/id/london-borough-council/camden,7531,21/12/2020 02:48:41 PM
1170027794,CAMDEN,3 Pedestrian,2 Female,25-59,30,1,3 Slight,04 Crossing Road Within 50m Xing,2 From Drivers N/Side Msk,1 Pedestrian,CAMDEN ROAD 30M W OF J/W CAMDEN STREET,1,24/03/2017 03:00:00 PM,Friday,15.00,1 TLRN,A,503,6 Single Cwy,2 30 MPH,0 No Jun In 20m,-2 Not Applicable,-2 Not Applicable,0,4 Pelican Or Similar,1 Daylight,1 Fine,1 Road-Dry,0 None,2 Other Object In Cwy,529040,184000,-0.140688,51.54016,,,Unknown,"(51.54016, -0.140688)",http://opendatacommunities.org/id/london-borough-council/camden,6815,21/12/2020 02:48:39 PM
0115EK40635,CAMDEN,3 Pedestrian,2 Female,25-59,45,1,3 Slight,01 Crossing Road On Ped Xing,1 From Drivers N/Side,1 Pedestrian,GRAY'S INN ROAD J/W CALTHORPE STREET,1,23/07/2015 08:00:00 AM,Thursday,8.00,3 Bor,A,5200,6 Single Cwy,2 30 MPH,6 Crossroads,2 Auto Sig,B,502,5 Pedn Phase At Ats,1 Daylight,1 Fine,1 Road-Dry,0 None,0 None,530790,182290,-0.116103,51.52439,,,Unknown,"(51.52439, -0.116103)",http://opendatacommunities.org/id/london-borough-council/camden,5114,21/12/2020 02:48:36 PM
1180141425,CAMDEN,3 Pedestrian,1 Male,25-59,33,1,3 Slight,04 Crossing Road Within 50m Xing,4 From Drivers O/Side Msk,1 Pedestrian,GRAYS INN ROAD 70M N OF J/W THEOBALDS ROAD THE NEAREST CLASSIFIED,1,26/10/2018 08:40:00 AM,Friday,8.40,3 Bor,A,5200,6 Single Cwy,1 <= 20 MPH,0 No Jun In 20m,-2 Not Applicable,-2 Not Applicable,0,5 Pedn Phase At Ats,1 Daylight,2 Raining,2 Road-Wet,0 None,0 None,530980,182020,-0.113466,51.52192,,,Unknown,"(51.52192, -0.113466)",http://opendatacommunities.org/id/london-borough-council/camden,8475,21/12/2020 02:48:43 PM
1180104200,CAMDEN,1 Driver/Rider,1 Male,25-59,32,1,2 Serious,-2 Unknown,-2 N/A,3 Powered 2 Wheeler,YORK WAY J/W VALE ROYAL,2,26/04/2018 01:14:00 PM,Thursday,13.14,3 Bor,A,5200,3 Dual Cwy,1 <= 20 MPH,3 T/Stag Jun,4 Give Way/Uncontrolled,Unclassified,0,1 Zebra,1 Daylight,4 Fine/High Winds,1 Road-Dry,0 None,0 None,530100,184180,-0.125346,51.541535,,,Unknown,"(51.541535, -0.125346)",http://opendatacommunities.org/id/london-borough-council/camden,7932,21/12/2020 02:48:41 PM
0115EK40487,CAMDEN,3 Pedestrian,2 Female,60+,64,1,3 Slight,05 Crossing Road (Not On Xing),1 From Drivers N/Side,1 Pedestrian,HOLMES ROAD J/W CATHCART STREET,1,22/04/2015 08:15:00 AM,Wednesday,8.15,3 Bor,Unclassified,0,6 Single Cwy,2 30 MPH,3 T/Stag Jun,4 Give Way/Uncontrolled,Unclassified,0,0 No Xing Facility In 50m,1 Daylight,1 Fine,1 Road-Dry,0 None,0 None,528700,185030,-0.145212,51.549494,,,Unknown,"(51.549494, -0.145212)",http://opendatacommunities.org/id/london-borough-council/camden,4975,21/12/2020 02:48:36 PM
1190220736,CAMDEN,3 PEDESTRIAN,2 FEMALE,60+,68,1,2 SERIOUS,04 CROSSING ROAD WITHIN 50M XING,'-2 NOT APPLICABLE,1 PEDESTRIAN,"On Royal College Street, near the junction with Crowndale Road.",1,25/11/2019 05:19:00 PM,Monday,17.19,3 BOR,A,5202,6 SINGLE CWY,20,03 T/STAG JUN,2 AUTO SIG,B,512,4 PELICAN OR SIMILAR,1 DARK,2 RAINING,2 ROAD-WET,0 NONE,0 NONE,529566,183513,-0.133287,51.535663,,,Unknown,"(51.535663, -0.133287)",http://opendatacommunities.org/id/london-borough-council/camden,9551,21/12/2020 02:48:44 PM
0115EK41002,CAMDEN,1 Driver/Rider,1 Male,25-59,27,1,3 Slight,-2 Unknown,-2 N/A,2 Pedal Cycle,SHAFTESBURY AVENUE J/W HIGH HOLBORN.,1,09/11/2015 02:45:00 PM,Monday,14.45,3 Bor,A,401,2 One-Way St,2 30 MPH,6 Crossroads,2 Auto Sig,A,40,5 Pedn Phase At Ats,1 Daylight,1 Fine,1 Road-Dry,0 None,0 None,530080,181310,-0.126693,51.515747,,,Unknown,"(51.515747, -0.126693)",http://opendatacommunities.org/id/london-borough-council/camden,5428,21/12/2020 02:48:37 PM
0116EK40021,CAMDEN,1 Driver/Rider,1 Male,25-59,41,1,3 Slight,-2 Unknown,-2 N/A,3 Powered 2 Wheeler,EUSTON ROAD J/W GORDON STREET,2,13/01/2016 06:35:00 PM,Wednesday,18.35,1 TLRN,A,501,3 Dual Cwy,2 30 MPH,6 Crossroads,2 Auto Sig,C,0,5 Pedn Phase At Ats,2 Dark,1 Fine,1 Road-Dry,0 None,0 None,529580,182470,-0.133469,51.526287,,,Unknown,"(51.526287, -0.133469)",http://opendatacommunities.org/id/london-borough-council/camden,5998,21/12/2020 02:48:38 PM
1170033937,CAMDEN,1 Driver/Rider,1 Male,25-59,29,1,3 Slight,-2 Unknown,-2 N/A,3 Powered 2 Wheeler,BLOOMSBURY WAY J/W BURY PLACE,3,03/04/2017 08:50:00 AM,Monday,8.50,3 Bor,A,40,9 Unknown,2 30 MPH,99 Unknown (S/R),9 Unknown (S/R),Unclassified,0,9 Unknown (S/R),1 Daylight,9 Unknown,9 Unknown (S/R),6 Oil Or Diesel,9 Unknown (S/R),530280,181540,-0.123728,51.517768,,,Unknown,"(51.517768, -0.123728)",http://opendatacommunities.org/id/london-borough-council/camden,6911,21/12/2020 02:48:39 PM
1180104129,CAMDEN,3 Pedestrian,1 Male,25-59,30,1,2 Serious,09 In Road - Not Crossing,9 Unknown Or Other,1 Pedestrian,DRUMMOND STREET J/W HAMPSTEAD ROAD,1,26/04/2018 08:50:00 AM,Thursday,8.50,1 TLRN,A,400,6 Single Cwy,2 30 MPH,6 Crossroads,2 Auto Sig,C,0,0 No Xing Facility In 50m,1 Daylight,1 Fine,1 Road-Dry,0 None,0 None,529230,182480,-0.138508,51.526457,,,Unknown,"(51.526457, -0.138508)",http://opendatacommunities.org/id/london-borough-council/camden,7931,21/12/2020 02:48:41 PM
1180130272,CAMDEN,1 Driver/Rider,1 Male,16-24,16,1,3 Slight,-2 Unknown,-2 N/A,3 Powered 2 Wheeler,CAMDEN HIGH STREET 20M N OF J/W PARKWAY,2,02/09/2018 10:41:00 PM,Sunday,22.41,1 TLRN,A,502,6 Single Cwy,1 <= 20 MPH,7 Multi Jun,2 Auto Sig,A,4201,5 Pedn Phase At Ats,2 Dark,1 Fine,1 Road-Dry,0 None,0 None,528896,183884,-0.142806,51.53915,,,Unknown,"(51.53915, -0.142806)",http://opendatacommunities.org/id/london-borough-council/camden,8297,21/12/2020 02:48:42 PM
1180085886,CAMDEN,1 Driver/Rider,2 Female,25-59,32,1,2 Serious,-2 Unknown,-2 N/A,2 Pedal Cycle,CAMDEN HIGH STREET J/W CAMDEN ROAD,2,25/01/2018 07:00:00 PM,Thursday,19.00,1 TLRN,A,400,6 Single Cwy,1 <= 20 MPH,7 Multi Jun,2 Auto Sig,A,503,5 Pedn Phase At Ats,2 Dark,1 Fine,1 Road-Dry,0 None,0 None,528910,183890,-0.142602,51.539201,,,Unknown,"(51.539201, -0.142602)",http://opendatacommunities.org/id/london-borough-council/camden,7693,21/12/2020 02:48:41 PM
1190216368,CAMDEN,3 PEDESTRIAN,2 FEMALE,25-59,43,1,3 SLIGHT,04 CROSSING ROAD WITHIN 50M XING,1 FROM DRIVERS N/SIDE,1 PEDESTRIAN,"On Pancras Road, near the junction with King's Cross Station Drop Off Area.",1,05/11/2019 11:00:00 PM,Tuesday,23.00,3 BOR,A,5202,6 SINGLE CWY,30,08 PRIV DRIVE,4 GIVE WAY/UNCONTROLLED,6,0,5 PEDN PHASE AT ATS,1 DARK,1 FINE,2 ROAD-WET,0 NONE,0 NONE,530126,183120,-0.125363,51.532003,,,Unknown,"(51.532003, -0.125363)",http://opendatacommunities.org/id/london-borough-council/camden,9496,21/12/2020 02:48:44 PM
1180083373,CAMDEN,1 Driver/Rider,2 Female,25-59,30,1,3 Slight,-2 Unknown,-2 N/A,2 Pedal Cycle,NFL ARKWRIGHT ROAD JW LINDFIELD GARDENS,2,11/01/2018 06:40:00 PM,Thursday,18.40,3 Bor,C,0,6 Single Cwy,2 30 MPH,0 No Jun In 20m,-2 Not Applicable,-2 Not Applicable,0,9 Unknown (S/R),2 Dark,1 Fine,2 Road-Wet,0 None,0 None,526130,185170,-0.182207,51.551332,,,Unknown,"(51.551332, -0.182207)",http://opendatacommunities.org/id/london-borough-council/camden,7664,21/12/2020 02:48:41 PM
1170015236,CAMDEN,1 Driver/Rider,1 Male,25-59,30,1,3 Slight,-2 Unknown,-2 N/A,3 Powered 2 Wheeler,GRAYS INN ROAD J/W SIDMOUTH STREET,2,30/01/2017 09:36:00 PM,Monday,21.36,3 Bor,A,5200,6 Single Cwy,2 30 MPH,3 T/Stag Jun,2 Auto Sig,C,0,4 Pelican Or Similar,2 Dark,1 Fine,2 Road-Wet,0 None,0 None,530610,182610,-0.118578,51.527308,,,Unknown,"(51.527308, -0.118578)",http://opendatacommunities.org/id/london-borough-council/camden,6630,21/12/2020 02:48:39 PM
1170062831,CAMDEN,2 Passenger,2 Female,25-59,47,1,3 Slight,-2 Unknown,-2 N/A,6 Bus Or Coach,SOUTHAMPTON ROW 25M N OF J/W HIGH HOLBORN THE NEAREST CLASSIFIED R,1,05/10/2017 11:04:00 PM,Thursday,23.04,3 Bor,A,4200,2 One-Way St,1 <= 20 MPH,0 No Jun In 20m,-2 Not Applicable,-2 Not Applicable,0,5 Pedn Phase At Ats,2 Dark,1 Fine,1 Road-Dry,0 None,0 None,530500,181530,-0.120562,51.517627,,,Unknown,"(51.517627, -0.120562)",http://opendatacommunities.org/id/london-borough-council/camden,7382,21/12/2020 02:48:40 PM
1180116226,CAMDEN,1 Driver/Rider,1 Male,25-59,37,1,3 Slight,-2 Unknown,-2 N/A,3 Powered 2 Wheeler,EUSTON SQUARE J/W MELTON STREET,3,22/06/2018 08:10:00 AM,Friday,8.10,1 TLRN,A,501,3 Dual Cwy,2 30 MPH,6 Crossroads,2 Auto Sig,C,0,5 Pedn Phase At Ats,1 Daylight,8 Other,1 Road-Dry,0 None,0 None,529560,182480,-0.133753,51.526381,,,Unknown,"(51.526381, -0.133753)",http://opendatacommunities.org/id/london-borough-council/camden,8107,21/12/2020 02:48:42 PM
1180101893,CAMDEN,1 Driver/Rider,1 Male,25-59,39,1,3 Slight,-2 Unknown,-2 N/A,5 Taxi,PLENDER STREET 1M S OF J/W BAYHAM STREET,2,15/04/2018 05:15:00 PM,Sunday,17.15,3 Bor,Unclassified,0,2 One-Way St,1 <= 20 MPH,6 Crossroads,4 Give Way/Uncontrolled,C,0,1 Zebra,1 Daylight,1 Fine,1 Road-Dry,0 None,0 None,529190,183560,-0.138688,51.536172,,,Unknown,"(51.536172, -0.138688)",http://opendatacommunities.org/id/london-borough-council/camden,7891,21/12/2020 02:48:41 PM
1170037228,CAMDEN,2 Passenger,1 Male,25-59,47,1,3 Slight,-2 Unknown,-2 N/A,5 Taxi,ABBEY ROAD J/W BELSIZE ROAD,2,13/05/2017 08:08:00 PM,Saturday,20.08,3 Bor,B,507,6 Single Cwy,2 30 MPH,6 Crossroads,2 Auto Sig,B,509,4 Pelican Or Similar,1 Daylight,1 Fine,1 Road-Dry,0 None,0 None,525800,183880,-0.187425,51.539812,,,Unknown,"(51.539812, -0.187425)",http://opendatacommunities.org/id/london-borough-council/camden,6959,21/12/2020 02:48:39 PM
1170057453,CAMDEN,1 Driver/Rider,1 Male,16-24,21,1,3 Slight,-2 Unknown,-2 N/A,3 Powered 2 Wheeler,WEST END LANE 50M N OF J/W CANNON HILL,2,05/09/2017 08:36:00 PM,Tuesday,20.36,3 Bor,C,0,6 Single Cwy,1 <= 20 MPH,0 No Jun In 20m,-2 Not Applicable,-2 Not Applicable,0,0 No Xing Facility In 50m,2 Dark,2 Raining,2 Road-Wet,0 None,0 None,525541,185279,-0.190659,51.552443,,,Unknown,"(51.552443, -0.190659)",http://opendatacommunities.org/id/london-borough-council/camden,7293,21/12/2020 02:48:40 PM
1180134973,CAMDEN,3 Pedestrian,1 Male,16-24,18,1,3 Slight,01 Crossing Road On Ped Xing,1 From Drivers N/Side,1 Pedestrian,A400 BLOOMSBURY STREET J/W NEW OXFORD STREET,1,25/09/2018 10:40:00 PM,Tuesday,22.40,3 Bor,A,400,3 Dual Cwy,2 30 MPH,6 Crossroads,2 Auto Sig,A,40,5 Pedn Phase At Ats,2 Dark,1 Fine,1 Road-Dry,0 None,0 None,530060,181430,-0.126937,51.51683,,,Unknown,"(51.51683, -0.126937)",http://opendatacommunities.org/id/london-borough-council/camden,8355,21/12/2020 02:48:42 PM
0115EO40743,CAMDEN,2 Passenger,2 Female,25-59,27,1,3 Slight,-2 Unknown,-2 N/A,4 Car,YORK WAY J/W WHARFDALE ROAD,2,05/09/2015 08:11:00 PM,Saturday,20.11,3 Bor,A,5200,6 Single Cwy,1 <= 20 MPH,3 T/Stag Jun,4 Give Way/Uncontrolled,C,0,0 No Xing Facility In 50m,2 Dark,1 Fine,1 Road-Dry,0 None,0 None,530320,183310,-0.122497,51.533665,,,Unknown,"(51.533665, -0.122497)",http://opendatacommunities.org/id/london-borough-council/camden,5601,21/12/2020 02:48:37 PM