Reference,London Borough Name,Casualty Class,Casualty Sex,Casualty Age Band,Casualty Age,Number Of Casualties,Casualty Severity,Pedestrian Location,Pedestrian Movement,Mode Of Travel,Attendant Location,Number Of Vehicles,Date,Day,Time,Highway,Road Class 1,Road Number 1,Road Type,Speed Limit,Junction Detail,Junction Control,Road Class 2,Road Number 2,Pedestrian Crossing,Light Condition Band,Weather,Road Surface,Special Conditions,Carriage Way Hazard,Easting,Northing,Longitude,Latitude,Ward Code,Ward Name,Spatial Accuracy,Location,Organisation URI,Socrata ID,Last Uploaded
1190214628,CAMDEN,1 DRIVER/RIDER,1 MALE,16-24,18,1,3 SLIGHT,'-2 NOT APPLICABLE,'-2 NOT APPLICABLE,3 POWERED 2 WHEELER,"On Swain's Lane, 170 metres north of the junction with OAKESHOT AVENUE.. The nearest classified road was the B2. The nearest classified road was the B2",2,28/10/2019 05:30:00 PM,Monday,17.30,3 BOR,6,0,3 DUAL CWY,20,00 NO JUN IN 20M,,0,0,0 NO XING FACILITY IN 50M,1 DARK,1 FINE,2 ROAD-WET,0 NONE,0 NONE,528534,187045,-0.146868,51.56764,,,Unknown,"(51.56764, -0.146868)",http://opendatacommunities.org/id/london-borough-council/camden,9474,21/12/2020 02:48:44 PM
1180120279,CAMDEN,2 Passenger,2 Female,25-59,30,1,3 Slight,-2 Unknown,-2 N/A,4 Car,MAYGROVE ROAD J/W ARIEL ROAD,2,08/07/2018 01:30:00 PM,Sunday,13.30,3 Bor,C,0,6 Single Cwy,1 <= 20 MPH,3 T/Stag Jun,4 Give Way/Uncontrolled,Unclassified,0,9 Unknown (S/R),1 Daylight,1 Fine,1 Road-Dry,9 Unknown (S/R),9 Unknown (S/R),525030,184770,-0.198206,51.547982,,,Unknown,"(51.547982, -0.198206)",http://opendatacommunities.org/id/london-borough-council/camden,8166,21/12/2020 02:48:42 PM
1170045776,CAMDEN,1 Driver/Rider,1 Male,25-59,50,1,3 Slight,-2 Unknown,-2 N/A,5 Taxi,VARNDELL STREET J/W STANHOPE STREET,2,29/06/2017 11:45:00 PM,Thursday,23.45,3 Bor,Unclassified,0,6 Single Cwy,1 <= 20 MPH,6 Crossroads,4 Give Way/Uncontrolled,Unclassified,0,0 No Xing Facility In 50m,2 Dark,1 Fine,1 Road-Dry,0 None,0 None,529070,182800,-0.140695,51.529369,,,Unknown,"(51.529369, -0.140695)",http://opendatacommunities.org/id/london-borough-council/camden,7100,21/12/2020 02:48:40 PM
0116EK40335,CAMDEN,2 Passenger,1 Male,16-24,22,1,3 Slight,-2 Unknown,-2 N/A,4 Car,AVENUE RD 32M NORTH WEST OF J/W FINCHLEY RD SLIP RD,2,13/05/2016 11:38:00 PM,Friday,23.38,1 TLRN,A,41,3 Dual Cwy,2 30 MPH,9 Other Jun,2 Auto Sig,A,41,5 Pedn Phase At Ats,2 Dark,1 Fine,1 Road-Dry,0 None,0 None,526660,184310,-0.174876,51.543485,,,Unknown,"(51.543485, -0.174876)",http://opendatacommunities.org/id/london-borough-council/camden,6267,21/12/2020 02:48:38 PM
1180121125,CAMDEN,1 Driver/Rider,1 Male,25-59,31,1,2 Serious,-2 Unknown,-2 N/A,2 Pedal Cycle,KENTISH TOWN ROAD J/W HAWLEY CRESCENT,1,12/07/2018 12:01:00 AM,Thursday,0.01,3 Bor,A,400,6 Single Cwy,1 <= 20 MPH,99 Unknown (S/R),9 Unknown (S/R),Unclassified,0,0 No Xing Facility In 50m,2 Dark,1 Fine,1 Road-Dry,0 None,0 None,528930,184070,-0.142248,51.540814,,,Unknown,"(51.540814, -0.142248)",http://opendatacommunities.org/id/london-borough-council/camden,8179,21/12/2020 02:48:42 PM
1180093299,CAMDEN,1 Driver/Rider,1 Male,25-59,47,1,3 Slight,-2 Unknown,-2 N/A,4 Car,TOTTENHAM COURT ROAD 5M S OF J/W GOODGE STREET,2,01/03/2018 03:40:00 AM,Thursday,3.40,3 Bor,A,400,2 One-Way St,1 <= 20 MPH,3 T/Stag Jun,4 Give Way/Uncontrolled,B,506,0 No Xing Facility In 50m,2 Dark,3 Snowing,3 Road-Snow,0 None,0 None,529580,181770,-0.133726,51.519996,,,Unknown,"(51.519996, -0.133726)",http://opendatacommunities.org/id/london-borough-council/camden,7786,21/12/2020 02:48:41 PM
0115EK40588,CAMDEN,1 Driver/Rider,1 Male,25-59,41,1,3 Slight,-2 Unknown,-2 N/A,2 Pedal Cycle,OUTER CIRCLE 25M N OF GLOUCESTER GATE,2,09/07/2015 08:51:00 PM,Thursday,20.51,3 Bor,Unclassified,0,6 Single Cwy,2 30 MPH,0 No Jun In 20m,-2 Not Applicable,-2 Not Applicable,0,0 No Xing Facility In 50m,1 Daylight,1 Fine,1 Road-Dry,0 None,0 None,528530,183450,-0.148239,51.535333,,,Unknown,"(51.535333, -0.148239)",http://opendatacommunities.org/id/london-borough-council/camden,5074,21/12/2020 02:48:36 PM
1180137021,CAMDEN,3 Pedestrian,2 Female,25-59,29,1,2 Serious,04 Crossing Road Within 50m Xing,1 From Drivers N/Side,1 Pedestrian,BOUNDARY ROAD J/W ABBEY ROAD,1,05/10/2018 12:00:00 PM,Friday,12.00,3 Bor,B,507,6 Single Cwy,2 30 MPH,3 T/Stag Jun,4 Give Way/Uncontrolled,B,507,1 Zebra,1 Daylight,1 Fine,1 Road-Dry,0 None,0 None,526000,183680,-0.184614,51.53797,,,Unknown,"(51.53797, -0.184614)",http://opendatacommunities.org/id/london-borough-council/camden,8381,21/12/2020 02:48:42 PM
1160007496,CAMDEN,1 Driver/Rider,2 Female,25-59,32,1,3 Slight,-2 Unknown,-2 N/A,4 Car,CAVERSHAM ROAD 105M E OF J/W HAMMOND STREET,3,16/12/2016 10:00:00 PM,Friday,22.00,3 Bor,Unclassified,0,2 One-Way St,1 <= 20 MPH,0 No Jun In 20m,-2 Not Applicable,-2 Not Applicable,0,0 No Xing Facility In 50m,2 Dark,1 Fine,1 Road-Dry,0 None,0 None,529270,184930,-0.137032,51.548465,,,Unknown,"(51.548465, -0.137032)",http://opendatacommunities.org/id/london-borough-council/camden,5784,21/12/2020 02:48:37 PM
1190244445,CAMDEN,1 DRIVER/RIDER,1 MALE,25-59,58,1,2 SERIOUS,'-2 NOT APPLICABLE,'-2 NOT APPLICABLE,3 POWERED 2 WHEELER,"On Euston Road, near the junction with melton street.",2,13/11/2019 01:05:00 PM,Wednesday,13.05,1 TLRN,A,501,2 ONE-WAY ST,30,06 CROSSROADS,9 UNKNOWN (S/R),5,0,9 UNKNOWN (S/R),2 DAYLIGHT,1 FINE,1 ROAD-DRY,9 UNKNOWN (S/R),0 NONE,529560,182484,-0.133752,51.526417,,,Unknown,"(51.526417, -0.133752)",http://opendatacommunities.org/id/london-borough-council/camden,9669,21/12/2020 02:48:45 PM
0116EK40300,CAMDEN,3 Pedestrian,1 Male,25-59,32,1,3 Slight,04 Crossing Road Within 50m Xing,3 From Drivers O/Side,1 Pedestrian,FERDINAND STREET J/W CHALK FARM ROAD.,1,02/05/2016 11:55:00 PM,Monday,23.55,3 Bor,B,517,6 Single Cwy,1 <= 20 MPH,3 T/Stag Jun,2 Auto Sig,A,502,5 Pedn Phase At Ats,2 Dark,1 Fine,1 Road-Dry,0 None,6 Ped In Cwy (Not Inj),528450,184300,-0.149081,51.542991,,,Unknown,"(51.542991, -0.149081)",http://opendatacommunities.org/id/london-borough-council/camden,6236,21/12/2020 02:48:38 PM
1170029165,CAMDEN,1 Driver/Rider,1 Male,25-59,30,1,2 Serious,-2 Unknown,-2 N/A,3 Powered 2 Wheeler,HAMPSTEAD ROAD 30M N OF J/W EUSTON ROAD THE NEAREST CLASSIFIED ROA,2,31/03/2017 03:00:00 AM,Friday,3.00,1 TLRN,A,400,3 Dual Cwy,2 30 MPH,0 No Jun In 20m,-2 Not Applicable,-2 Not Applicable,0,5 Pedn Phase At Ats,2 Dark,1 Fine,1 Road-Dry,0 None,0 None,529230,182370,-0.138548,51.525468,,,Unknown,"(51.525468, -0.138548)",http://opendatacommunities.org/id/london-borough-council/camden,6832,21/12/2020 02:48:39 PM
0115EK40470,CAMDEN,2 Passenger,1 Male,60+,82,1,3 Slight,-2 Unknown,-2 N/A,6 Bus Or Coach,VERNON PLACE J/W SOUTHAMPTON ROW,1,13/06/2015 03:50:00 PM,Saturday,15.50,3 Bor,A,401,3 Dual Cwy,3 40 MPH,6 Crossroads,2 Auto Sig,A,4200,5 Pedn Phase At Ats,1 Daylight,1 Fine,1 Road-Dry,0 None,0 None,530450,181670,-0.121231,51.518897,,,Unknown,"(51.518897, -0.121231)",http://opendatacommunities.org/id/london-borough-council/camden,4961,21/12/2020 02:48:36 PM
1190201285,CAMDEN,1 DRIVER/RIDER,1 MALE,25-59,31,1,3 SLIGHT,'-2 NOT APPLICABLE,'-2 NOT APPLICABLE,2 PEDAL CYCLE,"On Iverson Road, near the junction with Medley Road.",2,24/08/2019 12:15:00 PM,Saturday,12.15,3 BOR,B,520,6 SINGLE CWY,20,03 T/STAG JUN,4 GIVE WAY/UNCONTROLLED,5,0,1 ZEBRA,2 DAYLIGHT,1 FINE,1 ROAD-DRY,0 NONE,0 NONE,525248,184724,-0.19508,51.54752,,,Unknown,"(51.54752, -0.19508)",http://opendatacommunities.org/id/london-borough-council/camden,9296,21/12/2020 02:48:44 PM
1190215211,CAMDEN,3 PEDESTRIAN,1 MALE,16-24,19,1,3 SLIGHT,06 ON FOOTPATH - VERGE,'-2 NOT APPLICABLE,1 PEDESTRIAN,"On Lidlington Place, near the junction with Harrington Square.",1,31/10/2019 04:55:00 PM,Thursday,16.55,1 TLRN,A,400,2 ONE-WAY ST,30,08 PRIV DRIVE,4 GIVE WAY/UNCONTROLLED,6,0,0 NO XING FACILITY IN 50M,1 DARK,1 FINE,1 ROAD-DRY,0 NONE,0 NONE,529248,183167,-0.137996,51.532626,,,Unknown,"(51.532626, -0.137996)",http://opendatacommunities.org/id/london-borough-council/camden,9480,21/12/2020 02:48:44 PM
1180133566,CAMDEN,3 Pedestrian,1 Male,60+,66,1,2 Serious,05 Crossing Road (Not On Xing),1 From Drivers N/Side,1 Pedestrian,FINCHLEY ROAD J/W BURGESS HILL,1,19/09/2018 02:25:00 AM,Wednesday,2.25,1 TLRN,A,41,3 Dual Cwy,2 30 MPH,3 T/Stag Jun,2 Auto Sig,Unclassified,0,5 Pedn Phase At Ats,1 Daylight,4 Fine/High Winds,1 Road-Dry,0 None,0 None,525100,186000,-0.19676,51.55902,,,Unknown,"(51.55902, -0.19676)",http://opendatacommunities.org/id/london-borough-council/camden,8335,21/12/2020 02:48:42 PM
1170032661,CAMDEN,1 Driver/Rider,2 Female,25-59,27,1,3 Slight,-2 Unknown,-2 N/A,2 Pedal Cycle,WILLINGHAM TERRACE J/W LEIGHTON ROAD,1,14/04/2017 03:00:00 PM,Friday,15.00,3 Bor,C,0,9 Unknown,2 30 MPH,3 T/Stag Jun,9 Unknown (S/R),Unclassified,0,9 Unknown (S/R),1 Daylight,1 Fine,1 Road-Dry,9 Unknown (S/R),0 None,529339,185197,-0.135939,51.550849,,,Unknown,"(51.550849, -0.135939)",http://opendatacommunities.org/id/london-borough-council/camden,6892,21/12/2020 02:48:39 PM
1160006872,CAMDEN,1 Driver/Rider,1 Male,25-59,45,1,3 Slight,-2 Unknown,-2 N/A,4 Car,KENTISH TOWN ROAD 25M S OF J/W FARRIER STREET,3,22/11/2016 10:00:00 PM,Tuesday,22.00,3 Bor,A,400,6 Single Cwy,2 30 MPH,0 No Jun In 20m,-2 Not Applicable,-2 Not Applicable,0,0 No Xing Facility In 50m,2 Dark,9 Unknown,9 Unknown (S/R),9 Unknown (S/R),0 None,528957,184365,-0.141751,51.543459,,,Unknown,"(51.543459, -0.141751)",http://opendatacommunities.org/id/london-borough-council/camden,5775,21/12/2020 02:48:37 PM
1180109990,CAMDEN,3 Pedestrian,2 Female,25-59,42,1,3 Slight,05 Crossing Road (Not On Xing),9 Unknown Or Other,1 Pedestrian,HANWAY STREET J/W TOTTENHAM COURT ROAD,1,19/05/2018 05:35:00 PM,Saturday,17.35,3 Bor,A,400,6 Single Cwy,2 30 MPH,3 T/Stag Jun,4 Give Way/Uncontrolled,A,400,0 No Xing Facility In 50m,2 Dark,9 Unknown,9 Unknown (S/R),0 None,0 None,529780,181440,-0.130967,51.516984,,,Unknown,"(51.516984, -0.130967)",http://opendatacommunities.org/id/london-borough-council/camden,8016,21/12/2020 02:48:42 PM
0116CW10485,CAMDEN,3 Pedestrian,2 Female,25-59,25,1,3 Slight,01 Crossing Road On Ped Xing,1 From Drivers N/Side,1 Pedestrian,SHAFTESBURY AVENUE J/W MERCER STREET,1,13/01/2016 10:10:00 PM,Wednesday,22.10,3 Bor,A,401,6 Single Cwy,2 30 MPH,6 Crossroads,4 Give Way/Uncontrolled,Unclassified,0,1 Zebra,2 Dark,2 Raining,2 Road-Wet,0 None,0 None,530000,181140,-0.127908,51.514238,,,Unknown,"(51.514238, -0.127908)",http://opendatacommunities.org/id/london-borough-council/camden,5966,21/12/2020 02:48:38 PM
1190179102,CAMDEN,3 PEDESTRIAN,1 MALE,25-59,41,2,2 SERIOUS,01 CROSSING ROAD ON PED XING,'-2 NOT APPLICABLE,1 PEDESTRIAN,"On Euston Road, near the junction with ARGYLLE road.",1,05/05/2019 11:10:00 PM,Sunday,23.10,1 TLRN,A,501,3 DUAL CWY,30,03 T/STAG JUN,2 AUTO SIG,5,0,4 PELICAN OR SIMILAR,1 DARK,1 FINE,1 ROAD-DRY,0 NONE,0 NONE,530205,182869,-0.124317,51.529729,,,Unknown,"(51.529729, -0.124317)",http://opendatacommunities.org/id/london-borough-council/camden,8983,21/12/2020 02:48:44 PM
1170062277,CAMDEN,3 Pedestrian,1 Male,25-59,34,1,3 Slight,10 Unknown,9 Unknown Or Other,1 Pedestrian,EUSTON ROAD 10M W OF J/W TOTTENHAM COURT ROAD,1,03/10/2017 09:04:00 AM,Tuesday,9.04,1 TLRN,A,501,3 Dual Cwy,2 30 MPH,7 Multi Jun,2 Auto Sig,A,400,5 Pedn Phase At Ats,1 Daylight,1 Fine,1 Road-Dry,0 None,0 None,529217,182302,-0.13876,51.52486,,,Unknown,"(51.52486, -0.13876)",http://opendatacommunities.org/id/london-borough-council/camden,7372,21/12/2020 02:48:40 PM
0116EO40182,CAMDEN,3 Pedestrian,2 Female,16-24,23,1,3 Slight,04 Crossing Road Within 50m Xing,2 From Drivers N/Side Msk,1 Pedestrian,YORK WAY J/W COPENHAGEN STREET,1,26/02/2016 06:21:00 PM,Friday,18.21,3 Bor,A,5200,6 Single Cwy,1 <= 20 MPH,6 Crossroads,4 Give Way/Uncontrolled,B,154,4 Pelican Or Similar,2 Dark,1 Fine,1 Road-Dry,0 None,0 None,530310,183660,-0.122512,51.536813,,,Unknown,"(51.536813, -0.122512)",http://opendatacommunities.org/id/london-borough-council/camden,6527,21/12/2020 02:48:39 PM
1180122423,CAMDEN,1 Driver/Rider,1 Male,16-24,24,1,3 Slight,-2 Unknown,-2 N/A,3 Powered 2 Wheeler,HIGHGATE ROAD J/W WOODSOME ROAD,2,21/07/2018 05:20:00 PM,Saturday,17.20,3 Bor,C,0,6 Single Cwy,1 <= 20 MPH,3 T/Stag Jun,4 Give Way/Uncontrolled,Unclassified,0,0 No Xing Facility In 50m,1 Daylight,1 Fine,1 Road-Dry,0 None,0 None,528430,186040,-0.148735,51.558632,,,Unknown,"(51.558632, -0.148735)",http://opendatacommunities.org/id/london-borough-council/camden,8191,21/12/2020 02:48:42 PM
1190188895,CAMDEN,3 PEDESTRIAN,1 MALE,60+,62,1,3 SLIGHT,01 CROSSING ROAD ON PED XING,1 FROM DRIVERS N/SIDE,1 PEDESTRIAN,"On New Oxford Street, near the junction with Museum Street.",1,22/06/2019 03:25:00 PM,Saturday,15.25,3 BOR,A,40,6 SINGLE CWY,20,06 CROSSROADS,2 AUTO SIG,A,40,5 PEDN PHASE AT ATS,2 DAYLIGHT,1 FINE,1 ROAD-DRY,0 NONE,0 NONE,530178,181470,-0.125223,51.517162,,,Unknown,"(51.517162, -0.125223)",http://opendatacommunities.org/id/london-borough-council/camden,9123,21/12/2020 02:48:44 PM
1170069322,CAMDEN,1 Driver/Rider,2 Female,25-59,51,1,3 Slight,-2 Unknown,-2 N/A,2 Pedal Cycle,HIGHGATE WEST HILL 40M N OF J/W OAKESHOTT AVE,2,10/11/2017 08:50:00 AM,Friday,8.50,3 Bor,C,0,6 Single Cwy,1 <= 20 MPH,0 No Jun In 20m,-2 Not Applicable,-2 Not Applicable,0,0 No Xing Facility In 50m,1 Daylight,1 Fine,2 Road-Wet,6 Oil Or Diesel,0 None,528096,186780,-0.153281,51.565358,,,Unknown,"(51.565358, -0.153281)",http://opendatacommunities.org/id/london-borough-council/camden,7500,21/12/2020 02:48:41 PM
1180123558,CAMDEN,1 Driver/Rider,1 Male,25-59,32,1,3 Slight,-2 Unknown,-2 N/A,2 Pedal Cycle,B507 60M S OF J/W BELSIZE ROAD,2,27/07/2018 10:14:00 AM,Friday,10.14,3 Bor,B,507,6 Single Cwy,2 30 MPH,0 No Jun In 20m,-2 Not Applicable,-2 Not Applicable,0,0 No Xing Facility In 50m,1 Daylight,1 Fine,1 Road-Dry,0 None,0 None,525920,183740,-0.185746,51.538527,,,Unknown,"(51.538527, -0.185746)",http://opendatacommunities.org/id/london-borough-council/camden,8206,21/12/2020 02:48:42 PM
0115CW10579,CAMDEN,2 Passenger,1 Male,25-59,46,1,3 Slight,-2 Unknown,-2 N/A,6 Bus Or Coach,KINGSWAY J/W SARDINIA STREET.,2,02/02/2015 01:00:00 PM,Monday,13.00,3 Bor,A,4200,6 Single Cwy,2 30 MPH,3 T/Stag Jun,4 Give Way/Uncontrolled,A,4200,0 No Xing Facility In 50m,1 Daylight,1 Fine,1 Road-Dry,0 None,0 None,530640,181230,-0.118657,51.514899,,,Unknown,"(51.514899, -0.118657)",http://opendatacommunities.org/id/london-borough-council/camden,4562,21/12/2020 02:48:35 PM
1190213440,CAMDEN,1 DRIVER/RIDER,1 MALE,25-59,52,1,3 SLIGHT,'-2 NOT APPLICABLE,'-2 NOT APPLICABLE,3 POWERED 2 WHEELER,"On Frognal, 20 metres east of the junction with Finchley Road.",2,22/10/2019 10:38:00 PM,Tuesday,22.38,1 TLRN,A,41,6 SINGLE CWY,20,08 PRIV DRIVE,4 GIVE WAY/UNCONTROLLED,6,0,0 NO XING FACILITY IN 50M,1 DARK,1 FINE,1 ROAD-DRY,0 NONE,0 NONE,526171,184954,-0.181693,51.549382,,,Unknown,"(51.549382, -0.181693)",http://opendatacommunities.org/id/london-borough-council/camden,9461,21/12/2020 02:48:44 PM
0115EK41067,CAMDEN,1 Driver/Rider,1 Male,25-59,34,1,3 Slight,-2 Unknown,-2 N/A,3 Powered 2 Wheeler,WOBURN PLACE J/W CORAM STREET.,2,30/11/2015 07:13:00 AM,Monday,7.13,3 Bor,A,4200,6 Single Cwy,2 30 MPH,3 T/Stag Jun,4 Give Way/Uncontrolled,Unclassified,0,0 No Xing Facility In 50m,1 Daylight,1 Fine,1 Road-Dry,0 None,0 None,530030,182210,-0.127082,51.523847,,,Unknown,"(51.523847, -0.127082)",http://opendatacommunities.org/id/london-borough-council/camden,5479,21/12/2020 02:48:37 PM
1190168543,CAMDEN,3 PEDESTRIAN,2 FEMALE,0-15,14,1,3 SLIGHT,01 CROSSING ROAD ON PED XING,3 FROM DRIVERS O/SIDE,1 PEDESTRIAN,"On FINCHLEY ROAD, near the junction with ADELAIDE ROAD.",1,12/03/2019 08:00:00 AM,Tuesday,8.00,1 TLRN,A,41,3 DUAL CWY,30,06 CROSSROADS,2 AUTO SIG,B,509,5 PEDN PHASE AT ATS,2 DAYLIGHT,1 FINE,1 ROAD-DRY,0 NONE,0 NONE,526668,184112,-0.174832,51.541703,,,Unknown,"(51.541703, -0.174832)",http://opendatacommunities.org/id/london-borough-council/camden,8835,21/12/2020 02:48:43 PM
1180081025,CAMDEN,1 Driver/Rider,1 Male,25-59,41,1,3 Slight,-2 Unknown,-2 N/A,4 Car,THEOBALDS ROAD J/W RED LION STREET,2,01/01/2018 12:45:00 PM,Monday,12.45,3 Bor,A,401,6 Single Cwy,1 <= 20 MPH,6 Crossroads,2 Auto Sig,C,0,4 Pelican Or Similar,1 Daylight,1 Fine,1 Road-Dry,0 None,0 None,530690,181840,-0.117711,51.520369,,,Unknown,"(51.520369, -0.117711)",http://opendatacommunities.org/id/london-borough-council/camden,7643,21/12/2020 02:48:41 PM
0115EK41135,CAMDEN,3 Pedestrian,1 Male,16-24,16,1,3 Slight,05 Crossing Road (Not On Xing),1 From Drivers N/Side,1 Pedestrian,N.F.L KENTISH TOWN ROAD 30M S OF BUCK STREET,1,18/12/2015 07:57:00 PM,Friday,19.57,3 Bor,A,400,6 Single Cwy,2 30 MPH,0 No Jun In 20m,-2 Not Applicable,-2 Not Applicable,0,0 No Xing Facility In 50m,2 Dark,1 Fine,1 Road-Dry,0 None,0 None,528920,183980,-0.142425,51.540008,,,Unknown,"(51.540008, -0.142425)",http://opendatacommunities.org/id/london-borough-council/camden,5542,21/12/2020 02:48:37 PM
1170016327,CAMDEN,1 Driver/Rider,1 Male,25-59,31,1,3 Slight,-2 Unknown,-2 N/A,4 Car,OSENEY CRESCENT NW5 J/W BARTHOMLEW ROAD NW5,2,05/02/2017 03:05:00 PM,Sunday,15.05,3 Bor,Unclassified,0,6 Single Cwy,1 <= 20 MPH,6 Crossroads,4 Give Way/Uncontrolled,Unclassified,0,0 No Xing Facility In 50m,1 Daylight,1 Fine,1 Road-Dry,0 None,0 None,529399,184840,-0.135206,51.547627,,,Unknown,"(51.547627, -0.135206)",http://opendatacommunities.org/id/london-borough-council/camden,6647,21/12/2020 02:48:39 PM
0115EK40015,CAMDEN,2 Passenger,1 Male,25-59,27,1,3 Slight,-2 Unknown,-2 N/A,6 Bus Or Coach,HAMPSTEAD ROAD J/W DRUMMOND STREET,2,15/01/2015 02:02:00 PM,Thursday,14.02,1 TLRN,A,400,6 Single Cwy,2 30 MPH,6 Crossroads,2 Auto Sig,A,400,5 Pedn Phase At Ats,1 Daylight,1 Fine,1 Road-Dry,0 None,0 None,529220,182480,-0.138652,51.526459,,,Unknown,"(51.526459, -0.138652)",http://opendatacommunities.org/id/london-borough-council/camden,4593,21/12/2020 02:48:35 PM
1180138198,CAMDEN,1 Driver/Rider,1 Male,25-59,33,1,3 Slight,-2 Unknown,-2 N/A,2 Pedal Cycle,PANCRAS RD 233M N OF J/W EUSTON ROAD THE NEAREST CLASSIFIED ROAD W,2,10/10/2018 06:55:00 PM,Wednesday,18.55,3 Bor,A,5202,6 Single Cwy,1 <= 20 MPH,0 No Jun In 20m,-2 Not Applicable,-2 Not Applicable,0,4 Pelican Or Similar,2 Dark,1 Fine,1 Road-Dry,0 None,0 None,530120,183110,-0.125453,51.531914,,,Unknown,"(51.531914, -0.125453)",http://opendatacommunities.org/id/london-borough-council/camden,8411,21/12/2020 02:48:42 PM
1190161049,CAMDEN,1 DRIVER/RIDER,1 MALE,25-59,50,1,3 SLIGHT,'-2 NOT APPLICABLE,'-2 NOT APPLICABLE,4 CAR,"On Avenue Road, near the junction with Unknown.",2,02/02/2019 08:40:00 PM,Saturday,20.40,3 BOR,B,525,3 DUAL CWY,30,09 OTHER JUN,4 GIVE WAY/UNCONTROLLED,6,0,0 NO XING FACILITY IN 50M,2 DAYLIGHT,1 FINE,1 ROAD-DRY,0 NONE,0 NONE,527313,183542,-0.165743,51.536436,,,Unknown,"(51.536436, -0.165743)",http://opendatacommunities.org/id/london-borough-council/camden,8745,21/12/2020 02:48:43 PM
1190203070,CAMDEN,1 DRIVER/RIDER,1 MALE,25-59,42,1,3 SLIGHT,'-2 NOT APPLICABLE,'-2 NOT APPLICABLE,2 PEDAL CYCLE,"On Euston Road, near the junction with Churchway.",2,04/09/2019 03:50:00 AM,Tuesday,3.50,1 TLRN,A,501,6 SINGLE CWY,30,06 CROSSROADS,9 UNKNOWN (S/R),6,0,9 UNKNOWN (S/R),2 DAYLIGHT,1 FINE,1 ROAD-DRY,9 UNKNOWN (S/R),0 NONE,529857,182666,-0.129406,51.527984,,,Unknown,"(51.527984, -0.129406)",http://opendatacommunities.org/id/london-borough-council/camden,9325,21/12/2020 02:48:44 PM
0116EK40101,CAMDEN,1 Driver/Rider,1 Male,16-24,23,1,3 Slight,-2 Unknown,-2 N/A,3 Powered 2 Wheeler,FINCHLEY ROAD 50M N OF FORTUNE GREEN ROAD,2,24/02/2016 07:25:00 PM,Wednesday,19.25,1 TLRN,A,41,6 Single Cwy,2 30 MPH,0 No Jun In 20m,-2 Not Applicable,-2 Not Applicable,0,8 Central Refuge,2 Dark,1 Fine,1 Road-Dry,0 None,0 None,525150,185900,-0.196075,51.558111,,,Unknown,"(51.558111, -0.196075)",http://opendatacommunities.org/id/london-borough-council/camden,6059,21/12/2020 02:48:38 PM
0115EK40696,CAMDEN,2 Passenger,1 Male,Unknown,0,1,3 Slight,-2 Unknown,-2 N/A,6 Bus Or Coach,PRIMROSE HILL ROAD J/W FELLOWS ROAD,2,09/08/2015 11:31:00 AM,Sunday,11.31,3 Bor,C,0,6 Single Cwy,2 30 MPH,6 Crossroads,4 Give Way/Uncontrolled,Unclassified,0,0 No Xing Facility In 50m,1 Daylight,1 Fine,1 Road-Dry,0 None,0 None,527500,184450,-0.162719,51.544554,,,Unknown,"(51.544554, -0.162719)",http://opendatacommunities.org/id/london-borough-council/camden,5170,21/12/2020 02:48:36 PM
1180111301,CAMDEN,3 Pedestrian,2 Female,25-59,52,1,3 Slight,05 Crossing Road (Not On Xing),1 From Drivers N/Side,1 Pedestrian,GOODGE PLACE J/W TOTTENHAM STREET,1,30/05/2018 05:00:00 PM,Wednesday,17.00,3 Bor,Unclassified,0,6 Single Cwy,1 <= 20 MPH,3 T/Stag Jun,4 Give Way/Uncontrolled,Unclassified,0,0 No Xing Facility In 50m,1 Daylight,1 Fine,1 Road-Dry,0 None,0 None,529340,181740,-0.137194,51.519781,,,Unknown,"(51.519781, -0.137194)",http://opendatacommunities.org/id/london-borough-council/camden,8039,21/12/2020 02:48:42 PM
0115EK40997,CAMDEN,1 Driver/Rider,1 Male,16-24,23,1,3 Slight,-2 Unknown,-2 N/A,3 Powered 2 Wheeler,CAMDEN STREET J/W GREENLAND ROAD,2,08/11/2015 10:25:00 PM,Sunday,22.25,1 TLRN,A,400,2 One-Way St,2 30 MPH,3 T/Stag Jun,4 Give Way/Uncontrolled,Unclassified,0,4 Pelican Or Similar,2 Dark,1 Fine,2 Road-Wet,0 None,0 None,529130,183960,-0.139406,51.53978,,,Unknown,"(51.53978, -0.139406)",http://opendatacommunities.org/id/london-borough-council/camden,5423,21/12/2020 02:48:37 PM
1190193582,CAMDEN,3 PEDESTRIAN,1 MALE,25-59,41,1,3 SLIGHT,08 IN CENTRE OF CARRIAGEWAY,'-2 NOT APPLICABLE,1 PEDESTRIAN,"On CONWAY STREET, W1, 10 metres north of the junction with MAPLE STREET, W1.",1,14/07/2019 08:30:00 PM,Sunday,20.30,3 BOR,6,0,6 SINGLE CWY,20,09 OTHER JUN,4 GIVE WAY/UNCONTROLLED,6,0,0 NO XING FACILITY IN 50M,2 DAYLIGHT,1 FINE,1 ROAD-DRY,0 NONE,0 NONE,529167,181973,-0.139601,51.521915,,,Unknown,"(51.521915, -0.139601)",http://opendatacommunities.org/id/london-borough-council/camden,9186,21/12/2020 02:48:44 PM
1180096282,CAMDEN,1 Driver/Rider,1 Male,60+,62,1,3 Slight,-2 Unknown,-2 N/A,4 Car,FITZJOHN'S AVENUE J/W BELSIZE LANE,2,19/02/2018 04:00:00 PM,Monday,16.00,3 Bor,B,511,3 Dual Cwy,2 30 MPH,3 T/Stag Jun,2 Auto Sig,Unclassified,0,9 Unknown (S/R),1 Daylight,9 Unknown,9 Unknown (S/R),0 None,0 None,526580,184590,-0.175929,51.546019,,,Unknown,"(51.546019, -0.175929)",http://opendatacommunities.org/id/london-borough-council/camden,7815,21/12/2020 02:48:41 PM