Reference,London Borough Name,Casualty Class,Casualty Sex,Casualty Age Band,Casualty Age,Number Of Casualties,Casualty Severity,Pedestrian Location,Pedestrian Movement,Mode Of Travel,Attendant Location,Number Of Vehicles,Date,Day,Time,Highway,Road Class 1,Road Number 1,Road Type,Speed Limit,Junction Detail,Junction Control,Road Class 2,Road Number 2,Pedestrian Crossing,Light Condition Band,Weather,Road Surface,Special Conditions,Carriage Way Hazard,Easting,Northing,Longitude,Latitude,Ward Code,Ward Name,Spatial Accuracy,Location,Organisation URI,Socrata ID,Last Uploaded
0115EK40733,CAMDEN,2 Passenger,2 Female,25-59,29,1,3 Slight,-2 Unknown,-2 N/A,6 Bus Or Coach,EUSTON ROAD J/W ARGYLE STREET,1,21/08/2015 01:15:00 PM,Friday,13.15,1 TLRN,A,501,3 Dual Cwy,2 30 MPH,3 T/Stag Jun,4 Give Way/Uncontrolled,C,0,4 Pelican Or Similar,1 Daylight,1 Fine,1 Road-Dry,0 None,0 None,530200,182870,-0.124389,51.529739,,,Unknown,"(51.529739, -0.124389)",http://opendatacommunities.org/id/london-borough-council/camden,5201,21/12/2020 02:48:37 PM
0115EK40365,CAMDEN,1 Driver/Rider,2 Female,25-59,29,1,3 Slight,-2 Unknown,-2 N/A,2 Pedal Cycle,CAMDEN ROAD 26M NE OF SANDALL ROAD,2,07/04/2015 07:30:00 AM,Tuesday,7.30,1 TLRN,A,503,6 Single Cwy,2 30 MPH,8 Priv Drive,4 Give Way/Uncontrolled,Unclassified,0,0 No Xing Facility In 50m,1 Daylight,1 Fine,1 Road-Dry,0 None,0 None,529530,184640,-0.133391,51.5458,,,Unknown,"(51.5458, -0.133391)",http://opendatacommunities.org/id/london-borough-council/camden,4871,21/12/2020 02:48:36 PM
1170019422,CAMDEN,1 Driver/Rider,1 Male,25-59,38,1,3 Slight,-2 Unknown,-2 N/A,2 Pedal Cycle,OUTER CIRCLE J/W CAMBRIDGE GATE,2,18/02/2017 11:53:00 AM,Saturday,11.53,3 Bor,Unclassified,0,6 Single Cwy,2 30 MPH,3 T/Stag Jun,4 Give Way/Uncontrolled,Unclassified,0,0 No Xing Facility In 50m,1 Daylight,1 Fine,1 Road-Dry,0 None,0 None,528720,182410,-0.145881,51.525944,,,Unknown,"(51.525944, -0.145881)",http://opendatacommunities.org/id/london-borough-council/camden,6687,21/12/2020 02:48:39 PM
0116EK40490,CAMDEN,1 Driver/Rider,1 Male,25-59,32,1,3 Slight,-2 Unknown,-2 N/A,2 Pedal Cycle,NEW OXFORD STREET J/W EARNSHAW STREET,2,21/06/2016 06:00:00 PM,Tuesday,18.00,3 Bor,A,40,6 Single Cwy,2 30 MPH,3 T/Stag Jun,2 Auto Sig,A,40,5 Pedn Phase At Ats,1 Daylight,1 Fine,1 Road-Dry,0 None,0 None,529910,181390,-0.129112,51.516505,,,Unknown,"(51.516505, -0.129112)",http://opendatacommunities.org/id/london-borough-council/camden,6401,21/12/2020 02:48:38 PM
1170043940,CAMDEN,1 Driver/Rider,1 Male,25-59,55,1,3 Slight,-2 Unknown,-2 N/A,7 Goods Vehicle,CAMDEN ROAD J/W ST PANCRAS WAY,2,20/06/2017 02:29:00 PM,Tuesday,14.29,1 TLRN,A,503,6 Single Cwy,2 30 MPH,6 Crossroads,2 Auto Sig,A,5202,5 Pedn Phase At Ats,1 Daylight,1 Fine,1 Road-Dry,0 None,0 None,529250,184300,-0.137552,51.542808,,,Unknown,"(51.542808, -0.137552)",http://opendatacommunities.org/id/london-borough-council/camden,7061,21/12/2020 02:48:39 PM
0116EK40658,CAMDEN,3 Pedestrian,2 Female,25-59,54,1,3 Slight,09 In Road - Not Crossing,6 In Rd Not Crossing Msk,1 Pedestrian,WEST HEATH ROAD J/W TEMPLEWOOD AVENUE.,1,17/08/2016 03:35:00 PM,Wednesday,15.35,3 Bor,C,0,6 Single Cwy,2 30 MPH,3 T/Stag Jun,4 Give Way/Uncontrolled,Unclassified,0,0 No Xing Facility In 50m,1 Daylight,1 Fine,1 Road-Dry,0 None,0 None,525830,186390,-0.186096,51.562363,,,Unknown,"(51.562363, -0.186096)",http://opendatacommunities.org/id/london-borough-council/camden,6510,21/12/2020 02:48:39 PM
0115EK40259,CAMDEN,1 Driver/Rider,1 Male,25-59,38,1,2 Serious,-2 Unknown,-2 N/A,3 Powered 2 Wheeler,FORTUNE GREEN ROAD J/W PARSIFAL ROAD,2,25/03/2015 04:40:00 PM,Wednesday,16.40,3 Bor,B,510,6 Single Cwy,2 30 MPH,3 T/Stag Jun,4 Give Way/Uncontrolled,Unclassified,0,0 No Xing Facility In 50m,1 Daylight,1 Fine,1 Road-Dry,0 None,0 None,525240,185370,-0.194966,51.553327,,,Unknown,"(51.553327, -0.194966)",http://opendatacommunities.org/id/london-borough-council/camden,4790,21/12/2020 02:48:36 PM
1190211694,CAMDEN,3 PEDESTRIAN,1 MALE,25-59,32,1,2 SERIOUS,01 CROSSING ROAD ON PED XING,'-2 NOT APPLICABLE,1 PEDESTRIAN,"On Avenue Road, 10 metres north of the junction with Norfolk Road.",1,14/10/2019 07:21:00 PM,Monday,19.21,3 BOR,B,525,6 SINGLE CWY,20,03 T/STAG JUN,4 GIVE WAY/UNCONTROLLED,B,525,1 ZEBRA,1 DARK,2 RAINING,2 ROAD-WET,0 NONE,0 NONE,527051,183773,-0.169435,51.538571,,,Unknown,"(51.538571, -0.169435)",http://opendatacommunities.org/id/london-borough-council/camden,9436,21/12/2020 02:48:44 PM
1180102383,CAMDEN,2 Passenger,2 Female,Unknown,0,1,3 Slight,-2 Unknown,-2 N/A,6 Bus Or Coach,HIGH HOLBORN J/W SOUTHAMPTON ROW,1,06/04/2018 05:23:00 PM,Friday,17.23,3 Bor,A,40,6 Single Cwy,1 <= 20 MPH,6 Crossroads,2 Auto Sig,A,4200,4 Pelican Or Similar,1 Daylight,1 Fine,1 Road-Dry,0 None,0 None,530490,181510,-0.120714,51.51745,,,Unknown,"(51.51745, -0.120714)",http://opendatacommunities.org/id/london-borough-council/camden,7901,21/12/2020 02:48:41 PM
0115EK40591,CAMDEN,1 Driver/Rider,1 Male,25-59,45,1,3 Slight,-2 Unknown,-2 N/A,6 Bus Or Coach,SOUTH END GREEN 34M W OF CONSTANTINE ROAD,2,16/07/2015 10:44:00 AM,Thursday,10.44,3 Bor,Unclassified,0,6 Single Cwy,2 30 MPH,0 No Jun In 20m,-2 Not Applicable,-2 Not Applicable,0,0 No Xing Facility In 50m,1 Daylight,1 Fine,1 Road-Dry,0 None,0 None,527310,185550,-0.16506,51.554482,,,Unknown,"(51.554482, -0.16506)",http://opendatacommunities.org/id/london-borough-council/camden,5076,21/12/2020 02:48:36 PM
1190166988,CAMDEN,1 DRIVER/RIDER,1 MALE,25-59,36,1,3 SLIGHT,'-2 NOT APPLICABLE,'-2 NOT APPLICABLE,3 POWERED 2 WHEELER,"On Swinton Street, near the junction with Swinton Place .",2,02/03/2019 05:45:00 PM,Saturday,17.45,1 TLRN,A,501,2 ONE-WAY ST,30,03 T/STAG JUN,9 UNKNOWN (S/R),6,0,0 NO XING FACILITY IN 50M,2 DAYLIGHT,1 FINE,1 ROAD-DRY,0 NONE,0 NONE,530680,182806,-0.117497,51.529053,,,Unknown,"(51.529053, -0.117497)",http://opendatacommunities.org/id/london-borough-council/camden,8819,21/12/2020 02:48:43 PM
1170023833,CAMDEN,1 Driver/Rider,1 Male,25-59,59,1,3 Slight,-2 Unknown,-2 N/A,2 Pedal Cycle,KENTISH TOWN ROAD J/W ANGLERS LANE,2,09/03/2017 05:55:00 AM,Thursday,5.55,3 Bor,A,400,6 Single Cwy,2 30 MPH,3 T/Stag Jun,4 Give Way/Uncontrolled,Unclassified,0,0 No Xing Facility In 50m,1 Daylight,1 Fine,1 Road-Dry,4 Roadworks,0 None,528970,184850,-0.141386,51.547815,,,Unknown,"(51.547815, -0.141386)",http://opendatacommunities.org/id/london-borough-council/camden,6754,21/12/2020 02:48:39 PM
1160007403,CAMDEN,1 Driver/Rider,1 Male,60+,66,1,2 Serious,-2 Unknown,-2 N/A,2 Pedal Cycle,ROCHESTER ROAD J/W ROCHESTER PLACE,2,16/12/2016 11:58:00 PM,Friday,23.58,3 Bor,Unclassified,0,6 Single Cwy,1 <= 20 MPH,3 T/Stag Jun,4 Give Way/Uncontrolled,Unclassified,0,0 No Xing Facility In 50m,2 Dark,1 Fine,1 Road-Dry,0 None,0 None,529010,184580,-0.140908,51.545379,,,Unknown,"(51.545379, -0.140908)",http://opendatacommunities.org/id/london-borough-council/camden,5783,21/12/2020 02:48:37 PM
1190215747,CAMDEN,2 PASSENGER,2 FEMALE,25-59,25,1,3 SLIGHT,'-2 NOT APPLICABLE,'-2 NOT APPLICABLE,4 CAR,"On Finchley Road, near the junction with HILLGROVE ROAD, NW3.",1,03/11/2019 05:35:00 AM,Sunday,5.35,1 TLRN,A,41,3 DUAL CWY,20,07 MULTI JUN,2 AUTO SIG,B,509,4 PELICAN OR SIMILAR,1 DARK,1 FINE,1 ROAD-DRY,0 NONE,0 NONE,526645,184141,-0.175153,51.541969,,,Unknown,"(51.541969, -0.175153)",http://opendatacommunities.org/id/london-borough-council/camden,9491,21/12/2020 02:48:44 PM
1180118970,CAMDEN,1 Driver/Rider,1 Male,25-59,50,1,3 Slight,-2 Unknown,-2 N/A,7 Goods Vehicle,JUNIPER CRESCENT 25M N OF J/W CHALK FARM ROAD,2,13/06/2018 02:35:00 PM,Wednesday,14.35,3 Bor,Unclassified,0,6 Single Cwy,2 30 MPH,0 No Jun In 20m,-2 Not Applicable,-2 Not Applicable,0,5 Pedn Phase At Ats,1 Daylight,8 Other,1 Road-Dry,0 None,0 None,528350,184170,-0.15057,51.541845,,,Unknown,"(51.541845, -0.15057)",http://opendatacommunities.org/id/london-borough-council/camden,8147,21/12/2020 02:48:42 PM
0116QK50674,CAMDEN,3 Pedestrian,1 Male,16-24,19,1,3 Slight,01 Crossing Road On Ped Xing,2 From Drivers N/Side Msk,1 Pedestrian,NFL KILBURN HIGH ROAD J/W GREVILLE ROAD,1,20/08/2016 10:17:00 PM,Saturday,22.17,3 Bor,A,5,6 Single Cwy,2 30 MPH,3 T/Stag Jun,4 Give Way/Uncontrolled,A,5,1 Zebra,2 Dark,1 Fine,2 Road-Wet,0 None,0 None,525530,183460,-0.191466,51.536098,,,Unknown,"(51.536098, -0.191466)",http://opendatacommunities.org/id/london-borough-council/camden,6555,21/12/2020 02:48:39 PM
0115EK40735,CAMDEN,1 Driver/Rider,2 Female,25-59,29,1,3 Slight,-2 Unknown,-2 N/A,4 Car,OUTER CIRCLE J/W GLOUCESTER GATE,1,20/08/2015 02:30:00 AM,Thursday,2.30,3 Bor,Unclassified,0,6 Single Cwy,2 30 MPH,3 T/Stag Jun,4 Give Way/Uncontrolled,Unclassified,0,4 Pelican Or Similar,2 Dark,1 Fine,1 Road-Dry,0 None,0 None,528530,183450,-0.148239,51.535333,,,Unknown,"(51.535333, -0.148239)",http://opendatacommunities.org/id/london-borough-council/camden,5203,21/12/2020 02:48:37 PM
1180150900,CAMDEN,1 Driver/Rider,1 Male,25-59,45,1,3 Slight,-2 Unknown,-2 N/A,5 Taxi,NFL THEOBALDS ROAD J/W GRAYS INN ROAD,1,08/12/2018 09:45:00 PM,Saturday,21.45,3 Bor,A,401,9 Unknown,1 <= 20 MPH,6 Crossroads,4 Give Way/Uncontrolled,A,5200,5 Pedn Phase At Ats,2 Dark,2 Raining,2 Road-Wet,0 None,0 None,530970,181970,-0.113629,51.521473,,,Unknown,"(51.521473, -0.113629)",http://opendatacommunities.org/id/london-borough-council/camden,8595,21/12/2020 02:48:43 PM
1170051773,CAMDEN,1 Driver/Rider,1 Male,16-24,19,1,3 Slight,-2 Unknown,-2 N/A,4 Car,CAMDEN ROAD 50M E OF J/W CANAL BLVD,2,02/08/2017 02:50:00 PM,Wednesday,14.50,1 TLRN,A,503,6 Single Cwy,1 <= 20 MPH,0 No Jun In 20m,-2 Not Applicable,-2 Not Applicable,0,0 No Xing Facility In 50m,1 Daylight,2 Raining,2 Road-Wet,0 None,0 None,529620,184760,-0.13205,51.546857,,,Unknown,"(51.546857, -0.13205)",http://opendatacommunities.org/id/london-borough-council/camden,7215,21/12/2020 02:48:40 PM
0116EK40224,CAMDEN,1 Driver/Rider,2 Female,25-59,34,1,3 Slight,-2 Unknown,-2 N/A,4 Car,GORDON HOUSE ROAD J/W LISSENDEN GARDENS,2,07/04/2016 08:10:00 AM,Thursday,8.10,3 Bor,B,518,6 Single Cwy,1 <= 20 MPH,3 T/Stag Jun,4 Give Way/Uncontrolled,Unclassified,0,0 No Xing Facility In 50m,1 Daylight,1 Fine,1 Road-Dry,0 None,0 None,528420,185700,-0.149003,51.555579,,,Unknown,"(51.555579, -0.149003)",http://opendatacommunities.org/id/london-borough-council/camden,6168,21/12/2020 02:48:38 PM
0115EK40586,CAMDEN,1 Driver/Rider,1 Male,25-59,56,1,3 Slight,-2 Unknown,-2 N/A,2 Pedal Cycle,BLOOMSBURY STREET 22M NW OF STREATHAM STREET,2,15/07/2015 01:05:00 PM,Wednesday,13.05,3 Bor,A,400,6 Single Cwy,2 30 MPH,0 No Jun In 20m,-2 Not Applicable,-2 Not Applicable,0,0 No Xing Facility In 50m,1 Daylight,1 Fine,1 Road-Dry,0 None,0 None,530020,181500,-0.127487,51.517468,,,Unknown,"(51.517468, -0.127487)",http://opendatacommunities.org/id/london-borough-council/camden,5072,21/12/2020 02:48:36 PM
0115EK40176,CAMDEN,3 Pedestrian,2 Female,25-59,36,1,3 Slight,05 Crossing Road (Not On Xing),9 Unknown Or Other,1 Pedestrian,KENTISH TOWN ROAD J/W CAMDEN GARDENS,1,28/02/2015 06:30:00 PM,Saturday,18.30,3 Bor,A,400,6 Single Cwy,2 30 MPH,3 T/Stag Jun,4 Give Way/Uncontrolled,Unclassified,0,0 No Xing Facility In 50m,2 Dark,9 Unknown,1 Road-Dry,0 None,0 None,528940,184180,-0.142063,51.541801,,,Unknown,"(51.541801, -0.142063)",http://opendatacommunities.org/id/london-borough-council/camden,4714,21/12/2020 02:48:36 PM
0116EK40064,CAMDEN,3 Pedestrian,2 Female,0-15,12,1,3 Slight,01 Crossing Road On Ped Xing,1 From Drivers N/Side,1 Pedestrian,FORTESS ROAD J/W HIGHGATE ROAD.,1,09/02/2016 08:10:00 AM,Tuesday,8.10,3 Bor,A,400,6 Single Cwy,1 <= 20 MPH,7 Multi Jun,2 Auto Sig,B,518,5 Pedn Phase At Ats,1 Daylight,1 Fine,1 Road-Dry,0 None,0 None,528970,185300,-0.141221,51.551859,,,Unknown,"(51.551859, -0.141221)",http://opendatacommunities.org/id/london-borough-council/camden,6030,21/12/2020 02:48:38 PM
1190174074,CAMDEN,3 PEDESTRIAN,2 FEMALE,60+,68,1,3 SLIGHT,05 CROSSING ROAD (NOT ON XING),1 FROM DRIVERS N/SIDE,1 PEDESTRIAN,"On Kilburn High Road, near the junction with Brondesbury road .",1,08/04/2019 03:41:00 PM,Monday,15.41,3 BOR,A,5,3 DUAL CWY,30,03 T/STAG JUN,2 AUTO SIG,B,451,4 PELICAN OR SIMILAR,2 DAYLIGHT,1 FINE,1 ROAD-DRY,0 NONE,0 NONE,525349,183732,-0.193977,51.538582,,,Unknown,"(51.538582, -0.193977)",http://opendatacommunities.org/id/london-borough-council/camden,8914,21/12/2020 02:48:44 PM
0116EK40066,CAMDEN,3 Pedestrian,2 Female,25-59,42,1,3 Slight,09 In Road - Not Crossing,5 In Rd Not Crossing,1 Pedestrian,ADELAIDE ROAD 60M E OF AVENUE ROAD,1,17/01/2016 07:40:00 PM,Sunday,19.40,3 Bor,B,509,6 Single Cwy,2 30 MPH,0 No Jun In 20m,-2 Not Applicable,-2 Not Applicable,0,0 No Xing Facility In 50m,2 Dark,1 Fine,1 Road-Dry,0 None,0 None,526830,184140,-0.172487,51.541919,,,Unknown,"(51.541919, -0.172487)",http://opendatacommunities.org/id/london-borough-council/camden,6031,21/12/2020 02:48:38 PM
0115EK40877,CAMDEN,3 Pedestrian,1 Male,60+,76,1,3 Slight,04 Crossing Road Within 50m Xing,3 From Drivers O/Side,1 Pedestrian,GRAY'S INN ROAD J/W PENTONVILE ROAD.,1,05/10/2015 02:50:00 PM,Monday,14.50,1 TLRN,A,5200,2 One-Way St,2 30 MPH,6 Crossroads,2 Auto Sig,A,501,5 Pedn Phase At Ats,1 Daylight,2 Raining,2 Road-Wet,0 None,0 None,530350,182970,-0.12219,51.530603,,,Unknown,"(51.530603, -0.12219)",http://opendatacommunities.org/id/london-borough-council/camden,5323,21/12/2020 02:48:37 PM
1180149476,CAMDEN,1 Driver/Rider,2 Female,Unknown,0,1,3 Slight,-2 Unknown,-2 N/A,2 Pedal Cycle,CAMDEN HIGH STREET J/W PARKWAY,2,28/11/2018 05:15:00 AM,Wednesday,5.15,1 TLRN,A,502,2 One-Way St,2 30 MPH,7 Multi Jun,2 Auto Sig,A,4201,9 Unknown (S/R),1 Daylight,2 Raining,2 Road-Wet,0 None,0 None,528920,183860,-0.142469,51.538929,,,Unknown,"(51.538929, -0.142469)",http://opendatacommunities.org/id/london-borough-council/camden,8579,21/12/2020 02:48:43 PM
0116EK40007,CAMDEN,1 Driver/Rider,1 Male,25-59,31,1,3 Slight,-2 Unknown,-2 N/A,2 Pedal Cycle,TAVISTOCK SQUARE 65M NW OF TAVISTOCK PLACE,2,06/01/2016 09:40:00 AM,Wednesday,9.40,3 Bor,A,4200,6 Single Cwy,1 <= 20 MPH,0 No Jun In 20m,-2 Not Applicable,-2 Not Applicable,0,0 No Xing Facility In 50m,1 Daylight,1 Fine,1 Road-Dry,0 None,0 None,529930,182350,-0.128471,51.525128,,,Unknown,"(51.525128, -0.128471)",http://opendatacommunities.org/id/london-borough-council/camden,5983,21/12/2020 02:48:38 PM
0116EK40328,CAMDEN,2 Passenger,2 Female,0-15,4,1,3 Slight,-2 Unknown,-2 N/A,4 Car,GILLIES STREET J/W WOODYARD CLOSE,4,09/05/2016 04:18:00 PM,Monday,16.18,3 Bor,Unclassified,0,6 Single Cwy,1 <= 20 MPH,3 T/Stag Jun,4 Give Way/Uncontrolled,Unclassified,0,0 No Xing Facility In 50m,1 Daylight,1 Fine,1 Road-Dry,0 None,0 None,528460,185160,-0.148624,51.550717,,,Unknown,"(51.550717, -0.148624)",http://opendatacommunities.org/id/london-borough-council/camden,6260,21/12/2020 02:48:38 PM
1190192174,CAMDEN,1 DRIVER/RIDER,2 FEMALE,25-59,29,1,3 SLIGHT,'-2 NOT APPLICABLE,'-2 NOT APPLICABLE,3 POWERED 2 WHEELER,"On A400, near the junction with VARNDELL STREET.",2,08/07/2019 06:15:00 AM,Monday,6.15,1 TLRN,A,400,6 SINGLE CWY,30,09 OTHER JUN,2 AUTO SIG,A,400,4 PELICAN OR SIMILAR,2 DAYLIGHT,1 FINE,1 ROAD-DRY,0 NONE,0 NONE,529210,182772,-0.138689,51.529085,,,Unknown,"(51.529085, -0.138689)",http://opendatacommunities.org/id/london-borough-council/camden,9170,21/12/2020 02:48:44 PM
1170015458,CAMDEN,3 Pedestrian,1 Male,25-59,29,1,3 Slight,01 Crossing Road On Ped Xing,1 From Drivers N/Side,1 Pedestrian,OXFORD STREET J/W TOTTENHAM COURT ROAD,1,31/01/2017 09:25:00 PM,Tuesday,21.25,3 Bor,A,40,6 Single Cwy,1 <= 20 MPH,6 Crossroads,2 Auto Sig,A,400,5 Pedn Phase At Ats,2 Dark,2 Raining,2 Road-Wet,0 None,1 Vehicle Load In Cwy,529800,181370,-0.130704,51.516351,,,Unknown,"(51.516351, -0.130704)",http://opendatacommunities.org/id/london-borough-council/camden,6635,21/12/2020 02:48:39 PM
0115EK40994,CAMDEN,3 Pedestrian,1 Male,25-59,40,1,3 Slight,05 Crossing Road (Not On Xing),4 From Drivers O/Side Msk,1 Pedestrian,"FINCHLEY ROAD, 63 METRES NW OF LITHOS ROAD.",1,03/11/2015 04:44:00 PM,Tuesday,16.44,1 TLRN,A,41,6 Single Cwy,2 30 MPH,0 No Jun In 20m,-2 Not Applicable,-2 Not Applicable,0,0 No Xing Facility In 50m,2 Dark,1 Fine,1 Road-Dry,0 None,0 None,526080,185050,-0.182971,51.550265,,,Unknown,"(51.550265, -0.182971)",http://opendatacommunities.org/id/london-borough-council/camden,5422,21/12/2020 02:48:37 PM
1190185543,CAMDEN,1 DRIVER/RIDER,2 FEMALE,16-24,24,1,3 SLIGHT,'-2 NOT APPLICABLE,'-2 NOT APPLICABLE,2 PEDAL CYCLE,"On Great Queen Street, 27 metres north of the junction with Wild Street, WC2B.",2,04/06/2019 06:15:00 PM,Tuesday,18.15,3 BOR,B,402,6 SINGLE CWY,20,00 NO JUN IN 20M,,0,0,0 NO XING FACILITY IN 50M,2 DAYLIGHT,1 FINE,1 ROAD-DRY,0 NONE,0 NONE,530431,181250,-0.12166,51.515127,,,Unknown,"(51.515127, -0.12166)",http://opendatacommunities.org/id/london-borough-council/camden,9069,21/12/2020 02:48:44 PM
1190189913,CAMDEN,1 DRIVER/RIDER,1 MALE,25-59,30,1,3 SLIGHT,'-2 NOT APPLICABLE,'-2 NOT APPLICABLE,2 PEDAL CYCLE,"On Camden Road, near the junction with Murray Street.",2,08/05/2019 08:00:00 AM,Wednesday,8.00,1 TLRN,A,503,6 SINGLE CWY,30,03 T/STAG JUN,9 UNKNOWN (S/R),6,0,9 UNKNOWN (S/R),2 DAYLIGHT,2 RAINING,2 ROAD-WET,0 NONE,0 NONE,529442,184527,-0.134701,51.544804,,,Unknown,"(51.544804, -0.134701)",http://opendatacommunities.org/id/london-borough-council/camden,9135,21/12/2020 02:48:44 PM
1190209052,CAMDEN,1 DRIVER/RIDER,1 MALE,25-59,45,1,3 SLIGHT,'-2 NOT APPLICABLE,'-2 NOT APPLICABLE,2 PEDAL CYCLE,"On Fairhazel Gardens, near the junction with Greencroft Gardens, NW6.",2,02/10/2019 01:19:00 PM,Wednesday,13.19,3 BOR,6,0,2 ONE-WAY ST,20,03 T/STAG JUN,4 GIVE WAY/UNCONTROLLED,6,0,0 NO XING FACILITY IN 50M,2 DAYLIGHT,1 FINE,1 ROAD-DRY,0 NONE,0 NONE,526157,184308,-0.182127,51.543579,,,Unknown,"(51.543579, -0.182127)",http://opendatacommunities.org/id/london-borough-council/camden,9399,21/12/2020 02:48:44 PM
0116EK40547,CAMDEN,2 Passenger,2 Female,Unknown,0,1,3 Slight,-2 Unknown,-2 N/A,6 Bus Or Coach,THEOBALD'S ROAD J/W RED LION STREET,1,30/07/2016 02:51:00 PM,Saturday,14.51,3 Bor,A,401,6 Single Cwy,2 30 MPH,6 Crossroads,2 Auto Sig,C,0,5 Pedn Phase At Ats,1 Daylight,1 Fine,1 Road-Dry,0 None,0 None,530700,181840,-0.117567,51.520367,,,Unknown,"(51.520367, -0.117567)",http://opendatacommunities.org/id/london-borough-council/camden,6441,21/12/2020 02:48:38 PM
1180152652,CAMDEN,3 Pedestrian,2 Female,25-59,47,1,3 Slight,05 Crossing Road (Not On Xing),2 From Drivers N/Side Msk,1 Pedestrian,A4200 70M N OF J/W SARDINIA STREET,1,17/12/2018 09:51:00 AM,Monday,9.51,3 Bor,A,4200,3 Dual Cwy,1 <= 20 MPH,0 No Jun In 20m,-2 Not Applicable,-2 Not Applicable,0,0 No Xing Facility In 50m,1 Daylight,1 Fine,1 Road-Dry,0 None,0 None,530630,181260,-0.11879,51.515171,,,Unknown,"(51.515171, -0.11879)",http://opendatacommunities.org/id/london-borough-council/camden,8620,21/12/2020 02:48:43 PM
0115EK40783,CAMDEN,1 Driver/Rider,1 Male,60+,62,1,3 Slight,-2 Unknown,-2 N/A,6 Bus Or Coach,CAMDEN ROAD J/W CAMDEN PARK ROAD.,2,10/09/2015 04:13:00 AM,Thursday,4.13,1 TLRN,A,503,6 Single Cwy,2 30 MPH,6 Crossroads,2 Auto Sig,A,5200,5 Pedn Phase At Ats,2 Dark,1 Fine,1 Road-Dry,0 None,0 None,529720,184860,-0.130572,51.547733,,,Unknown,"(51.547733, -0.130572)",http://opendatacommunities.org/id/london-borough-council/camden,5249,21/12/2020 02:48:37 PM
1170061892,CAMDEN,1 Driver/Rider,1 Male,16-24,23,1,3 Slight,-2 Unknown,-2 N/A,4 Car,PLENDER STREET J/W BAYHAM STREET,2,30/09/2017 11:15:00 PM,Saturday,23.15,3 Bor,C,0,2 One-Way St,1 <= 20 MPH,6 Crossroads,4 Give Way/Uncontrolled,Unclassified,0,1 Zebra,2 Dark,1 Fine,2 Road-Wet,0 None,0 None,529190,183560,-0.138688,51.536172,,,Unknown,"(51.536172, -0.138688)",http://opendatacommunities.org/id/london-borough-council/camden,7365,21/12/2020 02:48:40 PM
0116EK40119,CAMDEN,1 Driver/Rider,1 Male,25-59,58,1,2 Serious,-2 Unknown,-2 N/A,2 Pedal Cycle,CAMDEN HIGH STREET J/W PRATT STREET.,2,01/03/2016 07:03:00 AM,Tuesday,7.03,1 TLRN,A,502,2 One-Way St,1 <= 20 MPH,3 T/Stag Jun,2 Auto Sig,A,503,5 Pedn Phase At Ats,1 Daylight,2 Raining,2 Road-Wet,0 None,0 None,529010,183660,-0.141245,51.537111,,,Unknown,"(51.537111, -0.141245)",http://opendatacommunities.org/id/london-borough-council/camden,6075,21/12/2020 02:48:38 PM
1190210441,CAMDEN,2 PASSENGER,2 FEMALE,25-59,33,1,3 SLIGHT,'-2 NOT APPLICABLE,'-2 NOT APPLICABLE,9 PRIVATE HIRE,"On West End Lane, near the junction with GASCONY AVENUE.",2,09/10/2019 08:00:00 AM,Wednesday,8.00,3 BOR,B,510,6 SINGLE CWY,20,03 T/STAG JUN,3 STOP SIGN,6,0,0 NO XING FACILITY IN 50M,2 DAYLIGHT,1 FINE,1 ROAD-DRY,0 NONE,0 NONE,525389,184169,-0.193245,51.542501,,,Unknown,"(51.542501, -0.193245)",http://opendatacommunities.org/id/london-borough-council/camden,9416,21/12/2020 02:48:44 PM
1170039842,CAMDEN,2 Passenger,2 Female,25-59,40,1,3 Slight,-2 Unknown,-2 N/A,6 Bus Or Coach,KILBURN HIGH ROAD J/W WEST END LANE,2,26/05/2017 08:44:00 AM,Friday,8.44,3 Bor,A,5,3 Dual Cwy,1 <= 20 MPH,3 T/Stag Jun,2 Auto Sig,Unclassified,0,0 No Xing Facility In 50m,1 Daylight,1 Fine,1 Road-Dry,0 None,0 None,525380,183670,-0.193553,51.538018,,,Unknown,"(51.538018, -0.193553)",http://opendatacommunities.org/id/london-borough-council/camden,7001,21/12/2020 02:48:39 PM
1190221574,CAMDEN,3 PEDESTRIAN,1 MALE,25-59,38,1,3 SLIGHT,01 CROSSING ROAD ON PED XING,'-2 NOT APPLICABLE,1 PEDESTRIAN,"On Upper Woburn Place, near the junction with Tavistock Place.",1,28/11/2019 08:10:00 PM,Thursday,20.10,3 BOR,A,4200,6 SINGLE CWY,20,03 T/STAG JUN,4 GIVE WAY/UNCONTROLLED,6,0,1 ZEBRA,2 DAYLIGHT,2 RAINING,2 ROAD-WET,0 NONE,0 NONE,529871,182443,-0.129286,51.525977,,,Unknown,"(51.525977, -0.129286)",http://opendatacommunities.org/id/london-borough-council/camden,9561,21/12/2020 02:48:45 PM
1190199984,CAMDEN,3 PEDESTRIAN,1 MALE,25-59,35,1,3 SLIGHT,01 CROSSING ROAD ON PED XING,'-2 NOT APPLICABLE,1 PEDESTRIAN,"On Haverstock Hill, near the junction with Belsize avenue.",1,16/08/2019 10:00:00 PM,Friday,22.00,3 BOR,A,502,6 SINGLE CWY,30,03 T/STAG JUN,4 GIVE WAY/UNCONTROLLED,5,0,1 ZEBRA,1 DARK,2 RAINING,2 ROAD-WET,0 NONE,0 NONE,527256,185174,-0.165974,51.551115,,,Unknown,"(51.551115, -0.165974)",http://opendatacommunities.org/id/london-borough-council/camden,9279,21/12/2020 02:48:44 PM