Reference,London Borough Name,Casualty Class,Casualty Sex,Casualty Age Band,Casualty Age,Number Of Casualties,Casualty Severity,Pedestrian Location,Pedestrian Movement,Mode Of Travel,Attendant Location,Number Of Vehicles,Date,Day,Time,Highway,Road Class 1,Road Number 1,Road Type,Speed Limit,Junction Detail,Junction Control,Road Class 2,Road Number 2,Pedestrian Crossing,Light Condition Band,Weather,Road Surface,Special Conditions,Carriage Way Hazard,Easting,Northing,Longitude,Latitude,Ward Code,Ward Name,Spatial Accuracy,Location,Organisation URI,Socrata ID,Last Uploaded
1180153370,CAMDEN,1 Driver/Rider,1 Male,25-59,40,1,3 Slight,-2 Unknown,-2 N/A,4 Car,MIDLAND ROAD J/W EUSTON ROAD,2,15/12/2018 06:02:00 PM,Saturday,18.02,1 TLRN,C,0,2 One-Way St,2 30 MPH,3 T/Stag Jun,2 Auto Sig,A,501,4 Pelican Or Similar,2 Dark,2 Raining,2 Road-Wet,0 None,0 None,530063,182819,-0.126381,51.529312,,,Unknown,"(51.529312, -0.126381)",http://opendatacommunities.org/id/london-borough-council/camden,8631,21/12/2020 02:48:43 PM
1180142926,CAMDEN,1 Driver/Rider,1 Male,25-59,27,1,3 Slight,-2 Unknown,-2 N/A,2 Pedal Cycle,NFL THEOBALDS ROAD J/W LAMB'S CONDUIT STREET,2,01/11/2018 11:45:00 PM,Thursday,23.45,3 Bor,A,401,6 Single Cwy,1 <= 20 MPH,6 Crossroads,4 Give Way/Uncontrolled,C,0,5 Pedn Phase At Ats,2 Dark,1 Fine,1 Road-Dry,0 None,0 None,530690,181850,-0.117707,51.520459,,,Unknown,"(51.520459, -0.117707)",http://opendatacommunities.org/id/london-borough-council/camden,8487,21/12/2020 02:48:43 PM
0115EK40963,CAMDEN,3 Pedestrian,1 Male,0-15,9,1,3 Slight,05 Crossing Road (Not On Xing),2 From Drivers N/Side Msk,1 Pedestrian,"ADELAIDE ROAD, 160 METRES WEST OF LOWER MERTON RISE.",1,29/10/2015 02:32:00 PM,Thursday,14.32,3 Bor,B,509,6 Single Cwy,2 30 MPH,0 No Jun In 20m,-2 Not Applicable,-2 Not Applicable,0,0 No Xing Facility In 50m,1 Daylight,1 Fine,1 Road-Dry,0 None,0 None,527080,184250,-0.168845,51.542851,,,Unknown,"(51.542851, -0.168845)",http://opendatacommunities.org/id/london-borough-council/camden,5389,21/12/2020 02:48:37 PM
1170060128,CAMDEN,1 Driver/Rider,1 Male,16-24,23,1,3 Slight,-2 Unknown,-2 N/A,3 Powered 2 Wheeler,YORK WAY J/W MARKET ROAD N7,2,20/09/2017 11:47:00 AM,Wednesday,11.47,3 Bor,A,5200,6 Single Cwy,1 <= 20 MPH,2 Mini,4 Give Way/Uncontrolled,Unclassified,0,1 Zebra,1 Daylight,1 Fine,1 Road-Dry,0 None,0 None,530020,184570,-0.126355,51.545058,,,Unknown,"(51.545058, -0.126355)",http://opendatacommunities.org/id/london-borough-council/camden,7333,21/12/2020 02:48:40 PM
0115EK40637,CAMDEN,2 Passenger,1 Male,Unknown,0,1,3 Slight,-2 Unknown,-2 N/A,5 Taxi,CAMLEY STREET 217M NW OF GOODS WAY,2,16/07/2015 10:37:00 AM,Thursday,10.37,3 Bor,Unclassified,0,6 Single Cwy,2 30 MPH,8 Priv Drive,4 Give Way/Uncontrolled,Unclassified,0,0 No Xing Facility In 50m,1 Daylight,1 Fine,1 Road-Dry,0 None,0 None,529910,183500,-0.128335,51.535467,,,Unknown,"(51.535467, -0.128335)",http://opendatacommunities.org/id/london-borough-council/camden,5117,21/12/2020 02:48:36 PM
1170079519,CAMDEN,1 Driver/Rider,1 Male,25-59,26,1,3 Slight,-2 Unknown,-2 N/A,2 Pedal Cycle,QUEX ROAD J/W MUTRIX ROAD,2,18/12/2017 06:00:00 PM,Monday,18.00,3 Bor,B,510,6 Single Cwy,2 30 MPH,3 T/Stag Jun,9 Unknown (S/R),Unclassified,0,1 Zebra,1 Daylight,2 Raining,2 Road-Wet,0 None,0 None,525360,183940,-0.193745,51.540449,,,Unknown,"(51.540449, -0.193745)",http://opendatacommunities.org/id/london-borough-council/camden,7624,21/12/2020 02:48:41 PM
1170054773,CAMDEN,1 Driver/Rider,1 Male,16-24,22,1,3 Slight,-2 Unknown,-2 N/A,3 Powered 2 Wheeler,BAYHAM STREET 21M N OF J/W PRATT STREET,2,06/08/2017 04:00:00 PM,Sunday,16.00,3 Bor,A,503,2 One-Way St,2 30 MPH,0 No Jun In 20m,-2 Not Applicable,-2 Not Applicable,0,1 Zebra,1 Daylight,9 Unknown,1 Road-Dry,9 Unknown (S/R),0 None,529070,183750,-0.140347,51.537906,,,Unknown,"(51.537906, -0.140347)",http://opendatacommunities.org/id/london-borough-council/camden,7257,21/12/2020 02:48:40 PM
0115EK40533,CAMDEN,1 Driver/Rider,1 Male,25-59,26,1,3 Slight,-2 Unknown,-2 N/A,2 Pedal Cycle,CLERKENWELL ROAD J/W EYRE STREET HILL,2,02/07/2015 07:30:00 PM,Thursday,19.30,3 Bor,A,5201,6 Single Cwy,2 30 MPH,6 Crossroads,4 Give Way/Uncontrolled,Unclassified,0,0 No Xing Facility In 50m,2 Dark,1 Fine,1 Road-Dry,0 None,0 None,531200,182030,-0.110293,51.521959,,,Unknown,"(51.521959, -0.110293)",http://opendatacommunities.org/id/london-borough-council/camden,5021,21/12/2020 02:48:36 PM
1160009349,CAMDEN,3 Pedestrian,2 Female,25-59,33,1,3 Slight,05 Crossing Road (Not On Xing),1 From Drivers N/Side,1 Pedestrian,KILBURN PRIORY J/W KILBURN HIGH ROAD,1,31/12/2016 09:45:00 PM,Saturday,21.45,3 Bor,Unclassified,0,6 Single Cwy,2 30 MPH,3 T/Stag Jun,4 Give Way/Uncontrolled,A,5,8 Central Refuge,2 Dark,1 Fine,1 Road-Dry,0 None,0 None,525620,183370,-0.190201,51.535269,,,Unknown,"(51.535269, -0.190201)",http://opendatacommunities.org/id/london-borough-council/camden,5817,21/12/2020 02:48:37 PM
1190192662,CAMDEN,1 DRIVER/RIDER,2 FEMALE,25-59,26,1,3 SLIGHT,'-2 NOT APPLICABLE,'-2 NOT APPLICABLE,2 PEDAL CYCLE,"On Agar Grove, near the junction with York way.",2,26/06/2019 05:05:00 PM,Wednesday,17.05,3 BOR,A,5200,6 SINGLE CWY,20,03 T/STAG JUN,9 UNKNOWN (S/R),5,0,5 PEDN PHASE AT ATS,2 DAYLIGHT,1 FINE,1 ROAD-DRY,0 NONE,0 NONE,530033,184385,-0.126236,51.543392,,,Unknown,"(51.543392, -0.126236)",http://opendatacommunities.org/id/london-borough-council/camden,9175,21/12/2020 02:48:44 PM
1170060298,CAMDEN,1 Driver/Rider,1 Male,25-59,27,1,2 Serious,-2 Unknown,-2 N/A,3 Powered 2 Wheeler,ALBANY STREET 5M N OF J/W CUMBERLAND TERRACE,2,22/09/2017 06:35:00 AM,Friday,6.35,3 Bor,A,4201,6 Single Cwy,1 <= 20 MPH,8 Priv Drive,1 Auth Person,Unclassified,0,0 No Xing Facility In 50m,1 Daylight,1 Fine,1 Road-Dry,0 None,0 None,528709,183167,-0.145763,51.532749,,,Unknown,"(51.532749, -0.145763)",http://opendatacommunities.org/id/london-borough-council/camden,7335,21/12/2020 02:48:40 PM
1170050215,CAMDEN,1 Driver/Rider,1 Male,16-24,24,1,3 Slight,-2 Unknown,-2 N/A,3 Powered 2 Wheeler,CHALTON STREET 25M N OF J/W EUSTON ROAD THE NEAREST CLASSIFIED ROA,2,17/07/2017 08:25:00 AM,Monday,8.25,3 Bor,Unclassified,0,6 Single Cwy,2 30 MPH,0 No Jun In 20m,-2 Not Applicable,-2 Not Applicable,0,0 No Xing Facility In 50m,1 Daylight,1 Fine,1 Road-Dry,0 None,0 None,529850,182750,-0.129476,51.528741,,,Unknown,"(51.528741, -0.129476)",http://opendatacommunities.org/id/london-borough-council/camden,7186,21/12/2020 02:48:40 PM
1190157149,CAMDEN,3 PEDESTRIAN,2 FEMALE,25-59,26,1,2 SERIOUS,04 CROSSING ROAD WITHIN 50M XING,3 FROM DRIVERS O/SIDE,1 PEDESTRIAN,"On Hillgrove Road, 5 metres west of the junction with Finchley Road.",1,12/01/2019 05:50:00 PM,Saturday,17.50,1 TLRN,B,509,6 SINGLE CWY,30,07 MULTI JUN,2 AUTO SIG,A,41,5 PEDN PHASE AT ATS,1 DARK,1 FINE,2 ROAD-WET,0 NONE,0 NONE,526610,184112,-0.175668,51.541716,,,Unknown,"(51.541716, -0.175668)",http://opendatacommunities.org/id/london-borough-council/camden,8688,21/12/2020 02:48:43 PM
0115EK40262,CAMDEN,1 Driver/Rider,1 Male,60+,69,1,3 Slight,-2 Unknown,-2 N/A,3 Powered 2 Wheeler,CAMDEN ROAD 129M SW OF J/W CAMDEN PARK ROAD,2,25/03/2015 11:57:00 AM,Wednesday,11.57,1 TLRN,A,503,6 Single Cwy,2 30 MPH,0 No Jun In 20m,-2 Not Applicable,-2 Not Applicable,0,0 No Xing Facility In 50m,1 Daylight,1 Fine,1 Road-Dry,0 None,0 None,529640,184760,-0.131761,51.546853,,,Unknown,"(51.546853, -0.131761)",http://opendatacommunities.org/id/london-borough-council/camden,4792,21/12/2020 02:48:36 PM
1180149265,CAMDEN,3 Pedestrian,1 Male,60+,64,1,3 Slight,06 On Footpath - Verge,5 In Rd Not Crossing,1 Pedestrian,FLAXMAN TERRACE 25M E OF J/W BIDBOROUGH STREET,1,20/11/2018 03:55:00 PM,Tuesday,15.55,3 Bor,Unclassified,0,6 Single Cwy,2 30 MPH,0 No Jun In 20m,-2 Not Applicable,-2 Not Applicable,0,0 No Xing Facility In 50m,1 Daylight,1 Fine,1 Road-Dry,0 None,0 None,529940,182640,-0.12822,51.527732,,,Unknown,"(51.527732, -0.12822)",http://opendatacommunities.org/id/london-borough-council/camden,8575,21/12/2020 02:48:43 PM
0115EK40628,CAMDEN,1 Driver/Rider,1 Male,25-59,48,1,3 Slight,-2 Unknown,-2 N/A,7 Goods Vehicle,"FORTESS ROAD, 86 METRES NORTH OF FORTESS GROVE.",2,25/07/2015 11:20:00 AM,Saturday,11.20,3 Bor,A,400,6 Single Cwy,2 30 MPH,0 No Jun In 20m,-2 Not Applicable,-2 Not Applicable,0,0 No Xing Facility In 50m,1 Daylight,1 Fine,1 Road-Dry,0 None,0 None,528990,185500,-0.140859,51.553652,,,Unknown,"(51.553652, -0.140859)",http://opendatacommunities.org/id/london-borough-council/camden,5107,21/12/2020 02:48:36 PM
1190193282,CAMDEN,2 PASSENGER,1 MALE,25-59,30,3,3 SLIGHT,'-2 NOT APPLICABLE,'-2 NOT APPLICABLE,4 CAR,"On Camden Road, 30 metres north of the junction with Canal Blvd.",2,13/07/2019 06:40:00 AM,Saturday,6.40,1 TLRN,A,503,3 DUAL CWY,30,00 NO JUN IN 20M,,0,0,0 NO XING FACILITY IN 50M,2 DAYLIGHT,1 FINE,1 ROAD-DRY,0 NONE,0 NONE,529443,184530,-0.134686,51.544831,,,Unknown,"(51.544831, -0.134686)",http://opendatacommunities.org/id/london-borough-council/camden,9181,21/12/2020 02:48:44 PM
0115EK40295,CAMDEN,1 Driver/Rider,1 Male,25-59,26,1,3 Slight,-2 Unknown,-2 N/A,2 Pedal Cycle,CAMDEN ROAD J/W ST PANCRAS WAY,2,18/04/2015 11:36:00 AM,Saturday,11.36,1 TLRN,A,503,6 Single Cwy,2 30 MPH,6 Crossroads,2 Auto Sig,A,5202,5 Pedn Phase At Ats,1 Daylight,1 Fine,1 Road-Dry,0 None,0 None,529250,184300,-0.137552,51.542808,,,Unknown,"(51.542808, -0.137552)",http://opendatacommunities.org/id/london-borough-council/camden,4816,21/12/2020 02:48:36 PM
0116EK40006,CAMDEN,1 Driver/Rider,1 Male,Unknown,0,1,3 Slight,-2 Unknown,-2 N/A,4 Car,BLOOMSBURY WAY J/W BARTER STREET,2,19/01/2016 04:00:00 AM,Tuesday,4.00,3 Bor,A,40,6 Single Cwy,1 <= 20 MPH,3 T/Stag Jun,4 Give Way/Uncontrolled,Unclassified,0,0 No Xing Facility In 50m,2 Dark,1 Fine,1 Road-Dry,0 None,0 None,530310,181570,-0.123284,51.518031,,,Unknown,"(51.518031, -0.123284)",http://opendatacommunities.org/id/london-borough-council/camden,5981,21/12/2020 02:48:38 PM
1170032971,CAMDEN,3 Pedestrian,2 Female,0-15,7,1,3 Slight,01 Crossing Road On Ped Xing,1 From Drivers N/Side,1 Pedestrian,FINCHLEY ROAD J/W WEST END LANE,1,20/04/2017 08:15:00 AM,Thursday,8.15,1 TLRN,A,41,3 Dual Cwy,2 30 MPH,6 Crossroads,2 Auto Sig,C,0,4 Pelican Or Similar,1 Daylight,1 Fine,1 Road-Dry,0 None,0 None,525650,185330,-0.189069,51.552877,,,Unknown,"(51.552877, -0.189069)",http://opendatacommunities.org/id/london-borough-council/camden,6896,21/12/2020 02:48:39 PM
1190183387,CAMDEN,3 PEDESTRIAN,1 MALE,25-59,47,1,3 SLIGHT,05 CROSSING ROAD (NOT ON XING),3 FROM DRIVERS O/SIDE,1 PEDESTRIAN,"On Chalk Farm Road, near the junction with BELMONT STREET.",1,26/05/2019 11:15:00 PM,Sunday,23.15,3 BOR,A,502,6 SINGLE CWY,20,03 T/STAG JUN,4 GIVE WAY/UNCONTROLLED,6,0,0 NO XING FACILITY IN 50M,1 DARK,1 FINE,1 ROAD-DRY,0 NONE,0 NONE,528289,184355,-0.151382,51.543521,,,Unknown,"(51.543521, -0.151382)",http://opendatacommunities.org/id/london-borough-council/camden,9045,21/12/2020 02:48:44 PM
1180127426,CAMDEN,1 Driver/Rider,1 Male,25-59,27,1,2 Serious,-2 Unknown,-2 N/A,3 Powered 2 Wheeler,A501 42M E OF J/W GOWER STREET THE NEAREST CLASSIFIED ROAD WAS THE,3,16/08/2018 05:02:00 PM,Thursday,17.02,1 TLRN,A,501,6 Single Cwy,2 30 MPH,0 No Jun In 20m,-2 Not Applicable,-2 Not Applicable,0,0 No Xing Facility In 50m,1 Daylight,1 Fine,1 Road-Dry,0 None,0 None,529450,182400,-0.135367,51.525687,,,Unknown,"(51.525687, -0.135367)",http://opendatacommunities.org/id/london-borough-council/camden,8256,21/12/2020 02:48:42 PM
1180132628,CAMDEN,3 Pedestrian,2 Female,25-59,38,1,3 Slight,04 Crossing Road Within 50m Xing,3 From Drivers O/Side,1 Pedestrian,FINCHLEY ROAD NW3 J/W COLLEGE CRESCENT/FITZJOHNS AVENUE NW3,1,14/09/2018 06:25:00 PM,Friday,18.25,1 TLRN,A,41,3 Dual Cwy,3 40 MPH,3 T/Stag Jun,2 Auto Sig,B,511,5 Pedn Phase At Ats,1 Daylight,1 Fine,1 Road-Dry,0 None,0 None,526643,184305,-0.175123,51.543443,,,Unknown,"(51.543443, -0.175123)",http://opendatacommunities.org/id/london-borough-council/camden,8324,21/12/2020 02:48:42 PM
1170035932,CAMDEN,1 Driver/Rider,2 Female,25-59,39,1,3 Slight,-2 Unknown,-2 N/A,4 Car,KILBURN HIGH ROAD J/W UN-NAMED,2,07/05/2017 12:57:00 PM,Sunday,12.57,3 Bor,A,5,6 Single Cwy,2 30 MPH,8 Priv Drive,1 Auth Person,Unclassified,0,4 Pelican Or Similar,1 Daylight,1 Fine,1 Road-Dry,0 None,0 None,525140,183980,-0.196901,51.540858,,,Unknown,"(51.540858, -0.196901)",http://opendatacommunities.org/id/london-borough-council/camden,6942,21/12/2020 02:48:39 PM
0115EK40682,CAMDEN,3 Pedestrian,2 Female,Unknown,0,1,3 Slight,05 Crossing Road (Not On Xing),1 From Drivers N/Side,1 Pedestrian,SOUTHAMPTON PLACE J/W HIGH HOLBORN,1,06/08/2015 09:00:00 AM,Thursday,9.00,3 Bor,A,40,2 One-Way St,2 30 MPH,3 T/Stag Jun,4 Give Way/Uncontrolled,A,40,0 No Xing Facility In 50m,1 Daylight,1 Fine,1 Road-Dry,0 None,0 None,530440,181520,-0.12143,51.517551,,,Unknown,"(51.517551, -0.12143)",http://opendatacommunities.org/id/london-borough-council/camden,5156,21/12/2020 02:48:36 PM
1170011088,CAMDEN,1 Driver/Rider,1 Male,25-59,26,1,3 Slight,-2 Unknown,-2 N/A,3 Powered 2 Wheeler,EUSTON ROAD NW1 J/W CHURCHWAY NW1,2,11/01/2017 04:40:00 PM,Wednesday,16.40,1 TLRN,A,501,3 Dual Cwy,2 30 MPH,3 T/Stag Jun,2 Auto Sig,Unclassified,0,5 Pedn Phase At Ats,2 Dark,2 Raining,1 Road-Dry,0 None,0 None,529830,182630,-0.129808,51.527667,,,Unknown,"(51.527667, -0.129808)",http://opendatacommunities.org/id/london-borough-council/camden,6573,21/12/2020 02:48:39 PM
0115EK41150,CAMDEN,1 Driver/Rider,1 Male,25-59,55,1,3 Slight,-2 Unknown,-2 N/A,2 Pedal Cycle,AVENUE ROAD J/W ACACIA ROAD.,2,13/12/2015 03:45:00 PM,Sunday,15.45,3 Bor,B,525,6 Single Cwy,2 30 MPH,3 T/Stag Jun,4 Give Way/Uncontrolled,C,0,1 Zebra,1 Daylight,1 Fine,1 Road-Dry,0 None,0 None,527140,183700,-0.168179,51.537895,,,Unknown,"(51.537895, -0.168179)",http://opendatacommunities.org/id/london-borough-council/camden,5552,21/12/2020 02:48:37 PM
0115EK40827,CAMDEN,1 Driver/Rider,1 Male,25-59,25,1,3 Slight,-2 Unknown,-2 N/A,3 Powered 2 Wheeler,THEOBALD'S ROAD J/W GREAT JAMES STREET.,2,22/09/2015 07:50:00 PM,Tuesday,19.50,3 Bor,A,401,6 Single Cwy,2 30 MPH,6 Crossroads,4 Give Way/Uncontrolled,Unclassified,0,1 Zebra,2 Dark,1 Fine,2 Road-Wet,0 None,0 None,530780,181890,-0.116396,51.520798,,,Unknown,"(51.520798, -0.116396)",http://opendatacommunities.org/id/london-borough-council/camden,5283,21/12/2020 02:48:37 PM
0115EK41190,CAMDEN,3 Pedestrian,1 Male,25-59,44,1,3 Slight,05 Crossing Road (Not On Xing),1 From Drivers N/Side,1 Pedestrian,FORTESS ROAD J/W FALKLAND ROAD,1,01/12/2015 03:59:00 PM,Tuesday,15.59,3 Bor,A,400,6 Single Cwy,1 <= 20 MPH,3 T/Stag Jun,4 Give Way/Uncontrolled,Unclassified,0,0 No Xing Facility In 50m,2 Dark,1 Fine,1 Road-Dry,0 None,0 None,528970,185330,-0.14121,51.552129,,,Unknown,"(51.552129, -0.14121)",http://opendatacommunities.org/id/london-borough-council/camden,5577,21/12/2020 02:48:37 PM
0115EK40380,CAMDEN,1 Driver/Rider,2 Female,25-59,27,1,3 Slight,-2 Unknown,-2 N/A,4 Car,WESTBERE ROAD J/W MINSTER ROAD,2,14/05/2015 06:06:00 PM,Thursday,18.06,3 Bor,Unclassified,0,6 Single Cwy,2 30 MPH,6 Crossroads,4 Give Way/Uncontrolled,Unclassified,0,0 No Xing Facility In 50m,1 Daylight,2 Raining,2 Road-Wet,0 None,0 None,524520,185290,-0.205373,51.552768,,,Unknown,"(51.552768, -0.205373)",http://opendatacommunities.org/id/london-borough-council/camden,4882,21/12/2020 02:48:36 PM
0115EK40889,CAMDEN,1 Driver/Rider,1 Male,25-59,32,1,3 Slight,-2 Unknown,-2 N/A,5 Taxi,CAMDEN ROAD J/W ST PANCRAS WAY,2,27/09/2015 12:56:00 PM,Sunday,12.56,1 TLRN,A,503,6 Single Cwy,2 30 MPH,6 Crossroads,2 Auto Sig,A,5202,5 Pedn Phase At Ats,1 Daylight,1 Fine,1 Road-Dry,0 None,0 None,529260,184300,-0.137408,51.542806,,,Unknown,"(51.542806, -0.137408)",http://opendatacommunities.org/id/london-borough-council/camden,5332,21/12/2020 02:48:37 PM
1180114726,CAMDEN,1 Driver/Rider,2 Female,25-59,25,1,3 Slight,-2 Unknown,-2 N/A,2 Pedal Cycle,KENTISH TOWN ROAD 50M N OF J/W CASTLE ROAD,2,16/06/2018 03:33:00 PM,Saturday,15.33,3 Bor,A,400,6 Single Cwy,1 <= 20 MPH,0 No Jun In 20m,-2 Not Applicable,-2 Not Applicable,0,0 No Xing Facility In 50m,1 Daylight,1 Fine,1 Road-Dry,0 None,0 None,528950,184580,-0.141773,51.545393,,,Unknown,"(51.545393, -0.141773)",http://opendatacommunities.org/id/london-borough-council/camden,8080,21/12/2020 02:48:42 PM
1160012663,CAMDEN,1 Driver/Rider,1 Male,25-59,36,1,3 Slight,-2 Unknown,-2 N/A,3 Powered 2 Wheeler,"ON GRAYS INN ROAD , NEAR THE JUNCTION WITH KING'S CROSS BRIDGE.",2,02/09/2016 11:45:00 AM,Friday,11.45,1 TLRN,A,501,2 One-Way St,2 30 MPH,3 T/Stag Jun,2 Auto Sig,A,5203,5 Pedn Phase At Ats,1 Daylight,9 Unknown,1 Road-Dry,0 None,0 None,530430,182940,-0.121049,51.530315,,,Unknown,"(51.530315, -0.121049)",http://opendatacommunities.org/id/london-borough-council/camden,5847,21/12/2020 02:48:38 PM
0116EK40617,CAMDEN,1 Driver/Rider,1 Male,25-59,28,1,3 Slight,-2 Unknown,-2 N/A,5 Taxi,"CAMDEN ROAD, 65 METRES SW OF CAMDEN STREET.",2,26/08/2016 12:20:00 AM,Friday,0.20,1 TLRN,A,503,6 Single Cwy,2 30 MPH,0 No Jun In 20m,-2 Not Applicable,-2 Not Applicable,0,4 Pelican Or Similar,2 Dark,2 Raining,2 Road-Wet,0 None,0 None,529030,184000,-0.140832,51.540162,,,Unknown,"(51.540162, -0.140832)",http://opendatacommunities.org/id/london-borough-council/camden,6494,21/12/2020 02:48:39 PM
1180106118,CAMDEN,1 Driver/Rider,2 Female,25-59,26,1,3 Slight,-2 Unknown,-2 N/A,2 Pedal Cycle,CAMDEN ROAD NW1 5M W OF J/W BAYHAM STREET NW1,1,05/05/2018 06:05:00 PM,Saturday,18.05,1 TLRN,A,503,2 One-Way St,1 <= 20 MPH,3 T/Stag Jun,2 Auto Sig,Unclassified,0,1 Zebra,1 Daylight,1 Fine,1 Road-Dry,0 None,0 None,528955,183926,-0.14194,51.539514,,,Unknown,"(51.539514, -0.14194)",http://opendatacommunities.org/id/london-borough-council/camden,7964,21/12/2020 02:48:42 PM
1180087203,CAMDEN,1 Driver/Rider,2 Female,16-24,22,1,3 Slight,-2 Unknown,-2 N/A,2 Pedal Cycle,NFL KILBURN HIGH ROAD 20M N OF J/W COVENTRY CLOSE,1,25/01/2018 05:10:00 PM,Thursday,17.10,3 Bor,A,5,9 Unknown,2 30 MPH,3 T/Stag Jun,4 Give Way/Uncontrolled,C,0,9 Unknown (S/R),1 Daylight,9 Unknown,9 Unknown (S/R),9 Unknown (S/R),9 Unknown (S/R),525450,183570,-0.19258,51.537104,,,Unknown,"(51.537104, -0.19258)",http://opendatacommunities.org/id/london-borough-council/camden,7709,21/12/2020 02:48:41 PM
0116QK50598,CAMDEN,1 Driver/Rider,1 Male,25-59,27,1,3 Slight,-2 Unknown,-2 N/A,4 Car,"KILBURN HIGH ROAD, J/W VICTORIA ROAD",3,06/07/2016 05:08:00 PM,Wednesday,17.08,3 Bor,A,5,6 Single Cwy,2 30 MPH,9 Other Jun,2 Auto Sig,A,5,5 Pedn Phase At Ats,1 Daylight,1 Fine,1 Road-Dry,0 None,0 None,525230,183870,-0.195643,51.539849,,,Unknown,"(51.539849, -0.195643)",http://opendatacommunities.org/id/london-borough-council/camden,6553,21/12/2020 02:48:39 PM
1170019476,CAMDEN,3 Pedestrian,2 Female,16-24,22,1,3 Slight,01 Crossing Road On Ped Xing,2 From Drivers N/Side Msk,1 Pedestrian,CHALTON STREET J/W EUSTON ROAD,1,19/02/2017 04:55:00 PM,Sunday,16.55,1 TLRN,Unclassified,0,6 Single Cwy,2 30 MPH,6 Crossroads,2 Auto Sig,A,501,5 Pedn Phase At Ats,2 Dark,1 Fine,1 Road-Dry,0 None,0 None,529900,182700,-0.128774,51.52828,,,Unknown,"(51.52828, -0.128774)",http://opendatacommunities.org/id/london-borough-council/camden,6689,21/12/2020 02:48:39 PM
1180099766,CAMDEN,1 Driver/Rider,1 Male,25-59,33,1,3 Slight,-2 Unknown,-2 N/A,3 Powered 2 Wheeler,MALDEN CRESCENT 100M S OF J/W PRINCE OF WALES ROAD,2,03/04/2018 07:00:00 PM,Tuesday,19.00,3 Bor,B,517,2 One-Way St,2 30 MPH,0 No Jun In 20m,-2 Not Applicable,-2 Not Applicable,0,0 No Xing Facility In 50m,1 Daylight,1 Fine,1 Road-Dry,0 None,0 None,528380,184580,-0.149988,51.545523,,,Unknown,"(51.545523, -0.149988)",http://opendatacommunities.org/id/london-borough-council/camden,7865,21/12/2020 02:48:41 PM
0115EK41002,CAMDEN,3 Pedestrian,2 Female,16-24,23,1,3 Slight,01 Crossing Road On Ped Xing,1 From Drivers N/Side,1 Pedestrian,SHAFTESBURY AVENUE J/W HIGH HOLBORN.,1,09/11/2015 02:45:00 PM,Monday,14.45,3 Bor,A,401,2 One-Way St,2 30 MPH,6 Crossroads,2 Auto Sig,A,40,5 Pedn Phase At Ats,1 Daylight,1 Fine,1 Road-Dry,0 None,0 None,530080,181310,-0.126693,51.515747,,,Unknown,"(51.515747, -0.126693)",http://opendatacommunities.org/id/london-borough-council/camden,5429,21/12/2020 02:48:37 PM
0115EK40838,CAMDEN,1 Driver/Rider,1 Male,25-59,52,1,3 Slight,-2 Unknown,-2 N/A,3 Powered 2 Wheeler,"NFL - FINCHLEY ROAD, 60 METRES NORTH OF ADELAIDE ROAD.",2,23/09/2015 08:10:00 AM,Wednesday,8.10,1 TLRN,A,41,6 Single Cwy,2 30 MPH,0 No Jun In 20m,-2 Not Applicable,-2 Not Applicable,0,0 No Xing Facility In 50m,1 Daylight,1 Fine,1 Road-Dry,0 None,0 None,526640,184160,-0.175219,51.542141,,,Unknown,"(51.542141, -0.175219)",http://opendatacommunities.org/id/london-borough-council/camden,5292,21/12/2020 02:48:37 PM
1170017055,CAMDEN,1 Driver/Rider,1 Male,25-59,39,1,3 Slight,-2 Unknown,-2 N/A,3 Powered 2 Wheeler,PARK SQUARE EAST NW1 J/W CAMBRIDGE GATE NW1,2,09/02/2017 08:46:00 AM,Thursday,8.46,3 Bor,Unclassified,0,6 Single Cwy,2 30 MPH,9 Other Jun,4 Give Way/Uncontrolled,Unclassified,0,0 No Xing Facility In 50m,1 Daylight,1 Fine,1 Road-Dry,0 None,0 None,528740,182280,-0.14564,51.524771,,,Unknown,"(51.524771, -0.14564)",http://opendatacommunities.org/id/london-borough-council/camden,6656,21/12/2020 02:48:39 PM
1190170013,CAMDEN,1 DRIVER/RIDER,1 MALE,25-59,30,1,3 SLIGHT,'-2 NOT APPLICABLE,'-2 NOT APPLICABLE,4 CAR,Location uncertain Camden Road,2,08/03/2019 08:40:00 AM,Friday,8.40,1 TLRN,A,503,6 SINGLE CWY,30,00 NO JUN IN 20M,,0,0,9 UNKNOWN (S/R),2 DAYLIGHT,8 OTHER,1 ROAD-DRY,0 NONE,9 UNKNOWN (S/R),528951,183916,-0.142002,51.539425,,,Unknown,"(51.539425, -0.142002)",http://opendatacommunities.org/id/london-borough-council/camden,8853,21/12/2020 02:48:43 PM
1190180510,CAMDEN,1 DRIVER/RIDER,1 MALE,25-59,28,1,3 SLIGHT,'-2 NOT APPLICABLE,'-2 NOT APPLICABLE,2 PEDAL CYCLE,"On Griffin Buildings, near the junction with Theobalds Road jw Grays Inn Rd",2,12/05/2019 02:30:00 PM,Sunday,14.30,3 BOR,A,5200,6 SINGLE CWY,20,03 T/STAG JUN,2 AUTO SIG,A,401,5 PEDN PHASE AT ATS,2 DAYLIGHT,1 FINE,1 ROAD-DRY,0 NONE,0 NONE,530990,181974,-0.113339,51.521504,,,Unknown,"(51.521504, -0.113339)",http://opendatacommunities.org/id/london-borough-council/camden,8998,21/12/2020 02:48:44 PM