Reference,London Borough Name,Casualty Class,Casualty Sex,Casualty Age Band,Casualty Age,Number Of Casualties,Casualty Severity,Pedestrian Location,Pedestrian Movement,Mode Of Travel,Attendant Location,Number Of Vehicles,Date,Day,Time,Highway,Road Class 1,Road Number 1,Road Type,Speed Limit,Junction Detail,Junction Control,Road Class 2,Road Number 2,Pedestrian Crossing,Light Condition Band,Weather,Road Surface,Special Conditions,Carriage Way Hazard,Easting,Northing,Longitude,Latitude,Ward Code,Ward Name,Spatial Accuracy,Location,Organisation URI,Socrata ID,Last Uploaded
1180115820,CAMDEN,3 Pedestrian,1 Male,0-15,13,1,2 Serious,04 Crossing Road Within 50m Xing,3 From Drivers O/Side,1 Pedestrian,CAMDEN HIGH STREET J/W PLENDER STREET,1,21/06/2018 03:00:00 PM,Thursday,15.00,1 TLRN,A,502,2 One-Way St,1 <= 20 MPH,3 T/Stag Jun,2 Auto Sig,Unclassified,0,4 Pelican Or Similar,1 Daylight,1 Fine,1 Road-Dry,0 None,0 None,529110,183520,-0.139855,51.53583,,,Unknown,"(51.53583, -0.139855)",http://opendatacommunities.org/id/london-borough-council/camden,8098,21/12/2020 02:48:42 PM
1190227757,CAMDEN,1 DRIVER/RIDER,1 MALE,25-59,30,1,3 SLIGHT,'-2 NOT APPLICABLE,'-2 NOT APPLICABLE,3 POWERED 2 WHEELER,"On Parliament Hill, 25 metres east of the junction with South Hill Park.",2,19/12/2019 11:35:00 AM,Thursday,11.35,3 BOR,6,0,6 SINGLE CWY,20,00 NO JUN IN 20M,,0,0,9 UNKNOWN (S/R),2 DAYLIGHT,8 OTHER,1 ROAD-DRY,0 NONE,0 NONE,527357,185723,-0.16432,51.556026,,,Unknown,"(51.556026, -0.16432)",http://opendatacommunities.org/id/london-borough-council/camden,9655,21/12/2020 02:48:45 PM
1170055878,CAMDEN,1 Driver/Rider,1 Male,25-59,29,1,3 Slight,-2 Unknown,-2 N/A,2 Pedal Cycle,HAMPSTEAD ROAD J/W ROBERT STREET,2,24/08/2017 06:30:00 PM,Thursday,18.30,1 TLRN,A,400,6 Single Cwy,1 <= 20 MPH,5 Slip Road,4 Give Way/Uncontrolled,Unclassified,0,0 No Xing Facility In 50m,1 Daylight,1 Fine,1 Road-Dry,0 None,0 None,529210,182720,-0.138708,51.528618,,,Unknown,"(51.528618, -0.138708)",http://opendatacommunities.org/id/london-borough-council/camden,7274,21/12/2020 02:48:40 PM
1190188930,CAMDEN,1 DRIVER/RIDER,1 MALE,25-59,33,1,3 SLIGHT,'-2 NOT APPLICABLE,'-2 NOT APPLICABLE,3 POWERED 2 WHEELER,"On ABBEY ROAD, 50 metres east of the junction with Priory road.",2,22/06/2019 06:17:00 PM,Saturday,18.17,3 BOR,B,507,6 SINGLE CWY,20,00 NO JUN IN 20M,,0,0,0 NO XING FACILITY IN 50M,2 DAYLIGHT,1 FINE,1 ROAD-DRY,0 NONE,0 NONE,525670,183994,-0.189258,51.540866,,,Unknown,"(51.540866, -0.189258)",http://opendatacommunities.org/id/london-borough-council/camden,9124,21/12/2020 02:48:44 PM
0116EO40466,CAMDEN,1 Driver/Rider,1 Male,Unknown,0,1,3 Slight,-2 Unknown,-2 N/A,3 Powered 2 Wheeler,YORK WAY 60M S J.W COPENHAGEN STREET,2,25/06/2016 07:55:00 PM,Saturday,19.55,3 Bor,A,5200,6 Single Cwy,2 30 MPH,0 No Jun In 20m,-2 Not Applicable,-2 Not Applicable,0,5 Pedn Phase At Ats,1 Daylight,2 Raining,2 Road-Wet,0 None,0 None,530320,183610,-0.122386,51.536361,,,Unknown,"(51.536361, -0.122386)",http://opendatacommunities.org/id/london-borough-council/camden,6538,21/12/2020 02:48:39 PM
1170063383,CAMDEN,1 Driver/Rider,1 Male,25-59,30,1,3 Slight,-2 Unknown,-2 N/A,3 Powered 2 Wheeler,BAYHAM STREET J/W PLENDER STREET,2,09/10/2017 12:05:00 PM,Monday,12.05,3 Bor,C,0,2 One-Way St,1 <= 20 MPH,6 Crossroads,4 Give Way/Uncontrolled,Unclassified,0,1 Zebra,1 Daylight,1 Fine,1 Road-Dry,0 None,0 None,529190,183560,-0.138688,51.536172,,,Unknown,"(51.536172, -0.138688)",http://opendatacommunities.org/id/london-borough-council/camden,7395,21/12/2020 02:48:40 PM
1160003249,CAMDEN,3 Pedestrian,2 Female,25-59,31,1,2 Serious,05 Crossing Road (Not On Xing),1 From Drivers N/Side,1 Pedestrian,KENTISH TOWN ROAD 10M N OF J/W BUCK STREET,1,24/11/2016 06:30:00 PM,Thursday,18.30,3 Bor,A,400,2 One-Way St,1 <= 20 MPH,3 T/Stag Jun,4 Give Way/Uncontrolled,Unclassified,0,4 Pelican Or Similar,2 Dark,1 Fine,1 Road-Dry,0 None,0 None,529010,184130,-0.141073,51.541335,,,Unknown,"(51.541335, -0.141073)",http://opendatacommunities.org/id/london-borough-council/camden,5695,21/12/2020 02:48:37 PM
1170022440,CAMDEN,3 Pedestrian,2 Female,25-59,28,1,2 Serious,03 Crossing Road In Zig-Zag Exit,2 From Drivers N/Side Msk,1 Pedestrian,JUDD STREET J/W CROMER STREET,1,02/03/2017 10:46:00 PM,Thursday,22.46,3 Bor,B,504,6 Single Cwy,1 <= 20 MPH,3 T/Stag Jun,4 Give Way/Uncontrolled,Unclassified,0,1 Zebra,2 Dark,1 Fine,1 Road-Dry,0 None,0 None,530190,182600,-0.124633,51.527315,,,Unknown,"(51.527315, -0.124633)",http://opendatacommunities.org/id/london-borough-council/camden,6733,21/12/2020 02:48:39 PM
1180130679,CAMDEN,1 Driver/Rider,1 Male,25-59,30,1,3 Slight,-2 Unknown,-2 N/A,4 Car,EVERSHOLT STREET J/W LANCING STREET,2,28/08/2018 05:45:00 PM,Tuesday,17.45,3 Bor,A,4200,6 Single Cwy,2 30 MPH,3 T/Stag Jun,2 Auto Sig,Unclassified,0,5 Pedn Phase At Ats,1 Daylight,1 Fine,1 Road-Dry,0 None,0 None,529680,182690,-0.131947,51.528241,,,Unknown,"(51.528241, -0.131947)",http://opendatacommunities.org/id/london-borough-council/camden,8303,21/12/2020 02:48:42 PM
1160023975,CAMDEN,3 Pedestrian,1 Male,0-15,9,1,2 Serious,04 Crossing Road Within 50m Xing,1 From Drivers N/Side,1 Pedestrian,LEIGHTON ROAD J/W LEIGHTON GROVE,1,24/10/2016 02:40:00 PM,Monday,14.40,3 Bor,C,0,6 Single Cwy,2 30 MPH,3 T/Stag Jun,4 Give Way/Uncontrolled,Unclassified,0,1 Zebra,1 Daylight,1 Fine,1 Road-Dry,0 None,0 None,529360,185190,-0.135639,51.550781,,,Unknown,"(51.550781, -0.135639)",http://opendatacommunities.org/id/london-borough-council/camden,5875,21/12/2020 02:48:38 PM
1180094820,CAMDEN,3 Pedestrian,2 Female,25-59,35,1,3 Slight,05 Crossing Road (Not On Xing),1 From Drivers N/Side,1 Pedestrian,BLOOMSBURY SQUARE J/W GREAT RUSSELL STREET,1,08/03/2018 07:50:00 AM,Thursday,7.50,3 Bor,C,0,2 One-Way St,1 <= 20 MPH,3 T/Stag Jun,2 Auto Sig,Unclassified,0,9 Unknown (S/R),1 Daylight,1 Fine,1 Road-Dry,0 None,0 None,530270,181690,-0.123816,51.519118,,,Unknown,"(51.519118, -0.123816)",http://opendatacommunities.org/id/london-borough-council/camden,7800,21/12/2020 02:48:41 PM
0115EK41054,CAMDEN,3 Pedestrian,2 Female,25-59,35,1,3 Slight,05 Crossing Road (Not On Xing),9 Unknown Or Other,1 Pedestrian,"NFL, GOWER STREET, 60M N/W J/W STORE STREET",1,26/11/2015 07:40:00 AM,Thursday,7.40,3 Bor,A,400,2 One-Way St,2 30 MPH,0 No Jun In 20m,-2 Not Applicable,-2 Not Applicable,0,0 No Xing Facility In 50m,1 Daylight,1 Fine,1 Road-Dry,0 None,0 None,529770,181860,-0.130956,51.520761,,,Unknown,"(51.520761, -0.130956)",http://opendatacommunities.org/id/london-borough-council/camden,5469,21/12/2020 02:48:37 PM
1190191752,CAMDEN,2 PASSENGER,2 FEMALE,25-59,59,2,3 SLIGHT,'-2 NOT APPLICABLE,'-2 NOT APPLICABLE,6 BUS OR COACH,"On Camden High Street, 3 metres north of the junction with GREENLAND STREET NW1.",2,05/07/2019 08:15:00 PM,Friday,20.15,1 TLRN,A,502,2 ONE-WAY ST,20,03 T/STAG JUN,4 GIVE WAY/UNCONTROLLED,6,0,4 PELICAN OR SIMILAR,2 DAYLIGHT,1 FINE,1 ROAD-DRY,0 NONE,0 NONE,528957,183775,-0.141967,51.538157,,,Unknown,"(51.538157, -0.141967)",http://opendatacommunities.org/id/london-borough-council/camden,9163,21/12/2020 02:48:44 PM
1180089374,CAMDEN,1 Driver/Rider,1 Male,25-59,29,1,3 Slight,-2 Unknown,-2 N/A,2 Pedal Cycle,KENTON STREET 50M S OF J/W TAVISTOCK PLACE,2,10/02/2018 07:40:00 PM,Saturday,19.40,3 Bor,Unclassified,0,2 One-Way St,1 <= 20 MPH,0 No Jun In 20m,-2 Not Applicable,-2 Not Applicable,0,5 Pedn Phase At Ats,2 Dark,2 Raining,1 Road-Dry,0 None,0 None,530191,182391,-0.124695,51.525436,,,Unknown,"(51.525436, -0.124695)",http://opendatacommunities.org/id/london-borough-council/camden,7737,21/12/2020 02:48:41 PM
0115EK40242,CAMDEN,3 Pedestrian,2 Female,16-24,23,1,3 Slight,10 Unknown,9 Unknown Or Other,1 Pedestrian,CAMDEN ROAD J/W SANDELL ROAD,1,30/03/2015 11:54:00 AM,Monday,11.54,1 TLRN,A,503,6 Single Cwy,2 30 MPH,3 T/Stag Jun,4 Give Way/Uncontrolled,Unclassified,0,0 No Xing Facility In 50m,1 Daylight,1 Fine,1 Road-Dry,0 None,0 None,529500,184600,-0.133838,51.545447,,,Unknown,"(51.545447, -0.133838)",http://opendatacommunities.org/id/london-borough-council/camden,4771,21/12/2020 02:48:36 PM
1190169378,CAMDEN,1 DRIVER/RIDER,1 MALE,25-59,43,1,3 SLIGHT,'-2 NOT APPLICABLE,'-2 NOT APPLICABLE,2 PEDAL CYCLE,"On Avenue Road, near the junction with St Edmunds Terrace.",2,15/03/2019 03:00:00 PM,Friday,15.00,3 BOR,B,525,6 SINGLE CWY,30,06 CROSSROADS,4 GIVE WAY/UNCONTROLLED,6,0,0 NO XING FACILITY IN 50M,2 DAYLIGHT,1 FINE,1 ROAD-DRY,0 NONE,0 NONE,527372,183475,-0.164917,51.53582,,,Unknown,"(51.53582, -0.164917)",http://opendatacommunities.org/id/london-borough-council/camden,8848,21/12/2020 02:48:43 PM
1180141131,CAMDEN,3 Pedestrian,2 Female,60+,63,1,3 Slight,01 Crossing Road On Ped Xing,1 From Drivers N/Side,1 Pedestrian,SOUTHAMPTON ROW J/W RUSSEL SQUARE,1,24/10/2018 06:25:00 PM,Wednesday,18.25,3 Bor,A,4200,3 Dual Cwy,1 <= 20 MPH,6 Crossroads,2 Auto Sig,A,4200,5 Pedn Phase At Ats,2 Dark,1 Fine,1 Road-Dry,0 None,0 None,530250,181940,-0.124012,51.52137,,,Unknown,"(51.52137, -0.124012)",http://opendatacommunities.org/id/london-borough-council/camden,8467,21/12/2020 02:48:43 PM
1160001628,CAMDEN,3 Pedestrian,1 Male,25-59,26,1,2 Serious,05 Crossing Road (Not On Xing),2 From Drivers N/Side Msk,1 Pedestrian,AVENUE ROAD 50M N OF J/W PRINCE ALBERT ROAD,1,15/11/2016 08:10:00 AM,Tuesday,8.10,3 Bor,B,525,6 Single Cwy,2 30 MPH,0 No Jun In 20m,-2 Not Applicable,-2 Not Applicable,0,0 No Xing Facility In 50m,1 Daylight,1 Fine,2 Road-Wet,0 None,2 Other Object In Cwy,527300,183530,-0.165934,51.536331,,,Unknown,"(51.536331, -0.165934)",http://opendatacommunities.org/id/london-borough-council/camden,5668,21/12/2020 02:48:37 PM
1170059388,CAMDEN,3 Pedestrian,2 Female,25-59,31,1,2 Serious,05 Crossing Road (Not On Xing),1 From Drivers N/Side,1 Pedestrian,SHAFTESBURY AVENUE 10M E OF J/W EARLHAM STREET,1,17/09/2017 11:14:00 AM,Sunday,11.14,3 Bor,A,401,6 Single Cwy,2 30 MPH,9 Other Jun,4 Give Way/Uncontrolled,Unclassified,0,0 No Xing Facility In 50m,1 Daylight,1 Fine,1 Road-Dry,0 None,0 None,529950,181080,-0.128651,51.51371,,,Unknown,"(51.51371, -0.128651)",http://opendatacommunities.org/id/london-borough-council/camden,7323,21/12/2020 02:48:40 PM
0115EK40441,CAMDEN,2 Passenger,2 Female,25-59,32,1,3 Slight,-2 Unknown,-2 N/A,6 Bus Or Coach,NFL- SPANIARDS ROAD 343M NE OF J/W NORTH END WAY,2,07/06/2015 09:50:00 PM,Sunday,21.50,3 Bor,B,519,6 Single Cwy,2 30 MPH,0 No Jun In 20m,-2 Not Applicable,-2 Not Applicable,0,0 No Xing Facility In 50m,2 Dark,1 Fine,1 Road-Dry,0 None,0 None,526410,186740,-0.177607,51.565379,,,Unknown,"(51.565379, -0.177607)",http://opendatacommunities.org/id/london-borough-council/camden,4934,21/12/2020 02:48:36 PM
1170042406,CAMDEN,1 Driver/Rider,1 Male,25-59,35,1,3 Slight,-2 Unknown,-2 N/A,2 Pedal Cycle,THEOBALD ROAD J/W RED LION STREET,2,12/06/2017 09:25:00 AM,Monday,9.25,3 Bor,A,401,6 Single Cwy,1 <= 20 MPH,3 T/Stag Jun,4 Give Way/Uncontrolled,C,0,5 Pedn Phase At Ats,1 Daylight,1 Fine,1 Road-Dry,0 None,0 None,530695,181842,-0.117638,51.520386,,,Unknown,"(51.520386, -0.117638)",http://opendatacommunities.org/id/london-borough-council/camden,7033,21/12/2020 02:48:39 PM
1160024619,CAMDEN,1 Driver/Rider,1 Male,25-59,29,1,3 Slight,-2 Unknown,-2 N/A,2 Pedal Cycle,THEOBALDS ROAD J/W LAMB'S CONDUIT STREET,2,05/10/2016 09:00:00 PM,Wednesday,21.00,3 Bor,A,401,6 Single Cwy,2 30 MPH,6 Crossroads,2 Auto Sig,C,0,5 Pedn Phase At Ats,2 Dark,1 Fine,1 Road-Dry,0 None,0 None,530670,181840,-0.117999,51.520374,,,Unknown,"(51.520374, -0.117999)",http://opendatacommunities.org/id/london-borough-council/camden,5923,21/12/2020 02:48:38 PM
1160012387,CAMDEN,1 Driver/Rider,1 Male,25-59,57,1,3 Slight,-2 Unknown,-2 N/A,2 Pedal Cycle,"ON PRIORY ROAD, 7METRES NORTH OF THE JUNCTION WITH BELSIZE ROAD",2,11/09/2016 02:00:00 PM,Sunday,14.00,3 Bor,C,0,2 One-Way St,2 30 MPH,0 No Jun In 20m,-2 Not Applicable,-2 Not Applicable,0,0 No Xing Facility In 50m,1 Daylight,1 Fine,1 Road-Dry,0 None,0 None,525580,183810,-0.190621,51.539232,,,Unknown,"(51.539232, -0.190621)",http://opendatacommunities.org/id/london-borough-council/camden,5826,21/12/2020 02:48:37 PM
1180091195,CAMDEN,3 Pedestrian,2 Female,25-59,27,1,3 Slight,01 Crossing Road On Ped Xing,1 From Drivers N/Side,1 Pedestrian,EUSTON ROAD 25M S OF J/W JUDD STREET,1,19/02/2018 01:57:00 PM,Monday,13.57,1 TLRN,A,501,9 Unknown,2 30 MPH,0 No Jun In 20m,-2 Not Applicable,-2 Not Applicable,0,9 Unknown (S/R),1 Daylight,2 Raining,2 Road-Wet,0 None,0 None,530110,182830,-0.1257,51.5294,,,Unknown,"(51.5294, -0.1257)",http://opendatacommunities.org/id/london-borough-council/camden,7761,21/12/2020 02:48:41 PM
1170023839,CAMDEN,3 Pedestrian,1 Male,25-59,37,1,3 Slight,10 Unknown,9 Unknown Or Other,1 Pedestrian,HIGHGATE HIGH STREET J/W TOWNSEND YARD,1,10/02/2017 11:40:00 AM,Friday,11.40,3 Bor,B,519,6 Single Cwy,2 30 MPH,3 T/Stag Jun,9 Unknown (S/R),Unclassified,0,9 Unknown (S/R),1 Daylight,1 Fine,1 Road-Dry,9 Unknown (S/R),9 Unknown (S/R),528530,187370,-0.146807,51.570562,,,Unknown,"(51.570562, -0.146807)",http://opendatacommunities.org/id/london-borough-council/camden,6755,21/12/2020 02:48:39 PM
1190201855,CAMDEN,1 DRIVER/RIDER,1 MALE,25-59,27,1,3 SLIGHT,'-2 NOT APPLICABLE,'-2 NOT APPLICABLE,3 POWERED 2 WHEELER,"On Duke's Road, near the junction with CHURCHWAY.",2,27/08/2019 04:50:00 PM,Tuesday,16.50,1 TLRN,6,0,3 DUAL CWY,30,06 CROSSROADS,2 AUTO SIG,A,501,5 PEDN PHASE AT ATS,2 DAYLIGHT,1 FINE,1 ROAD-DRY,0 NONE,0 NONE,529834,182641,-0.129746,51.527765,,,Unknown,"(51.527765, -0.129746)",http://opendatacommunities.org/id/london-borough-council/camden,9305,21/12/2020 02:48:44 PM
1180137624,CAMDEN,1 Driver/Rider,1 Male,25-59,27,1,3 Slight,-2 Unknown,-2 N/A,2 Pedal Cycle,BAYNES STREET J/W ROYAL COLLEGE STREET,2,08/10/2018 07:20:00 AM,Monday,7.20,3 Bor,A,5202,2 One-Way St,1 <= 20 MPH,3 T/Stag Jun,3 Stop Sign,Unclassified,0,0 No Xing Facility In 50m,1 Daylight,1 Fine,1 Road-Dry,0 None,0 None,529250,184080,-0.137632,51.540831,,,Unknown,"(51.540831, -0.137632)",http://opendatacommunities.org/id/london-borough-council/camden,8400,21/12/2020 02:48:42 PM
1190171561,CAMDEN,3 PEDESTRIAN,2 FEMALE,60+,63,2,3 SLIGHT,05 CROSSING ROAD (NOT ON XING),2 FROM DRIVERS N/SIDE MSK,1 PEDESTRIAN,"On Maiden Lane, near the junction with YORK WAY, N7.",1,27/03/2019 01:20:00 PM,Wednesday,13.20,3 BOR,A,5200,6 SINGLE CWY,20,03 T/STAG JUN,4 GIVE WAY/UNCONTROLLED,6,0,1 ZEBRA,2 DAYLIGHT,1 FINE,1 ROAD-DRY,0 NONE,0 NONE,530072,184286,-0.12571,51.542494,,,Unknown,"(51.542494, -0.12571)",http://opendatacommunities.org/id/london-borough-council/camden,8879,21/12/2020 02:48:43 PM
0116EK40359,CAMDEN,1 Driver/Rider,1 Male,16-24,19,1,3 Slight,-2 Unknown,-2 N/A,3 Powered 2 Wheeler,"NFL - CHALTON STREET, 40 METRES NE OF ALDENHAM STREET.",2,24/05/2016 08:05:00 PM,Tuesday,20.05,3 Bor,Unclassified,0,6 Single Cwy,1 <= 20 MPH,0 No Jun In 20m,-2 Not Applicable,-2 Not Applicable,0,0 No Xing Facility In 50m,1 Daylight,1 Fine,1 Road-Dry,0 None,0 None,529580,183170,-0.133211,51.532577,,,Unknown,"(51.532577, -0.133211)",http://opendatacommunities.org/id/london-borough-council/camden,6285,21/12/2020 02:48:38 PM
1190170763,CAMDEN,1 DRIVER/RIDER,1 MALE,25-59,36,1,3 SLIGHT,'-2 NOT APPLICABLE,'-2 NOT APPLICABLE,2 PEDAL CYCLE,"On Gascony Avenue, 20 metres north of the junction with Smyrna Road .",2,23/03/2019 12:30:00 PM,Saturday,12.30,3 BOR,6,0,6 SINGLE CWY,20,03 T/STAG JUN,9 UNKNOWN (S/R),6,0,1 ZEBRA,2 DAYLIGHT,1 FINE,9 UNKNOWN (S/R),0 NONE,0 NONE,525325,184173,-0.194166,51.542551,,,Unknown,"(51.542551, -0.194166)",http://opendatacommunities.org/id/london-borough-council/camden,8865,21/12/2020 02:48:43 PM
1180083769,CAMDEN,1 Driver/Rider,1 Male,25-59,26,1,2 Serious,-2 Unknown,-2 N/A,3 Powered 2 Wheeler,RUSSELL SQUARE J/W BERNARD STREET,2,15/01/2018 09:58:00 PM,Monday,21.58,3 Bor,A,4200,3 Dual Cwy,1 <= 20 MPH,6 Crossroads,2 Auto Sig,B,504,5 Pedn Phase At Ats,2 Dark,1 Fine,2 Road-Wet,0 None,0 None,530120,182090,-0.125829,51.522748,,,Unknown,"(51.522748, -0.125829)",http://opendatacommunities.org/id/london-borough-council/camden,7670,21/12/2020 02:48:41 PM
0116EK40146,CAMDEN,2 Passenger,2 Female,25-59,34,1,3 Slight,-2 Unknown,-2 N/A,3 Powered 2 Wheeler,CAMDEN HIGH STREET J/W PARKWAY,1,14/03/2016 11:53:00 AM,Monday,11.53,1 TLRN,A,400,6 Single Cwy,1 <= 20 MPH,7 Multi Jun,2 Auto Sig,A,4201,5 Pedn Phase At Ats,1 Daylight,1 Fine,1 Road-Dry,0 None,0 None,528910,183850,-0.142617,51.538842,,,Unknown,"(51.538842, -0.142617)",http://opendatacommunities.org/id/london-borough-council/camden,6102,21/12/2020 02:48:38 PM
0116EK40422,CAMDEN,3 Pedestrian,1 Male,60+,63,1,3 Slight,01 Crossing Road On Ped Xing,1 From Drivers N/Side,1 Pedestrian,WEST END LANE 40M NE OF WEST END LANE,1,16/06/2016 09:45:00 AM,Thursday,9.45,3 Bor,C,0,6 Single Cwy,1 <= 20 MPH,0 No Jun In 20m,-2 Not Applicable,-2 Not Applicable,0,1 Zebra,1 Daylight,1 Fine,1 Road-Dry,0 None,0 None,525440,185230,-0.192132,51.552025,,,Unknown,"(51.552025, -0.192132)",http://opendatacommunities.org/id/london-borough-council/camden,6339,21/12/2020 02:48:38 PM
1190212124,CAMDEN,1 DRIVER/RIDER,2 FEMALE,25-59,38,1,3 SLIGHT,'-2 NOT APPLICABLE,'-2 NOT APPLICABLE,4 CAR,"On Saint Pancras Way, near the junction with Camden Road.",2,14/10/2019 09:54:00 PM,Monday,21.54,1 TLRN,A,5202,2 ONE-WAY ST,30,03 T/STAG JUN,2 AUTO SIG,A,503,9 UNKNOWN (S/R),1 DARK,2 RAINING,2 ROAD-WET,0 NONE,0 NONE,529261,184308,-0.13739,51.542878,,,Unknown,"(51.542878, -0.13739)",http://opendatacommunities.org/id/london-borough-council/camden,9446,21/12/2020 02:48:44 PM
0115EK40286,CAMDEN,3 Pedestrian,1 Male,25-59,40,1,3 Slight,04 Crossing Road Within 50m Xing,4 From Drivers O/Side Msk,1 Pedestrian,UPPER WOBURN PLACE J/W EUSTON SQUARE,1,16/04/2015 12:07:00 AM,Thursday,0.07,1 TLRN,A,4200,3 Dual Cwy,3 40 MPH,6 Crossroads,2 Auto Sig,A,4200,5 Pedn Phase At Ats,2 Dark,1 Fine,1 Road-Dry,0 None,0 None,529750,182590,-0.130975,51.527326,,,Unknown,"(51.527326, -0.130975)",http://opendatacommunities.org/id/london-borough-council/camden,4810,21/12/2020 02:48:36 PM
0115EK40664,CAMDEN,3 Pedestrian,2 Female,60+,86,1,3 Slight,09 In Road - Not Crossing,5 In Rd Not Crossing,1 Pedestrian,HARRINGTON SQUARE 25M N OF LIDLINGTON PLACE,1,02/08/2015 07:30:00 PM,Sunday,19.30,3 Bor,A,400,2 One-Way St,2 30 MPH,0 No Jun In 20m,-2 Not Applicable,-2 Not Applicable,0,0 No Xing Facility In 50m,1 Daylight,1 Fine,1 Road-Dry,0 None,0 None,529234,183218,-0.138179,51.533088,,,Unknown,"(51.533088, -0.138179)",http://opendatacommunities.org/id/london-borough-council/camden,5138,21/12/2020 02:48:36 PM
0115EK40244,CAMDEN,1 Driver/Rider,1 Male,60+,67,1,3 Slight,-2 Unknown,-2 N/A,2 Pedal Cycle,HOLMES ROAD J/W SPRING PLACE,2,31/03/2015 05:07:00 PM,Tuesday,17.07,3 Bor,Unclassified,0,6 Single Cwy,2 30 MPH,3 T/Stag Jun,4 Give Way/Uncontrolled,Unclassified,0,0 No Xing Facility In 50m,1 Daylight,4 Fine/High Winds,1 Road-Dry,0 None,0 None,528630,184950,-0.14625,51.548791,,,Unknown,"(51.548791, -0.14625)",http://opendatacommunities.org/id/london-borough-council/camden,4773,21/12/2020 02:48:36 PM
1170023172,CAMDEN,1 Driver/Rider,1 Male,25-59,26,1,3 Slight,-2 Unknown,-2 N/A,2 Pedal Cycle,MALDEN ROAD J/W PRINCE OF WALES ROAD,2,27/02/2017 06:15:00 PM,Monday,18.15,3 Bor,B,517,6 Single Cwy,1 <= 20 MPH,3 T/Stag Jun,4 Give Way/Uncontrolled,Unclassified,0,9 Unknown (S/R),2 Dark,1 Fine,2 Road-Wet,0 None,0 None,528270,184710,-0.151526,51.546716,,,Unknown,"(51.546716, -0.151526)",http://opendatacommunities.org/id/london-borough-council/camden,6747,21/12/2020 02:48:39 PM
0116EK40241,CAMDEN,1 Driver/Rider,1 Male,25-59,53,1,3 Slight,-2 Unknown,-2 N/A,3 Powered 2 Wheeler,SOUTHAMPTON ROW J/W VERNON PLACE,2,13/01/2016 05:00:00 PM,Wednesday,17.00,3 Bor,A,4200,3 Dual Cwy,2 30 MPH,6 Crossroads,2 Auto Sig,A,401,5 Pedn Phase At Ats,2 Dark,1 Fine,1 Road-Dry,0 None,0 None,530450,181670,-0.121231,51.518897,,,Unknown,"(51.518897, -0.121231)",http://opendatacommunities.org/id/london-borough-council/camden,6179,21/12/2020 02:48:38 PM
0115EK40483,CAMDEN,1 Driver/Rider,1 Male,25-59,32,1,3 Slight,-2 Unknown,-2 N/A,2 Pedal Cycle,HUNTLEY STREET J/W CAPPER STREET,2,11/06/2015 08:17:00 AM,Thursday,8.17,3 Bor,Unclassified,0,2 One-Way St,2 30 MPH,3 T/Stag Jun,4 Give Way/Uncontrolled,Unclassified,0,0 No Xing Facility In 50m,1 Daylight,1 Fine,1 Road-Dry,0 None,0 None,529510,182080,-0.134621,51.522798,,,Unknown,"(51.522798, -0.134621)",http://opendatacommunities.org/id/london-borough-council/camden,4973,21/12/2020 02:48:36 PM
1170025823,CAMDEN,1 Driver/Rider,1 Male,25-59,34,1,3 Slight,-2 Unknown,-2 N/A,2 Pedal Cycle,HERBRAND STREET J/W BERNARD STREET,2,16/03/2017 09:00:00 PM,Thursday,21.00,3 Bor,Unclassified,0,6 Single Cwy,2 30 MPH,6 Crossroads,4 Give Way/Uncontrolled,B,504,0 No Xing Facility In 50m,2 Dark,1 Fine,1 Road-Dry,0 None,0 None,530170,182120,-0.125098,51.523006,,,Unknown,"(51.523006, -0.125098)",http://opendatacommunities.org/id/london-borough-council/camden,6787,21/12/2020 02:48:39 PM
1180145004,CAMDEN,1 Driver/Rider,1 Male,25-59,53,1,3 Slight,-2 Unknown,-2 N/A,2 Pedal Cycle,ELSWORTHY ROAD J/W QUEENS GROVE,2,11/11/2018 05:45:00 AM,Sunday,5.45,3 Bor,B,525,6 Single Cwy,2 30 MPH,3 T/Stag Jun,4 Give Way/Uncontrolled,Unclassified,0,1 Zebra,2 Dark,1 Fine,1 Road-Dry,0 None,0 None,526960,183830,-0.170726,51.539103,,,Unknown,"(51.539103, -0.170726)",http://opendatacommunities.org/id/london-borough-council/camden,8514,21/12/2020 02:48:43 PM
0115EK40567,CAMDEN,2 Passenger,2 Female,60+,62,1,3 Slight,-2 Unknown,-2 N/A,4 Car,SIDMOUTH STREET J/W SEAFORD STREET,1,12/07/2015 01:10:00 PM,Sunday,13.10,3 Bor,C,0,6 Single Cwy,2 30 MPH,3 T/Stag Jun,4 Give Way/Uncontrolled,Unclassified,0,8 Central Refuge,1 Daylight,1 Fine,1 Road-Dry,0 None,0 None,530480,182550,-0.120473,51.526799,,,Unknown,"(51.526799, -0.120473)",http://opendatacommunities.org/id/london-borough-council/camden,5058,21/12/2020 02:48:36 PM