Reference,London Borough Name,Casualty Class,Casualty Sex,Casualty Age Band,Casualty Age,Number Of Casualties,Casualty Severity,Pedestrian Location,Pedestrian Movement,Mode Of Travel,Attendant Location,Number Of Vehicles,Date,Day,Time,Highway,Road Class 1,Road Number 1,Road Type,Speed Limit,Junction Detail,Junction Control,Road Class 2,Road Number 2,Pedestrian Crossing,Light Condition Band,Weather,Road Surface,Special Conditions,Carriage Way Hazard,Easting,Northing,Longitude,Latitude,Ward Code,Ward Name,Spatial Accuracy,Location,Organisation URI,Socrata ID,Last Uploaded
1190187190,CAMDEN,3 PEDESTRIAN,2 FEMALE,25-59,29,1,3 SLIGHT,05 CROSSING ROAD (NOT ON XING),3 FROM DRIVERS O/SIDE,1 PEDESTRIAN,"On Saint Cross Street, 25 metres east of the junction with Leather Lane .",1,14/06/2019 09:30:00 AM,Friday,9.30,3 BOR,6,0,6 SINGLE CWY,20,00 NO JUN IN 20M,,0,0,0 NO XING FACILITY IN 50M,2 DAYLIGHT,1 FINE,1 ROAD-DRY,0 NONE,0 NONE,531279,181879,-0.109212,51.520583,,,Unknown,"(51.520583, -0.109212)",http://opendatacommunities.org/id/london-borough-council/camden,9092,21/12/2020 02:48:44 PM
0116QK50568,CAMDEN,1 Driver/Rider,1 Male,25-59,30,1,3 Slight,-2 Unknown,-2 N/A,2 Pedal Cycle,"KILBURN HIGH ROAD, J/W OXFORD ROAD",2,24/06/2016 08:16:00 AM,Friday,8.16,3 Bor,A,5,6 Single Cwy,2 30 MPH,3 T/Stag Jun,4 Give Way/Uncontrolled,C,0,1 Zebra,1 Daylight,1 Fine,1 Road-Dry,0 None,0 None,525520,183480,-0.191603,51.53628,,,Unknown,"(51.53628, -0.191603)",http://opendatacommunities.org/id/london-borough-council/camden,6550,21/12/2020 02:48:39 PM
0116QK50415,CAMDEN,1 Driver/Rider,1 Male,25-59,58,1,3 Slight,-2 Unknown,-2 N/A,3 Powered 2 Wheeler,"KILBURN HIGH ROAD, J/W BRONDESBURY ROAD",2,03/06/2016 11:40:00 AM,Friday,11.40,3 Bor,A,5,6 Single Cwy,2 30 MPH,3 T/Stag Jun,2 Auto Sig,B,451,5 Pedn Phase At Ats,1 Daylight,1 Fine,1 Road-Dry,0 None,0 None,525340,183710,-0.194115,51.538387,,,Unknown,"(51.538387, -0.194115)",http://opendatacommunities.org/id/london-borough-council/camden,6548,21/12/2020 02:48:39 PM
1170066987,CAMDEN,1 Driver/Rider,1 Male,16-24,19,1,3 Slight,-2 Unknown,-2 N/A,3 Powered 2 Wheeler,FAIRFAX ROAD 20M W OF J/W FAIRFAX ROAD,2,28/10/2017 05:00:00 PM,Saturday,17.00,1 TLRN,C,0,6 Single Cwy,1 <= 20 MPH,5 Slip Road,4 Give Way/Uncontrolled,C,0,4 Pelican Or Similar,1 Daylight,1 Fine,1 Road-Dry,0 None,0 None,526440,184480,-0.177986,51.545062,,,Unknown,"(51.545062, -0.177986)",http://opendatacommunities.org/id/london-borough-council/camden,7460,21/12/2020 02:48:40 PM
1190162146,CAMDEN,2 PASSENGER,2 FEMALE,25-59,48,1,3 SLIGHT,'-2 NOT APPLICABLE,'-2 NOT APPLICABLE,6 BUS OR COACH,"On Fortune Green Road, near the junction with Burrard road .",1,08/02/2019 04:44:00 PM,Thursday,16.44,3 BOR,B,510,6 SINGLE CWY,20,03 T/STAG JUN,4 GIVE WAY/UNCONTROLLED,6,0,1 ZEBRA,1 DARK,1 FINE,1 ROAD-DRY,0 NONE,0 NONE,525124,185458,-0.196607,51.554144,,,Unknown,"(51.554144, -0.196607)",http://opendatacommunities.org/id/london-borough-council/camden,8767,21/12/2020 02:48:43 PM
1190210640,CAMDEN,1 DRIVER/RIDER,1 MALE,25-59,30,1,3 SLIGHT,'-2 NOT APPLICABLE,1 FROM DRIVERS N/SIDE,3 POWERED 2 WHEELER,"On Euston Road NW1, 283 metres east of the junction with Great Portland Street.",2,09/10/2019 10:00:00 PM,Wednesday,22.00,1 TLRN,A,501,3 DUAL CWY,30,00 NO JUN IN 20M,,0,0,0 NO XING FACILITY IN 50M,1 DARK,1 FINE,1 ROAD-DRY,0 NONE,0 NONE,529167,182267,-0.139493,51.524557,,,Unknown,"(51.524557, -0.139493)",http://opendatacommunities.org/id/london-borough-council/camden,9418,21/12/2020 02:48:44 PM
1170034145,CAMDEN,1 Driver/Rider,2 Female,60+,72,1,2 Serious,-2 Unknown,-2 N/A,4 Car,BELSIZE AVENUE J/W HILFIELD COURT,2,25/04/2017 03:34:00 PM,Tuesday,15.34,3 Bor,C,0,6 Single Cwy,2 30 MPH,3 T/Stag Jun,4 Give Way/Uncontrolled,Unclassified,0,0 No Xing Facility In 50m,1 Daylight,1 Fine,1 Road-Dry,0 None,0 None,527130,185110,-0.167813,51.550569,,,Unknown,"(51.550569, -0.167813)",http://opendatacommunities.org/id/london-borough-council/camden,6914,21/12/2020 02:48:39 PM
1180149425,CAMDEN,1 Driver/Rider,2 Female,25-59,50,1,3 Slight,-2 Unknown,-2 N/A,4 Car,ROSSLYN HILL J/W ROSSLYN HILL,2,02/12/2018 01:14:00 PM,Sunday,13.14,3 Bor,A,502,6 Single Cwy,1 <= 20 MPH,6 Crossroads,2 Auto Sig,A,502,5 Pedn Phase At Ats,1 Daylight,1 Fine,1 Road-Dry,0 None,0 None,527030,185390,-0.169154,51.553107,,,Unknown,"(51.553107, -0.169154)",http://opendatacommunities.org/id/london-borough-council/camden,8578,21/12/2020 02:48:43 PM
1180111324,CAMDEN,1 Driver/Rider,1 Male,16-24,22,1,2 Serious,-2 Unknown,-2 N/A,3 Powered 2 Wheeler,TOTTENHAM COURT ROAD J/W UNIVERSITY STREET,2,31/05/2018 02:59:00 AM,Thursday,2.59,3 Bor,A,400,2 One-Way St,1 <= 20 MPH,6 Crossroads,2 Auto Sig,C,0,5 Pedn Phase At Ats,2 Dark,7 Fog/Mist,1 Road-Dry,0 None,0 None,529370,182100,-0.13663,51.52301,,,Unknown,"(51.52301, -0.13663)",http://opendatacommunities.org/id/london-borough-council/camden,8040,21/12/2020 02:48:42 PM
1170053050,CAMDEN,3 Pedestrian,1 Male,Unknown,0,1,3 Slight,05 Crossing Road (Not On Xing),9 Unknown Or Other,1 Pedestrian,CAMDEN HIGH STREET 20M W OF J/W UNKNOWN,1,06/08/2017 04:15:00 AM,Sunday,4.15,1 TLRN,A,502,9 Unknown,2 30 MPH,3 T/Stag Jun,9 Unknown (S/R),Unclassified,0,9 Unknown (S/R),2 Dark,9 Unknown,9 Unknown (S/R),9 Unknown (S/R),9 Unknown (S/R),528950,183780,-0.142066,51.538204,,,Unknown,"(51.538204, -0.142066)",http://opendatacommunities.org/id/london-borough-council/camden,7233,21/12/2020 02:48:40 PM
0115EK40268,CAMDEN,3 Pedestrian,1 Male,25-59,48,1,3 Slight,05 Crossing Road (Not On Xing),2 From Drivers N/Side Msk,1 Pedestrian,EUSTON ROAD J/W CHALTON STREET,1,10/04/2015 01:13:00 PM,Friday,13.13,1 TLRN,A,501,6 Single Cwy,2 30 MPH,3 T/Stag Jun,4 Give Way/Uncontrolled,Unclassified,0,0 No Xing Facility In 50m,1 Daylight,1 Fine,1 Road-Dry,0 None,0 None,529910,182680,-0.128637,51.528098,,,Unknown,"(51.528098, -0.128637)",http://opendatacommunities.org/id/london-borough-council/camden,4795,21/12/2020 02:48:36 PM
1180098108,CAMDEN,3 Pedestrian,1 Male,60+,60,1,3 Slight,01 Crossing Road On Ped Xing,3 From Drivers O/Side,1 Pedestrian,KILBURN HIGH ROAD 20M N OF J/W PRIORY PARK ROAD,1,24/03/2018 06:00:00 PM,Saturday,18.00,3 Bor,A,5,6 Single Cwy,2 30 MPH,3 T/Stag Jun,2 Auto Sig,Unclassified,0,4 Pelican Or Similar,2 Dark,1 Fine,1 Road-Dry,0 None,0 None,525170,183960,-0.196476,51.540671,,,Unknown,"(51.540671, -0.196476)",http://opendatacommunities.org/id/london-borough-council/camden,7837,21/12/2020 02:48:41 PM
1180090282,CAMDEN,1 Driver/Rider,1 Male,25-59,32,1,3 Slight,-2 Unknown,-2 N/A,4 Car,HAVERSTOCK HILL J/W FOUNTAIN MEWS,2,15/02/2018 06:20:00 AM,Thursday,6.20,3 Bor,A,502,6 Single Cwy,1 <= 20 MPH,99 Unknown (S/R),9 Unknown (S/R),Unclassified,0,1 Zebra,1 Daylight,1 Fine,2 Road-Wet,0 None,0 None,527630,184820,-0.160711,51.54785,,,Unknown,"(51.54785, -0.160711)",http://opendatacommunities.org/id/london-borough-council/camden,7752,21/12/2020 02:48:41 PM
1190178231,CAMDEN,1 DRIVER/RIDER,1 MALE,25-59,30,1,3 SLIGHT,'-2 NOT APPLICABLE,'-2 NOT APPLICABLE,2 PEDAL CYCLE,"On New Oxford Street, near the junction with Shaftesbury Avenue.",2,01/05/2019 06:52:00 PM,Wednesday,18.52,3 BOR,A,40,6 SINGLE CWY,30,06 CROSSROADS,2 AUTO SIG,A,401,5 PEDN PHASE AT ATS,2 DAYLIGHT,1 FINE,1 ROAD-DRY,0 NONE,0 NONE,530131,181451,-0.125907,51.517002,,,Unknown,"(51.517002, -0.125907)",http://opendatacommunities.org/id/london-borough-council/camden,8963,21/12/2020 02:48:44 PM
0115EK40541,CAMDEN,1 Driver/Rider,1 Male,16-24,17,1,3 Slight,-2 Unknown,-2 N/A,2 Pedal Cycle,QUEEN'S CRESCENT J/W WEEDINGTON ROAD,2,05/07/2015 04:08:00 PM,Sunday,16.08,3 Bor,Unclassified,0,6 Single Cwy,2 30 MPH,3 T/Stag Jun,4 Give Way/Uncontrolled,Unclassified,0,0 No Xing Facility In 50m,1 Daylight,1 Fine,1 Road-Dry,0 None,0 None,528290,185100,-0.151096,51.550216,,,Unknown,"(51.550216, -0.151096)",http://opendatacommunities.org/id/london-borough-council/camden,5029,21/12/2020 02:48:36 PM
1170035500,CAMDEN,1 Driver/Rider,1 Male,25-59,50,1,3 Slight,-2 Unknown,-2 N/A,3 Powered 2 Wheeler,CHARTERHOUSE STREET 30M E OF J/W FARRINGDON ROAD,2,04/05/2017 12:10:00 PM,Thursday,12.10,3 Bor,B,500,6 Single Cwy,1 <= 20 MPH,0 No Jun In 20m,-2 Not Applicable,-2 Not Applicable,0,5 Pedn Phase At Ats,1 Daylight,1 Fine,1 Road-Dry,0 None,0 None,531606,181680,-0.104576,51.518719,,,Unknown,"(51.518719, -0.104576)",http://opendatacommunities.org/id/london-borough-council/camden,6938,21/12/2020 02:48:39 PM
0115EK40030,CAMDEN,1 Driver/Rider,1 Male,25-59,46,1,3 Slight,-2 Unknown,-2 N/A,2 Pedal Cycle,ADELAIDE ROAD J/W HAVERSTOCK HILL,2,19/01/2015 07:25:00 PM,Monday,19.25,3 Bor,B,509,6 Single Cwy,2 30 MPH,3 T/Stag Jun,2 Auto Sig,A,502,5 Pedn Phase At Ats,2 Dark,8 Other,1 Road-Dry,0 None,0 None,528150,184390,-0.153372,51.543868,,,Unknown,"(51.543868, -0.153372)",http://opendatacommunities.org/id/london-borough-council/camden,4603,21/12/2020 02:48:35 PM
0115EK40972,CAMDEN,2 Passenger,2 Female,25-59,51,1,3 Slight,-2 Unknown,-2 N/A,4 Car,OUTER CIRCLE J/W CAMBRIDGE TERRACE.,2,30/10/2015 01:16:00 PM,Friday,13.16,3 Bor,Unclassified,0,6 Single Cwy,1 <= 20 MPH,3 T/Stag Jun,4 Give Way/Uncontrolled,Unclassified,0,0 No Xing Facility In 50m,1 Daylight,1 Fine,1 Road-Dry,0 None,0 None,528720,182570,-0.145822,51.527382,,,Unknown,"(51.527382, -0.145822)",http://opendatacommunities.org/id/london-borough-council/camden,5398,21/12/2020 02:48:37 PM
0115EK40773,CAMDEN,3 Pedestrian,1 Male,16-24,22,1,3 Slight,05 Crossing Road (Not On Xing),1 From Drivers N/Side,1 Pedestrian,BAYHAM STREET J/W GREENLAND STREET.,1,03/09/2015 06:55:00 PM,Thursday,18.55,3 Bor,A,503,2 One-Way St,2 30 MPH,3 T/Stag Jun,4 Give Way/Uncontrolled,Unclassified,0,0 No Xing Facility In 50m,1 Daylight,1 Fine,1 Road-Dry,0 None,0 None,529040,183800,-0.140761,51.538363,,,Unknown,"(51.538363, -0.140761)",http://opendatacommunities.org/id/london-borough-council/camden,5241,21/12/2020 02:48:37 PM
1190177646,CAMDEN,1 DRIVER/RIDER,1 MALE,25-59,29,4,3 SLIGHT,'-2 NOT APPLICABLE,'-2 NOT APPLICABLE,4 CAR,Location uncertain Finchley Road,1,28/04/2019 12:45:00 AM,Sunday,0.45,1 TLRN,A,41,6 SINGLE CWY,30,06 CROSSROADS,2 AUTO SIG,6,0,5 PEDN PHASE AT ATS,1 DARK,1 FINE,1 ROAD-DRY,0 NONE,0 NONE,525977,185165,-0.184414,51.551321,,,Unknown,"(51.551321, -0.184414)",http://opendatacommunities.org/id/london-borough-council/camden,8952,21/12/2020 02:48:44 PM
1180119806,CAMDEN,2 Passenger,1 Male,Unknown,0,1,3 Slight,-2 Unknown,-2 N/A,4 Car,FINCHLEY ROAD 140M N OF J/W LITHOS ROAD,1,08/07/2018 03:30:00 PM,Sunday,15.30,1 TLRN,A,41,2 One-Way St,1 <= 20 MPH,0 No Jun In 20m,-2 Not Applicable,-2 Not Applicable,0,0 No Xing Facility In 50m,1 Daylight,1 Fine,1 Road-Dry,4 Roadworks,0 None,526070,185060,-0.183111,51.550357,,,Unknown,"(51.550357, -0.183111)",http://opendatacommunities.org/id/london-borough-council/camden,8156,21/12/2020 02:48:42 PM
1190193389,CAMDEN,1 DRIVER/RIDER,1 MALE,25-59,25,1,3 SLIGHT,'-2 NOT APPLICABLE,'-2 NOT APPLICABLE,4 CAR,"On Euston Road, near the junction with Conway Street.",2,13/07/2019 07:18:00 PM,Saturday,19.18,1 TLRN,A,501,3 DUAL CWY,20,03 T/STAG JUN,4 GIVE WAY/UNCONTROLLED,6,0,0 NO XING FACILITY IN 50M,2 DAYLIGHT,1 FINE,1 ROAD-DRY,0 NONE,0 NONE,529005,182206,-0.141849,51.524046,,,Unknown,"(51.524046, -0.141849)",http://opendatacommunities.org/id/london-borough-council/camden,9183,21/12/2020 02:48:44 PM
0116EK40480,CAMDEN,3 Pedestrian,2 Female,60+,70,1,3 Slight,01 Crossing Road On Ped Xing,1 From Drivers N/Side,1 Pedestrian,FINCHLEY ROAD 147M SE OF FAIRFAX ROAD,1,20/06/2016 05:00:00 PM,Monday,17.00,1 TLRN,A,41,3 Dual Cwy,2 30 MPH,0 No Jun In 20m,-2 Not Applicable,-2 Not Applicable,0,4 Pelican Or Similar,1 Daylight,1 Fine,1 Road-Dry,0 None,0 None,526580,184430,-0.175986,51.544581,,,Unknown,"(51.544581, -0.175986)",http://opendatacommunities.org/id/london-borough-council/camden,6389,21/12/2020 02:48:38 PM
0115EK40558,CAMDEN,3 Pedestrian,1 Male,25-59,38,1,3 Slight,06 On Footpath - Verge,9 Unknown Or Other,1 Pedestrian,MILLFIELD LANE 103M SW OF HIGHGATE WEST HILL,1,03/07/2015 03:21:00 AM,Friday,3.21,3 Bor,Unclassified,0,6 Single Cwy,2 30 MPH,8 Priv Drive,4 Give Way/Uncontrolled,Unclassified,0,0 No Xing Facility In 50m,2 Dark,1 Fine,1 Road-Dry,0 None,0 None,528060,186510,-0.153898,51.56294,,,Unknown,"(51.56294, -0.153898)",http://opendatacommunities.org/id/london-borough-council/camden,5046,21/12/2020 02:48:36 PM
1180086565,CAMDEN,1 Driver/Rider,1 Male,25-59,59,1,3 Slight,-2 Unknown,-2 N/A,2 Pedal Cycle,REGIS ROAD J/W KENTISH TOWN ROAD,2,29/01/2018 09:22:00 PM,Monday,21.22,3 Bor,A,400,3 Dual Cwy,2 30 MPH,6 Crossroads,2 Auto Sig,A,400,5 Pedn Phase At Ats,2 Dark,1 Fine,1 Road-Dry,0 None,0 None,528990,185180,-0.140976,51.550776,,,Unknown,"(51.550776, -0.140976)",http://opendatacommunities.org/id/london-borough-council/camden,7705,21/12/2020 02:48:41 PM
0115EK40496,CAMDEN,3 Pedestrian,1 Male,25-59,38,1,2 Serious,06 On Footpath - Verge,9 Unknown Or Other,1 Pedestrian,LYME STREET J/W GEORGIANA STREET,1,16/06/2015 07:51:00 PM,Tuesday,19.51,3 Bor,Unclassified,0,6 Single Cwy,2 30 MPH,9 Other Jun,4 Give Way/Uncontrolled,Unclassified,0,0 No Xing Facility In 50m,1 Daylight,1 Fine,1 Road-Dry,0 None,0 None,529280,183970,-0.13724,51.539836,,,Unknown,"(51.539836, -0.13724)",http://opendatacommunities.org/id/london-borough-council/camden,4987,21/12/2020 02:48:36 PM
1180148159,CAMDEN,1 Driver/Rider,1 Male,25-59,32,1,3 Slight,-2 Unknown,-2 N/A,4 Car,FINCHLEY ROAD 25M S OF J/W WEST END LANE,2,16/11/2018 06:30:00 PM,Friday,18.30,1 TLRN,A,41,6 Single Cwy,2 30 MPH,0 No Jun In 20m,-2 Not Applicable,-2 Not Applicable,0,9 Unknown (S/R),2 Dark,5 Raining/High Winds,2 Road-Wet,0 None,0 None,525690,185320,-0.188496,51.552778,,,Unknown,"(51.552778, -0.188496)",http://opendatacommunities.org/id/london-borough-council/camden,8556,21/12/2020 02:48:43 PM
1190209496,CAMDEN,1 DRIVER/RIDER,1 MALE,25-59,38,1,2 SERIOUS,'-2 NOT APPLICABLE,1 FROM DRIVERS N/SIDE,3 POWERED 2 WHEELER,"On Varndell Street, 20 metres east of the junction with Cumberland Market.",2,04/10/2019 10:30:00 AM,Friday,10.30,3 BOR,6,0,6 SINGLE CWY,20,03 T/STAG JUN,4 GIVE WAY/UNCONTROLLED,6,0,0 NO XING FACILITY IN 50M,2 DAYLIGHT,1 FINE,1 ROAD-DRY,0 NONE,0 NONE,529024,182803,-0.141357,51.529406,,,Unknown,"(51.529406, -0.141357)",http://opendatacommunities.org/id/london-borough-council/camden,9405,21/12/2020 02:48:44 PM
1190201974,CAMDEN,1 DRIVER/RIDER,1 MALE,25-59,25,1,3 SLIGHT,'-2 NOT APPLICABLE,'-2 NOT APPLICABLE,3 POWERED 2 WHEELER,"On Camden High Street, 20 metres west of the junction with Buck Street.",2,26/08/2019 04:10:00 PM,Monday,16.10,3 BOR,A,502,2 ONE-WAY ST,20,03 T/STAG JUN,2 AUTO SIG,6,0,0 NO XING FACILITY IN 50M,2 DAYLIGHT,4 FINE/HIGH WINDS,1 ROAD-DRY,0 NONE,0 NONE,528838,183986,-0.143604,51.54008,,,Unknown,"(51.54008, -0.143604)",http://opendatacommunities.org/id/london-borough-council/camden,9307,21/12/2020 02:48:44 PM
1180105358,CAMDEN,3 Pedestrian,1 Male,25-59,39,1,3 Slight,04 Crossing Road Within 50m Xing,3 From Drivers O/Side,1 Pedestrian,EUSTON ROAD J/W EUSTON ROAD,1,02/05/2018 08:37:00 AM,Wednesday,8.37,1 TLRN,A,501,6 Single Cwy,1 <= 20 MPH,6 Crossroads,2 Auto Sig,A,501,5 Pedn Phase At Ats,1 Daylight,2 Raining,2 Road-Wet,0 None,0 None,529740,182580,-0.131123,51.527238,,,Unknown,"(51.527238, -0.131123)",http://opendatacommunities.org/id/london-borough-council/camden,7949,21/12/2020 02:48:41 PM
1170044164,CAMDEN,1 Driver/Rider,1 Male,25-59,28,1,3 Slight,-2 Unknown,-2 N/A,2 Pedal Cycle,PRINCE OF WALES ROAD 20M E OF J/W GRAFTON ROAD,2,31/05/2017 11:30:00 PM,Wednesday,23.30,3 Bor,C,0,9 Unknown,2 30 MPH,6 Crossroads,9 Unknown (S/R),C,0,0 No Xing Facility In 50m,2 Dark,9 Unknown,9 Unknown (S/R),9 Unknown (S/R),9 Unknown (S/R),528760,184710,-0.144464,51.546605,,,Unknown,"(51.546605, -0.144464)",http://opendatacommunities.org/id/london-borough-council/camden,7065,21/12/2020 02:48:39 PM
0115EK40661,CAMDEN,2 Passenger,1 Male,25-59,57,1,2 Serious,-2 Unknown,-2 N/A,6 Bus Or Coach,WOBURN PLACE 40M SE OF TAVISTOCK PLACE,1,03/08/2015 01:12:00 PM,Monday,13.12,3 Bor,A,4200,6 Single Cwy,2 30 MPH,0 No Jun In 20m,-2 Not Applicable,-2 Not Applicable,0,0 No Xing Facility In 50m,1 Daylight,1 Fine,1 Road-Dry,0 None,0 None,529990,182270,-0.127636,51.524395,,,Unknown,"(51.524395, -0.127636)",http://opendatacommunities.org/id/london-borough-council/camden,5132,21/12/2020 02:48:36 PM
1180081890,CAMDEN,2 Passenger,1 Male,16-24,23,1,3 Slight,-2 Unknown,-2 N/A,4 Car,CAVERSHAM ROAD J/W HAMMOND STREET,2,06/01/2018 03:45:00 PM,Saturday,15.45,3 Bor,Unclassified,0,6 Single Cwy,1 <= 20 MPH,6 Crossroads,4 Give Way/Uncontrolled,Unclassified,0,0 No Xing Facility In 50m,1 Daylight,1 Fine,1 Road-Dry,0 None,0 None,529150,184950,-0.138754,51.548672,,,Unknown,"(51.548672, -0.138754)",http://opendatacommunities.org/id/london-borough-council/camden,7652,21/12/2020 02:48:41 PM
1180129723,CAMDEN,2 Passenger,1 Male,16-24,24,1,3 Slight,-2 Unknown,-2 N/A,4 Car,KENTISH TOWN ROAD J/W ISLIP STREET,4,30/08/2018 03:59:00 PM,Thursday,15.59,3 Bor,A,400,2 One-Way St,1 <= 20 MPH,3 T/Stag Jun,4 Give Way/Uncontrolled,Unclassified,0,0 No Xing Facility In 50m,1 Daylight,1 Fine,1 Road-Dry,0 None,0 None,529010,185050,-0.140736,51.549603,,,Unknown,"(51.549603, -0.140736)",http://opendatacommunities.org/id/london-borough-council/camden,8287,21/12/2020 02:48:42 PM
1190218505,CAMDEN,3 PEDESTRIAN,2 FEMALE,25-59,50,1,3 SLIGHT,09 IN ROAD - NOT CROSSING,'-2 NOT APPLICABLE,1 PEDESTRIAN,"On Gascony Avenue, 60 metres west of the junction with Kilburn High Road .. The nearest classified road was the A5. The nearest classified road was the A5",2,15/11/2019 09:00:00 AM,Friday,9.00,3 BOR,6,0,2 ONE-WAY ST,20,00 NO JUN IN 20M,,0,0,0 NO XING FACILITY IN 50M,2 DAYLIGHT,1 FINE,2 ROAD-WET,0 NONE,0 NONE,525134,184134,-0.196933,51.542243,,,Unknown,"(51.542243, -0.196933)",http://opendatacommunities.org/id/london-borough-council/camden,9518,21/12/2020 02:48:44 PM
1190191621,CAMDEN,1 DRIVER/RIDER,1 MALE,25-59,28,1,2 SERIOUS,'-2 NOT APPLICABLE,'-2 NOT APPLICABLE,3 POWERED 2 WHEELER,"On Kingsgate Road, near the junction with Gascony Road.",2,29/03/2019 03:40:00 PM,Friday,15.40,3 BOR,6,0,3 DUAL CWY,20,03 T/STAG JUN,4 GIVE WAY/UNCONTROLLED,6,0,0 NO XING FACILITY IN 50M,2 DAYLIGHT,1 FINE,1 ROAD-DRY,0 NONE,0 NONE,525223,184157,-0.195642,51.54243,,,Unknown,"(51.54243, -0.195642)",http://opendatacommunities.org/id/london-borough-council/camden,9161,21/12/2020 02:48:44 PM
1170039085,CAMDEN,3 Pedestrian,1 Male,25-59,44,1,3 Slight,04 Crossing Road Within 50m Xing,3 From Drivers O/Side,1 Pedestrian,HOWLAND STREET J/W TOTTENHAM CRT ROAD WC1,1,22/05/2017 01:30:00 PM,Monday,13.30,3 Bor,C,0,6 Single Cwy,1 <= 20 MPH,3 T/Stag Jun,2 Auto Sig,A,400,4 Pelican Or Similar,1 Daylight,1 Fine,1 Road-Dry,0 None,0 None,529420,182010,-0.135943,51.522189,,,Unknown,"(51.522189, -0.135943)",http://opendatacommunities.org/id/london-borough-council/camden,6992,21/12/2020 02:48:39 PM
1160003011,CAMDEN,3 Pedestrian,2 Female,25-59,47,1,3 Slight,05 Crossing Road (Not On Xing),1 From Drivers N/Side,1 Pedestrian,TOTTENHAM COURT ROAD J/W EUSTON ROAD,1,23/11/2016 01:32:00 PM,Wednesday,13.32,1 TLRN,A,400,6 Single Cwy,2 30 MPH,9 Other Jun,4 Give Way/Uncontrolled,A,501,4 Pelican Or Similar,1 Daylight,1 Fine,1 Road-Dry,0 None,0 None,529264,182308,-0.138081,51.524903,,,Unknown,"(51.524903, -0.138081)",http://opendatacommunities.org/id/london-borough-council/camden,5690,21/12/2020 02:48:37 PM
0115EK40707,CAMDEN,1 Driver/Rider,2 Female,25-59,36,1,3 Slight,-2 Unknown,-2 N/A,2 Pedal Cycle,WHITFIELD STREET 25M NW OF HOWLAND STREET,2,24/07/2015 01:15:00 PM,Friday,13.15,3 Bor,C,0,2 One-Way St,1 <= 20 MPH,0 No Jun In 20m,-2 Not Applicable,-2 Not Applicable,0,0 No Xing Facility In 50m,1 Daylight,2 Raining,2 Road-Wet,0 None,0 None,529340,181990,-0.137103,51.522028,,,Unknown,"(51.522028, -0.137103)",http://opendatacommunities.org/id/london-borough-council/camden,5180,21/12/2020 02:48:36 PM
0115EK40189,CAMDEN,1 Driver/Rider,1 Male,25-59,45,1,3 Slight,-2 Unknown,-2 N/A,2 Pedal Cycle,EUSTON ROAD J/W CRESTFIELD STREET,2,08/03/2015 10:30:00 AM,Sunday,10.30,1 TLRN,A,501,3 Dual Cwy,3 40 MPH,3 T/Stag Jun,4 Give Way/Uncontrolled,Unclassified,0,7 Footbridge Or Subway,1 Daylight,1 Fine,1 Road-Dry,0 None,0 None,530280,182930,-0.123214,51.53026,,,Unknown,"(51.53026, -0.123214)",http://opendatacommunities.org/id/london-borough-council/camden,4730,21/12/2020 02:48:36 PM
0115EK40178,CAMDEN,2 Passenger,2 Female,25-59,45,1,3 Slight,-2 Unknown,-2 N/A,4 Car,ABBEY ROAD J/W BELSIZE ROAD,2,01/03/2015 03:17:00 PM,Sunday,15.17,3 Bor,B,507,6 Single Cwy,2 30 MPH,6 Crossroads,2 Auto Sig,B,509,5 Pedn Phase At Ats,1 Daylight,1 Fine,1 Road-Dry,0 None,0 None,525800,183880,-0.187425,51.539812,,,Unknown,"(51.539812, -0.187425)",http://opendatacommunities.org/id/london-borough-council/camden,4717,21/12/2020 02:48:36 PM
1190171992,CAMDEN,3 PEDESTRIAN,1 MALE,60+,63,1,3 SLIGHT,01 CROSSING ROAD ON PED XING,3 FROM DRIVERS O/SIDE,1 PEDESTRIAN,"On High Holborn, near the junction with NEWTON STREET .",1,29/03/2019 01:50:00 PM,Friday,13.50,3 BOR,A,40,2 ONE-WAY ST,30,03 T/STAG JUN,2 AUTO SIG,6,0,4 PELICAN OR SIMILAR,2 DAYLIGHT,1 FINE,1 ROAD-DRY,0 NONE,0 NONE,530421,181502,-0.121711,51.517394,,,Unknown,"(51.517394, -0.121711)",http://opendatacommunities.org/id/london-borough-council/camden,8888,21/12/2020 02:48:43 PM
0115EK40037,CAMDEN,1 Driver/Rider,1 Male,Unknown,0,1,3 Slight,-2 Unknown,-2 N/A,2 Pedal Cycle,SOUTHAMPTON ROW J/W THEOBALD'S ROAD,2,20/01/2015 08:52:00 AM,Tuesday,8.52,3 Bor,A,4200,6 Single Cwy,2 30 MPH,6 Crossroads,2 Auto Sig,A,401,5 Pedn Phase At Ats,1 Daylight,1 Fine,1 Road-Dry,0 None,0 None,530460,181670,-0.121087,51.518895,,,Unknown,"(51.518895, -0.121087)",http://opendatacommunities.org/id/london-borough-council/camden,4608,21/12/2020 02:48:35 PM
1190205451,CAMDEN,1 DRIVER/RIDER,2 FEMALE,25-59,27,1,3 SLIGHT,'-2 NOT APPLICABLE,'-2 NOT APPLICABLE,2 PEDAL CYCLE,"On Royal College Street, 20 metres south of the junction with Kentish Town Road.",2,11/09/2019 07:50:00 PM,Wednesday,19.50,3 BOR,A,5202,2 ONE-WAY ST,20,03 T/STAG JUN,2 AUTO SIG,6,0,9 UNKNOWN (S/R),2 DAYLIGHT,1 FINE,1 ROAD-DRY,0 NONE,0 NONE,529022,184468,-0.140776,51.54437,,,Unknown,"(51.54437, -0.140776)",http://opendatacommunities.org/id/london-borough-council/camden,9363,21/12/2020 02:48:44 PM