Reference,London Borough Name,Casualty Class,Casualty Sex,Casualty Age Band,Casualty Age,Number Of Casualties,Casualty Severity,Pedestrian Location,Pedestrian Movement,Mode Of Travel,Attendant Location,Number Of Vehicles,Date,Day,Time,Highway,Road Class 1,Road Number 1,Road Type,Speed Limit,Junction Detail,Junction Control,Road Class 2,Road Number 2,Pedestrian Crossing,Light Condition Band,Weather,Road Surface,Special Conditions,Carriage Way Hazard,Easting,Northing,Longitude,Latitude,Ward Code,Ward Name,Spatial Accuracy,Location,Organisation URI,Socrata ID,Last Uploaded
1170029692,CAMDEN,3 Pedestrian,2 Female,25-59,51,1,3 Slight,01 Crossing Road On Ped Xing,1 From Drivers N/Side,1 Pedestrian,CAMDEN ROAD 30M W OF J/W CAMDEN STREET THE NEAREST CLASSIFIED ROAD,1,02/04/2017 12:53:00 PM,Sunday,12.53,1 TLRN,A,503,3 Dual Cwy,1 <= 20 MPH,0 No Jun In 20m,-2 Not Applicable,-2 Not Applicable,0,5 Pedn Phase At Ats,1 Daylight,1 Fine,1 Road-Dry,0 None,0 None,529030,184040,-0.140818,51.540522,,,Unknown,"(51.540522, -0.140818)",http://opendatacommunities.org/id/london-borough-council/camden,6840,21/12/2020 02:48:39 PM
1180102488,CAMDEN,3 Pedestrian,1 Male,25-59,54,1,3 Slight,06 On Footpath - Verge,9 Unknown Or Other,1 Pedestrian,FINCHLEY ROAD J/W FAIRFAX ROAD,1,18/04/2018 02:05:00 PM,Wednesday,14.05,1 TLRN,A,41,3 Dual Cwy,2 30 MPH,3 T/Stag Jun,1 Auth Person,C,0,4 Pelican Or Similar,1 Daylight,1 Fine,1 Road-Dry,1 Traf Sig Out,0 None,526490,184510,-0.177255,51.54532,,,Unknown,"(51.54532, -0.177255)",http://opendatacommunities.org/id/london-borough-council/camden,7904,21/12/2020 02:48:41 PM
0116EK40225,CAMDEN,1 Driver/Rider,2 Female,25-59,25,1,3 Slight,-2 Unknown,-2 N/A,4 Car,ROYAL COLLEGE STREET J/W JEFFREY'S STREET,2,18/04/2016 01:20:00 PM,Monday,13.20,3 Bor,A,5202,2 One-Way St,1 <= 20 MPH,6 Crossroads,2 Auto Sig,Unclassified,0,5 Pedn Phase At Ats,1 Daylight,1 Fine,1 Road-Dry,0 None,0 None,529090,184360,-0.139836,51.543384,,,Unknown,"(51.543384, -0.139836)",http://opendatacommunities.org/id/london-borough-council/camden,6169,21/12/2020 02:48:38 PM
1180104261,CAMDEN,3 Pedestrian,2 Female,16-24,18,1,2 Serious,04 Crossing Road Within 50m Xing,1 From Drivers N/Side,1 Pedestrian,PENTONVILLE ROAD J/W KING'S CROSS BRIDGE,1,26/04/2018 04:45:00 PM,Thursday,16.45,1 TLRN,A,501,6 Single Cwy,1 <= 20 MPH,6 Crossroads,2 Auto Sig,Unclassified,0,5 Pedn Phase At Ats,1 Daylight,1 Fine,1 Road-Dry,0 None,0 None,530430,183000,-0.121027,51.530854,,,Unknown,"(51.530854, -0.121027)",http://opendatacommunities.org/id/london-borough-council/camden,7933,21/12/2020 02:48:41 PM
1190217592,CAMDEN,1 DRIVER/RIDER,1 MALE,25-59,33,1,3 SLIGHT,'-2 NOT APPLICABLE,'-2 NOT APPLICABLE,2 PEDAL CYCLE,"On Gower Street, near the junction with Torrington Place.",2,10/11/2019 09:15:00 AM,Sunday,9.15,3 BOR,A,400,6 SINGLE CWY,30,06 CROSSROADS,2 AUTO SIG,5,0,5 PEDN PHASE AT ATS,2 DAYLIGHT,1 FINE,1 ROAD-DRY,4 ROADWORKS,0 NONE,529636,182068,-0.13281,51.522661,,,Unknown,"(51.522661, -0.13281)",http://opendatacommunities.org/id/london-borough-council/camden,9510,21/12/2020 02:48:44 PM
0115EK40470,CAMDEN,2 Passenger,2 Female,60+,76,1,3 Slight,-2 Unknown,-2 N/A,6 Bus Or Coach,VERNON PLACE J/W SOUTHAMPTON ROW,1,13/06/2015 03:50:00 PM,Saturday,15.50,3 Bor,A,401,3 Dual Cwy,3 40 MPH,6 Crossroads,2 Auto Sig,A,4200,5 Pedn Phase At Ats,1 Daylight,1 Fine,1 Road-Dry,0 None,0 None,530450,181670,-0.121231,51.518897,,,Unknown,"(51.518897, -0.121231)",http://opendatacommunities.org/id/london-borough-council/camden,4962,21/12/2020 02:48:36 PM
1160026739,CAMDEN,1 Driver/Rider,1 Male,Unknown,0,1,3 Slight,-2 Unknown,-2 N/A,2 Pedal Cycle,PANCRAS ROAD 21M S OF J/W GOODS WAY,2,02/12/2016 11:30:00 PM,Friday,23.30,3 Bor,C,0,9 Unknown,2 30 MPH,0 No Jun In 20m,-2 Not Applicable,-2 Not Applicable,0,9 Unknown (S/R),2 Dark,9 Unknown,9 Unknown (S/R),0 None,9 Unknown (S/R),530030,183260,-0.126694,51.533283,,,Unknown,"(51.533283, -0.126694)",http://opendatacommunities.org/id/london-borough-council/camden,5955,21/12/2020 02:48:38 PM
0116CW10969,CAMDEN,1 Driver/Rider,1 Male,25-59,29,1,3 Slight,-2 Unknown,-2 N/A,3 Powered 2 Wheeler,ABBEY ROAD J/W BOUNDARY ROAD,2,13/07/2016 08:53:00 AM,Wednesday,8.53,3 Bor,B,507,6 Single Cwy,2 30 MPH,6 Crossroads,4 Give Way/Uncontrolled,B,507,1 Zebra,1 Daylight,1 Fine,1 Road-Dry,0 None,0 None,525990,183670,-0.184762,51.537883,,,Unknown,"(51.537883, -0.184762)",http://opendatacommunities.org/id/london-borough-council/camden,5972,21/12/2020 02:48:38 PM
1190215330,CAMDEN,3 PEDESTRIAN,2 FEMALE,25-59,52,1,2 SERIOUS,01 CROSSING ROAD ON PED XING,'-2 NOT APPLICABLE,1 PEDESTRIAN,"On Bedford way , near the junction with Tavistock Square.",1,01/11/2019 04:46:00 AM,Friday,4.46,3 BOR,5,0,6 SINGLE CWY,20,06 CROSSROADS,2 AUTO SIG,5,0,5 PEDN PHASE AT ATS,1 DARK,2 RAINING,2 ROAD-WET,0 NONE,0 NONE,529908,182244,-0.128827,51.52418,,,Unknown,"(51.52418, -0.128827)",http://opendatacommunities.org/id/london-borough-council/camden,9482,21/12/2020 02:48:44 PM
0116EK40268,CAMDEN,1 Driver/Rider,1 Male,16-24,23,1,3 Slight,-2 Unknown,-2 N/A,3 Powered 2 Wheeler,FROGNAL RISE J/W LOWER TERRACE.,2,23/04/2016 07:50:00 PM,Saturday,19.50,3 Bor,Unclassified,0,6 Single Cwy,2 30 MPH,3 T/Stag Jun,4 Give Way/Uncontrolled,Unclassified,0,0 No Xing Facility In 50m,1 Daylight,1 Fine,1 Road-Dry,0 None,0 None,526140,186030,-0.181755,51.559059,,,Unknown,"(51.559059, -0.181755)",http://opendatacommunities.org/id/london-borough-council/camden,6207,21/12/2020 02:48:38 PM
0115EK40525,CAMDEN,3 Pedestrian,2 Female,25-59,52,1,3 Slight,05 Crossing Road (Not On Xing),3 From Drivers O/Side,1 Pedestrian,GRAFTON WAY J/W GOWER STREET,1,01/07/2015 11:20:00 AM,Wednesday,11.20,3 Bor,C,0,6 Single Cwy,2 30 MPH,3 T/Stag Jun,4 Give Way/Uncontrolled,A,400,0 No Xing Facility In 50m,1 Daylight,1 Fine,1 Road-Dry,0 None,0 None,529470,182270,-0.135127,51.524514,,,Unknown,"(51.524514, -0.135127)",http://opendatacommunities.org/id/london-borough-council/camden,5014,21/12/2020 02:48:36 PM
1190225450,CAMDEN,1 DRIVER/RIDER,2 FEMALE,25-59,37,3,3 SLIGHT,'-2 NOT APPLICABLE,'-2 NOT APPLICABLE,4 CAR,"On Robert Street, near the junction with Stanhope Street.",1,13/12/2019 10:15:00 PM,Friday,22.15,3 BOR,6,0,6 SINGLE CWY,20,06 CROSSROADS,4 GIVE WAY/UNCONTROLLED,6,0,9 UNKNOWN (S/R),2 DAYLIGHT,5 RAINING/HIGH WINDS,2 ROAD-WET,9 UNKNOWN (S/R),0 NONE,529063,182711,-0.140829,51.528571,,,Unknown,"(51.528571, -0.140829)",http://opendatacommunities.org/id/london-borough-council/camden,9624,21/12/2020 02:48:45 PM
1190159138,CAMDEN,2 PASSENGER,2 FEMALE,25-59,50,1,3 SLIGHT,'-2 NOT APPLICABLE,'-2 NOT APPLICABLE,9 PRIVATE HIRE,"On Camden Road, near the junction with Rochester Road.",2,23/01/2019 05:50:00 PM,Wednesday,17.50,1 TLRN,A,503,6 SINGLE CWY,30,03 T/STAG JUN,4 GIVE WAY/UNCONTROLLED,6,0,8 CENTRAL REFUGE,1 DARK,1 FINE,4 ROAD-FROST/ICE,0 NONE,0 NONE,529346,184420,-0.136124,51.543865,,,Unknown,"(51.543865, -0.136124)",http://opendatacommunities.org/id/london-borough-council/camden,8719,21/12/2020 02:48:43 PM
1170021552,CAMDEN,1 Driver/Rider,2 Female,25-59,39,1,3 Slight,-2 Unknown,-2 N/A,4 Car,NEW OXFORD STREET J/W BLOOMSBURY STREET,1,18/02/2017 09:05:00 AM,Saturday,9.05,3 Bor,A,40,6 Single Cwy,1 <= 20 MPH,6 Crossroads,2 Auto Sig,A,400,9 Unknown (S/R),2 Dark,1 Fine,9 Unknown (S/R),9 Unknown (S/R),9 Unknown (S/R),530060,181440,-0.126933,51.51692,,,Unknown,"(51.51692, -0.126933)",http://opendatacommunities.org/id/london-borough-council/camden,6728,21/12/2020 02:48:39 PM
0115EK40447,CAMDEN,3 Pedestrian,2 Female,25-59,48,1,3 Slight,01 Crossing Road On Ped Xing,1 From Drivers N/Side,1 Pedestrian,HIGHGATE ROAD J/W LITTLE GREEN STREET,1,05/06/2015 05:00:00 PM,Friday,17.00,3 Bor,B,518,6 Single Cwy,2 30 MPH,3 T/Stag Jun,4 Give Way/Uncontrolled,Unclassified,0,1 Zebra,1 Daylight,1 Fine,1 Road-Dry,0 None,0 None,528660,185710,-0.14554,51.555614,,,Unknown,"(51.555614, -0.14554)",http://opendatacommunities.org/id/london-borough-council/camden,4940,21/12/2020 02:48:36 PM
0115EK40999,CAMDEN,1 Driver/Rider,1 Male,16-24,19,1,3 Slight,-2 Unknown,-2 N/A,4 Car,CAMDEN ROAD J/W CAMDEN STREET,2,11/11/2015 03:07:00 AM,Wednesday,3.07,1 TLRN,A,503,6 Single Cwy,2 30 MPH,6 Crossroads,2 Auto Sig,A,400,5 Pedn Phase At Ats,2 Dark,1 Fine,1 Road-Dry,0 None,0 None,529090,184040,-0.139953,51.540508,,,Unknown,"(51.540508, -0.139953)",http://opendatacommunities.org/id/london-borough-council/camden,5425,21/12/2020 02:48:37 PM
0115EK40517,CAMDEN,2 Passenger,2 Female,60+,72,1,3 Slight,-2 Unknown,-2 N/A,6 Bus Or Coach,NFL- CAMDEN HIGH STREET 43M SE OF J/W CASTLEHAVEN ROAD,1,28/06/2015 03:50:00 PM,Sunday,15.50,3 Bor,A,502,2 One-Way St,2 30 MPH,0 No Jun In 20m,-2 Not Applicable,-2 Not Applicable,0,1 Zebra,1 Daylight,1 Fine,1 Road-Dry,0 None,6 Ped In Cwy (Not Inj),528710,184130,-0.145396,51.541404,,,Unknown,"(51.541404, -0.145396)",http://opendatacommunities.org/id/london-borough-council/camden,5007,21/12/2020 02:48:36 PM
0116EK40234,CAMDEN,1 Driver/Rider,1 Male,60+,78,1,3 Slight,-2 Unknown,-2 N/A,4 Car,DRUMMOND STREET 35M WEST J/W HAMPSTEAD ROAD,1,05/01/2016 09:20:00 AM,Tuesday,9.20,3 Bor,Unclassified,0,6 Single Cwy,1 <= 20 MPH,0 No Jun In 20m,-2 Not Applicable,-2 Not Applicable,0,0 No Xing Facility In 50m,1 Daylight,1 Fine,1 Road-Dry,0 None,0 None,529180,182470,-0.139232,51.526378,,,Unknown,"(51.526378, -0.139232)",http://opendatacommunities.org/id/london-borough-council/camden,6173,21/12/2020 02:48:38 PM
0115EK40353,CAMDEN,1 Driver/Rider,1 Male,25-59,45,1,3 Slight,-2 Unknown,-2 N/A,5 Taxi,KILBURN HIGH ROAD J/W QUEX ROAD,2,26/04/2015 03:44:00 AM,Sunday,3.44,3 Bor,A,5,6 Single Cwy,2 30 MPH,3 T/Stag Jun,2 Auto Sig,B,510,5 Pedn Phase At Ats,2 Dark,5 Raining/High Winds,2 Road-Wet,0 None,0 None,525240,183850,-0.195506,51.539667,,,Unknown,"(51.539667, -0.195506)",http://opendatacommunities.org/id/london-borough-council/camden,4863,21/12/2020 02:48:36 PM
0115EK49051,CAMDEN,1 Driver/Rider,1 Male,25-59,55,1,3 Slight,-2 Unknown,-2 N/A,4 Car,FAIRHAZEL GARDENS J/W BELSIZE ROAD.,2,29/12/2015 01:15:00 PM,Tuesday,13.15,3 Bor,C,0,1 Roundabout,1 <= 20 MPH,1 Roundabout,4 Give Way/Uncontrolled,B,509,1 Zebra,1 Daylight,1 Fine,1 Road-Dry,0 None,0 None,526310,184110,-0.179993,51.541765,,,Unknown,"(51.541765, -0.179993)",http://opendatacommunities.org/id/london-borough-council/camden,5585,21/12/2020 02:48:37 PM
0116EK40416,CAMDEN,3 Pedestrian,1 Male,25-59,43,1,3 Slight,01 Crossing Road On Ped Xing,3 From Drivers O/Side,1 Pedestrian,EUSTON ROAD J/W OSSULSTON STREET,1,16/06/2016 07:30:00 PM,Thursday,19.30,1 TLRN,A,501,3 Dual Cwy,2 30 MPH,3 T/Stag Jun,2 Auto Sig,C,0,5 Pedn Phase At Ats,1 Daylight,1 Fine,1 Road-Dry,0 None,0 None,529990,182740,-0.127462,51.528619,,,Unknown,"(51.528619, -0.127462)",http://opendatacommunities.org/id/london-borough-council/camden,6335,21/12/2020 02:48:38 PM
1190224339,CAMDEN,3 PEDESTRIAN,1 MALE,25-59,33,1,3 SLIGHT,05 CROSSING ROAD (NOT ON XING),'-2 NOT APPLICABLE,1 PEDESTRIAN,"On Leighton Road, near the junction with Bartholomew Road.",1,11/12/2019 08:30:00 AM,Wednesday,8.30,3 BOR,5,0,6 SINGLE CWY,20,03 T/STAG JUN,4 GIVE WAY/UNCONTROLLED,6,0,9 UNKNOWN (S/R),2 DAYLIGHT,1 FINE,1 ROAD-DRY,0 NONE,0 NONE,529422,185182,-0.134748,51.550695,,,Unknown,"(51.550695, -0.134748)",http://opendatacommunities.org/id/london-borough-council/camden,9610,21/12/2020 02:48:45 PM
0116EK40558,CAMDEN,1 Driver/Rider,1 Male,16-24,24,1,3 Slight,-2 Unknown,-2 N/A,5 Taxi,SHAFTESBURY AVENUE J/W STACEY STREET,4,02/08/2016 12:40:00 AM,Tuesday,0.40,3 Bor,A,401,6 Single Cwy,2 30 MPH,3 T/Stag Jun,4 Give Way/Uncontrolled,Unclassified,0,1 Zebra,2 Dark,2 Raining,2 Road-Wet,0 None,0 None,529970,181100,-0.128355,51.513885,,,Unknown,"(51.513885, -0.128355)",http://opendatacommunities.org/id/london-borough-council/camden,6451,21/12/2020 02:48:38 PM
1170041679,CAMDEN,1 Driver/Rider,1 Male,16-24,24,1,3 Slight,-2 Unknown,-2 N/A,3 Powered 2 Wheeler,PRINCE OF WALES ROAD J/W TALACRE ROAD,2,07/06/2017 12:20:00 PM,Wednesday,12.20,3 Bor,C,0,3 Dual Cwy,1 <= 20 MPH,3 T/Stag Jun,4 Give Way/Uncontrolled,Unclassified,0,0 No Xing Facility In 50m,1 Daylight,1 Fine,1 Road-Dry,0 None,0 None,528468,184637,-0.148699,51.546015,,,Unknown,"(51.546015, -0.148699)",http://opendatacommunities.org/id/london-borough-council/camden,7018,21/12/2020 02:48:39 PM
1170064517,CAMDEN,2 Passenger,2 Female,25-59,59,1,3 Slight,-2 Unknown,-2 N/A,4 Car,SOUTHAMPTON ROW WC1 J/W HIGH HOLBORN WC1,2,14/10/2017 01:30:00 AM,Saturday,1.30,3 Bor,A,4200,3 Dual Cwy,2 30 MPH,6 Crossroads,2 Auto Sig,A,40,5 Pedn Phase At Ats,2 Dark,1 Fine,1 Road-Dry,0 None,0 None,530510,181530,-0.120418,51.517625,,,Unknown,"(51.517625, -0.120418)",http://opendatacommunities.org/id/london-borough-council/camden,7424,21/12/2020 02:48:40 PM
1170064466,CAMDEN,3 Pedestrian,1 Male,25-59,38,1,3 Slight,06 On Footpath - Verge,9 Unknown Or Other,1 Pedestrian,JUDD STREET J/W EUSTON ROAD,2,13/10/2017 09:54:00 AM,Friday,9.54,1 TLRN,A,501,6 Single Cwy,2 30 MPH,9 Other Jun,2 Auto Sig,B,504,5 Pedn Phase At Ats,1 Daylight,1 Fine,1 Road-Dry,0 None,0 None,530080,182790,-0.126147,51.529048,,,Unknown,"(51.529048, -0.126147)",http://opendatacommunities.org/id/london-borough-council/camden,7411,21/12/2020 02:48:40 PM
1170072282,CAMDEN,1 Driver/Rider,1 Male,25-59,38,1,2 Serious,-2 Unknown,-2 N/A,8 Other Vehicle,GRAYS INN ROAD J/W HEATHCOTE STREET,2,23/11/2017 04:45:00 PM,Thursday,16.45,3 Bor,A,5200,6 Single Cwy,1 <= 20 MPH,6 Crossroads,4 Give Way/Uncontrolled,Unclassified,0,0 No Xing Facility In 50m,2 Dark,1 Fine,1 Road-Dry,0 None,0 None,530650,182530,-0.118031,51.52658,,,Unknown,"(51.52658, -0.118031)",http://opendatacommunities.org/id/london-borough-council/camden,7539,21/12/2020 02:48:41 PM
1190175388,CAMDEN,1 DRIVER/RIDER,2 FEMALE,25-59,28,1,2 SERIOUS,'-2 NOT APPLICABLE,'-2 NOT APPLICABLE,2 PEDAL CYCLE,"On Guilford Street, 35 metres west of the junction with Grays Inn Road.. The nearest classified road was the A5200. The nearest classified road was the A5200",2,08/04/2019 09:30:00 AM,Monday,9.30,3 BOR,B,502,2 ONE-WAY ST,30,00 NO JUN IN 20M,,0,0,1 ZEBRA,2 DAYLIGHT,2 RAINING,9 UNKNOWN (S/R),9 UNKNOWN (S/R),9 UNKNOWN (S/R),530775,182278,-0.116324,51.524286,,,Unknown,"(51.524286, -0.116324)",http://opendatacommunities.org/id/london-borough-council/camden,8929,21/12/2020 02:48:44 PM
0115EK40274,CAMDEN,1 Driver/Rider,1 Male,16-24,20,1,3 Slight,-2 Unknown,-2 N/A,3 Powered 2 Wheeler,HILLFIELD ROAD 79M SW OF J/W ALDERD ROAD,2,26/03/2015 01:00:00 AM,Thursday,1.00,3 Bor,Unclassified,0,6 Single Cwy,2 30 MPH,0 No Jun In 20m,-2 Not Applicable,-2 Not Applicable,0,0 No Xing Facility In 50m,2 Dark,5 Raining/High Winds,2 Road-Wet,0 None,0 None,525070,185270,-0.197452,51.552466,,,Unknown,"(51.552466, -0.197452)",http://opendatacommunities.org/id/london-borough-council/camden,4800,21/12/2020 02:48:36 PM
0115QK50674,CAMDEN,1 Driver/Rider,1 Male,25-59,33,1,3 Slight,-2 Unknown,-2 N/A,4 Car,KILBURN HIGH RD J/W QUEX RD,2,19/09/2015 10:00:00 PM,Saturday,22.00,3 Bor,A,5,6 Single Cwy,2 30 MPH,3 T/Stag Jun,2 Auto Sig,B,510,0 No Xing Facility In 50m,2 Dark,1 Fine,2 Road-Wet,0 None,0 None,525240,183850,-0.195506,51.539667,,,Unknown,"(51.539667, -0.195506)",http://opendatacommunities.org/id/london-borough-council/camden,5622,21/12/2020 02:48:37 PM
1190222870,CAMDEN,1 DRIVER/RIDER,1 MALE,25-59,33,2,3 SLIGHT,'-2 NOT APPLICABLE,3 FROM DRIVERS O/SIDE,7 GOODS VEHICLE,"On Finchley Road, 200 metres south of the junction with Finchley Road.. The nearest classified road was the A41. The nearest classified road was the A41",2,05/12/2019 03:35:00 AM,Thursday,3.35,1 TLRN,A,41,3 DUAL CWY,40,00 NO JUN IN 20M,,0,0,0 NO XING FACILITY IN 50M,1 DARK,7 FOG/MIST,4 ROAD-FROST/ICE,0 NONE,0 NONE,525957,185186,-0.184695,51.551514,,,Unknown,"(51.551514, -0.184695)",http://opendatacommunities.org/id/london-borough-council/camden,9584,21/12/2020 02:48:45 PM
0115EK40065,CAMDEN,1 Driver/Rider,1 Male,25-59,34,1,3 Slight,-2 Unknown,-2 N/A,3 Powered 2 Wheeler,ST PANCRAS WAY J/W ROYALS COLLEGE STREET,2,27/01/2015 07:30:00 PM,Tuesday,19.30,3 Bor,A,5202,6 Single Cwy,2 30 MPH,3 T/Stag Jun,2 Auto Sig,A,5202,5 Pedn Phase At Ats,2 Dark,1 Fine,1 Road-Dry,0 None,0 None,529610,183510,-0.132654,51.535626,,,Unknown,"(51.535626, -0.132654)",http://opendatacommunities.org/id/london-borough-council/camden,4630,21/12/2020 02:48:35 PM
0115EK40756,CAMDEN,1 Driver/Rider,1 Male,25-59,30,1,3 Slight,-2 Unknown,-2 N/A,2 Pedal Cycle,HIGH HOLBORN J/W GRAY'S INN ROAD,2,27/08/2015 06:30:00 PM,Thursday,18.30,3 Bor,A,40,6 Single Cwy,2 30 MPH,3 T/Stag Jun,2 Auto Sig,A,5200,5 Pedn Phase At Ats,2 Dark,1 Fine,1 Road-Dry,0 None,0 None,531140,181600,-0.111318,51.518108,,,Unknown,"(51.518108, -0.111318)",http://opendatacommunities.org/id/london-borough-council/camden,5219,21/12/2020 02:48:37 PM
1190195283,CAMDEN,2 PASSENGER,1 MALE,16-24,19,6,3 SLIGHT,'-2 NOT APPLICABLE,'-2 NOT APPLICABLE,4 CAR,"On Finchley Road, 300 metres south of the junction with Alvanley Gardens.. The nearest classified road was the B1",2,22/07/2019 11:36:00 PM,Monday,23.36,1 TLRN,A,41,3 DUAL CWY,40,00 NO JUN IN 20M,,0,0,8 CENTRAL REFUGE,1 DARK,1 FINE,1 ROAD-DRY,0 NONE,0 NONE,525814,185288,-0.18672,51.552463,,,Unknown,"(51.552463, -0.18672)",http://opendatacommunities.org/id/london-borough-council/camden,9215,21/12/2020 02:48:44 PM
1190222226,CAMDEN,3 PEDESTRIAN,2 FEMALE,25-59,29,1,3 SLIGHT,01 CROSSING ROAD ON PED XING,'-2 NOT APPLICABLE,1 PEDESTRIAN,"On Euston Station (Stop AZ), 25 metres north of the junction with Endsleigh Street .",1,02/12/2019 08:56:00 AM,Monday,8.56,1 TLRN,A,501,3 DUAL CWY,30,00 NO JUN IN 20M,,0,0,5 PEDN PHASE AT ATS,2 DAYLIGHT,1 FINE,1 ROAD-DRY,0 NONE,0 NONE,529655,182527,-0.132367,51.526782,,,Unknown,"(51.526782, -0.132367)",http://opendatacommunities.org/id/london-borough-council/camden,9571,21/12/2020 02:48:45 PM
1170034986,CAMDEN,3 Pedestrian,2 Female,16-24,16,1,3 Slight,04 Crossing Road Within 50m Xing,3 From Drivers O/Side,1 Pedestrian,CAMDEN ROAD 15M N OF J/W SANDALL ROAD,1,02/05/2017 08:52:00 AM,Tuesday,8.52,1 TLRN,A,503,6 Single Cwy,2 30 MPH,9 Other Jun,2 Auto Sig,Unclassified,0,4 Pelican Or Similar,1 Daylight,1 Fine,1 Road-Dry,0 None,0 None,529520,184620,-0.133543,51.545622,,,Unknown,"(51.545622, -0.133543)",http://opendatacommunities.org/id/london-borough-council/camden,6931,21/12/2020 02:48:39 PM
1180111155,CAMDEN,3 Pedestrian,2 Female,16-24,20,1,3 Slight,09 In Road - Not Crossing,9 Unknown Or Other,1 Pedestrian,CRESTFIELD STREET 10M S OF J/W EUSON ROAD,1,30/05/2018 04:52:00 AM,Wednesday,4.52,1 TLRN,Unclassified,0,6 Single Cwy,1 <= 20 MPH,3 T/Stag Jun,4 Give Way/Uncontrolled,A,501,0 No Xing Facility In 50m,1 Daylight,1 Fine,2 Road-Wet,0 None,0 None,530290,182920,-0.123073,51.530167,,,Unknown,"(51.530167, -0.123073)",http://opendatacommunities.org/id/london-borough-council/camden,8036,21/12/2020 02:48:42 PM
1180117832,CAMDEN,2 Passenger,2 Female,0-15,10,1,3 Slight,-2 Unknown,-2 N/A,4 Car,CAMDEN HIGH STREET J/W PLENDER ROAD,3,30/06/2018 05:15:00 PM,Saturday,17.15,1 TLRN,A,502,2 One-Way St,1 <= 20 MPH,3 T/Stag Jun,4 Give Way/Uncontrolled,Unclassified,0,4 Pelican Or Similar,1 Daylight,1 Fine,1 Road-Dry,0 None,0 None,529110,183520,-0.139855,51.53583,,,Unknown,"(51.53583, -0.139855)",http://opendatacommunities.org/id/london-borough-council/camden,8131,21/12/2020 02:48:42 PM
0116EK40455,CAMDEN,1 Driver/Rider,2 Female,60+,68,1,3 Slight,-2 Unknown,-2 N/A,2 Pedal Cycle,TOTTENHAM COURT ROAD J/W EUSTON ROAD.,2,24/06/2016 04:15:00 PM,Friday,16.15,1 TLRN,A,400,6 Single Cwy,2 30 MPH,6 Crossroads,2 Auto Sig,A,501,5 Pedn Phase At Ats,1 Daylight,1 Fine,1 Road-Dry,0 None,0 None,529260,182290,-0.138145,51.524742,,,Unknown,"(51.524742, -0.138145)",http://opendatacommunities.org/id/london-borough-council/camden,6366,21/12/2020 02:48:38 PM
0116EK40550,CAMDEN,1 Driver/Rider,1 Male,16-24,21,1,3 Slight,-2 Unknown,-2 N/A,2 Pedal Cycle,NEW OXFORD STREET J/W TOTTENHAM COURT ROAD,2,30/07/2016 04:09:00 AM,Saturday,4.09,3 Bor,A,40,6 Single Cwy,2 30 MPH,6 Crossroads,2 Auto Sig,A,40,5 Pedn Phase At Ats,2 Dark,9 Unknown,1 Road-Dry,0 None,0 None,529840,181370,-0.130128,51.516341,,,Unknown,"(51.516341, -0.130128)",http://opendatacommunities.org/id/london-borough-council/camden,6444,21/12/2020 02:48:38 PM
1180110331,CAMDEN,2 Passenger,1 Male,Unknown,0,1,3 Slight,-2 Unknown,-2 N/A,4 Car,FITZJOHN'S AVENUE J/W PRINCE ARTHUR ROAD,1,24/05/2018 11:10:00 PM,Thursday,23.10,3 Bor,B,511,6 Single Cwy,1 <= 20 MPH,6 Crossroads,9 Unknown (S/R),Unclassified,0,9 Unknown (S/R),1 Daylight,1 Fine,1 Road-Dry,0 None,0 None,526460,185500,-0.177331,51.554224,,,Unknown,"(51.554224, -0.177331)",http://opendatacommunities.org/id/london-borough-council/camden,8023,21/12/2020 02:48:42 PM
1170023025,CAMDEN,1 Driver/Rider,1 Male,16-24,22,1,3 Slight,-2 Unknown,-2 N/A,4 Car,ROYAL COLLEGE STREET J/W PRATT STREET NW1,2,05/03/2017 05:34:00 PM,Sunday,17.34,3 Bor,A,5202,6 Single Cwy,1 <= 20 MPH,3 T/Stag Jun,4 Give Way/Uncontrolled,C,0,0 No Xing Facility In 50m,2 Dark,2 Raining,2 Road-Wet,0 None,0 None,529350,183890,-0.136261,51.539101,,,Unknown,"(51.539101, -0.136261)",http://opendatacommunities.org/id/london-borough-council/camden,6740,21/12/2020 02:48:39 PM
1170052072,CAMDEN,3 Pedestrian,1 Male,25-59,29,1,3 Slight,09 In Road - Not Crossing,9 Unknown Or Other,1 Pedestrian,ISLIP STREET J/W KENTISH TOWN ROAD,1,04/08/2017 09:10:00 AM,Friday,9.10,3 Bor,A,400,6 Single Cwy,1 <= 20 MPH,3 T/Stag Jun,4 Give Way/Uncontrolled,Unclassified,0,0 No Xing Facility In 50m,1 Daylight,1 Fine,1 Road-Dry,0 None,0 None,529000,185050,-0.14088,51.549605,,,Unknown,"(51.549605, -0.14088)",http://opendatacommunities.org/id/london-borough-council/camden,7220,21/12/2020 02:48:40 PM