Reference,London Borough Name,Casualty Class,Casualty Sex,Casualty Age Band,Casualty Age,Number Of Casualties,Casualty Severity,Pedestrian Location,Pedestrian Movement,Mode Of Travel,Attendant Location,Number Of Vehicles,Date,Day,Time,Highway,Road Class 1,Road Number 1,Road Type,Speed Limit,Junction Detail,Junction Control,Road Class 2,Road Number 2,Pedestrian Crossing,Light Condition Band,Weather,Road Surface,Special Conditions,Carriage Way Hazard,Easting,Northing,Longitude,Latitude,Ward Code,Ward Name,Spatial Accuracy,Location,Organisation URI,Socrata ID,Last Uploaded
1180136071,CAMDEN,1 Driver/Rider,1 Male,25-59,49,1,3 Slight,-2 Unknown,-2 N/A,4 Car,EUSTON ROAD 267M E OF J/W HAMPSTEAD ROAD THE NEAREST CLASSIFIED RO,2,30/09/2018 04:30:00 AM,Sunday,4.30,1 TLRN,A,501,3 Dual Cwy,2 30 MPH,0 No Jun In 20m,-2 Not Applicable,-2 Not Applicable,0,0 No Xing Facility In 50m,2 Dark,1 Fine,1 Road-Dry,0 None,0 None,529490,182430,-0.13478,51.525948,,,Unknown,"(51.525948, -0.13478)",http://opendatacommunities.org/id/london-borough-council/camden,8371,21/12/2020 02:48:42 PM
1180138621,CAMDEN,3 Pedestrian,1 Male,25-59,30,1,3 Slight,10 Unknown,1 From Drivers N/Side,1 Pedestrian,HAMPSTEAD ROAD 25M S OF J/W ROBERT STREET,1,09/10/2018 06:36:00 AM,Tuesday,6.36,1 TLRN,A,400,3 Dual Cwy,2 30 MPH,0 No Jun In 20m,-2 Not Applicable,-2 Not Applicable,0,5 Pedn Phase At Ats,1 Daylight,1 Fine,1 Road-Dry,0 None,0 None,529218,182683,-0.138606,51.528284,,,Unknown,"(51.528284, -0.138606)",http://opendatacommunities.org/id/london-borough-council/camden,8420,21/12/2020 02:48:43 PM
1190224526,CAMDEN,1 DRIVER/RIDER,1 MALE,25-59,39,1,3 SLIGHT,'-2 NOT APPLICABLE,1 FROM DRIVERS N/SIDE,2 PEDAL CYCLE,"On Russell Square, 10 metres west of the junction with Montague Street.",2,12/12/2019 12:30:00 PM,Thursday,12.30,3 BOR,A,4200,6 SINGLE CWY,30,03 T/STAG JUN,2 AUTO SIG,5,0,0 NO XING FACILITY IN 50M,2 DAYLIGHT,9 UNKNOWN,2 ROAD-WET,0 NONE,0 NONE,530119,181868,-0.125926,51.520753,,,Unknown,"(51.520753, -0.125926)",http://opendatacommunities.org/id/london-borough-council/camden,9612,21/12/2020 02:48:45 PM
1190208741,CAMDEN,1 DRIVER/RIDER,1 MALE,25-59,57,1,2 SERIOUS,'-2 NOT APPLICABLE,'-2 NOT APPLICABLE,3 POWERED 2 WHEELER,"On Finchley Road, near the junction with Hendon Way.",3,27/09/2019 07:35:00 AM,Friday,7.35,1 TLRN,A,598,3 DUAL CWY,40,03 T/STAG JUN,2 AUTO SIG,A,41,5 PEDN PHASE AT ATS,2 DAYLIGHT,1 FINE,1 ROAD-DRY,0 NONE,0 NONE,525081,186055,-0.197015,51.559519,,,Unknown,"(51.559519, -0.197015)",http://opendatacommunities.org/id/london-borough-council/camden,9394,21/12/2020 02:48:44 PM
1190196316,CAMDEN,1 DRIVER/RIDER,1 MALE,25-59,37,1,3 SLIGHT,'-2 NOT APPLICABLE,'-2 NOT APPLICABLE,2 PEDAL CYCLE,"On Shaftesbury Avenue, near the junction with Mercer Street.",2,27/07/2019 07:30:00 PM,Saturday,19.30,3 BOR,A,401,6 SINGLE CWY,20,03 T/STAG JUN,4 GIVE WAY/UNCONTROLLED,6,0,1 ZEBRA,2 DAYLIGHT,1 FINE,1 ROAD-DRY,0 NONE,0 NONE,530014,181169,-0.127696,51.514495,,,Unknown,"(51.514495, -0.127696)",http://opendatacommunities.org/id/london-borough-council/camden,9237,21/12/2020 02:48:44 PM
1180153573,CAMDEN,3 Pedestrian,2 Female,60+,74,1,2 Serious,01 Crossing Road On Ped Xing,1 From Drivers N/Side,1 Pedestrian,KILBURN HIGH ROAD J/W PRIORY PARK ROAD,1,21/12/2018 07:40:00 AM,Friday,7.40,3 Bor,A,5,6 Single Cwy,2 30 MPH,3 T/Stag Jun,2 Auto Sig,Unclassified,0,4 Pelican Or Similar,2 Dark,2 Raining,2 Road-Wet,0 None,0 None,525180,183940,-0.196339,51.540489,,,Unknown,"(51.540489, -0.196339)",http://opendatacommunities.org/id/london-borough-council/camden,8632,21/12/2020 02:48:43 PM
0116EK40503,CAMDEN,1 Driver/Rider,1 Male,25-59,50,1,3 Slight,-2 Unknown,-2 N/A,3 Powered 2 Wheeler,HAMPSTEAD ROAD 55M S OF J/W DRUMMOND STREET,2,31/07/2016 05:50:00 AM,Sunday,5.50,1 TLRN,A,400,6 Single Cwy,2 30 MPH,0 No Jun In 20m,-2 Not Applicable,-2 Not Applicable,0,5 Pedn Phase At Ats,1 Daylight,9 Unknown,1 Road-Dry,0 None,0 None,529220,182420,-0.138674,51.52592,,,Unknown,"(51.52592, -0.138674)",http://opendatacommunities.org/id/london-borough-council/camden,6413,21/12/2020 02:48:38 PM
1180152195,CAMDEN,3 Pedestrian,1 Male,25-59,29,1,3 Slight,10 Unknown,1 From Drivers N/Side,1 Pedestrian,STORE STREET J/W TOTTENHAM COURT ROAD,1,14/12/2018 08:10:00 PM,Friday,20.10,3 Bor,C,0,2 One-Way St,2 30 MPH,3 T/Stag Jun,9 Unknown (S/R),A,400,9 Unknown (S/R),2 Dark,1 Fine,1 Road-Dry,0 None,0 None,529650,181700,-0.132743,51.519351,,,Unknown,"(51.519351, -0.132743)",http://opendatacommunities.org/id/london-borough-council/camden,8612,21/12/2020 02:48:43 PM
1180109832,CAMDEN,3 Pedestrian,2 Female,25-59,33,1,3 Slight,05 Crossing Road (Not On Xing),1 From Drivers N/Side,1 Pedestrian,NFL BUCKNALL STREET J/W EARNSHAW STREET,1,23/05/2018 10:44:00 AM,Wednesday,10.44,3 Bor,Unclassified,0,6 Single Cwy,2 30 MPH,3 T/Stag Jun,4 Give Way/Uncontrolled,Unclassified,0,0 No Xing Facility In 50m,1 Daylight,1 Fine,1 Road-Dry,0 None,0 None,529950,181340,-0.128555,51.516047,,,Unknown,"(51.516047, -0.128555)",http://opendatacommunities.org/id/london-borough-council/camden,8014,21/12/2020 02:48:42 PM
0116EK40218,CAMDEN,1 Driver/Rider,1 Male,16-24,24,1,3 Slight,-2 Unknown,-2 N/A,2 Pedal Cycle,CAMDEN STREET J/W CAMDEN ROAD,1,14/04/2016 09:03:00 AM,Thursday,9.03,1 TLRN,A,400,2 One-Way St,1 <= 20 MPH,6 Crossroads,2 Auto Sig,A,503,5 Pedn Phase At Ats,1 Daylight,1 Fine,1 Road-Dry,0 None,0 None,529090,184030,-0.139957,51.540418,,,Unknown,"(51.540418, -0.139957)",http://opendatacommunities.org/id/london-borough-council/camden,6163,21/12/2020 02:48:38 PM
1190218255,CAMDEN,3 PEDESTRIAN,1 MALE,25-59,48,1,2 SERIOUS,05 CROSSING ROAD (NOT ON XING),9 UNKNOWN OR OTHER,1 PEDESTRIAN,"On Woburn Place, near the junction with BERNARD STREET.",1,14/11/2019 10:36:00 AM,Thursday,10.36,3 BOR,A,4200,6 SINGLE CWY,20,06 CROSSROADS,2 AUTO SIG,B,504,5 PEDN PHASE AT ATS,2 DAYLIGHT,1 FINE,1 ROAD-DRY,0 NONE,0 NONE,530125,182097,-0.125755,51.522809,,,Unknown,"(51.522809, -0.125755)",http://opendatacommunities.org/id/london-borough-council/camden,9515,21/12/2020 02:48:44 PM
1170039933,CAMDEN,1 Driver/Rider,2 Female,25-59,52,1,3 Slight,-2 Unknown,-2 N/A,2 Pedal Cycle,YORK RISE J/W DARTMOUTH PARK ROAD,2,26/05/2017 08:37:00 AM,Friday,8.37,3 Bor,Unclassified,0,6 Single Cwy,1 <= 20 MPH,6 Crossroads,4 Give Way/Uncontrolled,Unclassified,0,0 No Xing Facility In 50m,1 Daylight,1 Fine,1 Road-Dry,0 None,0 None,528760,186080,-0.143963,51.558917,,,Unknown,"(51.558917, -0.143963)",http://opendatacommunities.org/id/london-borough-council/camden,7003,21/12/2020 02:48:39 PM
1170043565,CAMDEN,3 Pedestrian,2 Female,25-59,29,1,3 Slight,01 Crossing Road On Ped Xing,9 Unknown Or Other,1 Pedestrian,JAMESTOWN ROAD J/W CAMDEN HIGH STREET,1,18/06/2017 06:20:00 PM,Sunday,18.20,3 Bor,C,0,6 Single Cwy,1 <= 20 MPH,6 Crossroads,2 Auto Sig,A,502,5 Pedn Phase At Ats,1 Daylight,1 Fine,1 Road-Dry,0 None,0 None,528780,184050,-0.144417,51.540669,,,Unknown,"(51.540669, -0.144417)",http://opendatacommunities.org/id/london-borough-council/camden,7053,21/12/2020 02:48:39 PM
0115EK40804,CAMDEN,3 Pedestrian,1 Male,60+,71,1,3 Slight,01 Crossing Road On Ped Xing,1 From Drivers N/Side,1 Pedestrian,CAMDEN ROAD J/W CAMDEN STREET,1,15/09/2015 01:00:00 PM,Tuesday,13.00,1 TLRN,A,503,6 Single Cwy,2 30 MPH,6 Crossroads,2 Auto Sig,A,400,5 Pedn Phase At Ats,1 Daylight,1 Fine,1 Road-Dry,0 None,0 None,529100,184040,-0.139809,51.540506,,,Unknown,"(51.540506, -0.139809)",http://opendatacommunities.org/id/london-borough-council/camden,5263,21/12/2020 02:48:37 PM
1170056843,CAMDEN,1 Driver/Rider,1 Male,25-59,31,1,3 Slight,-2 Unknown,-2 N/A,2 Pedal Cycle,PENTONVILLE ROAD J/W CALEDONIAN ROAD,2,01/09/2017 08:35:00 AM,Friday,8.35,1 TLRN,A,501,3 Dual Cwy,2 30 MPH,7 Multi Jun,4 Give Way/Uncontrolled,A,5203,5 Pedn Phase At Ats,1 Daylight,1 Fine,1 Road-Dry,0 None,0 None,530430,183000,-0.121027,51.530854,,,Unknown,"(51.530854, -0.121027)",http://opendatacommunities.org/id/london-borough-council/camden,7286,21/12/2020 02:48:40 PM
0115EK41005,CAMDEN,1 Driver/Rider,1 Male,25-59,58,1,3 Slight,-2 Unknown,-2 N/A,3 Powered 2 Wheeler,EAST HEATH ROAD J/W HEATHSIDE,2,12/11/2015 04:26:00 PM,Thursday,16.26,3 Bor,C,0,6 Single Cwy,2 30 MPH,3 T/Stag Jun,4 Give Way/Uncontrolled,Unclassified,0,0 No Xing Facility In 50m,2 Dark,1 Fine,2 Road-Wet,0 None,0 None,526930,186030,-0.170365,51.558881,,,Unknown,"(51.558881, -0.170365)",http://opendatacommunities.org/id/london-borough-council/camden,5430,21/12/2020 02:48:37 PM
0115EK41062,CAMDEN,3 Pedestrian,2 Female,16-24,24,1,2 Serious,05 Crossing Road (Not On Xing),1 From Drivers N/Side,1 Pedestrian,"NFL, NEW OXFORD STREET, 35M W J/W DYOTT STREET",1,28/11/2015 01:01:00 AM,Saturday,1.01,3 Bor,A,40,6 Single Cwy,2 30 MPH,0 No Jun In 20m,-2 Not Applicable,-2 Not Applicable,0,0 No Xing Facility In 50m,2 Dark,1 Fine,2 Road-Wet,0 None,0 None,529970,181410,-0.128241,51.516671,,,Unknown,"(51.516671, -0.128241)",http://opendatacommunities.org/id/london-borough-council/camden,5475,21/12/2020 02:48:37 PM
0116EK40602,CAMDEN,1 Driver/Rider,1 Male,16-24,24,1,3 Slight,-2 Unknown,-2 N/A,4 Car,LYNDHURST GARDENS J/W WEDDERBURN ROAD.,2,17/08/2016 12:50:00 PM,Wednesday,12.50,3 Bor,Unclassified,0,6 Single Cwy,2 30 MPH,6 Crossroads,4 Give Way/Uncontrolled,Unclassified,0,0 No Xing Facility In 50m,1 Daylight,1 Fine,1 Road-Dry,0 None,0 None,526880,185200,-0.171385,51.551434,,,Unknown,"(51.551434, -0.171385)",http://opendatacommunities.org/id/london-borough-council/camden,6483,21/12/2020 02:48:39 PM
0116EO40140,CAMDEN,1 Driver/Rider,1 Male,25-59,32,1,3 Slight,-2 Unknown,-2 N/A,4 Car,GREVILLE STREET J/W FARRINGDON ROAD,2,27/02/2016 08:38:00 AM,Saturday,8.38,1 TLRN,Unclassified,0,6 Single Cwy,2 30 MPH,6 Crossroads,2 Auto Sig,A,201,5 Pedn Phase At Ats,1 Daylight,1 Fine,1 Road-Dry,0 None,0 None,531520,181790,-0.105773,51.519728,,,Unknown,"(51.519728, -0.105773)",http://opendatacommunities.org/id/london-borough-council/camden,6521,21/12/2020 02:48:39 PM
1190187708,CAMDEN,1 DRIVER/RIDER,1 MALE,25-59,30,1,3 SLIGHT,'-2 NOT APPLICABLE,'-2 NOT APPLICABLE,4 CAR,"On Kentish Town Road, 25 metres north of the junction with Rochester Road .",2,16/06/2019 09:30:00 AM,Sunday,9.30,3 BOR,A,400,2 ONE-WAY ST,20,00 NO JUN IN 20M,,0,0,1 ZEBRA,2 DAYLIGHT,1 FINE,1 ROAD-DRY,4 ROADWORKS,0 NONE,528964,184588,-0.141568,51.545462,,,Unknown,"(51.545462, -0.141568)",http://opendatacommunities.org/id/london-borough-council/camden,9107,21/12/2020 02:48:44 PM
1170024645,CAMDEN,3 Pedestrian,1 Male,25-59,26,1,3 Slight,01 Crossing Road On Ped Xing,1 From Drivers N/Side,1 Pedestrian,KINGSWAY J/W HIGH HOLBORN,1,11/03/2017 09:25:00 PM,Saturday,21.25,3 Bor,A,4200,3 Dual Cwy,2 30 MPH,6 Crossroads,2 Auto Sig,A,40,5 Pedn Phase At Ats,2 Dark,1 Fine,1 Road-Dry,0 None,0 None,530520,181510,-0.120282,51.517443,,,Unknown,"(51.517443, -0.120282)",http://opendatacommunities.org/id/london-borough-council/camden,6768,21/12/2020 02:48:39 PM
0115EK40504,CAMDEN,2 Passenger,1 Male,0-15,5,1,3 Slight,-2 Unknown,-2 N/A,6 Bus Or Coach,FLEET ROAD J/W LAWN ROAD,1,23/06/2015 11:04:00 AM,Tuesday,11.04,3 Bor,B,518,2 One-Way St,2 30 MPH,3 T/Stag Jun,4 Give Way/Uncontrolled,Unclassified,0,1 Zebra,1 Daylight,1 Fine,1 Road-Dry,0 None,0 None,527550,185440,-0.16164,51.55344,,,Unknown,"(51.55344, -0.16164)",http://opendatacommunities.org/id/london-borough-council/camden,4993,21/12/2020 02:48:36 PM
1190187390,CAMDEN,1 DRIVER/RIDER,1 MALE,25-59,26,1,3 SLIGHT,'-2 NOT APPLICABLE,'-2 NOT APPLICABLE,3 POWERED 2 WHEELER,"On Albany St, near the junction with Redhill Street.",1,12/06/2019 06:30:00 PM,Wednesday,18.30,3 BOR,A,4201,9 UNKNOWN,30,03 T/STAG JUN,9 UNKNOWN (S/R),6,0,9 UNKNOWN (S/R),2 DAYLIGHT,5 RAINING/HIGH WINDS,2 ROAD-WET,0 NONE,0 NONE,528808,182841,-0.144455,51.529797,,,Unknown,"(51.529797, -0.144455)",http://opendatacommunities.org/id/london-borough-council/camden,9095,21/12/2020 02:48:44 PM
1160005467,CAMDEN,1 Driver/Rider,1 Male,25-59,57,1,3 Slight,-2 Unknown,-2 N/A,4 Car,FINCHLEY ROAD J/W HEATH DRIVE,2,18/11/2016 01:40:00 PM,Friday,13.40,1 TLRN,A,41,3 Dual Cwy,2 30 MPH,6 Crossroads,2 Auto Sig,Unclassified,0,9 Unknown (S/R),2 Dark,1 Fine,1 Road-Dry,9 Unknown (S/R),9 Unknown (S/R),525500,185480,-0.191178,51.554258,,,Unknown,"(51.554258, -0.191178)",http://opendatacommunities.org/id/london-borough-council/camden,5742,21/12/2020 02:48:37 PM
1180083250,CAMDEN,1 Driver/Rider,1 Male,25-59,25,1,2 Serious,-2 Unknown,-2 N/A,3 Powered 2 Wheeler,TOTTENHAM COURT ROAD J/W NEW OXFORD ST,2,12/01/2018 03:10:00 PM,Friday,15.10,3 Bor,A,400,2 One-Way St,1 <= 20 MPH,6 Crossroads,2 Auto Sig,A,40,5 Pedn Phase At Ats,1 Daylight,1 Fine,1 Road-Dry,0 None,0 None,529810,181380,-0.130557,51.516438,,,Unknown,"(51.516438, -0.130557)",http://opendatacommunities.org/id/london-borough-council/camden,7662,21/12/2020 02:48:41 PM
1180114575,CAMDEN,2 Passenger,2 Female,25-59,46,1,3 Slight,-2 Unknown,-2 N/A,6 Bus Or Coach,WOBURN PLACE J/W BERNARD STREET,1,15/06/2018 01:20:00 PM,Friday,13.20,3 Bor,A,4200,6 Single Cwy,1 <= 20 MPH,6 Crossroads,2 Auto Sig,B,504,5 Pedn Phase At Ats,1 Daylight,1 Fine,1 Road-Dry,0 None,0 None,530120,182100,-0.125826,51.522837,,,Unknown,"(51.522837, -0.125826)",http://opendatacommunities.org/id/london-borough-council/camden,8077,21/12/2020 02:48:42 PM
0116EK40318,CAMDEN,3 Pedestrian,2 Female,0-15,12,1,2 Serious,04 Crossing Road Within 50m Xing,1 From Drivers N/Side,1 Pedestrian,EVERSHOLT STREET 33M NORTH WEST OF J/W ALDENHAM STREET,1,05/05/2016 07:59:00 AM,Thursday,7.59,3 Bor,A,4200,6 Single Cwy,1 <= 20 MPH,0 No Jun In 20m,-2 Not Applicable,-2 Not Applicable,0,1 Zebra,1 Daylight,1 Fine,1 Road-Dry,0 None,0 None,529420,183060,-0.135557,51.531626,,,Unknown,"(51.531626, -0.135557)",http://opendatacommunities.org/id/london-borough-council/camden,6248,21/12/2020 02:48:38 PM
1160023984,CAMDEN,1 Driver/Rider,2 Female,25-59,28,1,3 Slight,-2 Unknown,-2 N/A,2 Pedal Cycle,REGENT'S PARK ROAD J/W ALBERT TERRACE,2,04/10/2016 06:40:00 PM,Tuesday,18.40,3 Bor,C,0,6 Single Cwy,2 30 MPH,3 T/Stag Jun,4 Give Way/Uncontrolled,C,0,0 No Xing Facility In 50m,2 Dark,1 Fine,1 Road-Dry,0 None,0 None,528060,183780,-0.154891,51.538406,,,Unknown,"(51.538406, -0.154891)",http://opendatacommunities.org/id/london-borough-council/camden,5876,21/12/2020 02:48:38 PM
1170076276,CAMDEN,3 Pedestrian,2 Female,0-15,5,1,3 Slight,05 Crossing Road (Not On Xing),1 From Drivers N/Side,1 Pedestrian,BELSIZE ROAD 50M W OF J/W LOUDOUN ROAD,1,08/12/2017 07:38:00 AM,Friday,7.38,3 Bor,B,509,6 Single Cwy,1 <= 20 MPH,0 No Jun In 20m,-2 Not Applicable,-2 Not Applicable,0,0 No Xing Facility In 50m,1 Daylight,1 Fine,1 Road-Dry,0 None,0 None,526294,184087,-0.180231,51.541562,,,Unknown,"(51.541562, -0.180231)",http://opendatacommunities.org/id/london-borough-council/camden,7594,21/12/2020 02:48:41 PM
0115EK41046,CAMDEN,3 Pedestrian,1 Male,16-24,22,1,2 Serious,05 Crossing Road (Not On Xing),1 From Drivers N/Side,1 Pedestrian,THEOBALD'S ROAD J/W JOHN STREET.,1,25/11/2015 02:55:00 PM,Wednesday,14.55,3 Bor,A,401,6 Single Cwy,2 30 MPH,3 T/Stag Jun,4 Give Way/Uncontrolled,Unclassified,0,0 No Xing Facility In 50m,1 Daylight,1 Fine,1 Road-Dry,0 None,0 None,530880,181920,-0.114944,51.521044,,,Unknown,"(51.521044, -0.114944)",http://opendatacommunities.org/id/london-borough-council/camden,5462,21/12/2020 02:48:37 PM
1190160262,CAMDEN,3 PEDESTRIAN,1 MALE,60+,66,1,3 SLIGHT,04 CROSSING ROAD WITHIN 50M XING,1 FROM DRIVERS N/SIDE,1 PEDESTRIAN,"On Oakley Square, near the junction with Eversholt Street.",1,29/01/2019 02:12:00 PM,Tuesday,14.12,1 TLRN,A,4200,6 SINGLE CWY,20,03 T/STAG JUN,4 GIVE WAY/UNCONTROLLED,A,4200,4 PELICAN OR SIMILAR,2 DAYLIGHT,1 FINE,1 ROAD-DRY,0 NONE,0 NONE,529304,183247,-0.13716,51.533333,,,Unknown,"(51.533333, -0.13716)",http://opendatacommunities.org/id/london-borough-council/camden,8736,21/12/2020 02:48:43 PM
1170064391,CAMDEN,1 Driver/Rider,1 Male,25-59,27,1,3 Slight,-2 Unknown,-2 N/A,4 Car,BELGROVE STREET 40M NW OF J/W ST CHADS STREET,1,07/09/2017 10:46:00 PM,Thursday,22.46,3 Bor,Unclassified,0,9 Unknown,2 30 MPH,0 No Jun In 20m,-2 Not Applicable,-2 Not Applicable,0,0 No Xing Facility In 50m,2 Dark,9 Unknown,9 Unknown (S/R),9 Unknown (S/R),9 Unknown (S/R),530270,182850,-0.123388,51.529543,,,Unknown,"(51.529543, -0.123388)",http://opendatacommunities.org/id/london-borough-council/camden,7409,21/12/2020 02:48:40 PM
1180116563,CAMDEN,3 Pedestrian,2 Female,25-59,27,1,3 Slight,04 Crossing Road Within 50m Xing,3 From Drivers O/Side,1 Pedestrian,GOODGE STREET 10M W OF J/W TOTTENHAM COURT ROAD,1,25/06/2018 08:55:00 AM,Monday,8.55,3 Bor,B,506,2 One-Way St,1 <= 20 MPH,3 T/Stag Jun,2 Auto Sig,A,400,5 Pedn Phase At Ats,2 Dark,1 Fine,1 Road-Dry,0 None,0 None,529560,181770,-0.134014,51.52,,,Unknown,"(51.52, -0.134014)",http://opendatacommunities.org/id/london-borough-council/camden,8116,21/12/2020 02:48:42 PM
0115EK40576,CAMDEN,3 Pedestrian,2 Female,0-15,3,1,3 Slight,01 Crossing Road On Ped Xing,1 From Drivers N/Side,1 Pedestrian,BAYHAM STREET J/W CROWNDALE ROAD,1,13/07/2015 03:40:00 PM,Monday,15.40,3 Bor,C,0,6 Single Cwy,2 30 MPH,3 T/Stag Jun,4 Give Way/Uncontrolled,B,512,1 Zebra,1 Daylight,1 Fine,1 Road-Dry,0 None,0 None,529270,183410,-0.13759,51.534805,,,Unknown,"(51.534805, -0.13759)",http://opendatacommunities.org/id/london-borough-council/camden,5065,21/12/2020 02:48:36 PM
1190165757,CAMDEN,2 PASSENGER,2 FEMALE,25-59,54,1,3 SLIGHT,'-2 NOT APPLICABLE,'-2 NOT APPLICABLE,5 TAXI,"On Euston Road, near the junction with GOWER STREET.",2,26/02/2019 12:36:00 PM,Tuesday,12.36,1 TLRN,A,501,6 SINGLE CWY,30,09 OTHER JUN,2 AUTO SIG,A,400,4 PELICAN OR SIMILAR,2 DAYLIGHT,1 FINE,1 ROAD-DRY,4 ROADWORKS,2 OTHER OBJECT IN CWY,529415,182384,-0.135877,51.525552,,,Unknown,"(51.525552, -0.135877)",http://opendatacommunities.org/id/london-borough-council/camden,8806,21/12/2020 02:48:43 PM
0115EK40801,CAMDEN,1 Driver/Rider,1 Male,25-59,27,1,3 Slight,-2 Unknown,-2 N/A,3 Powered 2 Wheeler,THEOBALD'S ROAD J/W BEDFORD ROW.,1,15/09/2015 11:39:00 AM,Tuesday,11.39,3 Bor,A,401,6 Single Cwy,2 30 MPH,6 Crossroads,4 Give Way/Uncontrolled,Unclassified,0,1 Zebra,1 Daylight,1 Fine,1 Road-Dry,0 None,0 None,530780,181880,-0.116399,51.520708,,,Unknown,"(51.520708, -0.116399)",http://opendatacommunities.org/id/london-borough-council/camden,5261,21/12/2020 02:48:37 PM
0116EK40013,CAMDEN,2 Passenger,2 Female,60+,75,1,3 Slight,-2 Unknown,-2 N/A,4 Car,FINCHLEY ROAD J/W HILGROVE ROAD,2,23/01/2016 01:10:00 PM,Saturday,13.10,1 TLRN,A,41,3 Dual Cwy,2 30 MPH,6 Crossroads,2 Auto Sig,B,509,5 Pedn Phase At Ats,1 Daylight,1 Fine,1 Road-Dry,0 None,0 None,526630,184100,-0.175384,51.541604,,,Unknown,"(51.541604, -0.175384)",http://opendatacommunities.org/id/london-borough-council/camden,5991,21/12/2020 02:48:38 PM
0115EK41112,CAMDEN,2 Passenger,1 Male,16-24,18,1,3 Slight,-2 Unknown,-2 N/A,4 Car,CAMDEN STREET J/W CAMDEN ROAD.,3,12/12/2015 10:30:00 PM,Saturday,22.30,1 TLRN,A,400,2 One-Way St,2 30 MPH,6 Crossroads,2 Auto Sig,A,503,5 Pedn Phase At Ats,2 Dark,1 Fine,1 Road-Dry,0 None,0 None,529080,184050,-0.140093,51.5406,,,Unknown,"(51.5406, -0.140093)",http://opendatacommunities.org/id/london-borough-council/camden,5523,21/12/2020 02:48:37 PM
1170015876,CAMDEN,1 Driver/Rider,1 Male,25-59,35,1,3 Slight,-2 Unknown,-2 N/A,2 Pedal Cycle,CAMDEN STREET J/W PRATT STREET,2,02/02/2017 06:00:00 PM,Thursday,18.00,1 TLRN,A,400,6 Single Cwy,2 30 MPH,6 Crossroads,2 Auto Sig,C,0,5 Pedn Phase At Ats,2 Dark,1 Fine,2 Road-Wet,0 None,0 None,529230,183800,-0.138023,51.538319,,,Unknown,"(51.538319, -0.138023)",http://opendatacommunities.org/id/london-borough-council/camden,6637,21/12/2020 02:48:39 PM
1190171851,CAMDEN,3 PEDESTRIAN,1 MALE,25-59,45,1,3 SLIGHT,01 CROSSING ROAD ON PED XING,3 FROM DRIVERS O/SIDE,1 PEDESTRIAN,"On Grays Inn Road, near the junction with Wren Street.",1,28/03/2019 06:47:00 PM,Thursday,18.47,3 BOR,A,5200,6 SINGLE CWY,20,09 OTHER JUN,2 AUTO SIG,6,0,1 ZEBRA,1 DARK,1 FINE,1 ROAD-DRY,0 NONE,0 NONE,530759,182347,-0.116529,51.52491,,,Unknown,"(51.52491, -0.116529)",http://opendatacommunities.org/id/london-borough-council/camden,8886,21/12/2020 02:48:43 PM
1180102998,CAMDEN,1 Driver/Rider,1 Male,25-59,29,1,3 Slight,-2 Unknown,-2 N/A,2 Pedal Cycle,CAMDEN ROAD J/W ROYAL COLLEGE STREET,2,20/04/2018 07:05:00 PM,Friday,19.05,1 TLRN,A,503,3 Dual Cwy,1 <= 20 MPH,6 Crossroads,2 Auto Sig,A,5202,5 Pedn Phase At Ats,1 Daylight,1 Fine,1 Road-Dry,0 None,0 None,529190,184170,-0.138464,51.541654,,,Unknown,"(51.541654, -0.138464)",http://opendatacommunities.org/id/london-borough-council/camden,7916,21/12/2020 02:48:41 PM
0115EK40607,CAMDEN,1 Driver/Rider,2 Female,Unknown,0,1,3 Slight,-2 Unknown,-2 N/A,2 Pedal Cycle,ST PANCRAS WAY J/W CAMDEN ROAD,2,17/07/2015 07:00:00 PM,Friday,19.00,1 TLRN,A,5202,6 Single Cwy,2 30 MPH,6 Crossroads,2 Auto Sig,A,503,5 Pedn Phase At Ats,1 Daylight,1 Fine,1 Road-Dry,0 None,0 None,529260,184290,-0.137411,51.542716,,,Unknown,"(51.542716, -0.137411)",http://opendatacommunities.org/id/london-borough-council/camden,5091,21/12/2020 02:48:36 PM
0115EO40125,CAMDEN,3 Pedestrian,1 Male,25-59,45,1,2 Serious,01 Crossing Road On Ped Xing,1 From Drivers N/Side,1 Pedestrian,PENTONVILLE RD J/W KING'S CROSS RD,1,30/01/2015 12:39:00 PM,Friday,12.39,1 TLRN,A,501,6 Single Cwy,2 30 MPH,3 T/Stag Jun,2 Auto Sig,A,501,5 Pedn Phase At Ats,1 Daylight,1 Fine,2 Road-Wet,0 None,0 None,530530,183010,-0.119582,51.530921,,,Unknown,"(51.530921, -0.119582)",http://opendatacommunities.org/id/london-borough-council/camden,5588,21/12/2020 02:48:37 PM
1180122631,CAMDEN,1 Driver/Rider,1 Male,16-24,23,1,3 Slight,-2 Unknown,-2 N/A,3 Powered 2 Wheeler,HAMPSTEAD ROAD J/W VARNDELL STREET,2,22/07/2018 11:56:00 PM,Sunday,23.56,1 TLRN,A,400,6 Single Cwy,2 30 MPH,3 T/Stag Jun,4 Give Way/Uncontrolled,A,400,0 No Xing Facility In 50m,2 Dark,1 Fine,1 Road-Dry,0 None,0 None,529210,182810,-0.138675,51.529427,,,Unknown,"(51.529427, -0.138675)",http://opendatacommunities.org/id/london-borough-council/camden,8196,21/12/2020 02:48:42 PM