Reference,London Borough Name,Casualty Class,Casualty Sex,Casualty Age Band,Casualty Age,Number Of Casualties,Casualty Severity,Pedestrian Location,Pedestrian Movement,Mode Of Travel,Attendant Location,Number Of Vehicles,Date,Day,Time,Highway,Road Class 1,Road Number 1,Road Type,Speed Limit,Junction Detail,Junction Control,Road Class 2,Road Number 2,Pedestrian Crossing,Light Condition Band,Weather,Road Surface,Special Conditions,Carriage Way Hazard,Easting,Northing,Longitude,Latitude,Ward Code,Ward Name,Spatial Accuracy,Location,Organisation URI,Socrata ID,Last Uploaded
1190254652,CAMDEN,1 DRIVER/RIDER,1 MALE,25-59,52,1,1 FATAL,'-2 NOT APPLICABLE,'-2 NOT APPLICABLE,2 PEDAL CYCLE,"On West End Lane, near the junction with Inglewood Road.",1,09/02/2019 08:40:00 AM,Saturday,8.40,3 BOR,B,510,6 SINGLE CWY,20,03 T/STAG JUN,4 GIVE WAY/UNCONTROLLED,6,0,0 NO XING FACILITY IN 50M,2 DAYLIGHT,9 UNKNOWN,1 ROAD-DRY,0 NONE,0 NONE,525494,185100,-0.1914,51.550845,,,Unknown,"(51.550845, -0.1914)",http://opendatacommunities.org/id/london-borough-council/camden,9670,21/12/2020 02:48:45 PM
0115EK40222,CAMDEN,1 Driver/Rider,1 Male,25-59,33,1,3 Slight,-2 Unknown,-2 N/A,2 Pedal Cycle,WES END LANE J/W GASCONY AVENUE,2,25/02/2015 06:10:00 PM,Wednesday,18.10,3 Bor,B,510,6 Single Cwy,2 30 MPH,3 T/Stag Jun,4 Give Way/Uncontrolled,Unclassified,0,0 No Xing Facility In 50m,1 Daylight,1 Fine,1 Road-Dry,0 None,0 None,525390,184170,-0.193231,51.54251,,,Unknown,"(51.54251, -0.193231)",http://opendatacommunities.org/id/london-borough-council/camden,4754,21/12/2020 02:48:36 PM
1190192449,CAMDEN,1 DRIVER/RIDER,1 MALE,25-59,40,1,3 SLIGHT,'-2 NOT APPLICABLE,'-2 NOT APPLICABLE,3 POWERED 2 WHEELER,"On Alexandra Road, near the junction with Alexandra Road.",2,06/07/2019 07:00:00 PM,Saturday,19.00,3 BOR,6,0,6 SINGLE CWY,20,03 T/STAG JUN,4 GIVE WAY/UNCONTROLLED,6,0,0 NO XING FACILITY IN 50M,2 DAYLIGHT,9 UNKNOWN,9 UNKNOWN (S/R),9 UNKNOWN (S/R),0 NONE,526539,184040,-0.176717,51.541085,,,Unknown,"(51.541085, -0.176717)",http://opendatacommunities.org/id/london-borough-council/camden,9171,21/12/2020 02:48:44 PM
1180083761,CAMDEN,3 Pedestrian,1 Male,Unknown,0,1,3 Slight,05 Crossing Road (Not On Xing),1 From Drivers N/Side,1 Pedestrian,WEST END LANE 5M S OF J/W BLACKBURN ROAD,1,15/01/2018 11:20:00 PM,Monday,23.20,3 Bor,B,510,6 Single Cwy,1 <= 20 MPH,3 T/Stag Jun,2 Auto Sig,Unclassified,0,5 Pedn Phase At Ats,2 Dark,1 Fine,1 Road-Dry,0 None,0 None,525524,184666,-0.191122,51.546938,,,Unknown,"(51.546938, -0.191122)",http://opendatacommunities.org/id/london-borough-council/camden,7668,21/12/2020 02:48:41 PM
1160005703,CAMDEN,1 Driver/Rider,2 Female,25-59,28,1,3 Slight,-2 Unknown,-2 N/A,2 Pedal Cycle,HAMPSTEAD ROAD J/W ROBERT STREET,2,05/12/2016 11:00:00 PM,Monday,23.00,1 TLRN,A,400,6 Single Cwy,2 30 MPH,3 T/Stag Jun,4 Give Way/Uncontrolled,Unclassified,0,8 Central Refuge,2 Dark,1 Fine,1 Road-Dry,0 None,9 Unknown (S/R),529210,182710,-0.138711,51.528528,,,Unknown,"(51.528528, -0.138711)",http://opendatacommunities.org/id/london-borough-council/camden,5749,21/12/2020 02:48:37 PM
0115EK40374,CAMDEN,3 Pedestrian,2 Female,25-59,48,1,3 Slight,05 Crossing Road (Not On Xing),9 Unknown Or Other,1 Pedestrian,NFL- FROGNAL 42M SE OF J/W FROGNAL CLOSE,1,07/05/2015 03:10:00 PM,Thursday,15.10,3 Bor,Unclassified,0,6 Single Cwy,2 30 MPH,0 No Jun In 20m,-2 Not Applicable,-2 Not Applicable,0,0 No Xing Facility In 50m,1 Daylight,1 Fine,1 Road-Dry,0 None,0 None,526170,185390,-0.181552,51.5533,,,Unknown,"(51.5533, -0.181552)",http://opendatacommunities.org/id/london-borough-council/camden,4876,21/12/2020 02:48:36 PM
0115EK41144,CAMDEN,1 Driver/Rider,1 Male,16-24,23,1,3 Slight,-2 Unknown,-2 N/A,3 Powered 2 Wheeler,THEOBALD'S ROAD J/W HARPUR STREET.,2,21/12/2015 11:10:00 AM,Monday,11.10,3 Bor,A,401,6 Single Cwy,2 30 MPH,3 T/Stag Jun,4 Give Way/Uncontrolled,Unclassified,0,0 No Xing Facility In 50m,1 Daylight,1 Fine,1 Road-Dry,0 None,0 None,530640,181820,-0.118438,51.520201,,,Unknown,"(51.520201, -0.118438)",http://opendatacommunities.org/id/london-borough-council/camden,5547,21/12/2020 02:48:37 PM
1180141073,CAMDEN,2 Passenger,2 Female,25-59,36,1,2 Serious,-2 Unknown,-2 N/A,4 Car,PLATT'S LANE J/W FINCHLEY ROAD,2,24/10/2018 03:53:00 PM,Wednesday,15.53,1 TLRN,C,0,3 Dual Cwy,3 40 MPH,6 Crossroads,2 Auto Sig,A,41,0 No Xing Facility In 50m,1 Daylight,1 Fine,1 Road-Dry,0 None,0 None,525170,185870,-0.195797,51.557837,,,Unknown,"(51.557837, -0.195797)",http://opendatacommunities.org/id/london-borough-council/camden,8466,21/12/2020 02:48:43 PM
1190170679,CAMDEN,1 DRIVER/RIDER,1 MALE,25-59,37,1,3 SLIGHT,'-2 NOT APPLICABLE,'-2 NOT APPLICABLE,2 PEDAL CYCLE,"On Baynes Street, near the junction with ROYAL COLLEGE STREET.",2,22/03/2019 08:17:00 PM,Friday,20.17,3 BOR,A,5202,2 ONE-WAY ST,20,03 T/STAG JUN,4 GIVE WAY/UNCONTROLLED,6,0,0 NO XING FACILITY IN 50M,1 DARK,1 FINE,1 ROAD-DRY,0 NONE,0 NONE,529258,184089,-0.137514,51.54091,,,Unknown,"(51.54091, -0.137514)",http://opendatacommunities.org/id/london-borough-council/camden,8862,21/12/2020 02:48:43 PM
1190169618,CAMDEN,1 DRIVER/RIDER,1 MALE,25-59,30,1,3 SLIGHT,'-2 NOT APPLICABLE,'-2 NOT APPLICABLE,3 POWERED 2 WHEELER,"On York Way, near the junction with Brandon Road.",2,17/03/2019 02:15:00 PM,Sunday,14.15,3 BOR,A,5200,2 ONE-WAY ST,30,06 CROSSROADS,2 AUTO SIG,A,5200,4 PELICAN OR SIMILAR,2 DAYLIGHT,1 FINE,1 ROAD-DRY,0 NONE,0 NONE,530065,184350,-0.125787,51.54307,,,Unknown,"(51.54307, -0.125787)",http://opendatacommunities.org/id/london-borough-council/camden,8850,21/12/2020 02:48:43 PM
1180109341,CAMDEN,1 Driver/Rider,2 Female,25-59,40,1,3 Slight,-2 Unknown,-2 N/A,3 Powered 2 Wheeler,GOLDHURST TERRACE J/W FAIRHAZEL GARDENS,2,18/05/2018 03:25:00 PM,Friday,15.25,3 Bor,Unclassified,0,6 Single Cwy,1 <= 20 MPH,3 T/Stag Jun,9 Unknown (S/R),Unclassified,0,9 Unknown (S/R),1 Daylight,1 Fine,1 Road-Dry,0 None,0 None,526190,184150,-0.181708,51.542152,,,Unknown,"(51.542152, -0.181708)",http://opendatacommunities.org/id/london-borough-council/camden,8009,21/12/2020 02:48:42 PM
1170068359,CAMDEN,1 Driver/Rider,1 Male,25-59,34,1,3 Slight,-2 Unknown,-2 N/A,4 Car,FINCHLEY ROAD J/W HENDON WAY,2,07/10/2017 09:15:00 PM,Saturday,21.15,1 TLRN,A,41,6 Single Cwy,2 30 MPH,7 Multi Jun,2 Auto Sig,A,41,9 Unknown (S/R),2 Dark,1 Fine,2 Road-Wet,9 Unknown (S/R),9 Unknown (S/R),525090,186030,-0.196894,51.559292,,,Unknown,"(51.559292, -0.196894)",http://opendatacommunities.org/id/london-borough-council/camden,7483,21/12/2020 02:48:40 PM
1180143341,CAMDEN,1 Driver/Rider,2 Female,60+,60,1,3 Slight,-2 Unknown,-2 N/A,2 Pedal Cycle,KILBURN HIGH ROAD J/W BELSIZE ROAD,2,04/11/2018 09:26:00 AM,Sunday,9.26,3 Bor,A,5,6 Single Cwy,2 30 MPH,3 T/Stag Jun,2 Auto Sig,B,509,9 Unknown (S/R),1 Daylight,1 Fine,1 Road-Dry,0 None,0 None,525420,183610,-0.192998,51.53747,,,Unknown,"(51.53747, -0.192998)",http://opendatacommunities.org/id/london-borough-council/camden,8493,21/12/2020 02:48:43 PM
1190220476,CAMDEN,3 PEDESTRIAN,2 FEMALE,60+,63,1,3 SLIGHT,05 CROSSING ROAD (NOT ON XING),'-2 NOT APPLICABLE,1 PEDESTRIAN,"On Saint Cross Street, near the junction with Kirby Street.",1,24/11/2019 01:36:00 PM,Sunday,13.36,3 BOR,6,0,2 ONE-WAY ST,20,03 T/STAG JUN,4 GIVE WAY/UNCONTROLLED,6,0,0 NO XING FACILITY IN 50M,2 DAYLIGHT,1 FINE,1 ROAD-DRY,0 NONE,0 NONE,531394,181895,-0.107549,51.520701,,,Unknown,"(51.520701, -0.107549)",http://opendatacommunities.org/id/london-borough-council/camden,9545,21/12/2020 02:48:44 PM
1170057621,CAMDEN,1 Driver/Rider,1 Male,25-59,52,1,3 Slight,-2 Unknown,-2 N/A,4 Car,HARBEN PARADE 100M N OF J/W ADELAIDE ROAD THE NEAREST CLASSIFIED R,2,06/09/2017 12:30:00 PM,Wednesday,12.30,1 TLRN,A,41,3 Dual Cwy,2 30 MPH,0 No Jun In 20m,-2 Not Applicable,-2 Not Applicable,0,4 Pelican Or Similar,1 Daylight,2 Raining,1 Road-Dry,0 None,0 None,526540,184480,-0.176545,51.545039,,,Unknown,"(51.545039, -0.176545)",http://opendatacommunities.org/id/london-borough-council/camden,7299,21/12/2020 02:48:40 PM
1180140759,CAMDEN,1 Driver/Rider,1 Male,25-59,29,1,3 Slight,-2 Unknown,-2 N/A,2 Pedal Cycle,CHALK FARM ROAD 30M S OF J/W FERDINAND STREET,2,23/10/2018 05:50:00 AM,Tuesday,5.50,3 Bor,A,502,7 Slip Rd,1 <= 20 MPH,0 No Jun In 20m,-2 Not Applicable,-2 Not Applicable,0,1 Zebra,2 Dark,1 Fine,1 Road-Dry,0 None,0 None,528450,184290,-0.149085,51.542901,,,Unknown,"(51.542901, -0.149085)",http://opendatacommunities.org/id/london-borough-council/camden,8458,21/12/2020 02:48:43 PM
1170015055,CAMDEN,1 Driver/Rider,2 Female,25-59,36,1,3 Slight,-2 Unknown,-2 N/A,2 Pedal Cycle,GRAYS INN ROAD J/W CLERKENWELL ROAD,2,27/01/2017 09:10:00 AM,Friday,9.10,3 Bor,A,5200,6 Single Cwy,2 30 MPH,6 Crossroads,2 Auto Sig,A,5200,9 Unknown (S/R),1 Daylight,9 Unknown,9 Unknown (S/R),0 None,9 Unknown (S/R),530980,181980,-0.113481,51.52156,,,Unknown,"(51.52156, -0.113481)",http://opendatacommunities.org/id/london-borough-council/camden,6624,21/12/2020 02:48:39 PM
1170067147,CAMDEN,2 Passenger,2 Female,25-59,28,1,3 Slight,-2 Unknown,-2 N/A,4 Car,WEST END LANE J/W BROADHURST GARDENS,2,30/10/2017 08:46:00 AM,Monday,8.46,3 Bor,B,510,6 Single Cwy,2 30 MPH,3 T/Stag Jun,2 Auto Sig,C,0,5 Pedn Phase At Ats,1 Daylight,1 Fine,1 Road-Dry,0 None,0 None,525520,184600,-0.191204,51.546345,,,Unknown,"(51.546345, -0.191204)",http://opendatacommunities.org/id/london-borough-council/camden,7464,21/12/2020 02:48:40 PM
1180116389,CAMDEN,1 Driver/Rider,1 Male,25-59,32,1,3 Slight,-2 Unknown,-2 N/A,2 Pedal Cycle,ARLINGTON ROAD J/W PARKWAY,2,24/06/2018 10:34:00 AM,Sunday,10.34,3 Bor,Unclassified,0,2 One-Way St,1 <= 20 MPH,6 Crossroads,2 Auto Sig,A,4201,4 Pelican Or Similar,1 Daylight,1 Fine,1 Road-Dry,0 None,0 None,528820,183800,-0.143932,51.538413,,,Unknown,"(51.538413, -0.143932)",http://opendatacommunities.org/id/london-borough-council/camden,8113,21/12/2020 02:48:42 PM
1170056094,CAMDEN,1 Driver/Rider,1 Male,25-59,46,1,3 Slight,-2 Unknown,-2 N/A,2 Pedal Cycle,THEOBALDS ROAD J/W GREAT JAMES STREET,2,26/08/2017 03:37:00 PM,Saturday,15.37,3 Bor,A,401,6 Single Cwy,2 30 MPH,9 Other Jun,4 Give Way/Uncontrolled,Unclassified,0,0 No Xing Facility In 50m,1 Daylight,1 Fine,1 Road-Dry,0 None,0 None,530780,181880,-0.116399,51.520708,,,Unknown,"(51.520708, -0.116399)",http://opendatacommunities.org/id/london-borough-council/camden,7277,21/12/2020 02:48:40 PM
0116EK40100,CAMDEN,2 Passenger,1 Male,60+,84,1,3 Slight,-2 Unknown,-2 N/A,6 Bus Or Coach,GOWER STREET J/W MONTAGUE PLACE,1,24/02/2016 02:16:00 PM,Wednesday,14.16,3 Bor,A,400,2 One-Way St,2 30 MPH,6 Crossroads,2 Auto Sig,B,506,5 Pedn Phase At Ats,1 Daylight,1 Fine,1 Road-Dry,0 None,0 None,529860,181740,-0.129704,51.519662,,,Unknown,"(51.519662, -0.129704)",http://opendatacommunities.org/id/london-borough-council/camden,6058,21/12/2020 02:48:38 PM
1190203764,CAMDEN,1 DRIVER/RIDER,1 MALE,25-59,38,1,3 SLIGHT,'-2 NOT APPLICABLE,'-2 NOT APPLICABLE,2 PEDAL CYCLE,"On Chester Terrace, 25 metres east of the junction with Chester Gate .",2,03/09/2019 05:44:00 PM,Tuesday,17.44,3 BOR,6,0,6 SINGLE CWY,30,00 NO JUN IN 20M,,0,0,8 CENTRAL REFUGE,2 DAYLIGHT,1 FINE,1 ROAD-DRY,0 NONE,0 NONE,528723,182604,-0.145767,51.527687,,,Unknown,"(51.527687, -0.145767)",http://opendatacommunities.org/id/london-borough-council/camden,9338,21/12/2020 02:48:44 PM
1170060718,CAMDEN,3 Pedestrian,1 Male,0-15,10,1,3 Slight,01 Crossing Road On Ped Xing,3 From Drivers O/Side,1 Pedestrian,FINCHLEY ROAD J/W GOLDHURST TERRACE,1,25/09/2017 08:10:00 AM,Monday,8.10,1 TLRN,A,41,3 Dual Cwy,2 30 MPH,9 Other Jun,2 Auto Sig,Unclassified,0,5 Pedn Phase At Ats,1 Daylight,2 Raining,2 Road-Wet,0 None,0 None,526390,184590,-0.178667,51.546061,,,Unknown,"(51.546061, -0.178667)",http://opendatacommunities.org/id/london-borough-council/camden,7340,21/12/2020 02:48:40 PM
1170064890,CAMDEN,1 Driver/Rider,1 Male,16-24,20,1,3 Slight,-2 Unknown,-2 N/A,2 Pedal Cycle,CAMDEN STREET J/W CAMDEN ROAD,2,12/10/2017 08:10:00 AM,Thursday,8.10,1 TLRN,A,400,6 Single Cwy,1 <= 20 MPH,6 Crossroads,2 Auto Sig,A,503,5 Pedn Phase At Ats,1 Daylight,1 Fine,1 Road-Dry,0 None,0 None,529090,184050,-0.139949,51.540598,,,Unknown,"(51.540598, -0.139949)",http://opendatacommunities.org/id/london-borough-council/camden,7428,21/12/2020 02:48:40 PM
1160002023,CAMDEN,1 Driver/Rider,2 Female,25-59,32,1,3 Slight,-2 Unknown,-2 N/A,2 Pedal Cycle,FORTESS ROAD J/W FORTESS GROVE,1,10/11/2016 08:40:00 PM,Thursday,20.40,3 Bor,A,400,9 Unknown,2 30 MPH,3 T/Stag Jun,9 Unknown (S/R),Unclassified,0,9 Unknown (S/R),2 Dark,9 Unknown,9 Unknown (S/R),9 Unknown (S/R),9 Unknown (S/R),528980,185410,-0.141036,51.552845,,,Unknown,"(51.552845, -0.141036)",http://opendatacommunities.org/id/london-borough-council/camden,5676,21/12/2020 02:48:37 PM
1170080535,CAMDEN,3 Pedestrian,2 Female,16-24,20,1,3 Slight,04 Crossing Road Within 50m Xing,1 From Drivers N/Side,1 Pedestrian,EARNSHAW STREET 5M N OF J/W SAINT GILES HIGH STREET,1,28/12/2017 01:45:00 PM,Thursday,13.45,3 Bor,Unclassified,0,2 One-Way St,1 <= 20 MPH,3 T/Stag Jun,4 Give Way/Uncontrolled,A,40,5 Pedn Phase At Ats,1 Daylight,1 Fine,1 Road-Dry,0 None,0 None,529950,181300,-0.128569,51.515687,,,Unknown,"(51.515687, -0.128569)",http://opendatacommunities.org/id/london-borough-council/camden,7635,21/12/2020 02:48:41 PM
0116EK40319,CAMDEN,1 Driver/Rider,1 Male,25-59,30,1,3 Slight,-2 Unknown,-2 N/A,2 Pedal Cycle,GOWER STREET J/W KEPPEL STREET,2,12/04/2016 11:40:00 AM,Tuesday,11.40,3 Bor,A,400,6 Single Cwy,2 30 MPH,6 Crossroads,2 Auto Sig,A,400,5 Pedn Phase At Ats,1 Daylight,1 Fine,1 Road-Dry,0 None,0 None,529810,181810,-0.130398,51.520303,,,Unknown,"(51.520303, -0.130398)",http://opendatacommunities.org/id/london-borough-council/camden,6250,21/12/2020 02:48:38 PM
0115EK40830,CAMDEN,1 Driver/Rider,1 Male,16-24,23,1,3 Slight,-2 Unknown,-2 N/A,3 Powered 2 Wheeler,THEOBALD'S ROAD J/W HARPUR STREET,2,04/09/2015 05:40:00 PM,Friday,17.40,3 Bor,A,401,6 Single Cwy,2 30 MPH,3 T/Stag Jun,4 Give Way/Uncontrolled,Unclassified,0,8 Central Refuge,1 Daylight,1 Fine,1 Road-Dry,0 None,0 None,530620,181810,-0.11873,51.520116,,,Unknown,"(51.520116, -0.11873)",http://opendatacommunities.org/id/london-borough-council/camden,5286,21/12/2020 02:48:37 PM
1170020525,CAMDEN,1 Driver/Rider,1 Male,25-59,31,1,3 Slight,-2 Unknown,-2 N/A,5 Taxi,PERCY STREET 50M E OF J/W TOTTENHAM COURT ROAD THE NEAREST CLASSIF,2,21/02/2017 09:02:00 PM,Tuesday,21.02,3 Bor,Unclassified,0,2 One-Way St,1 <= 20 MPH,0 No Jun In 20m,-2 Not Applicable,-2 Not Applicable,0,0 No Xing Facility In 50m,2 Dark,1 Fine,1 Road-Dry,0 None,0 None,529640,181610,-0.132921,51.518544,,,Unknown,"(51.518544, -0.132921)",http://opendatacommunities.org/id/london-borough-council/camden,6706,21/12/2020 02:48:39 PM
0116EK40593,CAMDEN,1 Driver/Rider,1 Male,25-59,47,1,3 Slight,-2 Unknown,-2 N/A,5 Taxi,MIDLAND ROAD J/W BRILL PLACE,2,19/07/2016 07:15:00 PM,Tuesday,19.15,3 Bor,C,0,2 One-Way St,2 30 MPH,3 T/Stag Jun,4 Give Way/Uncontrolled,C,0,0 No Xing Facility In 50m,1 Daylight,1 Fine,1 Road-Dry,0 None,0 None,529960,183160,-0.12774,51.5324,,,Unknown,"(51.5324, -0.12774)",http://opendatacommunities.org/id/london-borough-council/camden,6475,21/12/2020 02:48:39 PM
1190176957,CAMDEN,1 DRIVER/RIDER,1 MALE,25-59,29,1,3 SLIGHT,'-2 NOT APPLICABLE,'-2 NOT APPLICABLE,2 PEDAL CYCLE,"On Clerkenwell road, near the junction with BACK HILL.",2,25/04/2019 11:25:00 AM,Thursday,11.25,3 BOR,A,5201,6 SINGLE CWY,20,03 T/STAG JUN,4 GIVE WAY/UNCONTROLLED,B,521,1 ZEBRA,2 DAYLIGHT,1 FINE,1 ROAD-DRY,0 NONE,0 NONE,531254,182044,-0.10951,51.522072,,,Unknown,"(51.522072, -0.10951)",http://opendatacommunities.org/id/london-borough-council/camden,8946,21/12/2020 02:48:44 PM
1190220506,CAMDEN,1 DRIVER/RIDER,2 FEMALE,25-59,27,1,3 SLIGHT,'-2 NOT APPLICABLE,'-2 NOT APPLICABLE,2 PEDAL CYCLE,"On Huntley Street, near the junction with TORRINGTON PLACE.",2,24/11/2019 03:30:00 PM,Sunday,15.30,3 BOR,5,0,2 ONE-WAY ST,30,06 CROSSROADS,4 GIVE WAY/UNCONTROLLED,6,0,1 ZEBRA,2 DAYLIGHT,1 FINE,1 ROAD-DRY,0 NONE,2 OTHER OBJECT IN CWY,529583,181985,-0.133604,51.521927,,,Unknown,"(51.521927, -0.133604)",http://opendatacommunities.org/id/london-borough-council/camden,9546,21/12/2020 02:48:44 PM
0115EK40130,CAMDEN,2 Passenger,2 Female,0-15,1,1,3 Slight,-2 Unknown,-2 N/A,6 Bus Or Coach,EUSTON ROAD J/W MIDLAND ROAD,1,20/02/2015 04:00:00 PM,Friday,16.00,1 TLRN,A,501,3 Dual Cwy,3 40 MPH,6 Crossroads,2 Auto Sig,C,0,5 Pedn Phase At Ats,1 Daylight,1 Fine,2 Road-Wet,0 None,0 None,530050,182790,-0.126579,51.529054,,,Unknown,"(51.529054, -0.126579)",http://opendatacommunities.org/id/london-borough-council/camden,4682,21/12/2020 02:48:36 PM
0116EK40149,CAMDEN,1 Driver/Rider,1 Male,25-59,31,1,3 Slight,-2 Unknown,-2 N/A,3 Powered 2 Wheeler,MINSTER ROAD J/W FORDWYCH ROAD.,2,14/03/2016 06:11:00 PM,Monday,18.11,3 Bor,Unclassified,0,6 Single Cwy,2 30 MPH,6 Crossroads,4 Give Way/Uncontrolled,Unclassified,0,0 No Xing Facility In 50m,2 Dark,1 Fine,1 Road-Dry,0 None,0 None,524390,185180,-0.207286,51.551808,,,Unknown,"(51.551808, -0.207286)",http://opendatacommunities.org/id/london-borough-council/camden,6106,21/12/2020 02:48:38 PM
1160007596,CAMDEN,3 Pedestrian,2 Female,25-59,34,1,3 Slight,09 In Road - Not Crossing,5 In Rd Not Crossing,1 Pedestrian,GRAFTON ROAD 50M N OF J/W VICARS ROAD,1,18/12/2016 04:30:00 PM,Sunday,16.30,3 Bor,C,0,6 Single Cwy,1 <= 20 MPH,0 No Jun In 20m,-2 Not Applicable,-2 Not Applicable,0,0 No Xing Facility In 50m,2 Dark,1 Fine,1 Road-Dry,0 None,0 None,528255,185443,-0.151475,51.553307,,,Unknown,"(51.553307, -0.151475)",http://opendatacommunities.org/id/london-borough-council/camden,5786,21/12/2020 02:48:37 PM
1190225054,CAMDEN,3 PEDESTRIAN,1 MALE,25-59,29,1,3 SLIGHT,01 CROSSING ROAD ON PED XING,'-2 NOT APPLICABLE,1 PEDESTRIAN,"On Hampstead Road, near the junction with HARRINGTON SQUARE.",1,14/12/2019 09:00:00 PM,Saturday,21.00,1 TLRN,A,400,3 DUAL CWY,30,06 CROSSROADS,4 GIVE WAY/UNCONTROLLED,A,400,1 ZEBRA,1 DARK,2 RAINING,2 ROAD-WET,0 NONE,0 NONE,529161,183161,-0.139252,51.532592,,,Unknown,"(51.532592, -0.139252)",http://opendatacommunities.org/id/london-borough-council/camden,9620,21/12/2020 02:48:45 PM
0115EK40738,CAMDEN,3 Pedestrian,2 Female,25-59,33,1,3 Slight,09 In Road - Not Crossing,5 In Rd Not Crossing,1 Pedestrian,ST CROSS STREET 21M W OF HATTON GARDEN,1,24/08/2015 02:05:00 PM,Monday,14.05,3 Bor,B,521,6 Single Cwy,2 30 MPH,0 No Jun In 20m,-2 Not Applicable,-2 Not Applicable,0,0 No Xing Facility In 50m,1 Daylight,1 Fine,1 Road-Dry,0 None,0 None,531300,181880,-0.108909,51.520588,,,Unknown,"(51.520588, -0.108909)",http://opendatacommunities.org/id/london-borough-council/camden,5206,21/12/2020 02:48:37 PM
1190198596,CAMDEN,2 PASSENGER,2 FEMALE,25-59,27,1,3 SLIGHT,'-2 NOT APPLICABLE,'-2 NOT APPLICABLE,3 POWERED 2 WHEELER,"On Camden Road, 50 metres north of the junction with Murray Street.",1,09/08/2019 10:10:00 AM,Friday,10.10,1 TLRN,A,503,6 SINGLE CWY,30,00 NO JUN IN 20M,,0,0,5 PEDN PHASE AT ATS,2 DAYLIGHT,1 FINE,2 ROAD-WET,0 NONE,6 PED IN CWY - NOT INJ,529373,184453,-0.135723,51.544155,,,Unknown,"(51.544155, -0.135723)",http://opendatacommunities.org/id/london-borough-council/camden,9263,21/12/2020 02:48:44 PM
0115EK40814,CAMDEN,3 Pedestrian,1 Male,25-59,26,1,3 Slight,01 Crossing Road On Ped Xing,1 From Drivers N/Side,1 Pedestrian,FORTESS ROAD J/W KENTISH TOWN ROAD,1,19/09/2015 10:25:00 PM,Saturday,22.25,3 Bor,A,400,6 Single Cwy,1 <= 20 MPH,3 T/Stag Jun,2 Auto Sig,A,400,5 Pedn Phase At Ats,2 Dark,1 Fine,1 Road-Dry,0 None,0 None,528970,185290,-0.141224,51.551769,,,Unknown,"(51.551769, -0.141224)",http://opendatacommunities.org/id/london-borough-council/camden,5272,21/12/2020 02:48:37 PM
0116EK40105,CAMDEN,1 Driver/Rider,2 Female,16-24,24,1,3 Slight,-2 Unknown,-2 N/A,2 Pedal Cycle,PRATT STREET J/W CAMDEN STREET.,2,26/02/2016 03:45:00 PM,Friday,15.45,1 TLRN,C,0,6 Single Cwy,2 30 MPH,6 Crossroads,2 Auto Sig,A,400,5 Pedn Phase At Ats,1 Daylight,1 Fine,1 Road-Dry,0 None,0 None,529240,183810,-0.137876,51.538407,,,Unknown,"(51.538407, -0.137876)",http://opendatacommunities.org/id/london-borough-council/camden,6063,21/12/2020 02:48:38 PM
1180134286,CAMDEN,1 Driver/Rider,1 Male,60+,69,1,3 Slight,-2 Unknown,-2 N/A,3 Powered 2 Wheeler,GOWER STREET 20M N OF J/W TORRINGTON PLACE,2,22/09/2018 04:40:00 PM,Saturday,16.40,3 Bor,A,400,2 One-Way St,1 <= 20 MPH,6 Crossroads,2 Auto Sig,C,0,5 Pedn Phase At Ats,1 Daylight,8 Other,2 Road-Wet,0 None,0 None,529635,182069,-0.132824,51.52267,,,Unknown,"(51.52267, -0.132824)",http://opendatacommunities.org/id/london-borough-council/camden,8346,21/12/2020 02:48:42 PM
0115EK40105,CAMDEN,1 Driver/Rider,1 Male,25-59,35,1,3 Slight,-2 Unknown,-2 N/A,2 Pedal Cycle,NEW OXFORD STREET J/W CHARING CROSS ROAD,1,11/02/2015 02:20:00 AM,Wednesday,2.20,3 Bor,A,40,6 Single Cwy,2 30 MPH,6 Crossroads,2 Auto Sig,A,40,5 Pedn Phase At Ats,2 Dark,1 Fine,1 Road-Dry,0 None,0 None,529820,181370,-0.130416,51.516346,,,Unknown,"(51.516346, -0.130416)",http://opendatacommunities.org/id/london-borough-council/camden,4663,21/12/2020 02:48:35 PM
0115EK40894,CAMDEN,1 Driver/Rider,1 Male,25-59,45,1,3 Slight,-2 Unknown,-2 N/A,3 Powered 2 Wheeler,ADELAIDE ROAD J/W ETON ROAD.,1,06/10/2015 08:35:00 PM,Tuesday,20.35,3 Bor,B,509,6 Single Cwy,2 30 MPH,3 T/Stag Jun,4 Give Way/Uncontrolled,Unclassified,0,0 No Xing Facility In 50m,2 Dark,2 Raining,2 Road-Wet,0 None,0 None,527710,184370,-0.159721,51.543787,,,Unknown,"(51.543787, -0.159721)",http://opendatacommunities.org/id/london-borough-council/camden,5337,21/12/2020 02:48:37 PM
1170029866,CAMDEN,1 Driver/Rider,2 Female,25-59,46,1,3 Slight,-2 Unknown,-2 N/A,4 Car,EUSTON ROAD J/W MIDLAND ROAD,2,03/04/2017 12:40:00 PM,Monday,12.40,1 TLRN,A,501,6 Single Cwy,2 30 MPH,6 Crossroads,2 Auto Sig,C,0,5 Pedn Phase At Ats,1 Daylight,1 Fine,1 Road-Dry,0 None,0 None,530080,182800,-0.126143,51.529137,,,Unknown,"(51.529137, -0.126143)",http://opendatacommunities.org/id/london-borough-council/camden,6843,21/12/2020 02:48:39 PM