Reference,London Borough Name,Casualty Class,Casualty Sex,Casualty Age Band,Casualty Age,Number Of Casualties,Casualty Severity,Pedestrian Location,Pedestrian Movement,Mode Of Travel,Attendant Location,Number Of Vehicles,Date,Day,Time,Highway,Road Class 1,Road Number 1,Road Type,Speed Limit,Junction Detail,Junction Control,Road Class 2,Road Number 2,Pedestrian Crossing,Light Condition Band,Weather,Road Surface,Special Conditions,Carriage Way Hazard,Easting,Northing,Longitude,Latitude,Ward Code,Ward Name,Spatial Accuracy,Location,Organisation URI,Socrata ID,Last Uploaded
1170021034,CAMDEN,3 Pedestrian,2 Female,25-59,39,1,3 Slight,05 Crossing Road (Not On Xing),1 From Drivers N/Side,1 Pedestrian,FLAXMAN TERRACE 30M W OF J/W MABLEDON PLACE,1,25/02/2017 09:58:00 AM,Saturday,9.58,3 Bor,Unclassified,0,3 Dual Cwy,1 <= 20 MPH,0 No Jun In 20m,-2 Not Applicable,-2 Not Applicable,0,0 No Xing Facility In 50m,1 Daylight,1 Fine,1 Road-Dry,0 None,0 None,529940,182610,-0.128231,51.527462,,,Unknown,"(51.527462, -0.128231)",http://opendatacommunities.org/id/london-borough-council/camden,6714,21/12/2020 02:48:39 PM
0115EK40599,CAMDEN,1 Driver/Rider,1 Male,25-59,29,1,3 Slight,-2 Unknown,-2 N/A,2 Pedal Cycle,FITZJOHN'S AVENUE 30M S OF NUTLEY TERRACE,2,18/07/2015 11:55:00 AM,Saturday,11.55,3 Bor,B,511,6 Single Cwy,2 30 MPH,0 No Jun In 20m,-2 Not Applicable,-2 Not Applicable,0,0 No Xing Facility In 50m,1 Daylight,1 Fine,1 Road-Dry,0 None,0 None,526570,184940,-0.175947,51.549167,,,Unknown,"(51.549167, -0.175947)",http://opendatacommunities.org/id/london-borough-council/camden,5084,21/12/2020 02:48:36 PM
1170073442,CAMDEN,1 Driver/Rider,1 Male,25-59,39,1,3 Slight,-2 Unknown,-2 N/A,2 Pedal Cycle,TOTTENHAM COURT ROAD 25M E OF J/W EUSTON ROAD THE NEAREST CLASSIFI,1,12/11/2017 06:00:00 AM,Sunday,6.00,3 Bor,A,400,6 Single Cwy,2 30 MPH,0 No Jun In 20m,-2 Not Applicable,-2 Not Applicable,0,0 No Xing Facility In 50m,1 Daylight,1 Fine,1 Road-Dry,0 None,0 None,529530,181850,-0.134417,51.520726,,,Unknown,"(51.520726, -0.134417)",http://opendatacommunities.org/id/london-borough-council/camden,7559,21/12/2020 02:48:41 PM
0115EK40363,CAMDEN,2 Passenger,1 Male,25-59,42,1,3 Slight,-2 Unknown,-2 N/A,6 Bus Or Coach,SHAFTESBURY AVENUE J/W MERCER STREET,1,10/05/2015 04:14:00 PM,Sunday,16.14,3 Bor,A,401,6 Single Cwy,2 30 MPH,6 Crossroads,4 Give Way/Uncontrolled,Unclassified,0,1 Zebra,1 Daylight,1 Fine,1 Road-Dry,0 None,0 None,530000,181140,-0.127908,51.514238,,,Unknown,"(51.514238, -0.127908)",http://opendatacommunities.org/id/london-borough-council/camden,4869,21/12/2020 02:48:36 PM
1190181053,CAMDEN,2 PASSENGER,2 FEMALE,0-15,8,1,3 SLIGHT,'-2 NOT APPLICABLE,'-2 NOT APPLICABLE,6 BUS OR COACH,"On Southampton Row, near the junction with Russell Square.",2,15/05/2019 03:45:00 PM,Wednesday,15.45,3 BOR,A,4200,6 SINGLE CWY,20,07 MULTI JUN,2 AUTO SIG,A,4200,4 PELICAN OR SIMILAR,2 DAYLIGHT,1 FINE,1 ROAD-DRY,0 NONE,0 NONE,530263,181932,-0.123828,51.521295,,,Unknown,"(51.521295, -0.123828)",http://opendatacommunities.org/id/london-borough-council/camden,9008,21/12/2020 02:48:44 PM
1190185614,CAMDEN,1 DRIVER/RIDER,1 MALE,25-59,29,1,3 SLIGHT,'-2 NOT APPLICABLE,'-2 NOT APPLICABLE,3 POWERED 2 WHEELER,"On Albany Street NW1, near the junction with Cambridge Gate Mews.",2,06/06/2019 05:40:00 PM,Thursday,17.40,3 BOR,A,4201,3 DUAL CWY,30,03 T/STAG JUN,4 GIVE WAY/UNCONTROLLED,6,0,0 NO XING FACILITY IN 50M,2 DAYLIGHT,1 FINE,1 ROAD-DRY,0 NONE,0 NONE,528846,182533,-0.144021,51.527021,,,Unknown,"(51.527021, -0.144021)",http://opendatacommunities.org/id/london-borough-council/camden,9072,21/12/2020 02:48:44 PM
0116EK40036,CAMDEN,1 Driver/Rider,1 Male,16-24,24,1,3 Slight,-2 Unknown,-2 N/A,3 Powered 2 Wheeler,FORTESS ROAD 50M S OF BRECKNOCK ROAD,1,20/01/2016 06:07:00 PM,Wednesday,18.07,3 Bor,A,400,6 Single Cwy,2 30 MPH,0 No Jun In 20m,-2 Not Applicable,-2 Not Applicable,0,0 No Xing Facility In 50m,2 Dark,1 Fine,1 Road-Dry,0 None,0 None,529130,185810,-0.138727,51.556406,,,Unknown,"(51.556406, -0.138727)",http://opendatacommunities.org/id/london-borough-council/camden,6011,21/12/2020 02:48:38 PM
0116EK40011,CAMDEN,3 Pedestrian,1 Male,25-59,34,1,3 Slight,05 Crossing Road (Not On Xing),1 From Drivers N/Side,1 Pedestrian,SHERRIFF ROAD J/W WEST END LANE,1,24/01/2016 05:00:00 PM,Sunday,17.00,3 Bor,Unclassified,0,6 Single Cwy,2 30 MPH,3 T/Stag Jun,4 Give Way/Uncontrolled,B,510,0 No Xing Facility In 50m,2 Dark,1 Fine,1 Road-Dry,0 None,0 None,525500,184560,-0.191506,51.54599,,,Unknown,"(51.54599, -0.191506)",http://opendatacommunities.org/id/london-borough-council/camden,5987,21/12/2020 02:48:38 PM
1170015220,CAMDEN,3 Pedestrian,2 Female,25-59,46,1,3 Slight,06 On Footpath - Verge,9 Unknown Or Other,1 Pedestrian,LEATHER LANE 25M N OF J/W GREVILLE STREET,1,30/01/2017 03:45:00 PM,Monday,15.45,3 Bor,Unclassified,0,2 One-Way St,1 <= 20 MPH,0 No Jun In 20m,-2 Not Applicable,-2 Not Applicable,0,0 No Xing Facility In 50m,2 Dark,1 Fine,1 Road-Dry,0 None,2 Other Object In Cwy,531270,181780,-0.109378,51.519696,,,Unknown,"(51.519696, -0.109378)",http://opendatacommunities.org/id/london-borough-council/camden,6628,21/12/2020 02:48:39 PM
0115EK41009,CAMDEN,2 Passenger,2 Female,25-59,52,1,2 Serious,-2 Unknown,-2 N/A,6 Bus Or Coach,YORK WAY J/W EUSTON ROAD.,1,13/11/2015 10:30:00 AM,Friday,10.30,1 TLRN,A,5200,2 One-Way St,2 30 MPH,7 Multi Jun,2 Auto Sig,A,501,5 Pedn Phase At Ats,1 Daylight,1 Fine,1 Road-Dry,0 None,0 None,530320,182990,-0.122615,51.53079,,,Unknown,"(51.53079, -0.122615)",http://opendatacommunities.org/id/london-borough-council/camden,5433,21/12/2020 02:48:37 PM
1190213168,CAMDEN,3 PEDESTRIAN,2 FEMALE,0-15,11,1,3 SLIGHT,05 CROSSING ROAD (NOT ON XING),2 FROM DRIVERS N/SIDE MSK,1 PEDESTRIAN,"On ADELAIDE ROAD, 75 metres west of the junction with WINCHESTER ROAD.",1,17/10/2019 03:00:00 PM,Thursday,15.00,3 BOR,B,509,6 SINGLE CWY,20,00 NO JUN IN 20M,,0,0,0 NO XING FACILITY IN 50M,2 DAYLIGHT,1 FINE,1 ROAD-DRY,0 NONE,0 NONE,526857,184147,-0.172096,51.541975,,,Unknown,"(51.541975, -0.172096)",http://opendatacommunities.org/id/london-borough-council/camden,9458,21/12/2020 02:48:44 PM
0115EK40763,CAMDEN,2 Passenger,1 Male,25-59,39,1,3 Slight,-2 Unknown,-2 N/A,5 Taxi,"EUSTON ROAD, 200 METRES NE OF EUSTON ROAD SLIP ROAD.",4,01/09/2015 04:26:00 PM,Tuesday,16.26,1 TLRN,A,501,3 Dual Cwy,4 50 MPH,0 No Jun In 20m,-2 Not Applicable,-2 Not Applicable,0,0 No Xing Facility In 50m,1 Daylight,1 Fine,1 Road-Dry,0 None,0 None,529260,182330,-0.13813,51.525102,,,Unknown,"(51.525102, -0.13813)",http://opendatacommunities.org/id/london-borough-council/camden,5231,21/12/2020 02:48:37 PM
1170050794,CAMDEN,1 Driver/Rider,1 Male,25-59,34,1,3 Slight,-2 Unknown,-2 N/A,3 Powered 2 Wheeler,EUSTON ROAD 10M E OF J/W CHALTON STREET,2,27/07/2017 09:50:00 AM,Thursday,9.50,1 TLRN,A,501,3 Dual Cwy,2 30 MPH,3 T/Stag Jun,4 Give Way/Uncontrolled,Unclassified,0,0 No Xing Facility In 50m,1 Daylight,1 Fine,1 Road-Dry,0 None,0 None,529530,182450,-0.134196,51.526118,,,Unknown,"(51.526118, -0.134196)",http://opendatacommunities.org/id/london-borough-council/camden,7196,21/12/2020 02:48:40 PM
0115EK40733,CAMDEN,2 Passenger,2 Female,25-59,54,1,3 Slight,-2 Unknown,-2 N/A,6 Bus Or Coach,EUSTON ROAD J/W ARGYLE STREET,1,21/08/2015 01:15:00 PM,Friday,13.15,1 TLRN,A,501,3 Dual Cwy,2 30 MPH,3 T/Stag Jun,4 Give Way/Uncontrolled,C,0,4 Pelican Or Similar,1 Daylight,1 Fine,1 Road-Dry,0 None,0 None,530200,182870,-0.124389,51.529739,,,Unknown,"(51.529739, -0.124389)",http://opendatacommunities.org/id/london-borough-council/camden,5200,21/12/2020 02:48:37 PM
1180130417,CAMDEN,1 Driver/Rider,2 Female,25-59,27,1,3 Slight,-2 Unknown,-2 N/A,2 Pedal Cycle,REGENT'S PARK ROAD J/W PRIVATE ACCESS,2,03/09/2018 06:15:00 PM,Monday,18.15,3 Bor,Unclassified,0,6 Single Cwy,1 <= 20 MPH,8 Priv Drive,4 Give Way/Uncontrolled,Unclassified,0,0 No Xing Facility In 50m,1 Daylight,1 Fine,1 Road-Dry,0 None,0 None,527980,184210,-0.155888,51.542288,,,Unknown,"(51.542288, -0.155888)",http://opendatacommunities.org/id/london-borough-council/camden,8298,21/12/2020 02:48:42 PM
1160012684,CAMDEN,1 Driver/Rider,2 Female,25-59,36,1,3 Slight,-2 Unknown,-2 N/A,3 Powered 2 Wheeler,"ON BLOOMSBURY STREET, NEAR THE JUNCTION WITH NEW OXFORD STREET .",2,09/09/2016 08:30:00 AM,Friday,8.30,3 Bor,A,400,6 Single Cwy,2 30 MPH,6 Crossroads,2 Auto Sig,A,40,5 Pedn Phase At Ats,1 Daylight,1 Fine,1 Road-Dry,0 None,0 None,530060,181440,-0.126933,51.51692,,,Unknown,"(51.51692, -0.126933)",http://opendatacommunities.org/id/london-borough-council/camden,5849,21/12/2020 02:48:38 PM
1190177426,CAMDEN,1 DRIVER/RIDER,2 FEMALE,25-59,30,1,3 SLIGHT,'-2 NOT APPLICABLE,'-2 NOT APPLICABLE,3 POWERED 2 WHEELER,"On Hilgrove Road, 59 metres east of the junction with Belsize Road.",2,27/04/2019 01:23:00 PM,Saturday,13.23,3 BOR,B,509,6 SINGLE CWY,20,00 NO JUN IN 20M,,0,0,0 NO XING FACILITY IN 50M,2 DAYLIGHT,4 FINE/HIGH WINDS,1 ROAD-DRY,0 NONE,0 NONE,526448,184130,-0.177997,51.541914,,,Unknown,"(51.541914, -0.177997)",http://opendatacommunities.org/id/london-borough-council/camden,8950,21/12/2020 02:48:44 PM
1170062133,CAMDEN,1 Driver/Rider,2 Female,25-59,27,1,3 Slight,-2 Unknown,-2 N/A,2 Pedal Cycle,GREAT RUSSELL STREET J/W BLOOMSBURY STREET,2,02/10/2017 04:55:00 PM,Monday,16.55,3 Bor,C,0,6 Single Cwy,1 <= 20 MPH,6 Crossroads,2 Auto Sig,A,400,0 No Xing Facility In 50m,1 Daylight,1 Fine,1 Road-Dry,0 None,0 None,530021,181541,-0.127458,51.517837,,,Unknown,"(51.517837, -0.127458)",http://opendatacommunities.org/id/london-borough-council/camden,7371,21/12/2020 02:48:40 PM
0116EK40017,CAMDEN,1 Driver/Rider,1 Male,25-59,48,1,3 Slight,-2 Unknown,-2 N/A,2 Pedal Cycle,TOTTENHAM COURT ROAD J/W MAPLE STREET,2,24/01/2016 02:58:00 PM,Sunday,14.58,3 Bor,A,400,2 One-Way St,2 30 MPH,6 Crossroads,2 Auto Sig,A,400,5 Pedn Phase At Ats,1 Daylight,1 Fine,1 Road-Dry,0 None,0 None,529370,182080,-0.136637,51.52283,,,Unknown,"(51.52283, -0.136637)",http://opendatacommunities.org/id/london-borough-council/camden,5996,21/12/2020 02:48:38 PM
0115EK40083,CAMDEN,1 Driver/Rider,1 Male,25-59,31,1,3 Slight,-2 Unknown,-2 N/A,2 Pedal Cycle,PHOENIX PLACE J/W MOUNT PLEASANT,2,03/02/2015 08:19:00 AM,Tuesday,8.19,3 Bor,C,0,6 Single Cwy,2 30 MPH,6 Crossroads,4 Give Way/Uncontrolled,Unclassified,0,1 Zebra,1 Daylight,1 Fine,2 Road-Wet,0 None,0 None,531060,182210,-0.112243,51.523609,,,Unknown,"(51.523609, -0.112243)",http://opendatacommunities.org/id/london-borough-council/camden,4647,21/12/2020 02:48:35 PM
1190215901,CAMDEN,1 DRIVER/RIDER,1 MALE,25-59,40,1,3 SLIGHT,'-2 NOT APPLICABLE,'-2 NOT APPLICABLE,3 POWERED 2 WHEELER,"On Rosslyn Hill, 20 metres east of the junction with Lyndhurst Road.",2,02/11/2019 09:20:00 PM,Saturday,21.20,3 BOR,A,502,3 DUAL CWY,20,06 CROSSROADS,2 AUTO SIG,B,518,5 PEDN PHASE AT ATS,1 DARK,1 FINE,1 ROAD-DRY,0 NONE,0 NONE,527025,185402,-0.169222,51.553216,,,Unknown,"(51.553216, -0.169222)",http://opendatacommunities.org/id/london-borough-council/camden,9492,21/12/2020 02:48:44 PM
0115EK40272,CAMDEN,1 Driver/Rider,1 Male,25-59,30,1,3 Slight,-2 Unknown,-2 N/A,3 Powered 2 Wheeler,INGLEWOOD ROAD J/W WEST END LANE,2,12/04/2015 07:30:00 PM,Sunday,19.30,3 Bor,Unclassified,0,6 Single Cwy,2 30 MPH,3 T/Stag Jun,4 Give Way/Uncontrolled,B,510,1 Zebra,2 Dark,1 Fine,1 Road-Dry,0 None,0 None,525470,185090,-0.19175,51.55076,,,Unknown,"(51.55076, -0.19175)",http://opendatacommunities.org/id/london-borough-council/camden,4798,21/12/2020 02:48:36 PM
1190200736,CAMDEN,3 PEDESTRIAN,2 FEMALE,25-59,57,1,2 SERIOUS,01 CROSSING ROAD ON PED XING,'-2 NOT APPLICABLE,1 PEDESTRIAN,"On Crowndale Road, near the junction with Royal College Street, NW1.",1,21/08/2019 01:03:00 PM,Wednesday,13.03,3 BOR,A,5202,3 DUAL CWY,20,03 T/STAG JUN,2 AUTO SIG,B,512,5 PEDN PHASE AT ATS,2 DAYLIGHT,1 FINE,1 ROAD-DRY,0 NONE,0 NONE,529565,183492,-0.133309,51.535475,,,Unknown,"(51.535475, -0.133309)",http://opendatacommunities.org/id/london-borough-council/camden,9291,21/12/2020 02:48:44 PM
0116EK40374,CAMDEN,3 Pedestrian,1 Male,16-24,20,1,3 Slight,05 Crossing Road (Not On Xing),1 From Drivers N/Side,1 Pedestrian,GREAT RUSSELL STREET J/W MONTAGUE STREET,1,27/05/2016 05:15:00 PM,Friday,17.15,3 Bor,C,0,6 Single Cwy,2 30 MPH,3 T/Stag Jun,4 Give Way/Uncontrolled,C,0,0 No Xing Facility In 50m,1 Daylight,1 Fine,1 Road-Dry,0 None,0 None,530240,181670,-0.124256,51.518945,,,Unknown,"(51.518945, -0.124256)",http://opendatacommunities.org/id/london-borough-council/camden,6295,21/12/2020 02:48:38 PM
0115EK40288,CAMDEN,3 Pedestrian,2 Female,25-59,28,1,3 Slight,09 In Road - Not Crossing,9 Unknown Or Other,1 Pedestrian,BELSIZE ROAD J/W ABBEY ROAD,2,24/03/2015 04:40:00 PM,Tuesday,16.40,3 Bor,B,509,6 Single Cwy,2 30 MPH,6 Crossroads,2 Auto Sig,B,507,5 Pedn Phase At Ats,1 Daylight,9 Unknown,2 Road-Wet,0 None,0 None,525820,183890,-0.187133,51.539898,,,Unknown,"(51.539898, -0.187133)",http://opendatacommunities.org/id/london-borough-council/camden,4812,21/12/2020 02:48:36 PM
1190205216,CAMDEN,1 DRIVER/RIDER,1 MALE,25-59,44,1,3 SLIGHT,'-2 NOT APPLICABLE,4 FROM DRIVERS O/SIDE MSK,3 POWERED 2 WHEELER,"On Highgate Hill, 25 metres north of the junction with Hornsey lane .",2,13/09/2019 02:25:00 PM,Friday,14.25,3 BOR,B,519,6 SINGLE CWY,30,00 NO JUN IN 20M,,0,0,0 NO XING FACILITY IN 50M,2 DAYLIGHT,1 FINE,1 ROAD-DRY,0 NONE,0 NONE,528823,187237,-0.142631,51.5693,,,Unknown,"(51.5693, -0.142631)",http://opendatacommunities.org/id/london-borough-council/camden,9361,21/12/2020 02:48:44 PM
1170037296,CAMDEN,1 Driver/Rider,1 Male,25-59,26,1,3 Slight,-2 Unknown,-2 N/A,3 Powered 2 Wheeler,HAVERSTOCK HILL 30M N OF J/W STEELES ROAD,2,14/05/2017 07:30:00 PM,Sunday,19.30,3 Bor,A,502,6 Single Cwy,1 <= 20 MPH,0 No Jun In 20m,-2 Not Applicable,-2 Not Applicable,0,8 Central Refuge,1 Daylight,2 Raining,2 Road-Wet,0 None,0 None,527710,184760,-0.15958,51.547292,,,Unknown,"(51.547292, -0.15958)",http://opendatacommunities.org/id/london-borough-council/camden,6962,21/12/2020 02:48:39 PM
0116EO40180,CAMDEN,1 Driver/Rider,1 Male,25-59,33,1,3 Slight,-2 Unknown,-2 N/A,3 Powered 2 Wheeler,PENTONVILLE ROAD J/W CALEDONIAN ROAD,2,25/02/2016 09:42:00 PM,Thursday,21.42,1 TLRN,A,501,2 One-Way St,2 30 MPH,6 Crossroads,2 Auto Sig,A,5203,5 Pedn Phase At Ats,2 Dark,1 Fine,1 Road-Dry,0 None,0 None,530410,183000,-0.121315,51.530859,,,Unknown,"(51.530859, -0.121315)",http://opendatacommunities.org/id/london-borough-council/camden,6526,21/12/2020 02:48:39 PM
1190219887,CAMDEN,3 PEDESTRIAN,1 MALE,25-59,44,1,3 SLIGHT,01 CROSSING ROAD ON PED XING,3 FROM DRIVERS O/SIDE,1 PEDESTRIAN,"On Marchmont Street, near the junction with Tavistock Road.",1,21/11/2019 05:40:00 PM,Thursday,17.40,3 BOR,5,0,2 ONE-WAY ST,40,06 CROSSROADS,2 AUTO SIG,6,0,5 PEDN PHASE AT ATS,1 DARK,1 FINE,1 ROAD-DRY,0 NONE,0 NONE,530128,182411,-0.125596,51.525631,,,Unknown,"(51.525631, -0.125596)",http://opendatacommunities.org/id/london-borough-council/camden,9539,21/12/2020 02:48:44 PM
1160012740,CAMDEN,1 Driver/Rider,1 Male,Unknown,0,1,2 Serious,-2 Unknown,-2 N/A,2 Pedal Cycle,"ON CLERKENWELL ROAD, NEAR THE JUNCTION WITH GRAYS INN ROAD .",2,02/09/2016 03:45:00 PM,Friday,15.45,3 Bor,A,401,6 Single Cwy,2 30 MPH,6 Crossroads,2 Auto Sig,A,5200,5 Pedn Phase At Ats,1 Daylight,1 Fine,1 Road-Dry,0 None,0 None,531000,181980,-0.113193,51.521556,,,Unknown,"(51.521556, -0.113193)",http://opendatacommunities.org/id/london-borough-council/camden,5854,21/12/2020 02:48:38 PM
1170053480,CAMDEN,2 Passenger,2 Female,25-59,30,1,3 Slight,-2 Unknown,-2 N/A,4 Car,CAMDEN ROAD J/W ROYAL COLLEGE STREET,2,12/08/2017 03:20:00 PM,Saturday,15.20,1 TLRN,A,503,3 Dual Cwy,1 <= 20 MPH,6 Crossroads,2 Auto Sig,A,5202,4 Pelican Or Similar,1 Daylight,1 Fine,1 Road-Dry,0 None,0 None,529190,184180,-0.13846,51.541743,,,Unknown,"(51.541743, -0.13846)",http://opendatacommunities.org/id/london-borough-council/camden,7237,21/12/2020 02:48:40 PM
0116EK40371,CAMDEN,2 Passenger,1 Male,25-59,54,1,3 Slight,-2 Unknown,-2 N/A,5 Taxi,SOUTHAMPTON ROW J/W VERNON PLACE.,2,27/05/2016 02:50:00 AM,Friday,2.50,3 Bor,A,4200,6 Single Cwy,2 30 MPH,6 Crossroads,2 Auto Sig,A,401,5 Pedn Phase At Ats,2 Dark,1 Fine,1 Road-Dry,0 None,0 None,530450,181670,-0.121231,51.518897,,,Unknown,"(51.518897, -0.121231)",http://opendatacommunities.org/id/london-borough-council/camden,6292,21/12/2020 02:48:38 PM
1170023989,CAMDEN,1 Driver/Rider,1 Male,25-59,38,1,3 Slight,-2 Unknown,-2 N/A,3 Powered 2 Wheeler,FINCHLEY ROAD J/W FINCHLEY ROAD,2,09/03/2017 07:30:00 AM,Thursday,7.30,1 TLRN,A,41,3 Dual Cwy,2 30 MPH,9 Other Jun,4 Give Way/Uncontrolled,Unclassified,0,0 No Xing Facility In 50m,1 Daylight,1 Fine,1 Road-Dry,0 None,0 None,525570,185420,-0.190191,51.553704,,,Unknown,"(51.553704, -0.190191)",http://opendatacommunities.org/id/london-borough-council/camden,6757,21/12/2020 02:48:39 PM
1190206241,CAMDEN,1 DRIVER/RIDER,1 MALE,25-59,43,1,3 SLIGHT,'-2 NOT APPLICABLE,'-2 NOT APPLICABLE,2 PEDAL CYCLE,"On Kentish Town Road, 50 metres south of the junction with Farrier Street.",2,19/09/2019 07:06:00 AM,Thursday,7.06,3 BOR,A,400,6 SINGLE CWY,30,00 NO JUN IN 20M,,0,0,5 PEDN PHASE AT ATS,2 DAYLIGHT,1 FINE,1 ROAD-DRY,0 NONE,0 NONE,528950,184349,-0.141857,51.543317,,,Unknown,"(51.543317, -0.141857)",http://opendatacommunities.org/id/london-borough-council/camden,9371,21/12/2020 02:48:44 PM
1170011517,CAMDEN,3 Pedestrian,1 Male,60+,62,1,3 Slight,05 Crossing Road (Not On Xing),3 From Drivers O/Side,1 Pedestrian,OXFORD ROAD J/W KILBURN HIGH ROAD,1,13/01/2017 03:00:00 PM,Friday,15.00,3 Bor,A,5,6 Single Cwy,1 <= 20 MPH,6 Crossroads,4 Give Way/Uncontrolled,C,0,0 No Xing Facility In 50m,2 Dark,1 Fine,1 Road-Dry,0 None,0 None,525520,183470,-0.191606,51.53619,,,Unknown,"(51.53619, -0.191606)",http://opendatacommunities.org/id/london-borough-council/camden,6581,21/12/2020 02:48:39 PM
1170024869,CAMDEN,2 Passenger,2 Female,25-59,25,1,3 Slight,-2 Unknown,-2 N/A,4 Car,FINCHLEY ROAD J/W HENDON WAY,2,13/03/2017 01:10:00 PM,Monday,13.10,1 TLRN,A,598,3 Dual Cwy,2 30 MPH,7 Multi Jun,2 Auto Sig,A,41,0 No Xing Facility In 50m,1 Daylight,1 Fine,1 Road-Dry,0 None,0 None,525080,186050,-0.197031,51.559474,,,Unknown,"(51.559474, -0.197031)",http://opendatacommunities.org/id/london-borough-council/camden,6776,21/12/2020 02:48:39 PM
1190208863,CAMDEN,2 PASSENGER,2 FEMALE,60+,81,1,3 SLIGHT,'-2 NOT APPLICABLE,'-2 NOT APPLICABLE,9 PRIVATE HIRE,"On Mill Lane, near the junction with Holmdale Road.",1,01/10/2019 04:00:00 PM,Tuesday,16.00,3 BOR,5,0,6 SINGLE CWY,20,03 T/STAG JUN,4 GIVE WAY/UNCONTROLLED,6,0,0 NO XING FACILITY IN 50M,2 DAYLIGHT,2 RAINING,2 ROAD-WET,0 NONE,0 NONE,525168,185214,-0.196059,51.551941,,,Unknown,"(51.551941, -0.196059)",http://opendatacommunities.org/id/london-borough-council/camden,9397,21/12/2020 02:48:44 PM
1170040828,CAMDEN,3 Pedestrian,2 Female,25-59,44,1,3 Slight,01 Crossing Road On Ped Xing,1 From Drivers N/Side,1 Pedestrian,KINGSWAY J/W HIGH HOLBORN,1,02/06/2017 07:58:00 AM,Friday,7.58,3 Bor,A,4200,6 Single Cwy,1 <= 20 MPH,7 Multi Jun,2 Auto Sig,A,40,5 Pedn Phase At Ats,1 Daylight,1 Fine,1 Road-Dry,0 None,0 None,530520,181520,-0.120278,51.517533,,,Unknown,"(51.517533, -0.120278)",http://opendatacommunities.org/id/london-borough-council/camden,7011,21/12/2020 02:48:39 PM
0115EK40968,CAMDEN,1 Driver/Rider,1 Male,25-59,39,1,3 Slight,-2 Unknown,-2 N/A,4 Car,KENTISH TOWN ROAD J/W PATSHULL ROAD.,2,31/10/2015 10:40:00 PM,Saturday,22.40,3 Bor,A,400,6 Single Cwy,1 <= 20 MPH,3 T/Stag Jun,4 Give Way/Uncontrolled,Unclassified,0,4 Pelican Or Similar,2 Dark,1 Fine,1 Road-Dry,0 None,0 None,528960,184790,-0.141552,51.547278,,,Unknown,"(51.547278, -0.141552)",http://opendatacommunities.org/id/london-borough-council/camden,5394,21/12/2020 02:48:37 PM
1190174894,CAMDEN,3 PEDESTRIAN,2 FEMALE,25-59,35,1,2 SERIOUS,01 CROSSING ROAD ON PED XING,1 FROM DRIVERS N/SIDE,1 PEDESTRIAN,"On Pancras Road, near the junction with Euston Road.",1,13/04/2019 12:50:00 AM,Saturday,0.50,1 TLRN,A,5202,6 SINGLE CWY,20,03 T/STAG JUN,2 AUTO SIG,A,501,5 PEDN PHASE AT ATS,1 DARK,1 FINE,1 ROAD-DRY,0 NONE,0 NONE,530211,182912,-0.124215,51.530114,,,Unknown,"(51.530114, -0.124215)",http://opendatacommunities.org/id/london-borough-council/camden,8922,21/12/2020 02:48:44 PM
1170052244,CAMDEN,1 Driver/Rider,1 Male,25-59,36,1,3 Slight,-2 Unknown,-2 N/A,2 Pedal Cycle,OUTER CIRCLE J/W CHESTER ROAD,2,05/08/2017 02:19:00 PM,Saturday,14.19,3 Bor,Unclassified,0,6 Single Cwy,2 30 MPH,3 T/Stag Jun,3 Stop Sign,Unclassified,0,0 No Xing Facility In 50m,1 Daylight,1 Fine,1 Road-Dry,0 None,0 None,528720,182740,-0.14576,51.52891,,,Unknown,"(51.52891, -0.14576)",http://opendatacommunities.org/id/london-borough-council/camden,7224,21/12/2020 02:48:40 PM
1180098822,CAMDEN,1 Driver/Rider,2 Female,25-59,26,1,3 Slight,-2 Unknown,-2 N/A,2 Pedal Cycle,JUDD STREET J/W EUSTON ROAD,2,28/03/2018 08:30:00 AM,Wednesday,8.30,3 Bor,B,504,3 Dual Cwy,1 <= 20 MPH,3 T/Stag Jun,2 Auto Sig,B,504,5 Pedn Phase At Ats,1 Daylight,2 Raining,2 Road-Wet,0 None,0 None,530110,182740,-0.125733,51.528591,,,Unknown,"(51.528591, -0.125733)",http://opendatacommunities.org/id/london-borough-council/camden,7848,21/12/2020 02:48:41 PM
1180101120,CAMDEN,3 Pedestrian,2 Female,60+,85,1,3 Slight,09 In Road - Not Crossing,9 Unknown Or Other,1 Pedestrian,BOUNDARY ROAD 10M E OF J/W MIDDLEFIELD,1,11/04/2018 12:40:00 PM,Wednesday,12.40,3 Bor,C,0,6 Single Cwy,1 <= 20 MPH,3 T/Stag Jun,4 Give Way/Uncontrolled,Unclassified,0,0 No Xing Facility In 50m,1 Daylight,1 Fine,1 Road-Dry,0 None,0 None,526670,183870,-0.174891,51.539528,,,Unknown,"(51.539528, -0.174891)",http://opendatacommunities.org/id/london-borough-council/camden,7882,21/12/2020 02:48:41 PM
1190183087,CAMDEN,2 PASSENGER,2 FEMALE,25-59,37,1,3 SLIGHT,'-2 NOT APPLICABLE,'-2 NOT APPLICABLE,6 BUS OR COACH,"On Quex Road, 20 metres east of the junction with ABBEY ROAD.",1,24/05/2019 09:21:00 PM,Friday,21.21,3 BOR,B,510,3 DUAL CWY,20,06 CROSSROADS,4 GIVE WAY/UNCONTROLLED,B,507,8 CENTRAL REFUGE,1 DARK,1 FINE,2 ROAD-WET,0 NONE,0 NONE,525438,183995,-0.192601,51.540926,,,Unknown,"(51.540926, -0.192601)",http://opendatacommunities.org/id/london-borough-council/camden,9043,21/12/2020 02:48:44 PM