Reference,London Borough Name,Casualty Class,Casualty Sex,Casualty Age Band,Casualty Age,Number Of Casualties,Casualty Severity,Pedestrian Location,Pedestrian Movement,Mode Of Travel,Attendant Location,Number Of Vehicles,Date,Day,Time,Highway,Road Class 1,Road Number 1,Road Type,Speed Limit,Junction Detail,Junction Control,Road Class 2,Road Number 2,Pedestrian Crossing,Light Condition Band,Weather,Road Surface,Special Conditions,Carriage Way Hazard,Easting,Northing,Longitude,Latitude,Ward Code,Ward Name,Spatial Accuracy,Location,Organisation URI,Socrata ID,Last Uploaded
1170028778,CAMDEN,1 Driver/Rider,1 Male,25-59,38,1,3 Slight,-2 Unknown,-2 N/A,2 Pedal Cycle,LEIGH STREET J/W MARCHMONT STREET,2,29/03/2017 11:11:00 AM,Wednesday,11.11,3 Bor,Unclassified,0,6 Single Cwy,2 30 MPH,3 T/Stag Jun,4 Give Way/Uncontrolled,Unclassified,0,0 No Xing Facility In 50m,1 Daylight,1 Fine,1 Road-Dry,0 None,0 None,530100,182470,-0.125977,51.526167,,,Unknown,"(51.526167, -0.125977)",http://opendatacommunities.org/id/london-borough-council/camden,6828,21/12/2020 02:48:39 PM
1170047052,CAMDEN,1 Driver/Rider,1 Male,25-59,55,1,3 Slight,-2 Unknown,-2 N/A,3 Powered 2 Wheeler,CHALK FARM ROAD J/W HARTLAND ROAD,2,05/07/2017 06:40:00 PM,Wednesday,18.40,3 Bor,A,502,6 Single Cwy,1 <= 20 MPH,3 T/Stag Jun,4 Give Way/Uncontrolled,Unclassified,0,1 Zebra,1 Daylight,1 Fine,1 Road-Dry,0 None,0 None,528560,184250,-0.147514,51.542516,,,Unknown,"(51.542516, -0.147514)",http://opendatacommunities.org/id/london-borough-council/camden,7123,21/12/2020 02:48:40 PM
1190221523,CAMDEN,1 DRIVER/RIDER,1 MALE,25-59,39,1,3 SLIGHT,'-2 NOT APPLICABLE,'-2 NOT APPLICABLE,3 POWERED 2 WHEELER,"On Tottenham Court Road, 100 metres south of the junction with Beaumont Place.",1,29/11/2019 07:20:00 AM,Friday,7.20,3 BOR,A,400,6 SINGLE CWY,30,00 NO JUN IN 20M,,0,0,5 PEDN PHASE AT ATS,1 DARK,1 FINE,2 ROAD-WET,0 NONE,0 NONE,529306,182214,-0.13751,51.524049,,,Unknown,"(51.524049, -0.13751)",http://opendatacommunities.org/id/london-borough-council/camden,9560,21/12/2020 02:48:45 PM
0115EK41095,CAMDEN,1 Driver/Rider,1 Male,25-59,26,1,3 Slight,-2 Unknown,-2 N/A,3 Powered 2 Wheeler,FINCHLEY ROAD J/W ARKWRIGHT ROAD,2,09/12/2015 12:00:00 PM,Wednesday,12.00,1 TLRN,A,41,6 Single Cwy,2 30 MPH,3 T/Stag Jun,2 Auto Sig,C,0,5 Pedn Phase At Ats,1 Daylight,1 Fine,1 Road-Dry,0 None,0 None,526030,185100,-0.183674,51.550725,,,Unknown,"(51.550725, -0.183674)",http://opendatacommunities.org/id/london-borough-council/camden,5501,21/12/2020 02:48:37 PM
1180134959,CAMDEN,1 Driver/Rider,1 Male,25-59,41,1,3 Slight,-2 Unknown,-2 N/A,3 Powered 2 Wheeler,FELLOWS ROAD J/W FELLOWS ROAD,2,25/09/2018 08:45:00 PM,Tuesday,20.45,3 Bor,Unclassified,0,6 Single Cwy,2 30 MPH,3 T/Stag Jun,9 Unknown (S/R),Unclassified,0,9 Unknown (S/R),2 Dark,1 Fine,1 Road-Dry,0 None,0 None,527000,184330,-0.169969,51.543588,,,Unknown,"(51.543588, -0.169969)",http://opendatacommunities.org/id/london-borough-council/camden,8353,21/12/2020 02:48:42 PM
0115CW11360,CAMDEN,1 Driver/Rider,1 Male,25-59,39,1,3 Slight,-2 Unknown,-2 N/A,7 Goods Vehicle,ST JOHN'S WOOD PARK  J/W BOUNDARY ROAD,5,11/09/2015 07:10:00 AM,Friday,7.10,3 Bor,C,0,6 Single Cwy,2 30 MPH,3 T/Stag Jun,4 Give Way/Uncontrolled,C,0,0 No Xing Facility In 50m,1 Daylight,1 Fine,1 Road-Dry,0 None,0 None,526738,183871,-0.17391,51.539522,,,Unknown,"(51.539522, -0.17391)",http://opendatacommunities.org/id/london-borough-council/camden,4574,21/12/2020 02:48:35 PM
1180147598,CAMDEN,3 Pedestrian,2 Female,60+,79,1,2 Serious,05 Crossing Road (Not On Xing),3 From Drivers O/Side,1 Pedestrian,PARKER STREET J/W KINGSWAY,1,23/11/2018 12:05:00 PM,Friday,12.05,3 Bor,Unclassified,0,2 One-Way St,1 <= 20 MPH,3 T/Stag Jun,4 Give Way/Uncontrolled,A,4200,4 Pelican Or Similar,1 Daylight,1 Fine,1 Road-Dry,0 None,0 None,530530,181410,-0.120175,51.516542,,,Unknown,"(51.516542, -0.120175)",http://opendatacommunities.org/id/london-borough-council/camden,8550,21/12/2020 02:48:43 PM
1170038560,CAMDEN,3 Pedestrian,2 Female,60+,66,1,3 Slight,04 Crossing Road Within 50m Xing,1 From Drivers N/Side,1 Pedestrian,CAMDEN HIGH STREET J/W CAMDEN HIGH STREET,1,19/05/2017 03:05:00 PM,Friday,15.05,1 TLRN,A,502,2 One-Way St,1 <= 20 MPH,3 T/Stag Jun,2 Auto Sig,Unclassified,0,4 Pelican Or Similar,1 Daylight,1 Fine,1 Road-Dry,0 None,0 None,529100,183550,-0.139988,51.536102,,,Unknown,"(51.536102, -0.139988)",http://opendatacommunities.org/id/london-borough-council/camden,6986,21/12/2020 02:48:39 PM
1180138466,CAMDEN,1 Driver/Rider,1 Male,25-59,29,1,3 Slight,-2 Unknown,-2 N/A,2 Pedal Cycle,BURTON ROAD J/W DUKES ROAD WC1,2,11/10/2018 09:17:00 PM,Thursday,21.17,3 Bor,Unclassified,0,6 Single Cwy,1 <= 20 MPH,3 T/Stag Jun,1 Auth Person,Unclassified,0,0 No Xing Facility In 50m,2 Dark,1 Fine,1 Road-Dry,0 None,0 None,529910,182540,-0.128689,51.52684,,,Unknown,"(51.52684, -0.128689)",http://opendatacommunities.org/id/london-borough-council/camden,8414,21/12/2020 02:48:43 PM
0115EK41155,CAMDEN,2 Passenger,2 Female,25-59,39,1,3 Slight,-2 Unknown,-2 N/A,5 Taxi,NFL - RUSSELL SQUARE J/W BERNARD STREET.,2,25/12/2015 07:10:00 AM,Friday,7.10,3 Bor,A,4200,6 Single Cwy,2 30 MPH,6 Crossroads,2 Auto Sig,B,504,5 Pedn Phase At Ats,2 Dark,1 Fine,1 Road-Dry,0 None,0 None,530120,182080,-0.125833,51.522658,,,Unknown,"(51.522658, -0.125833)",http://opendatacommunities.org/id/london-borough-council/camden,5557,21/12/2020 02:48:37 PM
1170018342,CAMDEN,2 Passenger,2 Female,60+,84,1,3 Slight,-2 Unknown,-2 N/A,6 Bus Or Coach,BAYHAM STREET J/W PLENDER STREET,2,14/02/2017 01:30:00 PM,Tuesday,13.30,3 Bor,C,0,2 One-Way St,1 <= 20 MPH,6 Crossroads,4 Give Way/Uncontrolled,Unclassified,0,1 Zebra,1 Daylight,1 Fine,2 Road-Wet,0 None,0 None,529180,183570,-0.138828,51.536264,,,Unknown,"(51.536264, -0.138828)",http://opendatacommunities.org/id/london-borough-council/camden,6671,21/12/2020 02:48:39 PM
1160024579,CAMDEN,1 Driver/Rider,1 Male,25-59,44,1,3 Slight,-2 Unknown,-2 N/A,3 Powered 2 Wheeler,SOUTHAMPTON ROW 30M N OF J/W BLOOMSBURY PLACE,3,07/10/2016 08:10:00 PM,Friday,20.10,3 Bor,A,4200,6 Single Cwy,2 30 MPH,0 No Jun In 20m,-2 Not Applicable,-2 Not Applicable,0,5 Pedn Phase At Ats,2 Dark,1 Fine,1 Road-Dry,0 None,0 None,530360,181800,-0.122479,51.520086,,,Unknown,"(51.520086, -0.122479)",http://opendatacommunities.org/id/london-borough-council/camden,5909,21/12/2020 02:48:38 PM
1170064491,CAMDEN,1 Driver/Rider,1 Male,16-24,18,1,2 Serious,-2 Unknown,-2 N/A,3 Powered 2 Wheeler,FINCHLEY ROAD J/W LYNCROFT GARDENS,2,14/10/2017 03:20:00 PM,Saturday,15.20,1 TLRN,A,41,6 Single Cwy,2 30 MPH,3 T/Stag Jun,2 Auto Sig,Unclassified,0,4 Pelican Or Similar,1 Daylight,1 Fine,1 Road-Dry,0 None,1 Vehicle Load In Cwy,525480,185490,-0.191463,51.554353,,,Unknown,"(51.554353, -0.191463)",http://opendatacommunities.org/id/london-borough-council/camden,7421,21/12/2020 02:48:40 PM
0115EK40433,CAMDEN,1 Driver/Rider,2 Female,25-59,32,1,3 Slight,-2 Unknown,-2 N/A,2 Pedal Cycle,GRAY'S INN ROAD J/W HARRISON STREET,2,20/05/2015 03:10:00 PM,Wednesday,15.10,3 Bor,A,5200,6 Single Cwy,2 30 MPH,3 T/Stag Jun,4 Give Way/Uncontrolled,Unclassified,0,0 No Xing Facility In 50m,1 Daylight,9 Unknown,1 Road-Dry,0 None,0 None,530590,182670,-0.118844,51.527852,,,Unknown,"(51.527852, -0.118844)",http://opendatacommunities.org/id/london-borough-council/camden,4925,21/12/2020 02:48:36 PM
0115EK40604,CAMDEN,3 Pedestrian,1 Male,16-24,21,1,3 Slight,04 Crossing Road Within 50m Xing,1 From Drivers N/Side,1 Pedestrian,NEW OXFORD STREET J/W BAINBRIDGE STREET,1,20/07/2015 02:50:00 PM,Monday,14.50,3 Bor,A,40,6 Single Cwy,2 30 MPH,6 Crossroads,4 Give Way/Uncontrolled,A,40,4 Pelican Or Similar,1 Daylight,1 Fine,1 Road-Dry,0 None,0 None,529880,181390,-0.129545,51.516512,,,Unknown,"(51.516512, -0.129545)",http://opendatacommunities.org/id/london-borough-council/camden,5088,21/12/2020 02:48:36 PM
0115EK40755,CAMDEN,1 Driver/Rider,2 Female,25-59,56,1,3 Slight,-2 Unknown,-2 N/A,2 Pedal Cycle,ROSEBERY AVENUE J/W THEOBALD'S ROAD,2,27/08/2015 10:20:00 PM,Thursday,22.20,3 Bor,A,401,6 Single Cwy,2 30 MPH,3 T/Stag Jun,2 Auto Sig,A,5201,5 Pedn Phase At Ats,2 Dark,1 Fine,1 Road-Dry,0 None,0 None,531050,182010,-0.112462,51.521814,,,Unknown,"(51.521814, -0.112462)",http://opendatacommunities.org/id/london-borough-council/camden,5218,21/12/2020 02:48:37 PM
1190158042,CAMDEN,1 DRIVER/RIDER,1 MALE,25-59,36,1,3 SLIGHT,'-2 NOT APPLICABLE,'-2 NOT APPLICABLE,3 POWERED 2 WHEELER,"On MURRAY STREET NW1 9RE, 10 metres south of the junction with MURRAY MEWS NW1.",2,17/01/2019 02:20:00 PM,Thursday,14.20,3 BOR,6,0,6 SINGLE CWY,20,03 T/STAG JUN,4 GIVE WAY/UNCONTROLLED,6,0,0 NO XING FACILITY IN 50M,2 DAYLIGHT,1 FINE,1 ROAD-DRY,0 NONE,0 NONE,529599,184370,-0.132496,51.543357,,,Unknown,"(51.543357, -0.132496)",http://opendatacommunities.org/id/london-borough-council/camden,8698,21/12/2020 02:48:43 PM
1190201324,CAMDEN,1 DRIVER/RIDER,1 MALE,25-59,43,2,3 SLIGHT,'-2 NOT APPLICABLE,'-2 NOT APPLICABLE,3 POWERED 2 WHEELER,"On Finchley Road, 20 metres south of the junction with Heath Drive.",2,24/08/2019 05:30:00 PM,Saturday,17.30,1 TLRN,A,41,6 SINGLE CWY,40,06 CROSSROADS,2 AUTO SIG,6,0,0 NO XING FACILITY IN 50M,2 DAYLIGHT,1 FINE,1 ROAD-DRY,0 NONE,0 NONE,525524,185473,-0.190835,51.55419,,,Unknown,"(51.55419, -0.190835)",http://opendatacommunities.org/id/london-borough-council/camden,9297,21/12/2020 02:48:44 PM
1180153174,CAMDEN,1 Driver/Rider,1 Male,16-24,24,1,3 Slight,-2 Unknown,-2 N/A,2 Pedal Cycle,GOODGE STREET J/W WHITFIELD STREET,1,20/10/2018 04:00:00 PM,Saturday,16.00,3 Bor,B,506,6 Single Cwy,2 30 MPH,6 Crossroads,4 Give Way/Uncontrolled,Unclassified,0,9 Unknown (S/R),1 Daylight,1 Fine,1 Road-Dry,9 Unknown (S/R),9 Unknown (S/R),529519,181749,-0.134613,51.519821,,,Unknown,"(51.519821, -0.134613)",http://opendatacommunities.org/id/london-borough-council/camden,8630,21/12/2020 02:48:43 PM
1180102488,CAMDEN,3 Pedestrian,1 Male,25-59,55,1,3 Slight,06 On Footpath - Verge,9 Unknown Or Other,1 Pedestrian,FINCHLEY ROAD J/W FAIRFAX ROAD,1,18/04/2018 02:05:00 PM,Wednesday,14.05,1 TLRN,A,41,3 Dual Cwy,2 30 MPH,3 T/Stag Jun,1 Auth Person,C,0,4 Pelican Or Similar,1 Daylight,1 Fine,1 Road-Dry,1 Traf Sig Out,0 None,526490,184510,-0.177255,51.54532,,,Unknown,"(51.54532, -0.177255)",http://opendatacommunities.org/id/london-borough-council/camden,7905,21/12/2020 02:48:41 PM
0115EK40992,CAMDEN,1 Driver/Rider,1 Male,25-59,41,1,3 Slight,-2 Unknown,-2 N/A,5 Taxi,KILBURN HIGH ROAD J/W BELSIZE ROAD.,2,08/11/2015 08:41:00 PM,Sunday,20.41,3 Bor,A,5,6 Single Cwy,1 <= 20 MPH,3 T/Stag Jun,2 Auto Sig,B,509,5 Pedn Phase At Ats,2 Dark,2 Raining,2 Road-Wet,0 None,0 None,525440,183580,-0.19272,51.537196,,,Unknown,"(51.537196, -0.19272)",http://opendatacommunities.org/id/london-borough-council/camden,5417,21/12/2020 02:48:37 PM
1190209004,CAMDEN,1 DRIVER/RIDER,1 MALE,25-59,41,1,3 SLIGHT,'-2 NOT APPLICABLE,'-2 NOT APPLICABLE,3 POWERED 2 WHEELER,"On Finchley Road, near the junction with College crescent .",2,02/10/2019 08:56:00 AM,Wednesday,8.56,1 TLRN,A,41,3 DUAL CWY,30,09 OTHER JUN,4 GIVE WAY/UNCONTROLLED,6,0,0 NO XING FACILITY IN 50M,2 DAYLIGHT,1 FINE,1 ROAD-DRY,0 NONE,0 NONE,526423,184556,-0.178204,51.545748,,,Unknown,"(51.545748, -0.178204)",http://opendatacommunities.org/id/london-borough-council/camden,9398,21/12/2020 02:48:44 PM
1190225325,CAMDEN,1 DRIVER/RIDER,1 MALE,16-24,18,1,3 SLIGHT,'-2 NOT APPLICABLE,9 UNKNOWN OR OTHER,2 PEDAL CYCLE,"On Saint Pancras Way, near the junction with Granary Street.",2,20/11/2019 04:59:00 PM,Wednesday,16.59,3 BOR,A,5202,9 UNKNOWN,30,99 UNKNOWN (S/R),9 UNKNOWN (S/R),6,0,9 UNKNOWN (S/R),1 DARK,9 UNKNOWN,9 UNKNOWN (S/R),9 UNKNOWN (S/R),9 UNKNOWN (S/R),529608,183657,-0.132629,51.536948,,,Unknown,"(51.536948, -0.132629)",http://opendatacommunities.org/id/london-borough-council/camden,9621,21/12/2020 02:48:45 PM
0116EK40082,CAMDEN,3 Pedestrian,2 Female,25-59,38,1,3 Slight,01 Crossing Road On Ped Xing,1 From Drivers N/Side,1 Pedestrian,FLEET ROAD J/W POND STREET,1,17/02/2016 05:26:00 PM,Wednesday,17.26,3 Bor,B,518,2 One-Way St,2 30 MPH,6 Crossroads,4 Give Way/Uncontrolled,B,518,1 Zebra,2 Dark,2 Raining,2 Road-Wet,0 None,0 None,527310,185510,-0.165074,51.554123,,,Unknown,"(51.554123, -0.165074)",http://opendatacommunities.org/id/london-borough-council/camden,6046,21/12/2020 02:48:38 PM
0115EK40199,CAMDEN,1 Driver/Rider,1 Male,25-59,34,1,3 Slight,-2 Unknown,-2 N/A,4 Car,LYNDHURST GARDENS 74M N OF WEDDERBURN ROAD,2,06/03/2015 04:30:00 PM,Friday,16.30,3 Bor,Unclassified,0,6 Single Cwy,2 30 MPH,0 No Jun In 20m,-2 Not Applicable,-2 Not Applicable,0,0 No Xing Facility In 50m,1 Daylight,1 Fine,1 Road-Dry,0 None,0 None,526850,185270,-0.171792,51.552069,,,Unknown,"(51.552069, -0.171792)",http://opendatacommunities.org/id/london-borough-council/camden,4737,21/12/2020 02:48:36 PM
1180112487,CAMDEN,1 Driver/Rider,1 Male,25-59,41,1,3 Slight,-2 Unknown,-2 N/A,2 Pedal Cycle,ELSWORTHY ROAD J/W AVENUE ROAD,2,06/06/2018 08:00:00 AM,Wednesday,8.00,3 Bor,Unclassified,0,6 Single Cwy,1 <= 20 MPH,3 T/Stag Jun,4 Give Way/Uncontrolled,B,525,8 Central Refuge,1 Daylight,1 Fine,1 Road-Dry,0 None,0 None,526960,183840,-0.170722,51.539193,,,Unknown,"(51.539193, -0.170722)",http://opendatacommunities.org/id/london-borough-council/camden,8051,21/12/2020 02:48:42 PM
1190206749,CAMDEN,3 PEDESTRIAN,2 FEMALE,25-59,44,1,2 SERIOUS,04 CROSSING ROAD WITHIN 50M XING,'-2 NOT APPLICABLE,1 PEDESTRIAN,"On York Way, 15 metres north of the junction with Pentonville Road WC1.",1,21/09/2019 08:20:00 AM,Saturday,8.20,1 TLRN,A,5200,2 ONE-WAY ST,30,07 MULTI JUN,2 AUTO SIG,A,501,5 PEDN PHASE AT ATS,2 DAYLIGHT,1 FINE,1 ROAD-DRY,0 NONE,0 NONE,530331,182990,-0.122457,51.530787,,,Unknown,"(51.530787, -0.122457)",http://opendatacommunities.org/id/london-borough-council/camden,9378,21/12/2020 02:48:44 PM
0116EK40303,CAMDEN,1 Driver/Rider,1 Male,25-59,43,1,3 Slight,-2 Unknown,-2 N/A,3 Powered 2 Wheeler,GRAY'S INN ROAD J/W THEOBALD'S ROAD.,2,01/05/2016 10:05:00 PM,Sunday,22.05,3 Bor,A,5200,6 Single Cwy,2 30 MPH,6 Crossroads,2 Auto Sig,A,401,5 Pedn Phase At Ats,1 Daylight,1 Fine,1 Road-Dry,0 None,0 None,530980,181970,-0.113485,51.521471,,,Unknown,"(51.521471, -0.113485)",http://opendatacommunities.org/id/london-borough-council/camden,6239,21/12/2020 02:48:38 PM
1170056458,CAMDEN,3 Pedestrian,1 Male,25-59,35,1,3 Slight,01 Crossing Road On Ped Xing,3 From Drivers O/Side,1 Pedestrian,EUSTON ROAD J/W PANCRAS ROAD,1,30/08/2017 09:40:00 AM,Wednesday,9.40,1 TLRN,A,501,3 Dual Cwy,2 30 MPH,3 T/Stag Jun,2 Auto Sig,A,5202,4 Pelican Or Similar,1 Daylight,2 Raining,2 Road-Wet,0 None,0 None,530190,182880,-0.124529,51.529831,,,Unknown,"(51.529831, -0.124529)",http://opendatacommunities.org/id/london-borough-council/camden,7283,21/12/2020 02:48:40 PM
1190219029,CAMDEN,1 DRIVER/RIDER,1 MALE,60+,79,1,3 SLIGHT,'-2 NOT APPLICABLE,'-2 NOT APPLICABLE,4 CAR,"On Adelaide Road, NW3 , 50 metres east of the junction with Wincehster Road, NW3 .",2,17/11/2019 08:40:00 PM,Sunday,20.40,3 BOR,B,509,6 SINGLE CWY,20,00 NO JUN IN 20M,,0,0,0 NO XING FACILITY IN 50M,1 DARK,1 FINE,1 ROAD-DRY,0 NONE,0 NONE,526955,184199,-0.170665,51.542421,,,Unknown,"(51.542421, -0.170665)",http://opendatacommunities.org/id/london-borough-council/camden,9529,21/12/2020 02:48:44 PM
1170011378,CAMDEN,2 Passenger,1 Male,0-15,1,1,3 Slight,-2 Unknown,-2 N/A,4 Car,SHERRIFF ROAD J/W LOWFIELD ROAD,2,12/01/2017 09:20:00 PM,Thursday,21.20,3 Bor,Unclassified,0,2 One-Way St,1 <= 20 MPH,6 Crossroads,4 Give Way/Uncontrolled,Unclassified,0,0 No Xing Facility In 50m,2 Dark,1 Fine,2 Road-Wet,0 None,0 None,525190,184530,-0.195985,51.545789,,,Unknown,"(51.545789, -0.195985)",http://opendatacommunities.org/id/london-borough-council/camden,6578,21/12/2020 02:48:39 PM
1190175673,CAMDEN,3 PEDESTRIAN,1 MALE,16-24,24,1,3 SLIGHT,05 CROSSING ROAD (NOT ON XING),4 FROM DRIVERS O/SIDE MSK,1 PEDESTRIAN,"On Tottenham Court Road, near the junction with Maple Street.",1,17/04/2019 02:20:00 PM,Wednesday,14.20,3 BOR,A,400,2 ONE-WAY ST,20,06 CROSSROADS,2 AUTO SIG,A,400,5 PEDN PHASE AT ATS,2 DAYLIGHT,1 FINE,1 ROAD-DRY,4 ROADWORKS,0 NONE,529410,182066,-0.136066,51.522695,,,Unknown,"(51.522695, -0.136066)",http://opendatacommunities.org/id/london-borough-council/camden,8931,21/12/2020 02:48:44 PM
1170052080,CAMDEN,1 Driver/Rider,2 Female,16-24,20,1,3 Slight,-2 Unknown,-2 N/A,2 Pedal Cycle,EMERALD STREET 21M N OF J/W THEOBALDS ROAD,2,10/07/2017 08:45:00 AM,Monday,8.45,3 Bor,Unclassified,0,6 Single Cwy,2 30 MPH,0 No Jun In 20m,-2 Not Applicable,-2 Not Applicable,0,1 Zebra,1 Daylight,3 Snowing,9 Unknown (S/R),0 None,0 None,530700,181950,-0.117526,51.521356,,,Unknown,"(51.521356, -0.117526)",http://opendatacommunities.org/id/london-borough-council/camden,7221,21/12/2020 02:48:40 PM
0115EK40566,CAMDEN,1 Driver/Rider,2 Female,25-59,35,1,3 Slight,-2 Unknown,-2 N/A,4 Car,NFL SOUTHAMPTON ROW 50M SE J.W BLOOMSBURY PLACE,5,11/07/2015 05:15:00 PM,Saturday,17.15,3 Bor,A,4200,6 Single Cwy,2 30 MPH,0 No Jun In 20m,-2 Not Applicable,-2 Not Applicable,0,0 No Xing Facility In 50m,1 Daylight,1 Fine,1 Road-Dry,0 None,0 None,530400,181730,-0.121929,51.519448,,,Unknown,"(51.519448, -0.121929)",http://opendatacommunities.org/id/london-borough-council/camden,5057,21/12/2020 02:48:36 PM
1190161329,CAMDEN,1 DRIVER/RIDER,1 MALE,16-24,23,1,2 SERIOUS,'-2 NOT APPLICABLE,'-2 NOT APPLICABLE,2 PEDAL CYCLE,Fairfax Road j/w Fairfax Place,2,03/02/2019 02:40:00 PM,Sunday,14.40,3 BOR,5,0,6 SINGLE CWY,20,01 ROUNDABOUT,4 GIVE WAY/UNCONTROLLED,6,0,0 NO XING FACILITY IN 50M,1 DARK,1 FINE,1 ROAD-DRY,1 TRAF SIG OUT,0 NONE,526358,184230,-0.179258,51.542833,,,Unknown,"(51.542833, -0.179258)",http://opendatacommunities.org/id/london-borough-council/camden,8753,21/12/2020 02:48:43 PM
0116EK40427,CAMDEN,3 Pedestrian,1 Male,25-59,27,1,3 Slight,06 On Footpath - Verge,9 Unknown Or Other,1 Pedestrian,"CAMDEN HIGH STREET, 40 METRES NW OF PARKWAY.",1,15/06/2016 12:15:00 AM,Wednesday,0.15,3 Bor,A,502,6 Single Cwy,2 30 MPH,0 No Jun In 20m,-2 Not Applicable,-2 Not Applicable,0,5 Pedn Phase At Ats,2 Dark,1 Fine,1 Road-Dry,4 Roadworks,0 None,528880,183900,-0.143031,51.539298,,,Unknown,"(51.539298, -0.143031)",http://opendatacommunities.org/id/london-borough-council/camden,6344,21/12/2020 02:48:38 PM
0115EK40646,CAMDEN,3 Pedestrian,1 Male,16-24,19,1,3 Slight,04 Crossing Road Within 50m Xing,1 From Drivers N/Side,1 Pedestrian,YORK WAY J/W EUSTON ROAD,1,31/07/2015 12:20:00 AM,Friday,0.20,1 TLRN,A,5200,6 Single Cwy,2 30 MPH,3 T/Stag Jun,2 Auto Sig,A,501,5 Pedn Phase At Ats,2 Dark,1 Fine,1 Road-Dry,0 None,0 None,530320,182990,-0.122615,51.53079,,,Unknown,"(51.53079, -0.122615)",http://opendatacommunities.org/id/london-borough-council/camden,5122,21/12/2020 02:48:36 PM
0115EK40440,CAMDEN,1 Driver/Rider,1 Male,25-59,29,1,3 Slight,-2 Unknown,-2 N/A,4 Car,EVERSHOLT STREET J/W POLYGON ROAD,2,07/06/2015 07:50:00 PM,Sunday,19.50,3 Bor,A,4200,6 Single Cwy,2 30 MPH,3 T/Stag Jun,4 Give Way/Uncontrolled,Unclassified,0,0 No Xing Facility In 50m,1 Daylight,1 Fine,1 Road-Dry,0 None,0 None,529480,182980,-0.134722,51.530893,,,Unknown,"(51.530893, -0.134722)",http://opendatacommunities.org/id/london-borough-council/camden,4932,21/12/2020 02:48:36 PM
1190205741,CAMDEN,1 DRIVER/RIDER,1 MALE,25-59,34,1,3 SLIGHT,'-2 NOT APPLICABLE,'-2 NOT APPLICABLE,3 POWERED 2 WHEELER,"On Finchley road, near the junction with Lithos.",2,16/09/2019 05:46:00 PM,Monday,17.46,1 TLRN,A,41,6 SINGLE CWY,30,03 T/STAG JUN,4 GIVE WAY/UNCONTROLLED,6,0,0 NO XING FACILITY IN 50M,2 DAYLIGHT,1 FINE,1 ROAD-DRY,0 NONE,0 NONE,526133,184981,-0.182231,51.549633,,,Unknown,"(51.549633, -0.182231)",http://opendatacommunities.org/id/london-borough-council/camden,9366,21/12/2020 02:48:44 PM
1180102962,CAMDEN,3 Pedestrian,1 Male,25-59,25,1,2 Serious,05 Crossing Road (Not On Xing),3 From Drivers O/Side,1 Pedestrian,GORDON SQUARE 2M N OF J/W ENDSLEIGH PLACE,1,17/04/2018 06:30:00 AM,Tuesday,6.30,3 Bor,Unclassified,0,3 Dual Cwy,2 30 MPH,6 Crossroads,9 Unknown (S/R),Unclassified,0,0 No Xing Facility In 50m,1 Daylight,1 Fine,1 Road-Dry,0 None,0 None,529765,182323,-0.130858,51.524923,,,Unknown,"(51.524923, -0.130858)",http://opendatacommunities.org/id/london-borough-council/camden,7913,21/12/2020 02:48:41 PM
1170034228,CAMDEN,3 Pedestrian,1 Male,60+,61,1,3 Slight,05 Crossing Road (Not On Xing),1 From Drivers N/Side,1 Pedestrian,MONTAGUE STREET J/W MONTAGUE STREET,1,27/04/2017 11:00:00 AM,Thursday,11.00,3 Bor,C,0,6 Single Cwy,1 <= 20 MPH,3 T/Stag Jun,4 Give Way/Uncontrolled,C,0,1 Zebra,1 Daylight,1 Fine,1 Road-Dry,0 None,0 None,530220,181670,-0.124544,51.51895,,,Unknown,"(51.51895, -0.124544)",http://opendatacommunities.org/id/london-borough-council/camden,6916,21/12/2020 02:48:39 PM
0115EK40456,CAMDEN,1 Driver/Rider,1 Male,25-59,36,1,3 Slight,-2 Unknown,-2 N/A,3 Powered 2 Wheeler,BLOOMSBURY AVENUE 34M SE OF J/W BEDFORD AVENUE,2,09/05/2015 09:20:00 AM,Saturday,9.20,3 Bor,A,400,2 One-Way St,2 30 MPH,0 No Jun In 20m,-2 Not Applicable,-2 Not Applicable,0,0 No Xing Facility In 50m,1 Daylight,1 Fine,1 Road-Dry,0 None,0 None,529970,181590,-0.128175,51.518289,,,Unknown,"(51.518289, -0.128175)",http://opendatacommunities.org/id/london-borough-council/camden,4949,21/12/2020 02:48:36 PM
1190191140,CAMDEN,1 DRIVER/RIDER,1 MALE,60+,66,1,3 SLIGHT,'-2 NOT APPLICABLE,'-2 NOT APPLICABLE,2 PEDAL CYCLE,"On Camden Park Road, near the junction with CAMDEN ROAD.",2,03/07/2019 08:00:00 AM,Wednesday,8.00,1 TLRN,A,5200,6 SINGLE CWY,30,06 CROSSROADS,2 AUTO SIG,A,503,4 PELICAN OR SIMILAR,2 DAYLIGHT,1 FINE,1 ROAD-DRY,0 NONE,0 NONE,529729,184880,-0.130434,51.547911,,,Unknown,"(51.547911, -0.130434)",http://opendatacommunities.org/id/london-borough-council/camden,9153,21/12/2020 02:48:44 PM
0116EK40131,CAMDEN,2 Passenger,2 Female,25-59,27,1,3 Slight,-2 Unknown,-2 N/A,4 Car,HAMPSTEAD HIGH STREET J/W HEATH STREET.,3,06/03/2016 05:56:00 PM,Sunday,17.56,3 Bor,A,502,6 Single Cwy,1 <= 20 MPH,6 Crossroads,2 Auto Sig,B,511,5 Pedn Phase At Ats,2 Dark,1 Fine,1 Road-Dry,0 None,0 None,526380,185750,-0.178395,51.556489,,,Unknown,"(51.556489, -0.178395)",http://opendatacommunities.org/id/london-borough-council/camden,6089,21/12/2020 02:48:38 PM