Reference,London Borough Name,Casualty Class,Casualty Sex,Casualty Age Band,Casualty Age,Number Of Casualties,Casualty Severity,Pedestrian Location,Pedestrian Movement,Mode Of Travel,Attendant Location,Number Of Vehicles,Date,Day,Time,Highway,Road Class 1,Road Number 1,Road Type,Speed Limit,Junction Detail,Junction Control,Road Class 2,Road Number 2,Pedestrian Crossing,Light Condition Band,Weather,Road Surface,Special Conditions,Carriage Way Hazard,Easting,Northing,Longitude,Latitude,Ward Code,Ward Name,Spatial Accuracy,Location,Organisation URI,Socrata ID,Last Uploaded
1190181183,CAMDEN,1 DRIVER/RIDER,1 MALE,25-59,54,1,3 SLIGHT,'-2 NOT APPLICABLE,'-2 NOT APPLICABLE,2 PEDAL CYCLE,"On Camden Road, near the junction with St Pancras Way.",2,16/05/2019 09:00:00 AM,Thursday,9.00,1 TLRN,A,503,6 SINGLE CWY,20,06 CROSSROADS,4 GIVE WAY/UNCONTROLLED,A,5202,0 NO XING FACILITY IN 50M,2 DAYLIGHT,1 FINE,1 ROAD-DRY,0 NONE,0 NONE,529251,184309,-0.137534,51.542889,,,Unknown,"(51.542889, -0.137534)",http://opendatacommunities.org/id/london-borough-council/camden,9011,21/12/2020 02:48:44 PM
1170073330,CAMDEN,1 Driver/Rider,1 Male,Unknown,0,1,3 Slight,-2 Unknown,-2 N/A,3 Powered 2 Wheeler,MILL LANE J/W FORDWYCH ROAD,2,07/11/2017 12:30:00 PM,Tuesday,12.30,3 Bor,C,0,6 Single Cwy,2 30 MPH,6 Crossroads,4 Give Way/Uncontrolled,Unclassified,0,0 No Xing Facility In 50m,1 Daylight,2 Raining,2 Road-Wet,0 None,0 None,524480,185060,-0.206031,51.550709,,,Unknown,"(51.550709, -0.206031)",http://opendatacommunities.org/id/london-borough-council/camden,7556,21/12/2020 02:48:41 PM
1160012757,CAMDEN,1 Driver/Rider,1 Male,25-59,41,1,3 Slight,-2 Unknown,-2 N/A,2 Pedal Cycle,"ON CAMDEN ROAD , NEAR THE JUNCTION WITH BAYHAM STREET .",2,13/09/2016 06:30:00 PM,Tuesday,18.30,1 TLRN,A,503,6 Single Cwy,2 30 MPH,3 T/Stag Jun,2 Auto Sig,A,503,0 No Xing Facility In 50m,1 Daylight,1 Fine,1 Road-Dry,0 None,0 None,528960,183940,-0.141863,51.539639,,,Unknown,"(51.539639, -0.141863)",http://opendatacommunities.org/id/london-borough-council/camden,5858,21/12/2020 02:48:38 PM
1180140406,CAMDEN,2 Passenger,2 Female,Unknown,0,1,3 Slight,-2 Unknown,-2 N/A,4 Car,HIGHGATE ROAD 35M E OF J/W GORDON HOUSE ROAD,2,20/10/2018 07:00:00 PM,Saturday,19.00,3 Bor,B,518,9 Unknown,2 30 MPH,0 No Jun In 20m,-2 Not Applicable,-2 Not Applicable,0,5 Pedn Phase At Ats,1 Daylight,1 Fine,1 Road-Dry,0 None,0 None,528600,185790,-0.146375,51.556347,,,Unknown,"(51.556347, -0.146375)",http://opendatacommunities.org/id/london-borough-council/camden,8450,21/12/2020 02:48:43 PM
1190186034,CAMDEN,1 DRIVER/RIDER,1 MALE,25-59,35,1,3 SLIGHT,'-2 NOT APPLICABLE,'-2 NOT APPLICABLE,2 PEDAL CYCLE,"On Cleve Road, 50 metres west of the junction with Priory Road.",2,08/06/2019 04:05:00 PM,Saturday,16.05,3 BOR,6,0,2 ONE-WAY ST,20,00 NO JUN IN 20M,,0,0,0 NO XING FACILITY IN 50M,2 DAYLIGHT,1 FINE,1 ROAD-DRY,0 NONE,0 NONE,525588,184359,-0.190309,51.544164,,,Unknown,"(51.544164, -0.190309)",http://opendatacommunities.org/id/london-borough-council/camden,9079,21/12/2020 02:48:44 PM
1170063771,CAMDEN,1 Driver/Rider,1 Male,25-59,25,1,3 Slight,-2 Unknown,-2 N/A,2 Pedal Cycle,KILBURN HIGH ROAD J/W WEST END LANE,2,11/10/2017 09:15:00 AM,Wednesday,9.15,3 Bor,A,5,3 Dual Cwy,2 30 MPH,3 T/Stag Jun,4 Give Way/Uncontrolled,A,5,5 Pedn Phase At Ats,1 Daylight,1 Fine,1 Road-Dry,0 None,0 None,525370,183690,-0.19369,51.5382,,,Unknown,"(51.5382, -0.19369)",http://opendatacommunities.org/id/london-borough-council/camden,7400,21/12/2020 02:48:40 PM
1160009233,CAMDEN,1 Driver/Rider,2 Female,25-59,47,1,3 Slight,-2 Unknown,-2 N/A,4 Car,FINCHLEY ROAD J/W HENDON WAY,2,30/12/2016 01:08:00 PM,Friday,13.08,1 TLRN,A,598,3 Dual Cwy,2 30 MPH,3 T/Stag Jun,2 Auto Sig,A,41,4 Pelican Or Similar,1 Daylight,1 Fine,2 Road-Wet,0 None,0 None,525080,186040,-0.197034,51.559384,,,Unknown,"(51.559384, -0.197034)",http://opendatacommunities.org/id/london-borough-council/camden,5815,21/12/2020 02:48:37 PM
0115EK40948,CAMDEN,1 Driver/Rider,1 Male,16-24,22,1,3 Slight,-2 Unknown,-2 N/A,3 Powered 2 Wheeler,"HIGH HOLBORN, 4 METRES WEST OF HOLBORN PLACE.",2,26/10/2015 07:00:00 PM,Monday,19.00,3 Bor,A,40,6 Single Cwy,2 30 MPH,8 Priv Drive,4 Give Way/Uncontrolled,Unclassified,0,0 No Xing Facility In 50m,2 Dark,1 Fine,1 Road-Dry,0 None,0 None,530710,181560,-0.117526,51.517848,,,Unknown,"(51.517848, -0.117526)",http://opendatacommunities.org/id/london-borough-council/camden,5378,21/12/2020 02:48:37 PM
0115EK40049,CAMDEN,3 Pedestrian,2 Female,25-59,26,1,3 Slight,01 Crossing Road On Ped Xing,2 From Drivers N/Side Msk,1 Pedestrian,NFL- UPPER WOBURN PLACE J/W TAVISTOCK SQUARE,1,23/01/2015 08:42:00 PM,Friday,20.42,3 Bor,A,4200,6 Single Cwy,2 30 MPH,3 T/Stag Jun,4 Give Way/Uncontrolled,Unclassified,0,1 Zebra,2 Dark,1 Fine,1 Road-Dry,0 None,0 None,529870,182430,-0.129305,51.525861,,,Unknown,"(51.525861, -0.129305)",http://opendatacommunities.org/id/london-borough-council/camden,4617,21/12/2020 02:48:35 PM
1170043166,CAMDEN,3 Pedestrian,2 Female,0-15,1,1,3 Slight,01 Crossing Road On Ped Xing,3 From Drivers O/Side,1 Pedestrian,SOUTHAMPTON ROAD J/W MALDEN ROAD,1,15/06/2017 03:10:00 PM,Thursday,15.10,3 Bor,B,517,6 Single Cwy,2 30 MPH,3 T/Stag Jun,4 Give Way/Uncontrolled,Unclassified,0,1 Zebra,1 Daylight,1 Fine,1 Road-Dry,0 None,0 None,527890,185180,-0.156833,51.551026,,,Unknown,"(51.551026, -0.156833)",http://opendatacommunities.org/id/london-borough-council/camden,7043,21/12/2020 02:48:39 PM
0115QK50688,CAMDEN,1 Driver/Rider,1 Male,25-59,31,1,3 Slight,-2 Unknown,-2 N/A,2 Pedal Cycle,KILBURN HIGH RD J/W WEST END LANE,2,01/10/2015 12:15:00 PM,Thursday,12.15,3 Bor,A,5,6 Single Cwy,2 30 MPH,3 T/Stag Jun,4 Give Way/Uncontrolled,A,5,0 No Xing Facility In 50m,1 Daylight,1 Fine,1 Road-Dry,0 None,0 None,525370,183690,-0.19369,51.5382,,,Unknown,"(51.5382, -0.19369)",http://opendatacommunities.org/id/london-borough-council/camden,5623,21/12/2020 02:48:37 PM
1190222040,CAMDEN,3 PEDESTRIAN,1 MALE,25-59,55,1,3 SLIGHT,05 CROSSING ROAD (NOT ON XING),'-2 NOT APPLICABLE,1 PEDESTRIAN,"On Grays Inn Road, near the junction with BRITANNIA STREET.",1,01/12/2019 04:49:00 PM,Sunday,16.49,1 TLRN,A,501,7 SLIP RD,20,05 SLIP ROAD,4 GIVE WAY/UNCONTROLLED,6,0,0 NO XING FACILITY IN 50M,1 DARK,1 FINE,1 ROAD-DRY,0 NONE,0 NONE,530502,182841,-0.120048,51.529409,,,Unknown,"(51.529409, -0.120048)",http://opendatacommunities.org/id/london-borough-council/camden,9567,21/12/2020 02:48:45 PM
1170062953,CAMDEN,1 Driver/Rider,1 Male,25-59,42,1,3 Slight,-2 Unknown,-2 N/A,2 Pedal Cycle,FINCHLEY ROAD J/W PLATT'S LANE,1,27/09/2017 08:45:00 AM,Wednesday,8.45,1 TLRN,A,41,6 Single Cwy,2 30 MPH,9 Other Jun,2 Auto Sig,Unclassified,0,5 Pedn Phase At Ats,1 Daylight,1 Fine,1 Road-Dry,0 None,0 None,525160,185890,-0.195934,51.558019,,,Unknown,"(51.558019, -0.195934)",http://opendatacommunities.org/id/london-borough-council/camden,7387,21/12/2020 02:48:40 PM
1160024386,CAMDEN,2 Passenger,2 Female,0-15,2,1,3 Slight,-2 Unknown,-2 N/A,4 Car,AVENUE ROAD 160M S OF J/W ADELAIDE ROAD,3,01/10/2016 09:20:00 AM,Saturday,9.20,3 Bor,B,525,6 Single Cwy,2 30 MPH,0 No Jun In 20m,-2 Not Applicable,-2 Not Applicable,0,0 No Xing Facility In 50m,1 Daylight,1 Fine,1 Road-Dry,0 None,0 None,526850,183990,-0.172253,51.540566,,,Unknown,"(51.540566, -0.172253)",http://opendatacommunities.org/id/london-borough-council/camden,5896,21/12/2020 02:48:38 PM
1170080149,CAMDEN,1 Driver/Rider,2 Female,25-59,47,1,2 Serious,-2 Unknown,-2 N/A,2 Pedal Cycle,WEST END LANE J/W IVERSON ROAD,2,24/12/2017 08:00:00 AM,Sunday,8.00,3 Bor,B,510,6 Single Cwy,1 <= 20 MPH,3 T/Stag Jun,2 Auto Sig,B,520,5 Pedn Phase At Ats,1 Daylight,1 Fine,1 Road-Dry,0 None,0 None,525520,184770,-0.191143,51.547873,,,Unknown,"(51.547873, -0.191143)",http://opendatacommunities.org/id/london-borough-council/camden,7631,21/12/2020 02:48:41 PM
0116EK40479,CAMDEN,1 Driver/Rider,2 Female,60+,78,1,3 Slight,-2 Unknown,-2 N/A,4 Car,HOLY WALK 33M S OF J/W HOLLY BERRY LANE,1,06/07/2016 11:03:00 AM,Wednesday,11.03,3 Bor,Unclassified,0,6 Single Cwy,2 30 MPH,0 No Jun In 20m,-2 Not Applicable,-2 Not Applicable,0,0 No Xing Facility In 50m,1 Daylight,9 Unknown,1 Road-Dry,0 None,0 None,526220,185790,-0.180687,51.556884,,,Unknown,"(51.556884, -0.180687)",http://opendatacommunities.org/id/london-borough-council/camden,6387,21/12/2020 02:48:38 PM
0115EK40532,CAMDEN,1 Driver/Rider,1 Male,25-59,52,1,3 Slight,-2 Unknown,-2 N/A,2 Pedal Cycle,GOWER STREET J/W KEPPEL STREET,2,02/07/2015 06:00:00 PM,Thursday,18.00,3 Bor,A,400,6 Single Cwy,2 30 MPH,6 Crossroads,2 Auto Sig,A,400,5 Pedn Phase At Ats,1 Daylight,1 Fine,1 Road-Dry,0 None,0 None,529810,181810,-0.130398,51.520303,,,Unknown,"(51.520303, -0.130398)",http://opendatacommunities.org/id/london-borough-council/camden,5020,21/12/2020 02:48:36 PM
1180151885,CAMDEN,3 Pedestrian,2 Female,16-24,23,1,3 Slight,05 Crossing Road (Not On Xing),1 From Drivers N/Side,1 Pedestrian,KENTISH TOWN ROAD J/W PATSHULL ROAD,1,13/12/2018 03:00:00 PM,Thursday,15.00,3 Bor,A,400,6 Single Cwy,1 <= 20 MPH,9 Other Jun,4 Give Way/Uncontrolled,Unclassified,0,0 No Xing Facility In 50m,1 Daylight,1 Fine,1 Road-Dry,0 None,0 None,528950,184770,-0.141703,51.547101,,,Unknown,"(51.547101, -0.141703)",http://opendatacommunities.org/id/london-borough-council/camden,8606,21/12/2020 02:48:43 PM
1190162511,CAMDEN,3 PEDESTRIAN,1 MALE,25-59,50,1,3 SLIGHT,01 CROSSING ROAD ON PED XING,3 FROM DRIVERS O/SIDE,1 PEDESTRIAN,NFL  Betterton Street,1,08/02/2019 05:26:00 PM,Friday,17.26,3 BOR,6,0,2 ONE-WAY ST,20,00 NO JUN IN 20M,,0,0,1 ZEBRA,2 DAYLIGHT,1 FINE,1 ROAD-DRY,0 NONE,0 NONE,530282,181234,-0.123812,51.515018,,,Unknown,"(51.515018, -0.123812)",http://opendatacommunities.org/id/london-borough-council/camden,8772,21/12/2020 02:48:43 PM
1190164059,CAMDEN,1 DRIVER/RIDER,1 MALE,25-59,36,1,3 SLIGHT,'-2 NOT APPLICABLE,'-2 NOT APPLICABLE,3 POWERED 2 WHEELER,"On Firecrest Drive, near the junction with Branch Hill.",2,17/02/2019 09:10:00 PM,Sunday,21.10,3 BOR,5,0,6 SINGLE CWY,20,06 CROSSROADS,4 GIVE WAY/UNCONTROLLED,6,0,0 NO XING FACILITY IN 50M,1 DARK,1 FINE,1 ROAD-DRY,0 NONE,0 NONE,526007,186272,-0.183586,51.561263,,,Unknown,"(51.561263, -0.183586)",http://opendatacommunities.org/id/london-borough-council/camden,8789,21/12/2020 02:48:43 PM
1190197626,CAMDEN,1 DRIVER/RIDER,1 MALE,25-59,34,1,2 SERIOUS,'-2 NOT APPLICABLE,'-2 NOT APPLICABLE,2 PEDAL CYCLE,"On Kentish Town Road, 23 metres north of the junction with Farrier Street.",2,03/08/2019 09:25:00 PM,Saturday,21.25,3 BOR,A,400,6 SINGLE CWY,20,00 NO JUN IN 20M,,0,0,1 ZEBRA,1 DARK,1 FINE,1 ROAD-DRY,0 NONE,0 NONE,528968,184421,-0.141572,51.54396,,,Unknown,"(51.54396, -0.141572)",http://opendatacommunities.org/id/london-borough-council/camden,9253,21/12/2020 02:48:44 PM
1170075939,CAMDEN,3 Pedestrian,1 Male,60+,63,1,3 Slight,05 Crossing Road (Not On Xing),1 From Drivers N/Side,1 Pedestrian,HAMPSTEAD ROAD J/W DRUMMOND STREET,1,07/12/2017 08:52:00 AM,Thursday,8.52,1 TLRN,A,400,6 Single Cwy,2 30 MPH,6 Crossroads,2 Auto Sig,C,0,5 Pedn Phase At Ats,1 Daylight,4 Fine/High Winds,2 Road-Wet,0 None,0 None,529220,182470,-0.138655,51.526369,,,Unknown,"(51.526369, -0.138655)",http://opendatacommunities.org/id/london-borough-council/camden,7590,21/12/2020 02:48:41 PM
1170058296,CAMDEN,1 Driver/Rider,1 Male,25-59,33,1,3 Slight,-2 Unknown,-2 N/A,7 Goods Vehicle,SHELTON STREET J/W MERCER STREET,2,11/09/2017 09:30:00 AM,Monday,9.30,3 Bor,Unclassified,0,2 One-Way St,2 30 MPH,6 Crossroads,2 Auto Sig,Unclassified,0,0 No Xing Facility In 50m,1 Daylight,1 Fine,1 Road-Dry,0 None,0 None,530110,181040,-0.126361,51.513314,,,Unknown,"(51.513314, -0.126361)",http://opendatacommunities.org/id/london-borough-council/camden,7316,21/12/2020 02:48:40 PM
1190222041,CAMDEN,3 PEDESTRIAN,1 MALE,25-59,55,1,3 SLIGHT,05 CROSSING ROAD (NOT ON XING),'-2 NOT APPLICABLE,1 PEDESTRIAN,"On Woburn Place, near the junction with Coram Street.",1,01/12/2019 03:30:00 PM,Sunday,15.30,3 BOR,A,4200,3 DUAL CWY,20,03 T/STAG JUN,4 GIVE WAY/UNCONTROLLED,6,0,0 NO XING FACILITY IN 50M,2 DAYLIGHT,1 FINE,2 ROAD-WET,0 NONE,0 NONE,530037,182209,-0.126981,51.523836,,,Unknown,"(51.523836, -0.126981)",http://opendatacommunities.org/id/london-borough-council/camden,9568,21/12/2020 02:48:45 PM
0116EK40181,CAMDEN,1 Driver/Rider,1 Male,25-59,25,1,3 Slight,-2 Unknown,-2 N/A,2 Pedal Cycle,ALBANY STREET J/W CHESTER GATE.,2,23/03/2016 05:05:00 PM,Wednesday,17.05,3 Bor,A,4201,6 Single Cwy,2 30 MPH,3 T/Stag Jun,4 Give Way/Uncontrolled,Unclassified,0,1 Zebra,1 Daylight,1 Fine,1 Road-Dry,0 None,0 None,528820,182600,-0.144371,51.527629,,,Unknown,"(51.527629, -0.144371)",http://opendatacommunities.org/id/london-borough-council/camden,6128,21/12/2020 02:48:38 PM
1170016088,CAMDEN,3 Pedestrian,1 Male,16-24,20,1,3 Slight,05 Crossing Road (Not On Xing),1 From Drivers N/Side,1 Pedestrian,WILLESDEN LANE J/W KILBURN HIGH ROAD,1,03/02/2017 04:50:00 PM,Friday,16.50,3 Bor,A,4003,3 Dual Cwy,2 30 MPH,3 T/Stag Jun,2 Auto Sig,A,5,4 Pelican Or Similar,1 Daylight,8 Other,1 Road-Dry,0 None,0 None,525050,184090,-0.198159,51.541866,,,Unknown,"(51.541866, -0.198159)",http://opendatacommunities.org/id/london-borough-council/camden,6644,21/12/2020 02:48:39 PM
1170032797,CAMDEN,1 Driver/Rider,1 Male,25-59,33,1,2 Serious,-2 Unknown,-2 N/A,3 Powered 2 Wheeler,EUSTON ROAD 10M E OF J/W OSSULSTON STREET,2,19/04/2017 04:43:00 PM,Wednesday,16.43,1 TLRN,A,501,3 Dual Cwy,2 30 MPH,3 T/Stag Jun,2 Auto Sig,Unclassified,0,0 No Xing Facility In 50m,1 Daylight,1 Fine,1 Road-Dry,0 None,0 None,530020,182770,-0.127019,51.528882,,,Unknown,"(51.528882, -0.127019)",http://opendatacommunities.org/id/london-borough-council/camden,6893,21/12/2020 02:48:39 PM
0115EK40684,CAMDEN,1 Driver/Rider,2 Female,16-24,24,1,3 Slight,-2 Unknown,-2 N/A,2 Pedal Cycle,EVERSHOLT STREET J/W LANCING STREET.,2,14/07/2015 06:32:00 PM,Tuesday,18.32,3 Bor,A,4200,6 Single Cwy,1 <= 20 MPH,3 T/Stag Jun,4 Give Way/Uncontrolled,Unclassified,0,4 Pelican Or Similar,1 Daylight,1 Fine,1 Road-Dry,0 None,0 None,529680,182690,-0.131947,51.528241,,,Unknown,"(51.528241, -0.131947)",http://opendatacommunities.org/id/london-borough-council/camden,5157,21/12/2020 02:48:36 PM
1180152520,CAMDEN,1 Driver/Rider,1 Male,25-59,43,1,3 Slight,-2 Unknown,-2 N/A,4 Car,KINGSWAY J/W GREAT QUEEN STREET,1,13/12/2018 09:25:00 AM,Thursday,9.25,3 Bor,A,4200,3 Dual Cwy,2 30 MPH,6 Crossroads,2 Auto Sig,B,402,5 Pedn Phase At Ats,1 Daylight,1 Fine,1 Road-Dry,0 None,0 None,530570,181370,-0.119613,51.516173,,,Unknown,"(51.516173, -0.119613)",http://opendatacommunities.org/id/london-borough-council/camden,8615,21/12/2020 02:48:43 PM
1180092781,CAMDEN,3 Pedestrian,2 Female,60+,60,1,3 Slight,04 Crossing Road Within 50m Xing,1 From Drivers N/Side,1 Pedestrian,GOWER STREET J/W EUSTON ROAD,1,27/02/2018 08:18:00 AM,Tuesday,8.18,1 TLRN,A,400,3 Dual Cwy,1 <= 20 MPH,3 T/Stag Jun,2 Auto Sig,A,501,4 Pelican Or Similar,1 Daylight,1 Fine,1 Road-Dry,0 None,0 None,529419,182367,-0.135826,51.525398,,,Unknown,"(51.525398, -0.135826)",http://opendatacommunities.org/id/london-borough-council/camden,7780,21/12/2020 02:48:41 PM
1170042925,CAMDEN,3 Pedestrian,1 Male,60+,70,1,2 Serious,04 Crossing Road Within 50m Xing,4 From Drivers O/Side Msk,1 Pedestrian,FINCHLEY ROAD J/W ARKWRIGHT ROAD,1,14/06/2017 04:40:00 PM,Wednesday,16.40,1 TLRN,A,41,3 Dual Cwy,2 30 MPH,6 Crossroads,2 Auto Sig,C,0,5 Pedn Phase At Ats,1 Daylight,1 Fine,1 Road-Dry,0 None,0 None,526032,185111,-0.183641,51.550824,,,Unknown,"(51.550824, -0.183641)",http://opendatacommunities.org/id/london-borough-council/camden,7040,21/12/2020 02:48:39 PM
0115EK40152,CAMDEN,2 Passenger,2 Female,60+,67,1,3 Slight,-2 Unknown,-2 N/A,4 Car,HEATH DRIVE J/W BRACKNELL GARDENS,2,09/01/2015 07:38:00 AM,Friday,7.38,3 Bor,Unclassified,0,6 Single Cwy,2 30 MPH,6 Crossroads,4 Give Way/Uncontrolled,Unclassified,0,0 No Xing Facility In 50m,2 Dark,1 Fine,1 Road-Dry,0 None,0 None,525540,185690,-0.190527,51.556137,,,Unknown,"(51.556137, -0.190527)",http://opendatacommunities.org/id/london-borough-council/camden,4699,21/12/2020 02:48:36 PM
0116EK40162,CAMDEN,1 Driver/Rider,1 Male,16-24,24,1,3 Slight,-2 Unknown,-2 N/A,3 Powered 2 Wheeler,HAVERSTOCK HILL 27M NORTH WEST J/W UPPER PARK ROAD,2,17/03/2016 01:51:00 PM,Thursday,13.51,3 Bor,A,502,6 Single Cwy,1 <= 20 MPH,8 Priv Drive,4 Give Way/Uncontrolled,Unclassified,0,0 No Xing Facility In 50m,1 Daylight,1 Fine,1 Road-Dry,0 None,0 None,527490,184960,-0.162678,51.549139,,,Unknown,"(51.549139, -0.162678)",http://opendatacommunities.org/id/london-borough-council/camden,6117,21/12/2020 02:48:38 PM
0115EK41123,CAMDEN,1 Driver/Rider,1 Male,16-24,23,1,3 Slight,-2 Unknown,-2 N/A,3 Powered 2 Wheeler,FINCHLEY ROAD J/W INGHAM ROAD.,2,15/12/2015 11:44:00 AM,Tuesday,11.44,1 TLRN,A,41,6 Single Cwy,2 30 MPH,3 T/Stag Jun,4 Give Way/Uncontrolled,Unclassified,0,4 Pelican Or Similar,1 Daylight,1 Fine,2 Road-Wet,0 None,0 None,525320,185610,-0.193727,51.555467,,,Unknown,"(51.555467, -0.193727)",http://opendatacommunities.org/id/london-borough-council/camden,5534,21/12/2020 02:48:37 PM
1190177646,CAMDEN,2 PASSENGER,'-1 UNKNOWN,U,,4,3 SLIGHT,'-2 NOT APPLICABLE,'-2 NOT APPLICABLE,4 CAR,Location uncertain Finchley Road,1,28/04/2019 12:45:00 AM,Sunday,0.45,1 TLRN,A,41,6 SINGLE CWY,30,06 CROSSROADS,2 AUTO SIG,6,0,5 PEDN PHASE AT ATS,1 DARK,1 FINE,1 ROAD-DRY,0 NONE,0 NONE,525977,185165,-0.184414,51.551321,,,Unknown,"(51.551321, -0.184414)",http://opendatacommunities.org/id/london-borough-council/camden,8955,21/12/2020 02:48:44 PM
1190168813,CAMDEN,1 DRIVER/RIDER,1 MALE,25-59,45,1,3 SLIGHT,'-2 NOT APPLICABLE,'-2 NOT APPLICABLE,4 CAR,"On King's Cross Bridge, near the junction with Grays Inn Road.",2,12/03/2019 06:40:00 PM,Tuesday,18.40,1 TLRN,A,5203,2 ONE-WAY ST,20,03 T/STAG JUN,2 AUTO SIG,A,501,5 PEDN PHASE AT ATS,2 DAYLIGHT,4 FINE/HIGH WINDS,2 ROAD-WET,0 NONE,0 NONE,530435,182958,-0.12097,51.530476,,,Unknown,"(51.530476, -0.12097)",http://opendatacommunities.org/id/london-borough-council/camden,8842,21/12/2020 02:48:43 PM
1180144331,CAMDEN,1 Driver/Rider,1 Male,60+,60,1,3 Slight,-2 Unknown,-2 N/A,2 Pedal Cycle,NFL RED LION STREET 25M N OF J/W HIGH HOLBORN,1,10/10/2018 02:35:00 PM,Wednesday,14.35,3 Bor,C,0,9 Unknown,2 30 MPH,0 No Jun In 20m,-2 Not Applicable,-2 Not Applicable,0,0 No Xing Facility In 50m,1 Daylight,1 Fine,1 Road-Dry,0 None,0 None,530769,181615,-0.116656,51.518329,,,Unknown,"(51.518329, -0.116656)",http://opendatacommunities.org/id/london-borough-council/camden,8505,21/12/2020 02:48:43 PM
1190203362,CAMDEN,1 DRIVER/RIDER,2 FEMALE,25-59,40,1,3 SLIGHT,'-2 NOT APPLICABLE,'-2 NOT APPLICABLE,2 PEDAL CYCLE,"On High Holborn, 25 metres west of the junction with Red Lion Street.",2,04/09/2019 03:30:00 PM,Wednesday,15.30,3 BOR,A,40,9 UNKNOWN,30,00 NO JUN IN 20M,,0,0,5 PEDN PHASE AT ATS,2 DAYLIGHT,4 FINE/HIGH WINDS,1 ROAD-DRY,0 NONE,0 NONE,530700,181558,-0.117671,51.517833,,,Unknown,"(51.517833, -0.117671)",http://opendatacommunities.org/id/london-borough-council/camden,9334,21/12/2020 02:48:44 PM
0115EK41047,CAMDEN,3 Pedestrian,2 Female,60+,81,1,2 Serious,05 Crossing Road (Not On Xing),1 From Drivers N/Side,1 Pedestrian,LONGFORD STREET J/W OSNABURGH STREET.,1,26/11/2015 09:52:00 AM,Thursday,9.52,3 Bor,Unclassified,0,6 Single Cwy,2 30 MPH,6 Crossroads,4 Give Way/Uncontrolled,Unclassified,0,0 No Xing Facility In 50m,1 Daylight,1 Fine,1 Road-Dry,4 Roadworks,0 None,528910,182380,-0.143154,51.525631,,,Unknown,"(51.525631, -0.143154)",http://opendatacommunities.org/id/london-borough-council/camden,5463,21/12/2020 02:48:37 PM
1180115406,CAMDEN,1 Driver/Rider,1 Male,16-24,24,1,3 Slight,-2 Unknown,-2 N/A,2 Pedal Cycle,AVENUE ROAD J/W ELLSWORTHY ROAD,2,19/06/2018 06:00:00 PM,Tuesday,18.00,3 Bor,B,525,6 Single Cwy,2 30 MPH,3 T/Stag Jun,4 Give Way/Uncontrolled,Unclassified,0,9 Unknown (S/R),1 Daylight,1 Fine,1 Road-Dry,0 None,0 None,526950,183840,-0.170866,51.539196,,,Unknown,"(51.539196, -0.170866)",http://opendatacommunities.org/id/london-borough-council/camden,8089,21/12/2020 02:48:42 PM
0116EK40257,CAMDEN,1 Driver/Rider,1 Male,25-59,43,1,3 Slight,-2 Unknown,-2 N/A,3 Powered 2 Wheeler,CAMDEN HIGH STREET 26M NORTH J/W CROWNDALE ROAD,2,13/01/2016 11:15:00 AM,Wednesday,11.15,3 Bor,A,4200,2 One-Way St,2 30 MPH,0 No Jun In 20m,-2 Not Applicable,-2 Not Applicable,0,0 No Xing Facility In 50m,1 Daylight,1 Fine,1 Road-Dry,0 None,0 None,529190,183400,-0.138747,51.534734,,,Unknown,"(51.534734, -0.138747)",http://opendatacommunities.org/id/london-borough-council/camden,6196,21/12/2020 02:48:38 PM
1170073519,CAMDEN,1 Driver/Rider,1 Male,25-59,28,1,2 Serious,-2 Unknown,-2 N/A,2 Pedal Cycle,FORTESS WALK J/W HIGHGATE ROAD,2,28/11/2017 05:14:00 PM,Tuesday,17.14,3 Bor,B,518,6 Single Cwy,1 <= 20 MPH,3 T/Stag Jun,4 Give Way/Uncontrolled,Unclassified,0,0 No Xing Facility In 50m,2 Dark,1 Fine,1 Road-Dry,0 None,0 None,528920,185360,-0.141919,51.55241,,,Unknown,"(51.55241, -0.141919)",http://opendatacommunities.org/id/london-borough-council/camden,7560,21/12/2020 02:48:41 PM
1180102641,CAMDEN,1 Driver/Rider,1 Male,25-59,34,1,3 Slight,-2 Unknown,-2 N/A,3 Powered 2 Wheeler,CAMDEN ROAD 54M N OF J/W CAMDEN ROAD THE NEAREST CLASSIFIED ROAD W,2,19/04/2018 08:00:00 AM,Thursday,8.00,1 TLRN,A,503,6 Single Cwy,2 30 MPH,0 No Jun In 20m,-2 Not Applicable,-2 Not Applicable,0,0 No Xing Facility In 50m,1 Daylight,1 Fine,1 Road-Dry,0 None,0 None,529580,184680,-0.132656,51.546148,,,Unknown,"(51.546148, -0.132656)",http://opendatacommunities.org/id/london-borough-council/camden,7907,21/12/2020 02:48:41 PM
1190215051,CAMDEN,1 DRIVER/RIDER,2 FEMALE,25-59,32,1,3 SLIGHT,'-2 NOT APPLICABLE,'-2 NOT APPLICABLE,3 POWERED 2 WHEELER,"On Grays Inn Road, near the junction with Calthorpe Street.",3,30/10/2019 07:38:00 PM,Wednesday,19.38,3 BOR,A,5200,3 DUAL CWY,30,06 CROSSROADS,2 AUTO SIG,B,502,4 PELICAN OR SIMILAR,1 DARK,1 FINE,1 ROAD-DRY,1 TRAF SIG OUT,0 NONE,530805,182287,-0.115888,51.52436,,,Unknown,"(51.52436, -0.115888)",http://opendatacommunities.org/id/london-borough-council/camden,9477,21/12/2020 02:48:44 PM
1170038143,CAMDEN,2 Passenger,2 Female,16-24,19,1,3 Slight,-2 Unknown,-2 N/A,4 Car,FINCHLEY ROAD J/W FORTUNE GREEN ROAD,2,08/05/2017 06:00:00 PM,Monday,18.00,1 TLRN,A,41,6 Single Cwy,2 30 MPH,3 T/Stag Jun,2 Auto Sig,B,510,9 Unknown (S/R),1 Daylight,1 Fine,9 Unknown (S/R),0 None,0 None,525170,185820,-0.195815,51.557387,,,Unknown,"(51.557387, -0.195815)",http://opendatacommunities.org/id/london-borough-council/camden,6978,21/12/2020 02:48:39 PM