Reference,London Borough Name,Casualty Class,Casualty Sex,Casualty Age Band,Casualty Age,Number Of Casualties,Casualty Severity,Pedestrian Location,Pedestrian Movement,Mode Of Travel,Attendant Location,Number Of Vehicles,Date,Day,Time,Highway,Road Class 1,Road Number 1,Road Type,Speed Limit,Junction Detail,Junction Control,Road Class 2,Road Number 2,Pedestrian Crossing,Light Condition Band,Weather,Road Surface,Special Conditions,Carriage Way Hazard,Easting,Northing,Longitude,Latitude,Ward Code,Ward Name,Spatial Accuracy,Location,Organisation URI,Socrata ID,Last Uploaded
1190164362,CAMDEN,1 DRIVER/RIDER,1 MALE,16-24,24,1,3 SLIGHT,'-2 NOT APPLICABLE,'-2 NOT APPLICABLE,3 POWERED 2 WHEELER,"On Finchley Road, near the junction with Rosemont Road.",2,19/02/2019 03:10:00 PM,Tuesday,15.10,1 TLRN,A,41,3 DUAL CWY,30,06 CROSSROADS,2 AUTO SIG,6,0,5 PEDN PHASE AT ATS,2 DAYLIGHT,1 FINE,1 ROAD-DRY,0 NONE,0 NONE,526167,184965,-0.181747,51.549481,,,Unknown,"(51.549481, -0.181747)",http://opendatacommunities.org/id/london-borough-council/camden,8791,21/12/2020 02:48:43 PM
1180101944,CAMDEN,2 Passenger,2 Female,16-24,20,1,3 Slight,-2 Unknown,-2 N/A,4 Car,AGAR GROVE 30M W OF J/W ST PAULS CRESCENT,7,16/04/2018 02:48:00 AM,Monday,2.48,3 Bor,C,0,6 Single Cwy,1 <= 20 MPH,0 No Jun In 20m,-2 Not Applicable,-2 Not Applicable,0,0 No Xing Facility In 50m,2 Dark,1 Fine,1 Road-Dry,0 None,0 None,529780,184350,-0.129895,51.543136,,,Unknown,"(51.543136, -0.129895)",http://opendatacommunities.org/id/london-borough-council/camden,7892,21/12/2020 02:48:41 PM
0116EK40076,CAMDEN,1 Driver/Rider,1 Male,25-59,54,1,3 Slight,-2 Unknown,-2 N/A,2 Pedal Cycle,FITZJOHN'S AVENUE J/W LYNDHURST ROAD,2,06/02/2016 07:00:00 AM,Saturday,7.00,3 Bor,B,511,6 Single Cwy,2 30 MPH,3 T/Stag Jun,4 Give Way/Uncontrolled,Unclassified,0,0 No Xing Facility In 50m,1 Daylight,1 Fine,1 Road-Dry,0 None,0 None,526560,185210,-0.175994,51.551595,,,Unknown,"(51.551595, -0.175994)",http://opendatacommunities.org/id/london-borough-council/camden,6041,21/12/2020 02:48:38 PM
1190188682,CAMDEN,1 DRIVER/RIDER,1 MALE,25-59,51,1,2 SERIOUS,'-2 NOT APPLICABLE,'-2 NOT APPLICABLE,3 POWERED 2 WHEELER,"On Euston Road, near the junction with Gordon Street.",2,21/06/2019 02:55:00 PM,Friday,14.55,1 TLRN,A,501,3 DUAL CWY,30,07 MULTI JUN,2 AUTO SIG,5,0,5 PEDN PHASE AT ATS,2 DAYLIGHT,1 FINE,1 ROAD-DRY,0 NONE,0 NONE,529566,182478,-0.133668,51.526362,,,Unknown,"(51.526362, -0.133668)",http://opendatacommunities.org/id/london-borough-council/camden,9121,21/12/2020 02:48:44 PM
0116EK40318,CAMDEN,3 Pedestrian,1 Male,0-15,10,1,2 Serious,04 Crossing Road Within 50m Xing,1 From Drivers N/Side,1 Pedestrian,EVERSHOLT STREET 33M NORTH WEST OF J/W ALDENHAM STREET,1,05/05/2016 07:59:00 AM,Thursday,7.59,3 Bor,A,4200,6 Single Cwy,1 <= 20 MPH,0 No Jun In 20m,-2 Not Applicable,-2 Not Applicable,0,1 Zebra,1 Daylight,1 Fine,1 Road-Dry,0 None,0 None,529420,183060,-0.135557,51.531626,,,Unknown,"(51.531626, -0.135557)",http://opendatacommunities.org/id/london-borough-council/camden,6249,21/12/2020 02:48:38 PM
1180084899,CAMDEN,1 Driver/Rider,2 Female,25-59,30,1,3 Slight,-2 Unknown,-2 N/A,2 Pedal Cycle,SOUTHAMPTON ROW J/W THEOBALDS ROAD,2,21/01/2018 11:48:00 AM,Sunday,11.48,3 Bor,A,4200,6 Single Cwy,1 <= 20 MPH,6 Crossroads,2 Auto Sig,A,401,5 Pedn Phase At Ats,1 Daylight,2 Raining,2 Road-Wet,0 None,0 None,530460,181680,-0.121083,51.518985,,,Unknown,"(51.518985, -0.121083)",http://opendatacommunities.org/id/london-borough-council/camden,7686,21/12/2020 02:48:41 PM
1180127625,CAMDEN,1 Driver/Rider,1 Male,25-59,32,1,3 Slight,-2 Unknown,-2 N/A,4 Car,HAMPSTEAD HIGH STREET J/W HEAT STREET,2,17/08/2018 05:18:00 PM,Friday,17.18,3 Bor,A,502,6 Single Cwy,1 <= 20 MPH,6 Crossroads,2 Auto Sig,A,502,5 Pedn Phase At Ats,1 Daylight,1 Fine,1 Road-Dry,4 Roadworks,0 None,526360,185760,-0.17868,51.556583,,,Unknown,"(51.556583, -0.17868)",http://opendatacommunities.org/id/london-borough-council/camden,8258,21/12/2020 02:48:42 PM
1160000830,CAMDEN,1 Driver/Rider,1 Male,25-59,53,1,3 Slight,-2 Unknown,-2 N/A,5 Taxi,BAYHAM J/W PLENDER STREET,2,08/11/2016 11:53:00 PM,Tuesday,23.53,3 Bor,C,0,2 One-Way St,1 <= 20 MPH,6 Crossroads,4 Give Way/Uncontrolled,Unclassified,0,1 Zebra,2 Dark,2 Raining,2 Road-Wet,0 None,0 None,529192,183562,-0.138658,51.536189,,,Unknown,"(51.536189, -0.138658)",http://opendatacommunities.org/id/london-borough-council/camden,5651,21/12/2020 02:48:37 PM
0115EK40332,CAMDEN,1 Driver/Rider,1 Male,25-59,45,1,3 Slight,-2 Unknown,-2 N/A,2 Pedal Cycle,CLARENCE WAY J/W CASTLEHAVEN ROAD,2,29/04/2015 08:35:00 AM,Wednesday,8.35,3 Bor,C,0,6 Single Cwy,2 30 MPH,3 T/Stag Jun,4 Give Way/Uncontrolled,Unclassified,0,0 No Xing Facility In 50m,1 Daylight,1 Fine,1 Road-Dry,0 None,0 None,528780,184400,-0.144289,51.543814,,,Unknown,"(51.543814, -0.144289)",http://opendatacommunities.org/id/london-borough-council/camden,4845,21/12/2020 02:48:36 PM
1180103669,CAMDEN,1 Driver/Rider,1 Male,16-24,22,1,3 Slight,-2 Unknown,-2 N/A,3 Powered 2 Wheeler,KENTISH TOWN ROAD 40M N OF J/W PRINCE OF WALES ROAD,2,24/04/2018 10:20:00 AM,Tuesday,10.20,3 Bor,A,400,6 Single Cwy,1 <= 20 MPH,0 No Jun In 20m,-2 Not Applicable,-2 Not Applicable,0,5 Pedn Phase At Ats,1 Daylight,1 Fine,1 Road-Dry,0 None,0 None,528950,184750,-0.14171,51.546921,,,Unknown,"(51.546921, -0.14171)",http://opendatacommunities.org/id/london-borough-council/camden,7922,21/12/2020 02:48:41 PM
1170094811,CAMDEN,3 Pedestrian,1 Male,25-59,42,1,3 Slight,10 Unknown,9 Unknown Or Other,1 Pedestrian,BROOKFIELD PARK 70M S OF J/W ST ALBANS ROAD,1,05/12/2017 03:30:00 PM,Tuesday,15.30,3 Bor,Unclassified,0,9 Unknown,2 30 MPH,8 Priv Drive,9 Unknown (S/R),Unclassified,0,9 Unknown (S/R),1 Daylight,9 Unknown,9 Unknown (S/R),9 Unknown (S/R),9 Unknown (S/R),528610,186370,-0.146019,51.561557,,,Unknown,"(51.561557, -0.146019)",http://opendatacommunities.org/id/london-borough-council/camden,7639,21/12/2020 02:48:41 PM
1170071719,CAMDEN,2 Passenger,2 Female,16-24,21,1,3 Slight,-2 Unknown,-2 N/A,4 Car,HAVERSTOCK HILL J/W UPPER PARK ROAD,2,21/11/2017 09:13:00 PM,Tuesday,21.13,3 Bor,A,502,6 Single Cwy,1 <= 20 MPH,3 T/Stag Jun,4 Give Way/Uncontrolled,Unclassified,0,0 No Xing Facility In 50m,2 Dark,1 Fine,1 Road-Dry,0 None,0 None,527510,184950,-0.162394,51.549045,,,Unknown,"(51.549045, -0.162394)",http://opendatacommunities.org/id/london-borough-council/camden,7529,21/12/2020 02:48:41 PM
1180116027,CAMDEN,1 Driver/Rider,2 Female,25-59,28,1,3 Slight,-2 Unknown,-2 N/A,2 Pedal Cycle,ROYAL COLLEGE STREET J/W PRIVATE DRIVE,2,22/06/2018 10:15:00 AM,Friday,10.15,3 Bor,A,5202,2 One-Way St,1 <= 20 MPH,3 T/Stag Jun,3 Stop Sign,Unclassified,0,0 No Xing Facility In 50m,1 Daylight,1 Fine,1 Road-Dry,0 None,0 None,529270,184050,-0.137355,51.540557,,,Unknown,"(51.540557, -0.137355)",http://opendatacommunities.org/id/london-borough-council/camden,8101,21/12/2020 02:48:42 PM
1180113257,CAMDEN,1 Driver/Rider,1 Male,25-59,26,1,3 Slight,-2 Unknown,-2 N/A,4 Car,NFL CHALK FARM ROAD J/W FERDINAND STREET,2,09/06/2018 08:15:00 PM,Saturday,20.15,3 Bor,A,502,6 Single Cwy,1 <= 20 MPH,3 T/Stag Jun,2 Auto Sig,B,517,5 Pedn Phase At Ats,1 Daylight,1 Fine,2 Road-Wet,0 None,0 None,528440,184290,-0.149229,51.542903,,,Unknown,"(51.542903, -0.149229)",http://opendatacommunities.org/id/london-borough-council/camden,8061,21/12/2020 02:48:42 PM
1190163628,CAMDEN,1 DRIVER/RIDER,1 MALE,25-59,30,1,3 SLIGHT,'-2 NOT APPLICABLE,'-2 NOT APPLICABLE,3 POWERED 2 WHEELER,"On Finchley Road, near the junction with Parsifal Road.",2,15/02/2019 02:18:00 PM,Friday,14.18,1 TLRN,A,41,6 SINGLE CWY,30,03 T/STAG JUN,4 GIVE WAY/UNCONTROLLED,6,0,0 NO XING FACILITY IN 50M,2 DAYLIGHT,1 FINE,1 ROAD-DRY,0 NONE,0 NONE,525401,185564,-0.192576,51.555035,,,Unknown,"(51.555035, -0.192576)",http://opendatacommunities.org/id/london-borough-council/camden,8787,21/12/2020 02:48:43 PM
0115EK40952,CAMDEN,3 Pedestrian,1 Male,25-59,36,1,2 Serious,05 Crossing Road (Not On Xing),2 From Drivers N/Side Msk,1 Pedestrian,"NFL - OUTER CIRCLE, 30 METRES NORTH OF CAMBRIDGE GATE.",1,27/10/2015 04:45:00 PM,Tuesday,16.45,3 Bor,Unclassified,0,6 Single Cwy,1 <= 20 MPH,0 No Jun In 20m,-2 Not Applicable,-2 Not Applicable,0,0 No Xing Facility In 50m,2 Dark,1 Fine,1 Road-Dry,0 None,0 None,528720,182450,-0.145866,51.526303,,,Unknown,"(51.526303, -0.145866)",http://opendatacommunities.org/id/london-borough-council/camden,5380,21/12/2020 02:48:37 PM
1160000797,CAMDEN,1 Driver/Rider,1 Male,25-59,50,1,3 Slight,-2 Unknown,-2 N/A,3 Powered 2 Wheeler,BIDBOROUGH STREET 30M E OF J/W CARTWRIGHT GARDENS,2,08/11/2016 06:30:00 PM,Tuesday,18.30,3 Bor,C,0,6 Single Cwy,1 <= 20 MPH,0 No Jun In 20m,-2 Not Applicable,-2 Not Applicable,0,0 No Xing Facility In 50m,2 Dark,1 Fine,1 Road-Dry,0 None,0 None,530010,182680,-0.127196,51.528075,,,Unknown,"(51.528075, -0.127196)",http://opendatacommunities.org/id/london-borough-council/camden,5650,21/12/2020 02:48:37 PM
0116EK40128,CAMDEN,3 Pedestrian,1 Male,16-24,20,1,3 Slight,04 Crossing Road Within 50m Xing,1 From Drivers N/Side,1 Pedestrian,JAMESTOWN RD 38M SOUTH WEST OF J/W CAMDEN HIGH STREET,1,04/03/2016 10:15:00 PM,Friday,22.15,3 Bor,C,0,6 Single Cwy,1 <= 20 MPH,0 No Jun In 20m,-2 Not Applicable,-2 Not Applicable,0,5 Pedn Phase At Ats,2 Dark,1 Fine,1 Road-Dry,0 None,0 None,528760,184030,-0.144712,51.540494,,,Unknown,"(51.540494, -0.144712)",http://opendatacommunities.org/id/london-borough-council/camden,6086,21/12/2020 02:48:38 PM
1190195859,CAMDEN,1 DRIVER/RIDER,1 MALE,60+,88,1,3 SLIGHT,'-2 NOT APPLICABLE,'-2 NOT APPLICABLE,4 CAR,"On Glenloch Road, 10 metres east of the junction with Belsize Park .",1,25/07/2019 02:02:00 PM,Thursday,14.02,3 BOR,A,502,6 SINGLE CWY,20,03 T/STAG JUN,4 GIVE WAY/UNCONTROLLED,6,0,5 PEDN PHASE AT ATS,2 DAYLIGHT,1 FINE,1 ROAD-DRY,0 NONE,0 NONE,527304,185080,-0.165316,51.55026,,,Unknown,"(51.55026, -0.165316)",http://opendatacommunities.org/id/london-borough-council/camden,9227,21/12/2020 02:48:44 PM
1160002155,CAMDEN,1 Driver/Rider,1 Male,60+,64,1,2 Serious,-2 Unknown,-2 N/A,2 Pedal Cycle,HIGHGATE ROAD 100M S OF J/W GORDON HOUSE ROAD,1,18/11/2016 07:55:00 AM,Friday,7.55,3 Bor,B,518,3 Dual Cwy,1 <= 20 MPH,9 Other Jun,2 Auto Sig,Unclassified,0,0 No Xing Facility In 50m,1 Daylight,1 Fine,2 Road-Wet,0 None,6 Ped In Cwy (Not Inj),528630,185750,-0.145957,51.555981,,,Unknown,"(51.555981, -0.145957)",http://opendatacommunities.org/id/london-borough-council/camden,5678,21/12/2020 02:48:37 PM
0115EK41083,CAMDEN,1 Driver/Rider,1 Male,25-59,32,1,3 Slight,-2 Unknown,-2 N/A,3 Powered 2 Wheeler,OUTER CIRCLE J/W GLOUCESTER GATE.,2,03/12/2015 12:40:00 PM,Thursday,12.40,3 Bor,Unclassified,0,6 Single Cwy,2 30 MPH,3 T/Stag Jun,4 Give Way/Uncontrolled,Unclassified,0,4 Pelican Or Similar,1 Daylight,1 Fine,1 Road-Dry,0 None,0 None,528540,183440,-0.148098,51.535241,,,Unknown,"(51.535241, -0.148098)",http://opendatacommunities.org/id/london-borough-council/camden,5491,21/12/2020 02:48:37 PM
1170072044,CAMDEN,2 Passenger,1 Male,25-59,31,1,2 Serious,-2 Unknown,-2 N/A,5 Taxi,CLERKENWELL ROAD J/W GRAYS INN ROAD,2,23/11/2017 02:23:00 AM,Thursday,2.23,3 Bor,A,401,6 Single Cwy,1 <= 20 MPH,6 Crossroads,2 Auto Sig,A,5200,4 Pelican Or Similar,2 Dark,5 Raining/High Winds,2 Road-Wet,0 None,0 None,530990,181970,-0.113341,51.521468,,,Unknown,"(51.521468, -0.113341)",http://opendatacommunities.org/id/london-borough-council/camden,7534,21/12/2020 02:48:41 PM
1180151096,CAMDEN,1 Driver/Rider,1 Male,25-59,28,1,3 Slight,-2 Unknown,-2 N/A,3 Powered 2 Wheeler,SEAFORD STREET J/W SIDMOUTH STREET,2,10/12/2018 10:30:00 AM,Monday,10.30,3 Bor,Unclassified,0,6 Single Cwy,1 <= 20 MPH,3 T/Stag Jun,4 Give Way/Uncontrolled,C,0,0 No Xing Facility In 50m,1 Daylight,1 Fine,1 Road-Dry,0 None,0 None,530490,182570,-0.120321,51.526976,,,Unknown,"(51.526976, -0.120321)",http://opendatacommunities.org/id/london-borough-council/camden,8599,21/12/2020 02:48:43 PM
0115EK40062,CAMDEN,1 Driver/Rider,1 Male,25-59,31,1,3 Slight,-2 Unknown,-2 N/A,3 Powered 2 Wheeler,HAMPSTEAD ROAD J/W GRANBY TERRACE,1,21/01/2015 06:00:00 PM,Wednesday,18.00,1 TLRN,A,400,3 Dual Cwy,3 40 MPH,3 T/Stag Jun,2 Auto Sig,C,0,5 Pedn Phase At Ats,2 Dark,1 Fine,1 Road-Dry,0 None,0 None,529170,183060,-0.139159,51.531683,,,Unknown,"(51.531683, -0.139159)",http://opendatacommunities.org/id/london-borough-council/camden,4627,21/12/2020 02:48:35 PM
0116EK40219,CAMDEN,1 Driver/Rider,1 Male,16-24,22,1,3 Slight,-2 Unknown,-2 N/A,3 Powered 2 Wheeler,HIGHGATE ROAD J/W BURGHLEY ROAD,2,14/04/2016 08:55:00 AM,Thursday,8.55,3 Bor,B,518,6 Single Cwy,1 <= 20 MPH,6 Crossroads,4 Give Way/Uncontrolled,Unclassified,0,1 Zebra,1 Daylight,1 Fine,1 Road-Dry,0 None,0 None,528850,185440,-0.142899,51.553145,,,Unknown,"(51.553145, -0.142899)",http://opendatacommunities.org/id/london-borough-council/camden,6164,21/12/2020 02:48:38 PM
1180116963,CAMDEN,1 Driver/Rider,1 Male,25-59,57,1,3 Slight,-2 Unknown,-2 N/A,2 Pedal Cycle,GRAYS INN ROAD J/W GRAYS INN ROAD,2,26/06/2018 05:00:00 PM,Tuesday,17.00,3 Bor,A,5200,6 Single Cwy,1 <= 20 MPH,6 Crossroads,2 Auto Sig,Unclassified,0,4 Pelican Or Similar,1 Daylight,1 Fine,1 Road-Dry,0 None,0 None,530860,182200,-0.115128,51.523565,,,Unknown,"(51.523565, -0.115128)",http://opendatacommunities.org/id/london-borough-council/camden,8124,21/12/2020 02:48:42 PM
0116EK40601,CAMDEN,1 Driver/Rider,1 Male,25-59,51,1,3 Slight,-2 Unknown,-2 N/A,5 Taxi,SOUTHAMPTON ROW J/W THEOBALD'S ROAD.,3,19/08/2016 04:00:00 PM,Friday,16.00,3 Bor,A,4200,6 Single Cwy,1 <= 20 MPH,6 Crossroads,2 Auto Sig,A,401,5 Pedn Phase At Ats,1 Daylight,1 Fine,1 Road-Dry,0 None,0 None,530450,181690,-0.121223,51.519077,,,Unknown,"(51.519077, -0.121223)",http://opendatacommunities.org/id/london-borough-council/camden,6482,21/12/2020 02:48:39 PM
1170047422,CAMDEN,1 Driver/Rider,2 Female,25-59,59,1,3 Slight,-2 Unknown,-2 N/A,2 Pedal Cycle,FROGNAL RISE J/W FROGNAL,2,28/06/2017 10:50:00 AM,Wednesday,10.50,3 Bor,Unclassified,0,6 Single Cwy,2 30 MPH,3 T/Stag Jun,4 Give Way/Uncontrolled,Unclassified,0,0 No Xing Facility In 50m,1 Daylight,1 Fine,1 Road-Dry,0 None,0 None,526180,185980,-0.181196,51.5586,,,Unknown,"(51.5586, -0.181196)",http://opendatacommunities.org/id/london-borough-council/camden,7133,21/12/2020 02:48:40 PM
0115EK40056,CAMDEN,1 Driver/Rider,1 Male,25-59,31,1,3 Slight,-2 Unknown,-2 N/A,2 Pedal Cycle,KENTISH TOWN ROAD J/W CAVERSHAM ROAD,2,27/01/2015 08:20:00 PM,Tuesday,20.20,3 Bor,A,400,6 Single Cwy,2 30 MPH,3 T/Stag Jun,4 Give Way/Uncontrolled,Unclassified,0,0 No Xing Facility In 50m,2 Dark,1 Fine,1 Road-Dry,0 None,0 None,528980,184950,-0.141205,51.548711,,,Unknown,"(51.548711, -0.141205)",http://opendatacommunities.org/id/london-borough-council/camden,4624,21/12/2020 02:48:35 PM
1170049882,CAMDEN,3 Pedestrian,2 Female,25-59,32,1,3 Slight,01 Crossing Road On Ped Xing,1 From Drivers N/Side,1 Pedestrian,EUSTON ROAD J/W YORK WAY,1,23/07/2017 02:39:00 AM,Sunday,2.39,1 TLRN,A,501,3 Dual Cwy,2 30 MPH,7 Multi Jun,2 Auto Sig,A,5200,5 Pedn Phase At Ats,2 Dark,1 Fine,1 Road-Dry,0 None,0 None,530323,182975,-0.122578,51.530654,,,Unknown,"(51.530654, -0.122578)",http://opendatacommunities.org/id/london-borough-council/camden,7177,21/12/2020 02:48:40 PM
1180096360,CAMDEN,3 Pedestrian,1 Male,25-59,29,1,2 Serious,05 Crossing Road (Not On Xing),1 From Drivers N/Side,1 Pedestrian,FINCHLEY ROAD 30M S OF J/W BURRARD ROAD,1,15/03/2018 07:41:00 AM,Thursday,7.41,1 TLRN,A,41,6 Single Cwy,2 30 MPH,0 No Jun In 20m,-2 Not Applicable,-2 Not Applicable,0,4 Pelican Or Similar,1 Daylight,2 Raining,2 Road-Wet,0 None,0 None,525350,185590,-0.193302,51.55528,,,Unknown,"(51.55528, -0.193302)",http://opendatacommunities.org/id/london-borough-council/camden,7817,21/12/2020 02:48:41 PM
1180116697,CAMDEN,1 Driver/Rider,1 Male,25-59,38,1,3 Slight,-2 Unknown,-2 N/A,4 Car,TOTTENHAM COURT ROAD J/W STORE STREET,2,25/06/2018 06:15:00 PM,Monday,18.15,3 Bor,A,400,2 One-Way St,1 <= 20 MPH,3 T/Stag Jun,4 Give Way/Uncontrolled,C,0,5 Pedn Phase At Ats,1 Daylight,1 Fine,1 Road-Dry,0 None,0 None,529630,181690,-0.133035,51.519265,,,Unknown,"(51.519265, -0.133035)",http://opendatacommunities.org/id/london-borough-council/camden,8118,21/12/2020 02:48:42 PM
1190175670,CAMDEN,1 DRIVER/RIDER,1 MALE,25-59,43,1,2 SERIOUS,'-2 NOT APPLICABLE,'-2 NOT APPLICABLE,3 POWERED 2 WHEELER,"On Haverstock Hill, near the junction with upper park road.",2,17/04/2019 06:40:00 PM,Wednesday,18.40,3 BOR,A,502,6 SINGLE CWY,20,03 T/STAG JUN,4 GIVE WAY/UNCONTROLLED,6,0,0 NO XING FACILITY IN 50M,2 DAYLIGHT,1 FINE,1 ROAD-DRY,0 NONE,0 NONE,527523,184946,-0.162208,51.549006,,,Unknown,"(51.549006, -0.162208)",http://opendatacommunities.org/id/london-borough-council/camden,8930,21/12/2020 02:48:44 PM
1180115507,CAMDEN,1 Driver/Rider,1 Male,25-59,45,1,3 Slight,-2 Unknown,-2 N/A,3 Powered 2 Wheeler,GOWER STREET 100M N OF J/W STORE STREET,2,14/06/2018 04:25:00 PM,Thursday,16.25,3 Bor,A,400,2 One-Way St,1 <= 20 MPH,0 No Jun In 20m,-2 Not Applicable,-2 Not Applicable,0,0 No Xing Facility In 50m,1 Daylight,1 Fine,1 Road-Dry,0 None,0 None,529750,181880,-0.131237,51.520945,,,Unknown,"(51.520945, -0.131237)",http://opendatacommunities.org/id/london-borough-council/camden,8091,21/12/2020 02:48:42 PM
0115EK40702,CAMDEN,1 Driver/Rider,1 Male,25-59,28,1,3 Slight,-2 Unknown,-2 N/A,2 Pedal Cycle,GREAT RUSSELL STREET 45M NE OF MUSEUM STREET,2,04/08/2015 10:30:00 AM,Tuesday,10.30,3 Bor,C,0,6 Single Cwy,2 30 MPH,0 No Jun In 20m,-2 Not Applicable,-2 Not Applicable,0,1 Zebra,1 Daylight,1 Fine,1 Road-Dry,0 None,0 None,530140,181610,-0.125718,51.518429,,,Unknown,"(51.518429, -0.125718)",http://opendatacommunities.org/id/london-borough-council/camden,5178,21/12/2020 02:48:36 PM
1180111831,CAMDEN,1 Driver/Rider,1 Male,60+,63,1,2 Serious,-2 Unknown,-2 N/A,3 Powered 2 Wheeler,SAINT PANCRAS WAY J/W ST PANCRAS WAY,2,03/06/2018 12:10:00 AM,Sunday,0.10,1 TLRN,A,503,3 Dual Cwy,2 30 MPH,6 Crossroads,2 Auto Sig,A,5202,5 Pedn Phase At Ats,2 Dark,1 Fine,1 Road-Dry,0 None,0 None,529250,184290,-0.137555,51.542718,,,Unknown,"(51.542718, -0.137555)",http://opendatacommunities.org/id/london-borough-council/camden,8047,21/12/2020 02:48:42 PM
1170059623,CAMDEN,2 Passenger,1 Male,16-24,17,1,3 Slight,-2 Unknown,-2 N/A,5 Taxi,BAYHAM STREET J/W PLENDER STREET,2,17/09/2017 09:30:00 PM,Sunday,21.30,3 Bor,C,0,6 Single Cwy,1 <= 20 MPH,6 Crossroads,4 Give Way/Uncontrolled,Unclassified,0,1 Zebra,2 Dark,8 Other,2 Road-Wet,0 None,0 None,529190,183560,-0.138688,51.536172,,,Unknown,"(51.536172, -0.138688)",http://opendatacommunities.org/id/london-borough-council/camden,7327,21/12/2020 02:48:40 PM
1160009081,CAMDEN,3 Pedestrian,2 Female,25-59,33,1,2 Serious,06 On Footpath - Verge,9 Unknown Or Other,1 Pedestrian,QUEEN'S CRESCENT 20M E OF J/W WEEDINGTON ROAD,1,29/12/2016 11:20:00 AM,Thursday,11.20,3 Bor,Unclassified,0,6 Single Cwy,1 <= 20 MPH,3 T/Stag Jun,4 Give Way/Uncontrolled,Unclassified,0,0 No Xing Facility In 50m,1 Daylight,1 Fine,1 Road-Dry,0 None,2 Other Object In Cwy,528320,185130,-0.150653,51.550479,,,Unknown,"(51.550479, -0.150653)",http://opendatacommunities.org/id/london-borough-council/camden,5811,21/12/2020 02:48:37 PM
0115EK40186,CAMDEN,1 Driver/Rider,2 Female,25-59,30,1,3 Slight,-2 Unknown,-2 N/A,2 Pedal Cycle,ROYAL COLLEGE STREET J/W PLENDER STREET,2,05/03/2015 06:55:00 PM,Thursday,18.55,3 Bor,A,5202,2 One-Way St,2 30 MPH,3 T/Stag Jun,4 Give Way/Uncontrolled,Unclassified,0,0 No Xing Facility In 50m,2 Dark,1 Fine,1 Road-Dry,0 None,0 None,529450,183700,-0.13489,51.53737,,,Unknown,"(51.53737, -0.13489)",http://opendatacommunities.org/id/london-borough-council/camden,4728,21/12/2020 02:48:36 PM
1180120766,CAMDEN,1 Driver/Rider,2 Female,16-24,22,1,3 Slight,-2 Unknown,-2 N/A,2 Pedal Cycle,HIGH HOLBORN 25M E OF J/W DRAKE STREET THE NEAREST CLASSIFIED ROAD,2,13/07/2018 09:34:00 AM,Friday,9.34,3 Bor,A,40,6 Single Cwy,2 30 MPH,0 No Jun In 20m,-2 Not Applicable,-2 Not Applicable,0,4 Pelican Or Similar,1 Daylight,1 Fine,1 Road-Dry,0 None,0 None,530670,181550,-0.118106,51.517768,,,Unknown,"(51.517768, -0.118106)",http://opendatacommunities.org/id/london-borough-council/camden,8174,21/12/2020 02:48:42 PM
0115EK40248,CAMDEN,1 Driver/Rider,2 Female,60+,76,1,3 Slight,-2 Unknown,-2 N/A,4 Car,ARKWRIGHT ROAD J/W FROGNAL,2,14/03/2015 09:30:00 AM,Saturday,9.30,3 Bor,C,0,6 Single Cwy,2 30 MPH,6 Crossroads,4 Give Way/Uncontrolled,Unclassified,0,0 No Xing Facility In 50m,1 Daylight,1 Fine,1 Road-Dry,0 None,0 None,526230,185230,-0.180744,51.551849,,,Unknown,"(51.551849, -0.180744)",http://opendatacommunities.org/id/london-borough-council/camden,4777,21/12/2020 02:48:36 PM
0115EO40391,CAMDEN,2 Passenger,2 Female,Unknown,0,1,3 Slight,-2 Unknown,-2 N/A,5 Taxi,FARRINGDON ROAD 30M SOUTH J/W CLERKENWELL ROAD,2,05/06/2015 12:01:00 AM,Friday,0.01,1 TLRN,A,201,6 Single Cwy,2 30 MPH,0 No Jun In 20m,-2 Not Applicable,-2 Not Applicable,0,0 No Xing Facility In 50m,2 Dark,1 Fine,1 Road-Dry,4 Roadworks,0 None,531440,182030,-0.106836,51.521903,,,Unknown,"(51.521903, -0.106836)",http://opendatacommunities.org/id/london-borough-council/camden,5591,21/12/2020 02:48:37 PM
1180088846,CAMDEN,2 Passenger,2 Female,25-59,37,1,3 Slight,-2 Unknown,-2 N/A,3 Powered 2 Wheeler,MILL LANE J/W ALDRED ROAD,2,08/02/2018 10:00:00 AM,Thursday,10.00,3 Bor,C,0,6 Single Cwy,1 <= 20 MPH,3 T/Stag Jun,4 Give Way/Uncontrolled,Unclassified,0,0 No Xing Facility In 50m,1 Daylight,1 Fine,1 Road-Dry,0 None,0 None,525210,185220,-0.195451,51.551986,,,Unknown,"(51.551986, -0.195451)",http://opendatacommunities.org/id/london-borough-council/camden,7729,21/12/2020 02:48:41 PM
1190205595,CAMDEN,1 DRIVER/RIDER,1 MALE,25-59,30,1,2 SERIOUS,'-2 NOT APPLICABLE,'-2 NOT APPLICABLE,2 PEDAL CYCLE,"On Hampstead road, near the junction with Tottenham Court Road.",2,15/09/2019 08:05:00 PM,Sunday,20.05,1 TLRN,A,400,1 ROUNDABOUT,30,99 UNKNOWN (S/R),2 AUTO SIG,A,400,5 PEDN PHASE AT ATS,1 DARK,1 FINE,1 ROAD-DRY,0 NONE,0 NONE,529250,182318,-0.138279,51.524996,,,Unknown,"(51.524996, -0.138279)",http://opendatacommunities.org/id/london-borough-council/camden,9364,21/12/2020 02:48:44 PM