Reference,London Borough Name,Casualty Class,Casualty Sex,Casualty Age Band,Casualty Age,Number Of Casualties,Casualty Severity,Pedestrian Location,Pedestrian Movement,Mode Of Travel,Attendant Location,Number Of Vehicles,Date,Day,Time,Highway,Road Class 1,Road Number 1,Road Type,Speed Limit,Junction Detail,Junction Control,Road Class 2,Road Number 2,Pedestrian Crossing,Light Condition Band,Weather,Road Surface,Special Conditions,Carriage Way Hazard,Easting,Northing,Longitude,Latitude,Ward Code,Ward Name,Spatial Accuracy,Location,Organisation URI,Socrata ID,Last Uploaded
0115EK40400,CAMDEN,1 Driver/Rider,1 Male,25-59,47,1,3 Slight,-2 Unknown,-2 N/A,3 Powered 2 Wheeler,PRATT'S LANE J/W BRIARDALE GARDENS,2,21/05/2015 11:20:00 AM,Thursday,11.20,3 Bor,C,0,6 Single Cwy,2 30 MPH,3 T/Stag Jun,4 Give Way/Uncontrolled,Unclassified,0,0 No Xing Facility In 50m,1 Daylight,1 Fine,1 Road-Dry,0 None,0 None,525290,186070,-0.193996,51.559607,,,Unknown,"(51.559607, -0.193996)",http://opendatacommunities.org/id/london-borough-council/camden,4897,21/12/2020 02:48:36 PM
1180143563,CAMDEN,1 Driver/Rider,2 Female,25-59,54,1,3 Slight,-2 Unknown,-2 N/A,2 Pedal Cycle,NFL CHALTON STREET 50M N OF J/W EUSTON ROAD,2,05/11/2018 05:25:00 PM,Monday,17.25,3 Bor,Unclassified,0,3 Dual Cwy,2 30 MPH,0 No Jun In 20m,-2 Not Applicable,-2 Not Applicable,0,4 Pelican Or Similar,1 Daylight,1 Fine,1 Road-Dry,0 None,0 None,529870,182730,-0.129195,51.528557,,,Unknown,"(51.528557, -0.129195)",http://opendatacommunities.org/id/london-borough-council/camden,8497,21/12/2020 02:48:43 PM
1170068034,CAMDEN,1 Driver/Rider,1 Male,25-59,35,1,2 Serious,-2 Unknown,-2 N/A,3 Powered 2 Wheeler,AVENUE ROAD 50M N OF J/W ADELAIDE ROAD,2,03/11/2017 01:50:00 PM,Friday,13.50,1 TLRN,A,41,6 Single Cwy,2 30 MPH,0 No Jun In 20m,-2 Not Applicable,-2 Not Applicable,0,0 No Xing Facility In 50m,1 Daylight,1 Fine,1 Road-Dry,0 None,0 None,526730,184190,-0.173911,51.54239,,,Unknown,"(51.54239, -0.173911)",http://opendatacommunities.org/id/london-borough-council/camden,7479,21/12/2020 02:48:40 PM
0115EK40705,CAMDEN,1 Driver/Rider,2 Female,16-24,24,1,3 Slight,-2 Unknown,-2 N/A,2 Pedal Cycle,THEOBALD'S ROAD J/W JOHN STREET,2,11/08/2015 07:30:00 PM,Tuesday,19.30,3 Bor,A,401,6 Single Cwy,2 30 MPH,3 T/Stag Jun,4 Give Way/Uncontrolled,Unclassified,0,0 No Xing Facility In 50m,1 Daylight,2 Raining,2 Road-Wet,0 None,0 None,530890,181930,-0.114796,51.521132,,,Unknown,"(51.521132, -0.114796)",http://opendatacommunities.org/id/london-borough-council/camden,5179,21/12/2020 02:48:36 PM
0116EK40248,CAMDEN,2 Passenger,1 Male,0-15,10,1,3 Slight,-2 Unknown,-2 N/A,4 Car,MILL LANE J/W FORDWYCH ROAD,3,13/01/2016 08:42:00 AM,Wednesday,8.42,3 Bor,C,0,6 Single Cwy,2 30 MPH,6 Crossroads,4 Give Way/Uncontrolled,Unclassified,0,0 No Xing Facility In 50m,1 Daylight,1 Fine,1 Road-Dry,0 None,0 None,524490,185060,-0.205887,51.550707,,,Unknown,"(51.550707, -0.205887)",http://opendatacommunities.org/id/london-borough-council/camden,6186,21/12/2020 02:48:38 PM
1180115285,CAMDEN,1 Driver/Rider,1 Male,25-59,36,1,2 Serious,-2 Unknown,-2 N/A,3 Powered 2 Wheeler,PARSIFAL ROAD J/W PARSIFAL ROAD,2,19/06/2018 12:46:00 PM,Tuesday,12.46,1 TLRN,A,41,3 Dual Cwy,2 30 MPH,9 Other Jun,4 Give Way/Uncontrolled,Unclassified,0,0 No Xing Facility In 50m,1 Daylight,1 Fine,1 Road-Dry,0 None,0 None,525400,185560,-0.192591,51.555,,,Unknown,"(51.555, -0.192591)",http://opendatacommunities.org/id/london-borough-council/camden,8085,21/12/2020 02:48:42 PM
1180105258,CAMDEN,1 Driver/Rider,1 Male,16-24,23,1,3 Slight,-2 Unknown,-2 N/A,2 Pedal Cycle,PRATT STREET J/W ROYAL COLLEGE STREET,2,01/05/2018 07:59:00 AM,Tuesday,7.59,3 Bor,C,0,6 Single Cwy,1 <= 20 MPH,3 T/Stag Jun,4 Give Way/Uncontrolled,A,5202,0 No Xing Facility In 50m,1 Daylight,1 Fine,1 Road-Dry,0 None,0 None,529360,183890,-0.136117,51.539098,,,Unknown,"(51.539098, -0.136117)",http://opendatacommunities.org/id/london-borough-council/camden,7947,21/12/2020 02:48:41 PM
1180105021,CAMDEN,2 Passenger,1 Male,25-59,27,1,3 Slight,-2 Unknown,-2 N/A,6 Bus Or Coach,LEIGHTON ROAD J/W KENTISH TOWN ROAD,1,01/05/2018 12:43:00 AM,Tuesday,0.43,3 Bor,C,0,6 Single Cwy,1 <= 20 MPH,6 Crossroads,2 Auto Sig,A,400,4 Pelican Or Similar,2 Dark,1 Fine,1 Road-Dry,0 None,0 None,529020,185190,-0.14054,51.550859,,,Unknown,"(51.550859, -0.14054)",http://opendatacommunities.org/id/london-borough-council/camden,7942,21/12/2020 02:48:41 PM
0116CW10553,CAMDEN,1 Driver/Rider,1 Male,25-59,29,1,3 Slight,-2 Unknown,-2 N/A,2 Pedal Cycle,OUTER CIRCLE J/W CHESTER GATE,2,14/04/2016 08:30:00 AM,Thursday,8.30,3 Bor,Unclassified,0,6 Single Cwy,2 30 MPH,3 T/Stag Jun,4 Give Way/Uncontrolled,Unclassified,0,0 No Xing Facility In 50m,1 Daylight,1 Fine,1 Road-Dry,0 None,0 None,528720,182600,-0.145811,51.527651,,,Unknown,"(51.527651, -0.145811)",http://opendatacommunities.org/id/london-borough-council/camden,5968,21/12/2020 02:48:38 PM
0116EK40488,CAMDEN,1 Driver/Rider,1 Male,25-59,39,1,3 Slight,-2 Unknown,-2 N/A,3 Powered 2 Wheeler,THEOBALD'S ROAD J/W BOSWELL STREET,2,08/07/2016 03:54:00 PM,Friday,15.54,3 Bor,A,401,6 Single Cwy,2 30 MPH,9 Other Jun,4 Give Way/Uncontrolled,A,401,1 Zebra,1 Daylight,1 Fine,1 Road-Dry,0 None,0 None,530530,181750,-0.120049,51.519598,,,Unknown,"(51.519598, -0.120049)",http://opendatacommunities.org/id/london-borough-council/camden,6400,21/12/2020 02:48:38 PM
1170068980,CAMDEN,1 Driver/Rider,1 Male,25-59,25,1,2 Serious,-2 Unknown,-2 N/A,2 Pedal Cycle,ROYAL COLLEGE STREET J/W GEORGIANA STREET,2,08/11/2017 10:20:00 PM,Wednesday,22.20,3 Bor,A,5202,6 Single Cwy,2 30 MPH,6 Crossroads,4 Give Way/Uncontrolled,Unclassified,0,1 Zebra,2 Dark,1 Fine,1 Road-Dry,0 None,0 None,529310,183970,-0.136808,51.539829,,,Unknown,"(51.539829, -0.136808)",http://opendatacommunities.org/id/london-borough-council/camden,7493,21/12/2020 02:48:41 PM
0116EK40032,CAMDEN,1 Driver/Rider,1 Male,25-59,36,1,3 Slight,-2 Unknown,-2 N/A,3 Powered 2 Wheeler,FINCHLEY ROAD 60M SE OF FAIRFAX ROAD,2,28/01/2016 10:30:00 AM,Thursday,10.30,1 TLRN,A,41,3 Dual Cwy,2 30 MPH,0 No Jun In 20m,-2 Not Applicable,-2 Not Applicable,0,0 No Xing Facility In 50m,1 Daylight,1 Fine,1 Road-Dry,0 None,0 None,526510,184480,-0.176977,51.545046,,,Unknown,"(51.545046, -0.176977)",http://opendatacommunities.org/id/london-borough-council/camden,6008,21/12/2020 02:48:38 PM
0115EK40245,CAMDEN,1 Driver/Rider,1 Male,16-24,21,1,3 Slight,-2 Unknown,-2 N/A,3 Powered 2 Wheeler,HIGH HOLBORN J/W SHAFTESBURY AVENUE,2,31/03/2015 06:48:00 AM,Tuesday,6.48,3 Bor,A,40,6 Single Cwy,2 30 MPH,6 Crossroads,2 Auto Sig,A,401,5 Pedn Phase At Ats,1 Daylight,1 Fine,1 Road-Dry,0 None,0 None,530080,181300,-0.126697,51.515657,,,Unknown,"(51.515657, -0.126697)",http://opendatacommunities.org/id/london-borough-council/camden,4774,21/12/2020 02:48:36 PM
1180110446,CAMDEN,1 Driver/Rider,1 Male,25-59,45,1,3 Slight,-2 Unknown,-2 N/A,3 Powered 2 Wheeler,FINCHLEY ROAD J/W PARSIFAL ROAD,2,25/05/2018 04:35:00 PM,Friday,16.35,1 TLRN,A,41,3 Dual Cwy,2 30 MPH,3 T/Stag Jun,4 Give Way/Uncontrolled,Unclassified,0,0 No Xing Facility In 50m,1 Daylight,1 Fine,1 Road-Dry,0 None,0 None,525390,185560,-0.192736,51.555002,,,Unknown,"(51.555002, -0.192736)",http://opendatacommunities.org/id/london-borough-council/camden,8025,21/12/2020 02:48:42 PM
1170051155,CAMDEN,3 Pedestrian,1 Male,25-59,29,1,3 Slight,05 Crossing Road (Not On Xing),3 From Drivers O/Side,1 Pedestrian,BAYHAM STREET 5M S OF J/W GREENLAND ROAD NW1,1,30/07/2017 12:15:00 AM,Sunday,0.15,3 Bor,A,503,2 One-Way St,1 <= 20 MPH,6 Crossroads,2 Auto Sig,Unclassified,0,0 No Xing Facility In 50m,2 Dark,8 Other,2 Road-Wet,0 None,0 None,528990,183880,-0.141453,51.539093,,,Unknown,"(51.539093, -0.141453)",http://opendatacommunities.org/id/london-borough-council/camden,7204,21/12/2020 02:48:40 PM
1170051649,CAMDEN,1 Driver/Rider,1 Male,25-59,30,1,3 Slight,-2 Unknown,-2 N/A,3 Powered 2 Wheeler,WEST END LANE J/W CREDITON HILL NW3,2,02/08/2017 08:30:00 AM,Wednesday,8.30,3 Bor,C,0,6 Single Cwy,1 <= 20 MPH,3 T/Stag Jun,4 Give Way/Uncontrolled,Unclassified,0,0 No Xing Facility In 50m,1 Daylight,1 Fine,1 Road-Dry,0 None,0 None,525620,185310,-0.189509,51.552704,,,Unknown,"(51.552704, -0.189509)",http://opendatacommunities.org/id/london-borough-council/camden,7212,21/12/2020 02:48:40 PM
0115EK40890,CAMDEN,1 Driver/Rider,1 Male,25-59,51,1,3 Slight,-2 Unknown,-2 N/A,5 Taxi,N.F.L EUSTON ROAD 30M SW OF EUSTON SQUARE,2,28/09/2015 04:10:00 PM,Monday,16.10,1 TLRN,A,501,3 Dual Cwy,2 30 MPH,0 No Jun In 20m,-2 Not Applicable,-2 Not Applicable,0,0 No Xing Facility In 50m,1 Daylight,1 Fine,1 Road-Dry,0 None,0 None,529540,182460,-0.134049,51.526206,,,Unknown,"(51.526206, -0.134049)",http://opendatacommunities.org/id/london-borough-council/camden,5334,21/12/2020 02:48:37 PM
1160008620,CAMDEN,1 Driver/Rider,1 Male,25-59,44,1,3 Slight,-2 Unknown,-2 N/A,4 Car,AGAR GROVE NW1 J/W COBHAM MEWS NW1,2,23/12/2016 06:55:00 PM,Friday,18.55,3 Bor,C,0,6 Single Cwy,1 <= 20 MPH,9 Other Jun,4 Give Way/Uncontrolled,Unclassified,0,1 Zebra,2 Dark,2 Raining,2 Road-Wet,0 None,0 None,529613,184321,-0.132312,51.542914,,,Unknown,"(51.542914, -0.132312)",http://opendatacommunities.org/id/london-borough-council/camden,5800,21/12/2020 02:48:37 PM
1180139012,CAMDEN,2 Passenger,2 Female,60+,89,1,3 Slight,-2 Unknown,-2 N/A,5 Taxi,POND STREET 25M E OF J/W ROSSLYN HILL,2,14/10/2018 03:00:00 PM,Sunday,15.00,3 Bor,B,518,6 Single Cwy,1 <= 20 MPH,0 No Jun In 20m,-2 Not Applicable,-2 Not Applicable,0,0 No Xing Facility In 50m,1 Daylight,2 Raining,2 Road-Wet,0 None,0 None,527058,185416,-0.168741,51.553335,,,Unknown,"(51.553335, -0.168741)",http://opendatacommunities.org/id/london-borough-council/camden,8430,21/12/2020 02:48:43 PM
0115EK40633,CAMDEN,1 Driver/Rider,1 Male,16-24,24,1,3 Slight,-2 Unknown,-2 N/A,2 Pedal Cycle,EUSTON ROAD J/W MIDLAND ROAD,1,29/07/2015 06:22:00 PM,Wednesday,18.22,1 TLRN,A,501,3 Dual Cwy,2 30 MPH,6 Crossroads,2 Auto Sig,C,0,5 Pedn Phase At Ats,1 Daylight,1 Fine,1 Road-Dry,0 None,0 None,530050,182780,-0.126583,51.528965,,,Unknown,"(51.528965, -0.126583)",http://opendatacommunities.org/id/london-borough-council/camden,5112,21/12/2020 02:48:36 PM
0115EK40020,CAMDEN,1 Driver/Rider,1 Male,25-59,29,1,2 Serious,-2 Unknown,-2 N/A,3 Powered 2 Wheeler,FAWLEY ROAD J/W HONEYBOURNE ROAD,2,16/01/2015 03:50:00 PM,Friday,15.50,3 Bor,Unclassified,0,6 Single Cwy,2 30 MPH,3 T/Stag Jun,4 Give Way/Uncontrolled,Unclassified,0,0 No Xing Facility In 50m,1 Daylight,1 Fine,2 Road-Wet,0 None,0 None,525590,185020,-0.190045,51.550104,,,Unknown,"(51.550104, -0.190045)",http://opendatacommunities.org/id/london-borough-council/camden,4598,21/12/2020 02:48:35 PM
1170056366,CAMDEN,1 Driver/Rider,1 Male,25-59,55,1,3 Slight,-2 Unknown,-2 N/A,2 Pedal Cycle,ADELAIDE ROAD J/W WINCHERSTER ROAD,2,29/08/2017 07:40:00 PM,Tuesday,19.40,3 Bor,B,509,6 Single Cwy,1 <= 20 MPH,9 Other Jun,2 Auto Sig,Unclassified,0,4 Pelican Or Similar,1 Daylight,1 Fine,1 Road-Dry,0 None,0 None,526910,184160,-0.171327,51.54208,,,Unknown,"(51.54208, -0.171327)",http://opendatacommunities.org/id/london-borough-council/camden,7281,21/12/2020 02:48:40 PM
1190188637,CAMDEN,1 DRIVER/RIDER,1 MALE,25-59,25,1,3 SLIGHT,'-2 NOT APPLICABLE,'-2 NOT APPLICABLE,2 PEDAL CYCLE,"On Seven Dials Roundabout, near the junction with Mercer Street.",2,21/06/2019 09:37:00 AM,Friday,9.37,3 BOR,B,404,1 ROUNDABOUT,30,01 ROUNDABOUT,9 UNKNOWN (S/R),6,0,1 ZEBRA,2 DAYLIGHT,1 FINE,1 ROAD-DRY,0 NONE,0 NONE,530067,181083,-0.126964,51.51371,,,Unknown,"(51.51371, -0.126964)",http://opendatacommunities.org/id/london-borough-council/camden,9120,21/12/2020 02:48:44 PM
1190197050,CAMDEN,1 DRIVER/RIDER,2 FEMALE,25-59,36,1,3 SLIGHT,'-2 NOT APPLICABLE,'-2 NOT APPLICABLE,2 PEDAL CYCLE,"On Tavistock Square, near the junction with Woburn Place .",2,31/07/2019 01:53:00 PM,Wednesday,13.53,3 BOR,A,4200,2 ONE-WAY ST,30,06 CROSSROADS,2 AUTO SIG,A,4200,5 PEDN PHASE AT ATS,2 DAYLIGHT,1 FINE,1 ROAD-DRY,0 NONE,0 NONE,529958,182293,-0.128088,51.524609,,,Unknown,"(51.524609, -0.128088)",http://opendatacommunities.org/id/london-borough-council/camden,9244,21/12/2020 02:48:44 PM
1170018250,CAMDEN,1 Driver/Rider,1 Male,25-59,49,1,3 Slight,-2 Unknown,-2 N/A,3 Powered 2 Wheeler,FARRINGDON ROAD 25M N OF J/W COWCROSS ROAD,2,27/01/2017 01:30:00 PM,Friday,13.30,1 TLRN,A,201,6 Single Cwy,2 30 MPH,0 No Jun In 20m,-2 Not Applicable,-2 Not Applicable,0,5 Pedn Phase At Ats,1 Daylight,9 Unknown,1 Road-Dry,0 None,9 Unknown (S/R),531500,181870,-0.106032,51.520451,,,Unknown,"(51.520451, -0.106032)",http://opendatacommunities.org/id/london-borough-council/camden,6667,21/12/2020 02:48:39 PM
0115EK41112,CAMDEN,2 Passenger,1 Male,16-24,24,1,3 Slight,-2 Unknown,-2 N/A,4 Car,CAMDEN STREET J/W CAMDEN ROAD.,3,12/12/2015 10:30:00 PM,Saturday,22.30,1 TLRN,A,400,2 One-Way St,2 30 MPH,6 Crossroads,2 Auto Sig,A,503,5 Pedn Phase At Ats,2 Dark,1 Fine,1 Road-Dry,0 None,0 None,529080,184050,-0.140093,51.5406,,,Unknown,"(51.5406, -0.140093)",http://opendatacommunities.org/id/london-borough-council/camden,5522,21/12/2020 02:48:37 PM
1160012651,CAMDEN,1 Driver/Rider,1 Male,25-59,29,1,3 Slight,-2 Unknown,-2 N/A,2 Pedal Cycle,"ON HAVERSTOCK HILL , NEAR THE JUNCTION WITH BELSIZE AVENUE .",2,08/09/2016 08:15:00 AM,Thursday,8.15,3 Bor,A,502,6 Single Cwy,2 30 MPH,3 T/Stag Jun,4 Give Way/Uncontrolled,C,0,0 No Xing Facility In 50m,1 Daylight,1 Fine,1 Road-Dry,0 None,0 None,527230,185210,-0.166336,51.551445,,,Unknown,"(51.551445, -0.166336)",http://opendatacommunities.org/id/london-borough-council/camden,5844,21/12/2020 02:48:38 PM
1190199697,CAMDEN,1 DRIVER/RIDER,'-1 UNKNOWN,25-59,29,1,3 SLIGHT,'-2 NOT APPLICABLE,'-2 NOT APPLICABLE,7 GOODS VEHICLE,"On Kilburn High Road, near the junction with Victoria Road.",2,15/08/2019 11:40:00 AM,Thursday,11.40,3 BOR,A,5,9 UNKNOWN,30,03 T/STAG JUN,9 UNKNOWN (S/R),A,5,9 UNKNOWN (S/R),2 DAYLIGHT,9 UNKNOWN,5 ROAD-FLOOD,9 UNKNOWN (S/R),9 UNKNOWN (S/R),525247,183859,-0.195402,51.539746,,,Unknown,"(51.539746, -0.195402)",http://opendatacommunities.org/id/london-borough-council/camden,9275,21/12/2020 02:48:44 PM
1180108897,CAMDEN,1 Driver/Rider,1 Male,Unknown,0,1,3 Slight,-2 Unknown,-2 N/A,2 Pedal Cycle,EUSTON ROAD 28M W OF J/W JUDD STREET THE NEAREST CLASSIFIED ROAD W,2,18/05/2018 08:27:00 AM,Friday,8.27,1 TLRN,A,501,6 Single Cwy,2 30 MPH,0 No Jun In 20m,-2 Not Applicable,-2 Not Applicable,0,5 Pedn Phase At Ats,1 Daylight,1 Fine,1 Road-Dry,0 None,0 None,530040,182760,-0.126735,51.528787,,,Unknown,"(51.528787, -0.126735)",http://opendatacommunities.org/id/london-borough-council/camden,8006,21/12/2020 02:48:42 PM
0116EK40057,CAMDEN,1 Driver/Rider,1 Male,25-59,40,1,3 Slight,-2 Unknown,-2 N/A,4 Car,FORTESS ROAD 38M N OF BELLINA MEWS,4,06/02/2016 04:45:00 PM,Saturday,16.45,3 Bor,A,400,6 Single Cwy,1 <= 20 MPH,0 No Jun In 20m,-2 Not Applicable,-2 Not Applicable,0,0 No Xing Facility In 50m,1 Daylight,1 Fine,1 Road-Dry,0 None,0 None,529050,185620,-0.13995,51.554717,,,Unknown,"(51.554717, -0.13995)",http://opendatacommunities.org/id/london-borough-council/camden,6026,21/12/2020 02:48:38 PM
1180098898,CAMDEN,1 Driver/Rider,1 Male,25-59,35,1,3 Slight,-2 Unknown,-2 N/A,3 Powered 2 Wheeler,UPPER WOBURN PLACE J/W TAVISTOCK SQUARE,2,28/03/2018 05:17:00 PM,Wednesday,17.17,1 TLRN,A,501,3 Dual Cwy,2 30 MPH,6 Crossroads,2 Auto Sig,A,4200,4 Pelican Or Similar,1 Daylight,1 Fine,1 Road-Dry,0 None,0 None,529760,182580,-0.130835,51.527234,,,Unknown,"(51.527234, -0.130835)",http://opendatacommunities.org/id/london-borough-council/camden,7851,21/12/2020 02:48:41 PM
1160005115,CAMDEN,1 Driver/Rider,1 Male,16-24,19,1,3 Slight,-2 Unknown,-2 N/A,2 Pedal Cycle,ROYAL COLLEGE STREET J/W BAYNES STREET,1,25/11/2016 10:54:00 AM,Friday,10.54,3 Bor,A,5202,2 One-Way St,2 30 MPH,3 T/Stag Jun,9 Unknown (S/R),Unclassified,0,1 Zebra,1 Daylight,1 Fine,1 Road-Dry,9 Unknown (S/R),9 Unknown (S/R),529250,184080,-0.137632,51.540831,,,Unknown,"(51.540831, -0.137632)",http://opendatacommunities.org/id/london-borough-council/camden,5737,21/12/2020 02:48:37 PM
1170045862,CAMDEN,1 Driver/Rider,1 Male,25-59,53,1,3 Slight,-2 Unknown,-2 N/A,5 Taxi,EUSTON ROAD J/W JUDD STREET,2,20/06/2017 11:00:00 PM,Tuesday,23.00,1 TLRN,A,501,6 Single Cwy,2 30 MPH,3 T/Stag Jun,4 Give Way/Uncontrolled,B,504,9 Unknown (S/R),2 Dark,1 Fine,1 Road-Dry,0 None,0 None,530090,182790,-0.126003,51.529045,,,Unknown,"(51.529045, -0.126003)",http://opendatacommunities.org/id/london-borough-council/camden,7101,21/12/2020 02:48:40 PM
1180110225,CAMDEN,2 Passenger,2 Female,60+,70,1,3 Slight,-2 Unknown,-2 N/A,6 Bus Or Coach,HAMPSTEAD ROAD J/W ROBERT STREET,1,24/05/2018 06:00:00 PM,Thursday,18.00,1 TLRN,A,400,6 Single Cwy,2 30 MPH,3 T/Stag Jun,4 Give Way/Uncontrolled,Unclassified,0,8 Central Refuge,1 Daylight,1 Fine,1 Road-Dry,0 None,0 None,529210,182690,-0.138719,51.528348,,,Unknown,"(51.528348, -0.138719)",http://opendatacommunities.org/id/london-borough-council/camden,8021,21/12/2020 02:48:42 PM
1190224199,CAMDEN,1 DRIVER/RIDER,2 FEMALE,25-59,53,1,2 SERIOUS,'-2 NOT APPLICABLE,'-2 NOT APPLICABLE,2 PEDAL CYCLE,"On Howland Street, 100 metres east of the junction with tottenham Court Road WC1.. The nearest classified road was the A400. The nearest classified road was the A400",2,11/12/2019 08:20:00 AM,Wednesday,8.20,3 BOR,5,0,7 SLIP RD,20,00 NO JUN IN 20M,,0,0,0 NO XING FACILITY IN 50M,2 DAYLIGHT,1 FINE,1 ROAD-DRY,0 NONE,0 NONE,529382,181988,-0.136498,51.522,,,Unknown,"(51.522, -0.136498)",http://opendatacommunities.org/id/london-borough-council/camden,9608,21/12/2020 02:48:45 PM
1170020518,CAMDEN,1 Driver/Rider,1 Male,25-59,25,1,3 Slight,-2 Unknown,-2 N/A,3 Powered 2 Wheeler,CAMDEN ROAD J/W ROCHESTER ROAD,2,23/02/2017 12:17:00 PM,Thursday,12.17,1 TLRN,A,503,6 Single Cwy,1 <= 20 MPH,6 Crossroads,4 Give Way/Uncontrolled,Unclassified,0,0 No Xing Facility In 50m,1 Daylight,5 Raining/High Winds,2 Road-Wet,0 None,0 None,529340,184410,-0.136214,51.543776,,,Unknown,"(51.543776, -0.136214)",http://opendatacommunities.org/id/london-borough-council/camden,6705,21/12/2020 02:48:39 PM
1190222989,CAMDEN,1 DRIVER/RIDER,1 MALE,25-59,45,1,3 SLIGHT,'-2 NOT APPLICABLE,'-2 NOT APPLICABLE,2 PEDAL CYCLE,"On Swiss Cottage (Stop D), 50 metres south of the junction with College Crescent .",3,04/12/2019 09:25:00 AM,Wednesday,9.25,1 TLRN,A,41,2 ONE-WAY ST,30,00 NO JUN IN 20M,,0,0,5 PEDN PHASE AT ATS,2 DAYLIGHT,1 FINE,1 ROAD-DRY,9 UNKNOWN (S/R),9 UNKNOWN (S/R),526711,184248,-0.174164,51.542916,,,Unknown,"(51.542916, -0.174164)",http://opendatacommunities.org/id/london-borough-council/camden,9589,21/12/2020 02:48:45 PM
0116EK40377,CAMDEN,1 Driver/Rider,1 Male,25-59,44,1,3 Slight,-2 Unknown,-2 N/A,2 Pedal Cycle,PROCTER STREET J/W HIGH HOLBORN.,2,31/05/2016 02:40:00 PM,Tuesday,14.40,3 Bor,A,40,2 One-Way St,2 30 MPH,3 T/Stag Jun,2 Auto Sig,A,40,5 Pedn Phase At Ats,1 Daylight,1 Fine,1 Road-Dry,0 None,0 None,530600,181560,-0.119111,51.517874,,,Unknown,"(51.517874, -0.119111)",http://opendatacommunities.org/id/london-borough-council/camden,6299,21/12/2020 02:48:38 PM
0115EK40699,CAMDEN,1 Driver/Rider,1 Male,60+,63,1,3 Slight,-2 Unknown,-2 N/A,3 Powered 2 Wheeler,FINCHLEY ROAD J/W BURRARD ROAD,2,11/08/2015 04:58:00 PM,Tuesday,16.58,1 TLRN,A,41,6 Single Cwy,2 30 MPH,3 T/Stag Jun,4 Give Way/Uncontrolled,Unclassified,0,0 No Xing Facility In 50m,1 Daylight,1 Fine,1 Road-Dry,0 None,0 None,525330,185620,-0.193579,51.555554,,,Unknown,"(51.555554, -0.193579)",http://opendatacommunities.org/id/london-borough-council/camden,5175,21/12/2020 02:48:36 PM
0115EK40336,CAMDEN,1 Driver/Rider,1 Male,25-59,32,1,2 Serious,-2 Unknown,-2 N/A,2 Pedal Cycle,CHALK FARM ROAD 29M SE OF J/W HAWLEY STREET,2,01/05/2015 05:50:00 PM,Friday,17.50,3 Bor,A,502,6 Single Cwy,2 30 MPH,0 No Jun In 20m,-2 Not Applicable,-2 Not Applicable,0,1 Zebra,1 Daylight,1 Fine,1 Road-Dry,0 None,0 None,528640,184190,-0.146383,51.541959,,,Unknown,"(51.541959, -0.146383)",http://opendatacommunities.org/id/london-borough-council/camden,4847,21/12/2020 02:48:36 PM
0116EK40479,CAMDEN,2 Passenger,2 Female,16-24,23,1,3 Slight,-2 Unknown,-2 N/A,4 Car,HOLY WALK 33M S OF J/W HOLLY BERRY LANE,1,06/07/2016 11:03:00 AM,Wednesday,11.03,3 Bor,Unclassified,0,6 Single Cwy,2 30 MPH,0 No Jun In 20m,-2 Not Applicable,-2 Not Applicable,0,0 No Xing Facility In 50m,1 Daylight,9 Unknown,1 Road-Dry,0 None,0 None,526220,185790,-0.180687,51.556884,,,Unknown,"(51.556884, -0.180687)",http://opendatacommunities.org/id/london-borough-council/camden,6388,21/12/2020 02:48:38 PM
0116EK40194,CAMDEN,1 Driver/Rider,2 Female,25-59,26,1,3 Slight,-2 Unknown,-2 N/A,3 Powered 2 Wheeler,CAMDEN ROAD J/W ROYAL COLLEGE STREET.,2,29/03/2016 09:40:00 AM,Tuesday,9.40,1 TLRN,A,503,6 Single Cwy,1 <= 20 MPH,6 Crossroads,2 Auto Sig,A,5202,5 Pedn Phase At Ats,1 Daylight,1 Fine,1 Road-Dry,0 None,0 None,529190,184170,-0.138464,51.541654,,,Unknown,"(51.541654, -0.138464)",http://opendatacommunities.org/id/london-borough-council/camden,6139,21/12/2020 02:48:38 PM
0115EK40807,CAMDEN,2 Passenger,2 Female,25-59,45,1,3 Slight,-2 Unknown,-2 N/A,5 Taxi,CAMDEN STREET J/W ST MARTIN'S CLOSE.,2,07/09/2015 09:20:00 AM,Monday,9.20,1 TLRN,A,400,2 One-Way St,2 30 MPH,3 T/Stag Jun,4 Give Way/Uncontrolled,Unclassified,0,0 No Xing Facility In 50m,1 Daylight,1 Fine,1 Road-Dry,0 None,0 None,529200,183840,-0.138441,51.538686,,,Unknown,"(51.538686, -0.138441)",http://opendatacommunities.org/id/london-borough-council/camden,5265,21/12/2020 02:48:37 PM
1180092428,CAMDEN,1 Driver/Rider,1 Male,25-59,26,1,3 Slight,-2 Unknown,-2 N/A,3 Powered 2 Wheeler,KENTISH TOWN ROAD 10M S OF J/W HAWLEY CRESCENT,2,24/02/2018 09:15:00 PM,Saturday,21.15,3 Bor,A,400,3 Dual Cwy,1 <= 20 MPH,3 T/Stag Jun,4 Give Way/Uncontrolled,Unclassified,0,0 No Xing Facility In 50m,2 Dark,4 Fine/High Winds,1 Road-Dry,0 None,0 None,528940,184087,-0.142097,51.540965,,,Unknown,"(51.540965, -0.142097)",http://opendatacommunities.org/id/london-borough-council/camden,7774,21/12/2020 02:48:41 PM