Reference,London Borough Name,Casualty Class,Casualty Sex,Casualty Age Band,Casualty Age,Number Of Casualties,Casualty Severity,Pedestrian Location,Pedestrian Movement,Mode Of Travel,Attendant Location,Number Of Vehicles,Date,Day,Time,Highway,Road Class 1,Road Number 1,Road Type,Speed Limit,Junction Detail,Junction Control,Road Class 2,Road Number 2,Pedestrian Crossing,Light Condition Band,Weather,Road Surface,Special Conditions,Carriage Way Hazard,Easting,Northing,Longitude,Latitude,Ward Code,Ward Name,Spatial Accuracy,Location,Organisation URI,Socrata ID,Last Uploaded
1190226699,CAMDEN,1 DRIVER/RIDER,1 MALE,16-24,23,1,3 SLIGHT,'-2 NOT APPLICABLE,'-2 NOT APPLICABLE,4 CAR,"On Hampstead Road, near the junction with WILLIAM ROAD.",2,22/12/2019 03:10:00 PM,Sunday,15.10,1 TLRN,A,400,6 SINGLE CWY,20,03 T/STAG JUN,4 GIVE WAY/UNCONTROLLED,6,0,0 NO XING FACILITY IN 50M,2 DAYLIGHT,1 FINE,1 ROAD-DRY,0 NONE,0 NONE,529214,182556,-0.13871,51.527143,,,Unknown,"(51.527143, -0.13871)",http://opendatacommunities.org/id/london-borough-council/camden,9646,21/12/2020 02:48:45 PM
0115EK40406,CAMDEN,1 Driver/Rider,1 Male,25-59,27,1,3 Slight,-2 Unknown,-2 N/A,2 Pedal Cycle,AVENUE ROAD 135M NW OF J/W ELSWORTHY ROAD,2,23/05/2015 08:25:00 AM,Saturday,8.25,3 Bor,B,525,6 Single Cwy,2 30 MPH,0 No Jun In 20m,-2 Not Applicable,-2 Not Applicable,0,0 No Xing Facility In 50m,1 Daylight,1 Fine,1 Road-Dry,0 None,0 None,526880,183940,-0.171839,51.54011,,,Unknown,"(51.54011, -0.171839)",http://opendatacommunities.org/id/london-borough-council/camden,4902,21/12/2020 02:48:36 PM
1170050184,CAMDEN,1 Driver/Rider,1 Male,25-59,31,1,3 Slight,-2 Unknown,-2 N/A,4 Car,KINGSWAY 25M N OF J/W CHANCERY LANE THE NEAREST CLASSIFIED ROAD WA,1,20/07/2017 12:30:00 PM,Thursday,12.30,3 Bor,A,4200,6 Single Cwy,2 30 MPH,0 No Jun In 20m,-2 Not Applicable,-2 Not Applicable,0,0 No Xing Facility In 50m,1 Daylight,1 Fine,1 Road-Dry,0 None,0 None,530510,181500,-0.120429,51.517355,,,Unknown,"(51.517355, -0.120429)",http://opendatacommunities.org/id/london-borough-council/camden,7181,21/12/2020 02:48:40 PM
1170055339,CAMDEN,2 Passenger,2 Female,25-59,27,1,3 Slight,-2 Unknown,-2 N/A,5 Taxi,DOUGHTY STREET 20M S OF J/W GUILFORD STREET,3,22/08/2017 06:49:00 AM,Tuesday,6.49,3 Bor,Unclassified,0,6 Single Cwy,1 <= 20 MPH,3 T/Stag Jun,4 Give Way/Uncontrolled,B,502,1 Zebra,1 Daylight,1 Fine,1 Road-Dry,0 None,0 None,530742,182234,-0.116816,51.523898,,,Unknown,"(51.523898, -0.116816)",http://opendatacommunities.org/id/london-borough-council/camden,7264,21/12/2020 02:48:40 PM
1180116728,CAMDEN,1 Driver/Rider,1 Male,25-59,26,1,3 Slight,-2 Unknown,-2 N/A,3 Powered 2 Wheeler,CHALK FARM ROAD J/W HARMOOD STREET,2,25/06/2018 07:00:00 PM,Monday,19.00,3 Bor,A,502,6 Single Cwy,1 <= 20 MPH,3 T/Stag Jun,4 Give Way/Uncontrolled,Unclassified,0,1 Zebra,1 Daylight,1 Fine,1 Road-Dry,0 None,0 None,528520,184270,-0.148084,51.542705,,,Unknown,"(51.542705, -0.148084)",http://opendatacommunities.org/id/london-borough-council/camden,8121,21/12/2020 02:48:42 PM
1180081770,CAMDEN,2 Passenger,2 Female,0-15,6,1,3 Slight,-2 Unknown,-2 N/A,6 Bus Or Coach,GOWER STREET J/W CHENIES STREET,1,05/01/2018 03:25:00 PM,Friday,15.25,3 Bor,A,400,3 Dual Cwy,2 30 MPH,6 Crossroads,2 Auto Sig,B,506,0 No Xing Facility In 50m,1 Daylight,4 Fine/High Winds,1 Road-Dry,0 None,0 None,529750,181900,-0.131229,51.521125,,,Unknown,"(51.521125, -0.131229)",http://opendatacommunities.org/id/london-borough-council/camden,7651,21/12/2020 02:48:41 PM
1190178395,CAMDEN,3 PEDESTRIAN,2 FEMALE,16-24,19,1,2 SERIOUS,01 CROSSING ROAD ON PED XING,2 FROM DRIVERS N/SIDE MSK,1 PEDESTRIAN,"On Crowndale Road, 5 metres west of the junction with Bayham Street.",1,29/04/2019 07:10:00 PM,Monday,19.10,3 BOR,B,512,7 SLIP RD,20,03 T/STAG JUN,4 GIVE WAY/UNCONTROLLED,5,0,1 ZEBRA,1 DARK,9 UNKNOWN,1 ROAD-DRY,0 NONE,0 NONE,529271,183401,-0.137579,51.534724,,,Unknown,"(51.534724, -0.137579)",http://opendatacommunities.org/id/london-borough-council/camden,8966,21/12/2020 02:48:44 PM
1190211327,CAMDEN,1 DRIVER/RIDER,1 MALE,25-59,44,1,3 SLIGHT,'-2 NOT APPLICABLE,'-2 NOT APPLICABLE,3 POWERED 2 WHEELER,"On Tottenham Court Road, 25 metres west of the junction with Percy Street.",2,11/10/2019 08:30:00 AM,Friday,8.30,3 BOR,A,400,6 SINGLE CWY,30,00 NO JUN IN 20M,,0,0,5 PEDN PHASE AT ATS,2 DAYLIGHT,1 FINE,1 ROAD-DRY,0 NONE,0 NONE,529661,181654,-0.132602,51.518935,,,Unknown,"(51.518935, -0.132602)",http://opendatacommunities.org/id/london-borough-council/camden,9429,21/12/2020 02:48:44 PM
1190159647,CAMDEN,1 DRIVER/RIDER,1 MALE,25-59,40,2,3 SLIGHT,'-2 NOT APPLICABLE,'-2 NOT APPLICABLE,7 GOODS VEHICLE,"On Hampstead road, near the junction with VARNDELL STREET.",3,26/01/2019 07:20:00 AM,Saturday,7.20,3 BOR,6,400,6 SINGLE CWY,20,03 T/STAG JUN,2 AUTO SIG,6,0,4 PELICAN OR SIMILAR,2 DAYLIGHT,1 FINE,1 ROAD-DRY,0 NONE,0 NONE,529212,182809,-0.138646,51.529417,,,Unknown,"(51.529417, -0.138646)",http://opendatacommunities.org/id/london-borough-council/camden,8729,21/12/2020 02:48:43 PM
1180106879,CAMDEN,1 Driver/Rider,1 Male,16-24,22,1,3 Slight,-2 Unknown,-2 N/A,2 Pedal Cycle,EUSTON ROAD 20M W OF J/W MIDLAND ROAD,2,09/05/2018 05:30:00 PM,Wednesday,17.30,1 TLRN,A,501,3 Dual Cwy,1 <= 20 MPH,6 Crossroads,4 Give Way/Uncontrolled,Unclassified,0,0 No Xing Facility In 50m,1 Daylight,1 Fine,1 Road-Dry,0 None,0 None,530051,182781,-0.126568,51.528973,,,Unknown,"(51.528973, -0.126568)",http://opendatacommunities.org/id/london-borough-council/camden,7976,21/12/2020 02:48:42 PM
1190198044,CAMDEN,3 PEDESTRIAN,2 FEMALE,25-59,48,1,3 SLIGHT,05 CROSSING ROAD (NOT ON XING),'-2 NOT APPLICABLE,1 PEDESTRIAN,"On Camden Road, 30 metres west of the junction with Camden Street.. The nearest classified road was the A400. The nearest classified road was the A400",1,06/08/2019 09:51:00 AM,Tuesday,9.51,1 TLRN,A,503,6 SINGLE CWY,20,00 NO JUN IN 20M,,0,0,0 NO XING FACILITY IN 50M,2 DAYLIGHT,1 FINE,1 ROAD-DRY,0 NONE,0 NONE,529067,184025,-0.14029,51.540379,,,Unknown,"(51.540379, -0.14029)",http://opendatacommunities.org/id/london-borough-council/camden,9259,21/12/2020 02:48:44 PM
1190203226,CAMDEN,1 DRIVER/RIDER,2 FEMALE,25-59,26,1,3 SLIGHT,'-2 NOT APPLICABLE,'-2 NOT APPLICABLE,2 PEDAL CYCLE,"On Highgate West Hill, near the junction with Merton Lane.",2,04/09/2019 09:40:00 AM,Wednesday,9.40,3 BOR,5,0,6 SINGLE CWY,20,03 T/STAG JUN,4 GIVE WAY/UNCONTROLLED,6,0,0 NO XING FACILITY IN 50M,2 DAYLIGHT,1 FINE,2 ROAD-WET,0 NONE,0 NONE,528048,187003,-0.153892,51.567373,,,Unknown,"(51.567373, -0.153892)",http://opendatacommunities.org/id/london-borough-council/camden,9329,21/12/2020 02:48:44 PM
1160014567,CAMDEN,3 Pedestrian,2 Female,25-59,37,1,2 Serious,01 Crossing Road On Ped Xing,9 Unknown Or Other,1 Pedestrian,SOUTHAMPTON ROW J/W HIGH HOLBORN,1,16/11/2016 07:00:00 PM,Wednesday,19.00,3 Bor,A,4200,6 Single Cwy,1 <= 20 MPH,6 Crossroads,2 Auto Sig,A,40,1 Zebra,2 Dark,2 Raining,2 Road-Wet,0 None,0 None,530510,181540,-0.120415,51.517715,,,Unknown,"(51.517715, -0.120415)",http://opendatacommunities.org/id/london-borough-council/camden,5867,21/12/2020 02:48:38 PM
1180108391,CAMDEN,1 Driver/Rider,1 Male,25-59,28,1,3 Slight,-2 Unknown,-2 N/A,2 Pedal Cycle,MALDEN ROAD 25M N OF J/W QUEENS CRESCENT,2,16/05/2018 07:36:00 AM,Wednesday,7.36,3 Bor,B,517,6 Single Cwy,1 <= 20 MPH,0 No Jun In 20m,-2 Not Applicable,-2 Not Applicable,0,1 Zebra,1 Daylight,1 Fine,1 Road-Dry,0 None,0 None,528140,185000,-0.153295,51.549352,,,Unknown,"(51.549352, -0.153295)",http://opendatacommunities.org/id/london-borough-council/camden,7998,21/12/2020 02:48:42 PM
1180133762,CAMDEN,1 Driver/Rider,1 Male,25-59,50,1,3 Slight,-2 Unknown,-2 N/A,3 Powered 2 Wheeler,ROUSDEN STREET J/W RANDOLPH STREET,2,20/09/2018 01:30:00 PM,Thursday,13.30,3 Bor,Unclassified,0,2 One-Way St,1 <= 20 MPH,3 T/Stag Jun,4 Give Way/Uncontrolled,Unclassified,0,0 No Xing Facility In 50m,1 Daylight,1 Fine,1 Road-Dry,0 None,0 None,529330,184190,-0.136439,51.541801,,,Unknown,"(51.541801, -0.136439)",http://opendatacommunities.org/id/london-borough-council/camden,8338,21/12/2020 02:48:42 PM
1190163569,CAMDEN,3 PEDESTRIAN,2 FEMALE,25-59,57,1,3 SLIGHT,01 CROSSING ROAD ON PED XING,3 FROM DRIVERS O/SIDE,1 PEDESTRIAN,"On CROWNDALE ROAD, near the junction with BAYHAM STREET.",1,15/02/2019 09:10:00 AM,Friday,9.10,3 BOR,B,512,2 ONE-WAY ST,20,07 MULTI JUN,4 GIVE WAY/UNCONTROLLED,5,0,1 ZEBRA,2 DAYLIGHT,1 FINE,1 ROAD-DRY,0 NONE,0 NONE,529284,183407,-0.137389,51.534775,,,Unknown,"(51.534775, -0.137389)",http://opendatacommunities.org/id/london-borough-council/camden,8786,21/12/2020 02:48:43 PM
1170026089,CAMDEN,1 Driver/Rider,1 Male,25-59,32,1,3 Slight,-2 Unknown,-2 N/A,3 Powered 2 Wheeler,CAMDEN ROAD 65M N OF J/W BAYHAM STREET THE NEAREST CLASSIFIED ROAD,1,17/03/2017 03:50:00 PM,Friday,15.50,1 TLRN,A,503,6 Single Cwy,1 <= 20 MPH,0 No Jun In 20m,-2 Not Applicable,-2 Not Applicable,0,5 Pedn Phase At Ats,1 Daylight,1 Fine,1 Road-Dry,0 None,0 None,529020,183980,-0.140984,51.539985,,,Unknown,"(51.539985, -0.140984)",http://opendatacommunities.org/id/london-borough-council/camden,6794,21/12/2020 02:48:39 PM
0116EK40645,CAMDEN,1 Driver/Rider,1 Male,25-59,27,1,3 Slight,-2 Unknown,-2 N/A,4 Car,GOWER STREET J/W TORRINGTON PLACE.,2,13/08/2016 09:58:00 PM,Saturday,21.58,3 Bor,A,400,2 One-Way St,1 <= 20 MPH,6 Crossroads,2 Auto Sig,C,0,5 Pedn Phase At Ats,2 Dark,1 Fine,1 Road-Dry,0 None,0 None,529650,182040,-0.132618,51.522406,,,Unknown,"(51.522406, -0.132618)",http://opendatacommunities.org/id/london-borough-council/camden,6507,21/12/2020 02:48:39 PM
1170064483,CAMDEN,2 Passenger,1 Male,25-59,57,1,3 Slight,-2 Unknown,-2 N/A,6 Bus Or Coach,FINCHLEY ROAD J/W HILGROVE ROAD,2,14/10/2017 10:58:00 AM,Saturday,10.58,1 TLRN,A,41,2 One-Way St,2 30 MPH,6 Crossroads,2 Auto Sig,B,509,5 Pedn Phase At Ats,1 Daylight,1 Fine,1 Road-Dry,0 None,0 None,526630,184100,-0.175384,51.541604,,,Unknown,"(51.541604, -0.175384)",http://opendatacommunities.org/id/london-borough-council/camden,7414,21/12/2020 02:48:40 PM
1190185620,CAMDEN,1 DRIVER/RIDER,1 MALE,16-24,22,1,3 SLIGHT,'-2 NOT APPLICABLE,'-2 NOT APPLICABLE,3 POWERED 2 WHEELER,"On kentish town road nw5, near the junction with Islip street nw5.",2,06/06/2019 06:25:00 PM,Thursday,18.25,3 BOR,A,400,6 SINGLE CWY,20,03 T/STAG JUN,4 GIVE WAY/UNCONTROLLED,6,0,0 NO XING FACILITY IN 50M,2 DAYLIGHT,1 FINE,1 ROAD-DRY,0 NONE,0 NONE,529007,185050,-0.140779,51.549604,,,Unknown,"(51.549604, -0.140779)",http://opendatacommunities.org/id/london-borough-council/camden,9073,21/12/2020 02:48:44 PM
1180105608,CAMDEN,3 Pedestrian,2 Female,60+,73,1,2 Serious,04 Crossing Road Within 50m Xing,3 From Drivers O/Side,1 Pedestrian,EUSTON ROAD J/W MIDLAND ROAD,1,03/05/2018 07:30:00 AM,Thursday,7.30,1 TLRN,A,501,3 Dual Cwy,2 30 MPH,6 Crossroads,2 Auto Sig,C,0,5 Pedn Phase At Ats,1 Daylight,1 Fine,1 Road-Dry,0 None,0 None,530080,182810,-0.12614,51.529227,,,Unknown,"(51.529227, -0.12614)",http://opendatacommunities.org/id/london-borough-council/camden,7951,21/12/2020 02:48:41 PM
1190193729,CAMDEN,1 DRIVER/RIDER,1 MALE,25-59,29,1,3 SLIGHT,'-2 NOT APPLICABLE,'-2 NOT APPLICABLE,3 POWERED 2 WHEELER,"On Tottenham Court Road, near the junction with bedford avenue .",2,15/07/2019 04:22:00 PM,Monday,16.22,3 BOR,A,400,6 SINGLE CWY,20,03 T/STAG JUN,4 GIVE WAY/UNCONTROLLED,6,0,4 PELICAN OR SIMILAR,2 DAYLIGHT,1 FINE,1 ROAD-DRY,0 NONE,0 NONE,529773,181494,-0.131048,51.517471,,,Unknown,"(51.517471, -0.131048)",http://opendatacommunities.org/id/london-borough-council/camden,9188,21/12/2020 02:48:44 PM
0115EK40581,CAMDEN,3 Pedestrian,1 Male,25-59,43,1,3 Slight,05 Crossing Road (Not On Xing),1 From Drivers N/Side,1 Pedestrian,ST AUGUSTINE'S ROAD J/W MURRAY STREET,1,14/07/2015 10:45:00 PM,Tuesday,22.45,3 Bor,C,0,6 Single Cwy,2 30 MPH,3 T/Stag Jun,4 Give Way/Uncontrolled,C,0,0 No Xing Facility In 50m,2 Dark,1 Fine,1 Road-Dry,0 None,0 None,529660,184350,-0.131624,51.543164,,,Unknown,"(51.543164, -0.131624)",http://opendatacommunities.org/id/london-borough-council/camden,5069,21/12/2020 02:48:36 PM
1170068883,CAMDEN,2 Passenger,2 Female,60+,69,1,3 Slight,-2 Unknown,-2 N/A,6 Bus Or Coach,BLOOMSBURY WAY 25M W OF J/W SOUTHAMPTON PALACE,1,08/11/2017 12:14:00 PM,Wednesday,12.14,3 Bor,A,40,2 One-Way St,1 <= 20 MPH,0 No Jun In 20m,-2 Not Applicable,-2 Not Applicable,0,0 No Xing Facility In 50m,1 Daylight,1 Fine,1 Road-Dry,0 None,0 None,530350,181600,-0.122697,51.518291,,,Unknown,"(51.518291, -0.122697)",http://opendatacommunities.org/id/london-borough-council/camden,7491,21/12/2020 02:48:41 PM
48170207270,CAMDEN,1 Driver/Rider,1 Male,25-59,32,1,3 Slight,-2 Unknown,-2 N/A,3 Powered 2 Wheeler,HOLBORN A40 AT JN WITH GRAYS INN ROAD A5200,2,24/07/2017 06:25:00 AM,Monday,6.25,3 Bor,A,40,6 Single Cwy,1 <= 20 MPH,3 T/Stag Jun,2 Auto Sig,A,5200,5 Pedn Phase At Ats,1 Daylight,1 Fine,2 Road-Wet,0 None,0 None,531140,181610,-0.111314,51.518198,,,Unknown,"(51.518198, -0.111314)",http://opendatacommunities.org/id/london-borough-council/camden,7640,21/12/2020 02:48:41 PM
1190226096,CAMDEN,1 DRIVER/RIDER,2 FEMALE,16-24,22,2,3 SLIGHT,'-2 NOT APPLICABLE,1 FROM DRIVERS N/SIDE,3 POWERED 2 WHEELER,"On DELANCEY STREET, NW1, near the junction with PARKWAY, NW1.",5,19/12/2019 03:55:00 PM,Thursday,15.55,3 BOR,A,503,6 SINGLE CWY,30,07 MULTI JUN,2 AUTO SIG,A,4201,5 PEDN PHASE AT ATS,2 DAYLIGHT,2 RAINING,2 ROAD-WET,0 NONE,0 NONE,528677,183601,-0.146065,51.536657,,,Unknown,"(51.536657, -0.146065)",http://opendatacommunities.org/id/london-borough-council/camden,9638,21/12/2020 02:48:45 PM
1170041722,CAMDEN,2 Passenger,1 Male,16-24,22,1,2 Serious,-2 Unknown,-2 N/A,3 Powered 2 Wheeler,ALDRED ROAD J/W HILLFIELD ROAD,2,07/06/2017 01:16:00 PM,Wednesday,13.16,3 Bor,Unclassified,0,6 Single Cwy,1 <= 20 MPH,3 T/Stag Jun,4 Give Way/Uncontrolled,Unclassified,0,0 No Xing Facility In 50m,1 Daylight,1 Fine,1 Road-Dry,0 None,0 None,525130,185330,-0.196566,51.552992,,,Unknown,"(51.552992, -0.196566)",http://opendatacommunities.org/id/london-borough-council/camden,7020,21/12/2020 02:48:39 PM
0115EK40919,CAMDEN,1 Driver/Rider,1 Male,16-24,18,1,3 Slight,-2 Unknown,-2 N/A,3 Powered 2 Wheeler,LEIGHTON ROAD J/W BARTHOLOMEW ROAD.,2,14/10/2015 04:00:00 PM,Wednesday,16.00,3 Bor,C,0,6 Single Cwy,2 30 MPH,3 T/Stag Jun,4 Give Way/Uncontrolled,Unclassified,0,0 No Xing Facility In 50m,1 Daylight,1 Fine,1 Road-Dry,0 None,0 None,529410,185190,-0.134919,51.55077,,,Unknown,"(51.55077, -0.134919)",http://opendatacommunities.org/id/london-borough-council/camden,5354,21/12/2020 02:48:37 PM
1190157033,CAMDEN,1 DRIVER/RIDER,1 MALE,16-24,19,1,3 SLIGHT,'-2 NOT APPLICABLE,'-2 NOT APPLICABLE,3 POWERED 2 WHEELER,"On FITZJOHNS AVENUE, near the junction with NUTLEY TERRACE.",2,11/01/2019 08:12:00 PM,Friday,20.12,3 BOR,B,511,6 SINGLE CWY,20,06 CROSSROADS,4 GIVE WAY/UNCONTROLLED,6,0,1 ZEBRA,1 DARK,1 FINE,1 ROAD-DRY,0 NONE,0 NONE,526576,184979,-0.175846,51.549516,,,Unknown,"(51.549516, -0.175846)",http://opendatacommunities.org/id/london-borough-council/camden,8686,21/12/2020 02:48:43 PM
1190159638,CAMDEN,2 PASSENGER,2 FEMALE,25-59,30,1,3 SLIGHT,'-2 NOT APPLICABLE,'-2 NOT APPLICABLE,4 CAR,RUSSELL SQUARE J/W BERNARD STREET,1,26/01/2019 03:25:00 AM,Saturday,3.25,3 BOR,A,4200,3 DUAL CWY,30,06 CROSSROADS,2 AUTO SIG,A,4200,5 PEDN PHASE AT ATS,1 DARK,1 FINE,2 ROAD-WET,0 NONE,2 OTHER OBJECT IN CWY,530130,182092,-0.125685,51.522763,,,Unknown,"(51.522763, -0.125685)",http://opendatacommunities.org/id/london-borough-council/camden,8726,21/12/2020 02:48:43 PM
1190201324,CAMDEN,2 PASSENGER,2 FEMALE,25-59,47,2,3 SLIGHT,'-2 NOT APPLICABLE,'-2 NOT APPLICABLE,3 POWERED 2 WHEELER,"On Finchley Road, 20 metres south of the junction with Heath Drive.",2,24/08/2019 05:30:00 PM,Saturday,17.30,1 TLRN,A,41,6 SINGLE CWY,40,06 CROSSROADS,2 AUTO SIG,6,0,0 NO XING FACILITY IN 50M,2 DAYLIGHT,1 FINE,1 ROAD-DRY,0 NONE,0 NONE,525524,185473,-0.190835,51.55419,,,Unknown,"(51.55419, -0.190835)",http://opendatacommunities.org/id/london-borough-council/camden,9298,21/12/2020 02:48:44 PM
0115EK40561,CAMDEN,3 Pedestrian,2 Female,25-59,26,1,3 Slight,05 Crossing Road (Not On Xing),3 From Drivers O/Side,1 Pedestrian,RED LION STREET J.W HIGH HOLBORN,1,22/04/2015 08:30:00 AM,Wednesday,8.30,3 Bor,A,40,6 Single Cwy,2 30 MPH,3 T/Stag Jun,4 Give Way/Uncontrolled,C,0,0 No Xing Facility In 50m,1 Daylight,1 Fine,1 Road-Dry,0 None,0 None,530770,181580,-0.116655,51.518014,,,Unknown,"(51.518014, -0.116655)",http://opendatacommunities.org/id/london-borough-council/camden,5048,21/12/2020 02:48:36 PM
1190171183,CAMDEN,1 DRIVER/RIDER,1 MALE,25-59,29,1,3 SLIGHT,'-2 NOT APPLICABLE,'-2 NOT APPLICABLE,7 GOODS VEHICLE,"On North End Way, near the junction with Spaniards Road.",2,25/03/2019 05:10:00 PM,Monday,17.10,3 BOR,A,502,1 ROUNDABOUT,30,02 MINI,4 GIVE WAY/UNCONTROLLED,B,519,1 ZEBRA,2 DAYLIGHT,1 FINE,1 ROAD-DRY,0 NONE,0 NONE,526265,186432,-0.179808,51.562643,,,Unknown,"(51.562643, -0.179808)",http://opendatacommunities.org/id/london-borough-council/camden,8872,21/12/2020 02:48:43 PM
0115EK40591,CAMDEN,2 Passenger,1 Male,25-59,49,1,3 Slight,-2 Unknown,-2 N/A,6 Bus Or Coach,SOUTH END GREEN 34M W OF CONSTANTINE ROAD,2,16/07/2015 10:44:00 AM,Thursday,10.44,3 Bor,Unclassified,0,6 Single Cwy,2 30 MPH,0 No Jun In 20m,-2 Not Applicable,-2 Not Applicable,0,0 No Xing Facility In 50m,1 Daylight,1 Fine,1 Road-Dry,0 None,0 None,527310,185550,-0.16506,51.554482,,,Unknown,"(51.554482, -0.16506)",http://opendatacommunities.org/id/london-borough-council/camden,5077,21/12/2020 02:48:36 PM
0115EK40912,CAMDEN,1 Driver/Rider,1 Male,25-59,30,1,2 Serious,-2 Unknown,-2 N/A,2 Pedal Cycle,FINCHLEY ROAD J/W FAIRFAX ROAD,2,01/10/2015 04:40:00 PM,Thursday,16.40,1 TLRN,A,41,3 Dual Cwy,2 30 MPH,3 T/Stag Jun,4 Give Way/Uncontrolled,C,0,0 No Xing Facility In 50m,1 Daylight,1 Fine,1 Road-Dry,0 None,0 None,526440,184520,-0.177972,51.545421,,,Unknown,"(51.545421, -0.177972)",http://opendatacommunities.org/id/london-borough-council/camden,5349,21/12/2020 02:48:37 PM
1190171928,CAMDEN,1 DRIVER/RIDER,2 FEMALE,60+,73,1,3 SLIGHT,'-2 NOT APPLICABLE,'-2 NOT APPLICABLE,2 PEDAL CYCLE,"On Grafton Road, near the junction with Queens Crescent.",2,08/03/2019 09:50:00 AM,Friday,9.50,3 BOR,5,0,6 SINGLE CWY,20,06 CROSSROADS,9 UNKNOWN (S/R),6,0,9 UNKNOWN (S/R),2 DAYLIGHT,1 FINE,1 ROAD-DRY,9 UNKNOWN (S/R),0 NONE,528393,185166,-0.149587,51.550786,,,Unknown,"(51.550786, -0.149587)",http://opendatacommunities.org/id/london-borough-council/camden,8887,21/12/2020 02:48:43 PM
1170044196,CAMDEN,3 Pedestrian,2 Female,25-59,46,1,3 Slight,05 Crossing Road (Not On Xing),1 From Drivers N/Side,1 Pedestrian,HAMPSTEAD ROAD J/W HARRINGTON SQUARE,1,20/06/2017 02:49:00 PM,Tuesday,14.49,1 TLRN,A,400,6 Single Cwy,1 <= 20 MPH,3 T/Stag Jun,4 Give Way/Uncontrolled,A,400,0 No Xing Facility In 50m,1 Daylight,1 Fine,1 Road-Dry,0 None,0 None,529170,183290,-0.139075,51.53375,,,Unknown,"(51.53375, -0.139075)",http://opendatacommunities.org/id/london-borough-council/camden,7066,21/12/2020 02:48:39 PM
1170026685,CAMDEN,2 Passenger,2 Female,25-59,57,1,3 Slight,-2 Unknown,-2 N/A,6 Bus Or Coach,WARREN STREET J/W GRAFTON WAY,1,19/03/2017 07:10:00 PM,Sunday,19.10,3 Bor,Unclassified,0,9 Unknown,2 30 MPH,3 T/Stag Jun,9 Unknown (S/R),Unclassified,0,9 Unknown (S/R),2 Dark,9 Unknown,1 Road-Dry,9 Unknown (S/R),0 None,529141,182212,-0.139888,51.524068,,,Unknown,"(51.524068, -0.139888)",http://opendatacommunities.org/id/london-borough-council/camden,6798,21/12/2020 02:48:39 PM
0116EK40209,CAMDEN,1 Driver/Rider,1 Male,25-59,35,1,3 Slight,-2 Unknown,-2 N/A,2 Pedal Cycle,ST PANCRAS WAY J/W BAYNES STREET,2,07/04/2016 04:00:00 PM,Thursday,16.00,3 Bor,A,5202,6 Single Cwy,1 <= 20 MPH,3 T/Stag Jun,4 Give Way/Uncontrolled,Unclassified,0,0 No Xing Facility In 50m,1 Daylight,1 Fine,1 Road-Dry,0 None,0 None,529400,184170,-0.135438,51.541606,,,Unknown,"(51.541606, -0.135438)",http://opendatacommunities.org/id/london-borough-council/camden,6156,21/12/2020 02:48:38 PM
1190194803,CAMDEN,1 DRIVER/RIDER,1 MALE,16-24,24,1,3 SLIGHT,'-2 NOT APPLICABLE,'-2 NOT APPLICABLE,2 PEDAL CYCLE,"On Fortess Road, 100 metres north of the junction with KENTISH TOWN ROAD NW5.",2,20/07/2019 02:50:00 PM,Saturday,14.50,3 BOR,A,400,6 SINGLE CWY,20,00 NO JUN IN 20M,,0,0,0 NO XING FACILITY IN 50M,2 DAYLIGHT,1 FINE,1 ROAD-DRY,0 NONE,0 NONE,528997,185486,-0.140763,51.553524,,,Unknown,"(51.553524, -0.140763)",http://opendatacommunities.org/id/london-borough-council/camden,9204,21/12/2020 02:48:44 PM
0115EK40088,CAMDEN,2 Passenger,1 Male,60+,89,1,3 Slight,-2 Unknown,-2 N/A,6 Bus Or Coach,BLOOMSBURY STREET J/W GREAT RUSSELL STREET,1,14/02/2015 10:10:00 AM,Saturday,10.10,3 Bor,A,400,2 One-Way St,2 30 MPH,6 Crossroads,2 Auto Sig,C,0,5 Pedn Phase At Ats,1 Daylight,1 Fine,1 Road-Dry,0 None,0 None,530000,181540,-0.127761,51.517832,,,Unknown,"(51.517832, -0.127761)",http://opendatacommunities.org/id/london-borough-council/camden,4651,21/12/2020 02:48:35 PM
0115EK40138,CAMDEN,1 Driver/Rider,1 Male,25-59,34,1,3 Slight,-2 Unknown,-2 N/A,3 Powered 2 Wheeler,DRUMMOND STREET J/W MELTON STREET,2,06/01/2015 11:35:00 PM,Tuesday,23.35,3 Bor,C,0,6 Single Cwy,2 30 MPH,3 T/Stag Jun,4 Give Way/Uncontrolled,C,0,1 Zebra,2 Dark,1 Fine,1 Road-Dry,0 None,0 None,529460,182630,-0.135139,51.527752,,,Unknown,"(51.527752, -0.135139)",http://opendatacommunities.org/id/london-borough-council/camden,4689,21/12/2020 02:48:36 PM
0115EK40429,CAMDEN,2 Passenger,1 Male,0-15,5,1,3 Slight,-2 Unknown,-2 N/A,4 Car,CAMDEN ROAD J/W ROUSDEN STREET,3,29/05/2015 01:55:00 PM,Friday,13.55,1 TLRN,A,503,6 Single Cwy,2 30 MPH,3 T/Stag Jun,4 Give Way/Uncontrolled,Unclassified,0,4 Pelican Or Similar,1 Daylight,1 Fine,1 Road-Dry,0 None,0 None,529220,184240,-0.138006,51.542276,,,Unknown,"(51.542276, -0.138006)",http://opendatacommunities.org/id/london-borough-council/camden,4922,21/12/2020 02:48:36 PM
1180108047,CAMDEN,1 Driver/Rider,2 Female,25-59,36,1,2 Serious,-2 Unknown,-2 N/A,2 Pedal Cycle,BLOOMSBURY STREET J/W GREAT RUSSELL STREET,2,15/05/2018 07:45:00 AM,Tuesday,7.45,3 Bor,A,400,2 One-Way St,1 <= 20 MPH,6 Crossroads,2 Auto Sig,C,0,1 Zebra,1 Daylight,1 Fine,1 Road-Dry,0 None,0 None,530010,181530,-0.12762,51.51774,,,Unknown,"(51.51774, -0.12762)",http://opendatacommunities.org/id/london-borough-council/camden,7993,21/12/2020 02:48:42 PM