Reference,London Borough Name,Casualty Class,Casualty Sex,Casualty Age Band,Casualty Age,Number Of Casualties,Casualty Severity,Pedestrian Location,Pedestrian Movement,Mode Of Travel,Attendant Location,Number Of Vehicles,Date,Day,Time,Highway,Road Class 1,Road Number 1,Road Type,Speed Limit,Junction Detail,Junction Control,Road Class 2,Road Number 2,Pedestrian Crossing,Light Condition Band,Weather,Road Surface,Special Conditions,Carriage Way Hazard,Easting,Northing,Longitude,Latitude,Ward Code,Ward Name,Spatial Accuracy,Location,Organisation URI,Socrata ID,Last Uploaded
1190166368,CAMDEN,1 DRIVER/RIDER,1 MALE,25-59,27,1,3 SLIGHT,'-2 NOT APPLICABLE,'-2 NOT APPLICABLE,3 POWERED 2 WHEELER,"On Euston Road, near the junction with Euston Square.",1,01/03/2019 01:20:00 PM,Friday,13.20,1 TLRN,A,501,3 DUAL CWY,30,06 CROSSROADS,2 AUTO SIG,A,4200,0 NO XING FACILITY IN 50M,2 DAYLIGHT,1 FINE,1 ROAD-DRY,0 NONE,0 NONE,529749,182590,-0.13099,51.527326,,,Unknown,"(51.527326, -0.13099)",http://opendatacommunities.org/id/london-borough-council/camden,8809,21/12/2020 02:48:43 PM
1180109662,CAMDEN,1 Driver/Rider,1 Male,60+,71,1,3 Slight,-2 Unknown,-2 N/A,4 Car,AVENUE ROAD J/W ACACIA ROAD,1,22/05/2018 02:30:00 PM,Tuesday,14.30,3 Bor,B,525,3 Dual Cwy,2 30 MPH,3 T/Stag Jun,4 Give Way/Uncontrolled,C,0,0 No Xing Facility In 50m,1 Daylight,1 Fine,1 Road-Dry,0 None,0 None,527150,183700,-0.168034,51.537892,,,Unknown,"(51.537892, -0.168034)",http://opendatacommunities.org/id/london-borough-council/camden,8012,21/12/2020 02:48:42 PM
1180082783,CAMDEN,2 Passenger,1 Male,25-59,44,1,3 Slight,-2 Unknown,-2 N/A,6 Bus Or Coach,TOTTENHAM COURT ROAD 20M N OF J/W GRAFTON WAY,1,10/01/2018 03:00:00 PM,Wednesday,15.00,3 Bor,A,400,3 Dual Cwy,1 <= 20 MPH,3 T/Stag Jun,4 Give Way/Uncontrolled,Unclassified,0,4 Pelican Or Similar,1 Daylight,1 Fine,1 Road-Dry,0 None,0 None,529280,182273,-0.137863,51.524585,,,Unknown,"(51.524585, -0.137863)",http://opendatacommunities.org/id/london-borough-council/camden,7656,21/12/2020 02:48:41 PM
0115EK40436,CAMDEN,2 Passenger,1 Male,16-24,17,1,2 Serious,-2 Unknown,-2 N/A,4 Car,ABBEY ROAD J/W PRIORY ROAD,1,10/04/2015 01:50:00 PM,Friday,13.50,3 Bor,B,507,6 Single Cwy,2 30 MPH,6 Crossroads,4 Give Way/Uncontrolled,C,0,0 No Xing Facility In 50m,1 Daylight,1 Fine,1 Road-Dry,0 None,0 None,525650,184000,-0.189544,51.540924,,,Unknown,"(51.540924, -0.189544)",http://opendatacommunities.org/id/london-borough-council/camden,4929,21/12/2020 02:48:36 PM
0115EK40099,CAMDEN,1 Driver/Rider,1 Male,25-59,35,1,3 Slight,-2 Unknown,-2 N/A,5 Taxi,GORDON HOUSE ROAD J/W OAK VILLAGE,2,10/02/2015 10:35:00 AM,Tuesday,10.35,3 Bor,B,518,6 Single Cwy,2 30 MPH,3 T/Stag Jun,4 Give Way/Uncontrolled,Unclassified,0,1 Zebra,1 Daylight,1 Fine,2 Road-Wet,0 None,0 None,528260,185620,-0.151339,51.554896,,,Unknown,"(51.554896, -0.151339)",http://opendatacommunities.org/id/london-borough-council/camden,4659,21/12/2020 02:48:35 PM
0116EK40495,CAMDEN,1 Driver/Rider,2 Female,25-59,40,1,3 Slight,-2 Unknown,-2 N/A,3 Powered 2 Wheeler,CAMDEN ROAD J/W ST PANCRAS WAY,2,12/07/2016 05:48:00 PM,Tuesday,17.48,1 TLRN,A,503,6 Single Cwy,2 30 MPH,6 Crossroads,2 Auto Sig,A,5202,5 Pedn Phase At Ats,1 Daylight,2 Raining,2 Road-Wet,0 None,0 None,529250,184290,-0.137555,51.542718,,,Unknown,"(51.542718, -0.137555)",http://opendatacommunities.org/id/london-borough-council/camden,6406,21/12/2020 02:48:38 PM
0115EK41124,CAMDEN,3 Pedestrian,2 Female,0-15,8,1,3 Slight,01 Crossing Road On Ped Xing,3 From Drivers O/Side,1 Pedestrian,MANSFIELD ROAD J/W ESTELLE ROAD,1,15/12/2015 08:55:00 AM,Tuesday,8.55,3 Bor,B,518,6 Single Cwy,2 30 MPH,3 T/Stag Jun,4 Give Way/Uncontrolled,Unclassified,0,1 Zebra,1 Daylight,1 Fine,1 Road-Dry,0 None,0 None,528030,185510,-0.154695,51.55396,,,Unknown,"(51.55396, -0.154695)",http://opendatacommunities.org/id/london-borough-council/camden,5535,21/12/2020 02:48:37 PM
1180147892,CAMDEN,1 Driver/Rider,1 Male,25-59,34,1,3 Slight,-2 Unknown,-2 N/A,5 Taxi,UPPER WOBURN PLACE 87M S OF J/W A501,1,25/11/2018 02:35:00 AM,Sunday,2.35,3 Bor,A,4200,6 Single Cwy,2 30 MPH,0 No Jun In 20m,-2 Not Applicable,-2 Not Applicable,0,1 Zebra,2 Dark,1 Fine,1 Road-Dry,0 None,0 None,529810,182520,-0.130137,51.526683,,,Unknown,"(51.526683, -0.130137)",http://opendatacommunities.org/id/london-borough-council/camden,8553,21/12/2020 02:48:43 PM
0115EK40095,CAMDEN,1 Driver/Rider,1 Male,25-59,25,1,3 Slight,-2 Unknown,-2 N/A,3 Powered 2 Wheeler,IVERSON ROAD 30M NE OF J/W MAYGROVE ROAD,2,07/02/2015 08:30:00 PM,Saturday,20.30,3 Bor,B,520,6 Single Cwy,2 30 MPH,0 No Jun In 20m,-2 Not Applicable,-2 Not Applicable,0,1 Zebra,2 Dark,1 Fine,1 Road-Dry,0 None,0 None,525300,184750,-0.194321,51.547742,,,Unknown,"(51.547742, -0.194321)",http://opendatacommunities.org/id/london-borough-council/camden,4655,21/12/2020 02:48:35 PM
1180100027,CAMDEN,1 Driver/Rider,1 Male,25-59,39,1,3 Slight,-2 Unknown,-2 N/A,3 Powered 2 Wheeler,CAMDEN ROAD 55M E OF J/W BAYHAM STREET,2,05/04/2018 11:20:00 AM,Thursday,11.20,1 TLRN,A,503,6 Single Cwy,1 <= 20 MPH,0 No Jun In 20m,-2 Not Applicable,-2 Not Applicable,0,0 No Xing Facility In 50m,1 Daylight,1 Fine,1 Road-Dry,0 None,0 None,529010,183980,-0.141128,51.539987,,,Unknown,"(51.539987, -0.141128)",http://opendatacommunities.org/id/london-borough-council/camden,7867,21/12/2020 02:48:41 PM
0115EK40605,CAMDEN,3 Pedestrian,2 Female,16-24,23,1,3 Slight,05 Crossing Road (Not On Xing),3 From Drivers O/Side,1 Pedestrian,N.F.L PARKER STREET 22M SW OF NEWTON STREET,1,16/07/2015 02:30:00 PM,Thursday,14.30,3 Bor,Unclassified,0,6 Single Cwy,2 30 MPH,0 No Jun In 20m,-2 Not Applicable,-2 Not Applicable,0,0 No Xing Facility In 50m,1 Daylight,1 Fine,1 Road-Dry,0 None,0 None,530450,181350,-0.121349,51.516021,,,Unknown,"(51.516021, -0.121349)",http://opendatacommunities.org/id/london-borough-council/camden,5090,21/12/2020 02:48:36 PM
0115EK40301,CAMDEN,1 Driver/Rider,1 Male,Unknown,0,1,3 Slight,-2 Unknown,-2 N/A,2 Pedal Cycle,EUSTON ROAD J/W JUDD STREET,2,21/04/2015 07:20:00 PM,Tuesday,19.20,1 TLRN,A,501,6 Single Cwy,2 30 MPH,6 Crossroads,2 Auto Sig,B,504,5 Pedn Phase At Ats,1 Daylight,1 Fine,1 Road-Dry,0 None,0 None,530070,182790,-0.126291,51.52905,,,Unknown,"(51.52905, -0.126291)",http://opendatacommunities.org/id/london-borough-council/camden,4820,21/12/2020 02:48:36 PM
0115EK40720,CAMDEN,1 Driver/Rider,1 Male,25-59,54,1,3 Slight,-2 Unknown,-2 N/A,2 Pedal Cycle,OSSULSTON STREET 25M NW OF EUSTON ROAD,2,31/07/2015 06:30:00 PM,Friday,18.30,3 Bor,C,0,6 Single Cwy,2 30 MPH,0 No Jun In 20m,-2 Not Applicable,-2 Not Applicable,0,0 No Xing Facility In 50m,1 Daylight,1 Fine,1 Road-Dry,0 None,0 None,529970,182760,-0.127743,51.528803,,,Unknown,"(51.528803, -0.127743)",http://opendatacommunities.org/id/london-borough-council/camden,5191,21/12/2020 02:48:37 PM
1180139734,CAMDEN,3 Pedestrian,1 Male,25-59,36,1,3 Slight,05 Crossing Road (Not On Xing),1 From Drivers N/Side,1 Pedestrian,ALBANY STREET J/W LONGFORD STREET,1,17/10/2018 02:10:00 PM,Wednesday,14.10,3 Bor,A,4201,6 Single Cwy,2 30 MPH,3 T/Stag Jun,4 Give Way/Uncontrolled,Unclassified,0,0 No Xing Facility In 50m,1 Daylight,1 Fine,1 Road-Dry,0 None,0 None,528840,182380,-0.144163,51.525647,,,Unknown,"(51.525647, -0.144163)",http://opendatacommunities.org/id/london-borough-council/camden,8440,21/12/2020 02:48:43 PM
1170041740,CAMDEN,1 Driver/Rider,1 Male,16-24,24,1,3 Slight,-2 Unknown,-2 N/A,3 Powered 2 Wheeler,PRIMROSE HILL ROAD J/W OPPIDANS ROAD,2,06/06/2017 08:45:00 PM,Tuesday,20.45,3 Bor,C,0,6 Single Cwy,1 <= 20 MPH,3 T/Stag Jun,4 Give Way/Uncontrolled,Unclassified,0,0 No Xing Facility In 50m,2 Dark,1 Fine,1 Road-Dry,0 None,0 None,527590,184100,-0.161549,51.541388,,,Unknown,"(51.541388, -0.161549)",http://opendatacommunities.org/id/london-borough-council/camden,7022,21/12/2020 02:48:39 PM
1160005658,CAMDEN,3 Pedestrian,1 Male,25-59,37,1,3 Slight,01 Crossing Road On Ped Xing,3 From Drivers O/Side,1 Pedestrian,SPANIARDS ROAD 40M S OF J/W COLUMBAS DRIVE,1,07/12/2016 05:40:00 PM,Wednesday,17.40,3 Bor,B,519,6 Single Cwy,1 <= 20 MPH,0 No Jun In 20m,-2 Not Applicable,-2 Not Applicable,0,1 Zebra,2 Dark,1 Fine,1 Road-Dry,0 None,0 None,526440,186800,-0.177153,51.565911,,,Unknown,"(51.565911, -0.177153)",http://opendatacommunities.org/id/london-borough-council/camden,5746,21/12/2020 02:48:37 PM
1180103818,CAMDEN,1 Driver/Rider,1 Male,25-59,31,1,2 Serious,-2 Unknown,-2 N/A,3 Powered 2 Wheeler,ABBEY ROAD J/W WEST END LANE,2,24/04/2018 10:50:00 PM,Tuesday,22.50,3 Bor,B,507,6 Single Cwy,2 30 MPH,3 T/Stag Jun,4 Give Way/Uncontrolled,Unclassified,0,1 Zebra,2 Dark,2 Raining,2 Road-Wet,0 None,0 None,525520,184010,-0.191414,51.541043,,,Unknown,"(51.541043, -0.191414)",http://opendatacommunities.org/id/london-borough-council/camden,7925,21/12/2020 02:48:41 PM
1190203288,CAMDEN,1 DRIVER/RIDER,1 MALE,25-59,31,3,3 SLIGHT,'-2 NOT APPLICABLE,9 UNKNOWN OR OTHER,9 PRIVATE HIRE,Location uncertain Arkwright Road jw Finchley Rd,2,04/09/2019 02:40:00 PM,Wednesday,14.40,1 TLRN,A,41,3 DUAL CWY,30,07 MULTI JUN,2 AUTO SIG,5,0,0 NO XING FACILITY IN 50M,2 DAYLIGHT,1 FINE,1 ROAD-DRY,0 NONE,0 NONE,526020,185119,-0.183811,51.550898,,,Unknown,"(51.550898, -0.183811)",http://opendatacommunities.org/id/london-borough-council/camden,9332,21/12/2020 02:48:44 PM
1170072018,CAMDEN,3 Pedestrian,1 Male,60+,83,1,2 Serious,01 Crossing Road On Ped Xing,3 From Drivers O/Side,1 Pedestrian,MELTON STREET J/W DRUMMOND STREET,1,22/11/2017 05:00:00 PM,Wednesday,17.00,3 Bor,C,0,6 Single Cwy,1 <= 20 MPH,3 T/Stag Jun,4 Give Way/Uncontrolled,C,0,1 Zebra,2 Dark,4 Fine/High Winds,1 Road-Dry,0 None,0 None,529460,182630,-0.135139,51.527752,,,Unknown,"(51.527752, -0.135139)",http://opendatacommunities.org/id/london-borough-council/camden,7533,21/12/2020 02:48:41 PM
1190212694,CAMDEN,1 DRIVER/RIDER,2 FEMALE,25-59,32,1,3 SLIGHT,'-2 NOT APPLICABLE,'-2 NOT APPLICABLE,2 PEDAL CYCLE,"On Outer Circle, near the junction with Cambridge Gate.",2,18/10/2019 06:40:00 PM,Friday,18.40,3 BOR,6,0,3 DUAL CWY,20,99 UNKNOWN (S/R),9 UNKNOWN (S/R),6,0,9 UNKNOWN (S/R),2 DAYLIGHT,1 FINE,2 ROAD-WET,0 NONE,9 UNKNOWN (S/R),528724,182514,-0.145785,51.526878,,,Unknown,"(51.526878, -0.145785)",http://opendatacommunities.org/id/london-borough-council/camden,9454,21/12/2020 02:48:44 PM
1190203538,CAMDEN,1 DRIVER/RIDER,1 MALE,25-59,27,1,3 SLIGHT,'-2 NOT APPLICABLE,'-2 NOT APPLICABLE,3 POWERED 2 WHEELER,"On Tottenham Court Road, near the junction with Store street.",2,05/09/2019 01:44:00 PM,Thursday,13.44,3 BOR,A,400,2 ONE-WAY ST,20,03 T/STAG JUN,4 GIVE WAY/UNCONTROLLED,5,0,4 PELICAN OR SIMILAR,2 DAYLIGHT,1 FINE,1 ROAD-DRY,0 NONE,6 PED IN CWY - NOT INJ,529644,181686,-0.132835,51.519226,,,Unknown,"(51.519226, -0.132835)",http://opendatacommunities.org/id/london-borough-council/camden,9335,21/12/2020 02:48:44 PM
0115EK40821,CAMDEN,1 Driver/Rider,1 Male,25-59,45,1,3 Slight,-2 Unknown,-2 N/A,4 Car,HOWLAND STREET J/W CHARLOTTE STREET,2,20/09/2015 03:45:00 PM,Sunday,15.45,3 Bor,C,0,2 One-Way St,2 30 MPH,6 Crossroads,4 Give Way/Uncontrolled,Unclassified,0,1 Zebra,1 Daylight,1 Fine,1 Road-Dry,0 None,0 None,529290,181920,-0.137849,51.52141,,,Unknown,"(51.52141, -0.137849)",http://opendatacommunities.org/id/london-borough-council/camden,5278,21/12/2020 02:48:37 PM
1170056825,CAMDEN,3 Pedestrian,1 Male,16-24,19,1,3 Slight,10 Unknown,9 Unknown Or Other,1 Pedestrian,WARREN STREET J/W TOTTENHAM COURT ROAD,1,05/08/2017 07:30:00 PM,Saturday,19.30,3 Bor,Unclassified,0,9 Unknown,2 30 MPH,3 T/Stag Jun,9 Unknown (S/R),A,400,9 Unknown (S/R),2 Dark,9 Unknown,9 Unknown (S/R),9 Unknown (S/R),9 Unknown (S/R),529260,182260,-0.138156,51.524473,,,Unknown,"(51.524473, -0.138156)",http://opendatacommunities.org/id/london-borough-council/camden,7285,21/12/2020 02:48:40 PM
1160022478,CAMDEN,3 Pedestrian,2 Female,60+,79,1,1 Fatal,04 Crossing Road Within 50m Xing,9 Unknown Or Other,1 Pedestrian,PRATT STREET J/W CAMDEN STREET,2,13/09/2016 09:38:00 AM,Tuesday,9.38,1 TLRN,C,0,6 Single Cwy,1 <= 20 MPH,6 Crossroads,2 Auto Sig,A,400,4 Pelican Or Similar,1 Daylight,1 Fine,1 Road-Dry,0 None,0 None,529220,183800,-0.138167,51.538322,,,Unknown,"(51.538322, -0.138167)",http://opendatacommunities.org/id/london-borough-council/camden,5870,21/12/2020 02:48:38 PM
1160012696,CAMDEN,2 Passenger,2 Female,16-24,19,1,3 Slight,-2 Unknown,-2 N/A,4 Car,"ON TAVISTOCK SQUARE, 68 METRES NORTH OF THE JUNCTION WITH TAVISTOC",3,12/09/2016 05:57:00 PM,Monday,17.57,3 Bor,A,4200,6 Single Cwy,2 30 MPH,0 No Jun In 20m,-2 Not Applicable,-2 Not Applicable,0,0 No Xing Facility In 50m,1 Daylight,1 Fine,1 Road-Dry,0 None,0 None,529920,182360,-0.128611,51.52522,,,Unknown,"(51.52522, -0.128611)",http://opendatacommunities.org/id/london-borough-council/camden,5850,21/12/2020 02:48:38 PM
1170044154,CAMDEN,1 Driver/Rider,1 Male,25-59,46,1,3 Slight,-2 Unknown,-2 N/A,3 Powered 2 Wheeler,WEST END LANE J/W QUEX ROAD,2,21/06/2017 12:00:00 PM,Wednesday,12.00,3 Bor,B,510,6 Single Cwy,1 <= 20 MPH,3 T/Stag Jun,4 Give Way/Uncontrolled,B,510,1 Zebra,1 Daylight,1 Fine,1 Road-Dry,0 None,0 None,525460,184020,-0.192275,51.541146,,,Unknown,"(51.541146, -0.192275)",http://opendatacommunities.org/id/london-borough-council/camden,7064,21/12/2020 02:48:39 PM
1190181136,CAMDEN,1 DRIVER/RIDER,1 MALE,25-59,45,1,3 SLIGHT,'-2 NOT APPLICABLE,'-2 NOT APPLICABLE,2 PEDAL CYCLE,"On New Oxford Street, near the junction with Dyott street.",2,15/05/2019 01:05:00 PM,Wednesday,13.05,3 BOR,A,40,6 SINGLE CWY,20,06 CROSSROADS,9 UNKNOWN (S/R),6,0,0 NO XING FACILITY IN 50M,2 DAYLIGHT,1 FINE,1 ROAD-DRY,0 NONE,0 NONE,530016,181428,-0.127572,51.516822,,,Unknown,"(51.516822, -0.127572)",http://opendatacommunities.org/id/london-borough-council/camden,9010,21/12/2020 02:48:44 PM
1170034537,CAMDEN,1 Driver/Rider,1 Male,25-59,40,1,3 Slight,-2 Unknown,-2 N/A,5 Taxi,HAMPSTEAD ROAD J/W ROBERT STREET,2,28/04/2017 06:50:00 PM,Friday,18.50,1 TLRN,A,400,6 Single Cwy,1 <= 20 MPH,3 T/Stag Jun,4 Give Way/Uncontrolled,Unclassified,0,5 Pedn Phase At Ats,1 Daylight,1 Fine,1 Road-Dry,0 None,0 None,529219,182712,-0.138581,51.528544,,,Unknown,"(51.528544, -0.138581)",http://opendatacommunities.org/id/london-borough-council/camden,6926,21/12/2020 02:48:39 PM
1170032099,CAMDEN,3 Pedestrian,1 Male,16-24,20,1,3 Slight,01 Crossing Road On Ped Xing,1 From Drivers N/Side,1 Pedestrian,TOTTENHAM COURT ROAD 10M N OF J/W TOTTENHAM STREET,1,13/04/2017 07:59:00 PM,Thursday,19.59,3 Bor,A,400,2 One-Way St,1 <= 20 MPH,3 T/Stag Jun,4 Give Way/Uncontrolled,Unclassified,0,8 Central Refuge,2 Dark,1 Fine,1 Road-Dry,0 None,0 None,529515,181867,-0.134627,51.520882,,,Unknown,"(51.520882, -0.134627)",http://opendatacommunities.org/id/london-borough-council/camden,6881,21/12/2020 02:48:39 PM
0116EK40124,CAMDEN,2 Passenger,2 Female,16-24,22,1,3 Slight,-2 Unknown,-2 N/A,4 Car,KENTISH TOWN RD J/W PATSHULL RD,2,06/03/2016 01:06:00 AM,Sunday,1.06,3 Bor,A,400,6 Single Cwy,2 30 MPH,3 T/Stag Jun,4 Give Way/Uncontrolled,Unclassified,0,4 Pelican Or Similar,2 Dark,1 Fine,1 Road-Dry,0 None,0 None,528960,184790,-0.141552,51.547278,,,Unknown,"(51.547278, -0.141552)",http://opendatacommunities.org/id/london-borough-council/camden,6080,21/12/2020 02:48:38 PM
1190156704,CAMDEN,1 DRIVER/RIDER,1 MALE,25-59,32,2,3 SLIGHT,'-2 NOT APPLICABLE,'-2 NOT APPLICABLE,2 PEDAL CYCLE,"On Theobalds Road, near the junction with John Street.",2,10/01/2019 09:10:00 AM,Thursday,9.10,3 BOR,A,401,6 SINGLE CWY,20,03 T/STAG JUN,4 GIVE WAY/UNCONTROLLED,6,0,0 NO XING FACILITY IN 50M,2 DAYLIGHT,1 FINE,1 ROAD-DRY,0 NONE,0 NONE,530893,181938,-0.11475,51.521203,,,Unknown,"(51.521203, -0.11475)",http://opendatacommunities.org/id/london-borough-council/camden,8680,21/12/2020 02:48:43 PM
1190195967,CAMDEN,1 DRIVER/RIDER,1 MALE,16-24,23,1,2 SERIOUS,'-2 NOT APPLICABLE,1 FROM DRIVERS N/SIDE,8 OTHER VEHICLE,"On Bridge Approach, NW1, near the junction with Regents Park Road, NW1.",1,25/07/2019 11:12:00 PM,Thursday,23.12,3 BOR,6,0,6 SINGLE CWY,20,07 MULTI JUN,4 GIVE WAY/UNCONTROLLED,6,0,0 NO XING FACILITY IN 50M,1 DARK,1 FINE,1 ROAD-DRY,0 NONE,0 NONE,528047,184337,-0.154876,51.543415,,,Unknown,"(51.543415, -0.154876)",http://opendatacommunities.org/id/london-borough-council/camden,9229,21/12/2020 02:48:44 PM
0115EK40491,CAMDEN,2 Passenger,2 Female,60+,68,1,3 Slight,-2 Unknown,-2 N/A,6 Bus Or Coach,EUSTON ROAD J/W DUKE'S ROAD,2,15/06/2015 10:01:00 AM,Monday,10.01,1 TLRN,A,501,3 Dual Cwy,3 40 MPH,6 Crossroads,2 Auto Sig,Unclassified,0,5 Pedn Phase At Ats,1 Daylight,1 Fine,1 Road-Dry,0 None,0 None,529840,182640,-0.12966,51.527755,,,Unknown,"(51.527755, -0.12966)",http://opendatacommunities.org/id/london-borough-council/camden,4981,21/12/2020 02:48:36 PM
1160012421,CAMDEN,2 Passenger,1 Male,16-24,24,1,3 Slight,-2 Unknown,-2 N/A,4 Car,"ON PLENDER STREET, NEAR THE JUNCTION WITH BAYHAM STREET .",2,17/09/2016 01:40:00 AM,Saturday,1.40,3 Bor,C,0,2 One-Way St,2 30 MPH,6 Crossroads,4 Give Way/Uncontrolled,Unclassified,0,1 Zebra,2 Dark,9 Unknown,1 Road-Dry,0 None,0 None,529190,183560,-0.138688,51.536172,,,Unknown,"(51.536172, -0.138688)",http://opendatacommunities.org/id/london-borough-council/camden,5832,21/12/2020 02:48:37 PM
0116EK40376,CAMDEN,1 Driver/Rider,1 Male,25-59,29,1,3 Slight,-2 Unknown,-2 N/A,3 Powered 2 Wheeler,FORTUNE GREEN RD 47M SOUTH EAST OF J/W PARSIFAL RD,3,28/05/2016 09:30:00 PM,Saturday,21.30,3 Bor,B,510,6 Single Cwy,1 <= 20 MPH,0 No Jun In 20m,-2 Not Applicable,-2 Not Applicable,0,0 No Xing Facility In 50m,2 Dark,1 Fine,1 Road-Dry,0 None,0 None,525280,185340,-0.1944,51.553049,,,Unknown,"(51.553049, -0.1944)",http://opendatacommunities.org/id/london-borough-council/camden,6298,21/12/2020 02:48:38 PM
1180106750,CAMDEN,1 Driver/Rider,1 Male,25-59,32,1,3 Slight,-2 Unknown,-2 N/A,3 Powered 2 Wheeler,EVERSHOLT STREET J/W GRAFTON PLACE,1,09/05/2018 08:50:00 AM,Wednesday,8.50,3 Bor,A,4200,6 Single Cwy,1 <= 20 MPH,6 Crossroads,2 Auto Sig,C,0,5 Pedn Phase At Ats,1 Daylight,1 Fine,1 Road-Dry,2 Traf Sig Def,0 None,529700,182670,-0.131666,51.528056,,,Unknown,"(51.528056, -0.131666)",http://opendatacommunities.org/id/london-borough-council/camden,7971,21/12/2020 02:48:42 PM
1170050128,CAMDEN,1 Driver/Rider,2 Female,25-59,29,1,3 Slight,-2 Unknown,-2 N/A,2 Pedal Cycle,PRINCE ALBERT ROAD LONDON NW1 J/W PARK WAY LONDON NW1,2,24/07/2017 05:30:00 PM,Monday,17.30,3 Bor,A,5205,6 Single Cwy,2 30 MPH,6 Crossroads,2 Auto Sig,A,5205,5 Pedn Phase At Ats,1 Daylight,1 Fine,1 Road-Dry,0 None,0 None,528190,183680,-0.153054,51.537478,,,Unknown,"(51.537478, -0.153054)",http://opendatacommunities.org/id/london-borough-council/camden,7179,21/12/2020 02:48:40 PM
0115EK41114,CAMDEN,1 Driver/Rider,1 Male,25-59,33,1,3 Slight,-2 Unknown,-2 N/A,5 Taxi,CAMDEN ROAD J/W TORRIANO AVENUE.,2,11/10/2015 03:20:00 AM,Sunday,3.20,1 TLRN,A,503,6 Single Cwy,2 30 MPH,6 Crossroads,2 Auto Sig,A,5200,0 No Xing Facility In 50m,2 Dark,1 Fine,2 Road-Wet,0 None,0 None,529710,184850,-0.130719,51.547645,,,Unknown,"(51.547645, -0.130719)",http://opendatacommunities.org/id/london-borough-council/camden,5526,21/12/2020 02:48:37 PM
1180147551,CAMDEN,1 Driver/Rider,1 Male,25-59,46,1,3 Slight,-2 Unknown,-2 N/A,4 Car,EUSTON ROAD 30M W OF J/W HAMPSTEAD ROAD,2,22/11/2018 02:48:00 PM,Thursday,14.48,1 TLRN,A,501,3 Dual Cwy,2 30 MPH,0 No Jun In 20m,-2 Not Applicable,-2 Not Applicable,0,0 No Xing Facility In 50m,1 Daylight,1 Fine,1 Road-Dry,0 None,0 None,529179,182292,-0.139311,51.524779,,,Unknown,"(51.524779, -0.139311)",http://opendatacommunities.org/id/london-borough-council/camden,8547,21/12/2020 02:48:43 PM
0115EK40557,CAMDEN,1 Driver/Rider,1 Male,25-59,57,1,3 Slight,-2 Unknown,-2 N/A,2 Pedal Cycle,N.F.L ST ALBAN'S ROAD 30M NE OF HIGHGATE ROAD,2,02/07/2015 05:05:00 PM,Thursday,17.05,3 Bor,C,0,6 Single Cwy,2 30 MPH,0 No Jun In 20m,-2 Not Applicable,-2 Not Applicable,0,0 No Xing Facility In 50m,1 Daylight,1 Fine,1 Road-Dry,0 None,0 None,528330,186290,-0.150085,51.560902,,,Unknown,"(51.560902, -0.150085)",http://opendatacommunities.org/id/london-borough-council/camden,5045,21/12/2020 02:48:36 PM
1190206583,CAMDEN,1 DRIVER/RIDER,1 MALE,25-59,33,1,3 SLIGHT,'-2 NOT APPLICABLE,'-2 NOT APPLICABLE,3 POWERED 2 WHEELER,"On Finchley Road, near the junction with LITHOS ROAD.",2,20/09/2019 03:28:00 PM,Friday,15.28,1 TLRN,A,41,3 DUAL CWY,30,09 OTHER JUN,4 GIVE WAY/UNCONTROLLED,6,0,0 NO XING FACILITY IN 50M,2 DAYLIGHT,1 FINE,1 ROAD-DRY,0 NONE,0 NONE,526134,185012,-0.182206,51.549911,,,Unknown,"(51.549911, -0.182206)",http://opendatacommunities.org/id/london-borough-council/camden,9376,21/12/2020 02:48:44 PM
1180135902,CAMDEN,2 Passenger,2 Female,16-24,22,1,3 Slight,-2 Unknown,-2 N/A,4 Car,YORK WAY J/W WHARFDALE ROAD,1,30/09/2018 08:35:00 PM,Sunday,20.35,3 Bor,A,5200,6 Single Cwy,1 <= 20 MPH,7 Multi Jun,2 Auto Sig,C,0,5 Pedn Phase At Ats,2 Dark,1 Fine,1 Road-Dry,0 None,0 None,530340,183290,-0.122216,51.533481,,,Unknown,"(51.533481, -0.122216)",http://opendatacommunities.org/id/london-borough-council/camden,8368,21/12/2020 02:48:42 PM
0116EK40397,CAMDEN,1 Driver/Rider,1 Male,25-59,32,1,3 Slight,-2 Unknown,-2 N/A,2 Pedal Cycle,KENTISH TOWN ROAD J/W ISLIP STREET,2,25/05/2016 09:00:00 AM,Wednesday,9.00,3 Bor,A,400,6 Single Cwy,1 <= 20 MPH,3 T/Stag Jun,4 Give Way/Uncontrolled,Unclassified,0,4 Pelican Or Similar,1 Daylight,1 Fine,1 Road-Dry,0 None,0 None,529000,185050,-0.14088,51.549605,,,Unknown,"(51.549605, -0.14088)",http://opendatacommunities.org/id/london-borough-council/camden,6314,21/12/2020 02:48:38 PM
1160024612,CAMDEN,1 Driver/Rider,1 Male,25-59,38,1,3 Slight,-2 Unknown,-2 N/A,2 Pedal Cycle,PRINCE OF WALES ROAD J/W TALACRE ROAD,2,12/10/2016 04:51:00 PM,Wednesday,16.51,3 Bor,C,0,6 Single Cwy,2 30 MPH,3 T/Stag Jun,4 Give Way/Uncontrolled,Unclassified,0,8 Central Refuge,1 Daylight,1 Fine,1 Road-Dry,0 None,0 None,528460,184630,-0.148817,51.545954,,,Unknown,"(51.545954, -0.148817)",http://opendatacommunities.org/id/london-borough-council/camden,5921,21/12/2020 02:48:38 PM