Reference,London Borough Name,Casualty Class,Casualty Sex,Casualty Age Band,Casualty Age,Number Of Casualties,Casualty Severity,Pedestrian Location,Pedestrian Movement,Mode Of Travel,Attendant Location,Number Of Vehicles,Date,Day,Time,Highway,Road Class 1,Road Number 1,Road Type,Speed Limit,Junction Detail,Junction Control,Road Class 2,Road Number 2,Pedestrian Crossing,Light Condition Band,Weather,Road Surface,Special Conditions,Carriage Way Hazard,Easting,Northing,Longitude,Latitude,Ward Code,Ward Name,Spatial Accuracy,Location,Organisation URI,Socrata ID,Last Uploaded
1190195274,CAMDEN,1 DRIVER/RIDER,1 MALE,25-59,31,1,3 SLIGHT,'-2 NOT APPLICABLE,'-2 NOT APPLICABLE,4 CAR,"On Euston Road, near the junction with chartlon street.",2,22/07/2019 11:10:00 PM,Monday,23.10,1 TLRN,A,501,3 DUAL CWY,40,03 T/STAG JUN,4 GIVE WAY/UNCONTROLLED,5,0,0 NO XING FACILITY IN 50M,1 DARK,1 FINE,1 ROAD-DRY,0 NONE,0 NONE,529911,182696,-0.128617,51.528242,,,Unknown,"(51.528242, -0.128617)",http://opendatacommunities.org/id/london-borough-council/camden,9211,21/12/2020 02:48:44 PM
1180084883,CAMDEN,1 Driver/Rider,2 Female,25-59,27,1,3 Slight,-2 Unknown,-2 N/A,2 Pedal Cycle,KENTISH TOWN  ROAD J/W ISLIP STREET,2,21/01/2018 10:00:00 AM,Sunday,10.00,3 Bor,A,400,3 Dual Cwy,1 <= 20 MPH,3 T/Stag Jun,4 Give Way/Uncontrolled,Unclassified,0,0 No Xing Facility In 50m,1 Daylight,2 Raining,2 Road-Wet,4 Roadworks,0 None,529000,185050,-0.14088,51.549605,,,Unknown,"(51.549605, -0.14088)",http://opendatacommunities.org/id/london-borough-council/camden,7685,21/12/2020 02:48:41 PM
1170048624,CAMDEN,3 Pedestrian,1 Male,60+,65,1,2 Serious,01 Crossing Road On Ped Xing,3 From Drivers O/Side,1 Pedestrian,EUSTON ROAD 10M N OF J/W OSSULSTON STREET,1,16/07/2017 10:52:00 AM,Sunday,10.52,1 TLRN,A,501,3 Dual Cwy,2 30 MPH,3 T/Stag Jun,4 Give Way/Uncontrolled,C,0,4 Pelican Or Similar,1 Daylight,1 Fine,1 Road-Dry,0 None,0 None,530000,182740,-0.127318,51.528617,,,Unknown,"(51.528617, -0.127318)",http://opendatacommunities.org/id/london-borough-council/camden,7155,21/12/2020 02:48:40 PM
1190158388,CAMDEN,1 DRIVER/RIDER,1 MALE,25-59,45,1,3 SLIGHT,'-2 NOT APPLICABLE,'-2 NOT APPLICABLE,3 POWERED 2 WHEELER,NFL  Ridgmount St jw Chenies St.,2,19/01/2019 04:37:00 PM,Saturday,16.37,3 BOR,A,400,2 ONE-WAY ST,20,06 CROSSROADS,4 GIVE WAY/UNCONTROLLED,6,0,0 NO XING FACILITY IN 50M,1 DARK,1 FINE,1 ROAD-DRY,0 NONE,0 NONE,529694,181898,-0.132037,51.52112,,,Unknown,"(51.52112, -0.132037)",http://opendatacommunities.org/id/london-borough-council/camden,8706,21/12/2020 02:48:43 PM
1190190191,CAMDEN,3 PEDESTRIAN,1 MALE,25-59,33,1,2 SERIOUS,05 CROSSING ROAD (NOT ON XING),3 FROM DRIVERS O/SIDE,1 PEDESTRIAN,"On Tottenham Court Road, near the junction with BAYLEY STREET.",2,28/06/2019 03:30:00 PM,Friday,15.30,3 BOR,A,400,6 SINGLE CWY,20,09 OTHER JUN,4 GIVE WAY/UNCONTROLLED,B,506,0 NO XING FACILITY IN 50M,2 DAYLIGHT,1 FINE,1 ROAD-DRY,0 NONE,0 NONE,529685,181611,-0.132272,51.518543,,,Unknown,"(51.518543, -0.132272)",http://opendatacommunities.org/id/london-borough-council/camden,9140,21/12/2020 02:48:44 PM
0116EK40255,CAMDEN,1 Driver/Rider,1 Male,25-59,36,1,3 Slight,-2 Unknown,-2 N/A,5 Taxi,THEOBALD'S ROAD J/W RED LION STREET,2,09/01/2016 08:35:00 PM,Saturday,20.35,3 Bor,A,401,6 Single Cwy,1 <= 20 MPH,6 Crossroads,2 Auto Sig,C,0,5 Pedn Phase At Ats,2 Dark,2 Raining,2 Road-Wet,0 None,0 None,530690,181840,-0.117711,51.520369,,,Unknown,"(51.520369, -0.117711)",http://opendatacommunities.org/id/london-borough-council/camden,6193,21/12/2020 02:48:38 PM
0115EK40573,CAMDEN,1 Driver/Rider,1 Male,16-24,22,1,3 Slight,-2 Unknown,-2 N/A,3 Powered 2 Wheeler,TOTTENHAM COURT ROAD J/W GREAT RUSSELL STREET,2,10/07/2015 07:00:00 PM,Friday,19.00,3 Bor,A,400,2 One-Way St,2 30 MPH,6 Crossroads,4 Give Way/Uncontrolled,C,0,0 No Xing Facility In 50m,1 Daylight,1 Fine,1 Road-Dry,0 None,0 None,529790,181450,-0.130819,51.517072,,,Unknown,"(51.517072, -0.130819)",http://opendatacommunities.org/id/london-borough-council/camden,5063,21/12/2020 02:48:36 PM
1190186822,CAMDEN,1 DRIVER/RIDER,1 MALE,25-59,37,1,3 SLIGHT,'-2 NOT APPLICABLE,'-2 NOT APPLICABLE,3 POWERED 2 WHEELER,"On Chalk Farm Road, 25 metres north of the junction with Castle haven road .",2,11/06/2019 08:20:00 PM,Tuesday,20.20,3 BOR,A,502,6 SINGLE CWY,30,00 NO JUN IN 20M,,0,0,5 PEDN PHASE AT ATS,2 DAYLIGHT,1 FINE,1 ROAD-DRY,9 UNKNOWN (S/R),0 NONE,528690,184168,-0.145671,51.54175,,,Unknown,"(51.54175, -0.145671)",http://opendatacommunities.org/id/london-borough-council/camden,9088,21/12/2020 02:48:44 PM
1170061533,CAMDEN,3 Pedestrian,2 Female,25-59,46,1,3 Slight,01 Crossing Road On Ped Xing,3 From Drivers O/Side,1 Pedestrian,EUSTON ROAD NW1 J/W MELTON STREET NW1,1,28/09/2017 10:45:00 AM,Thursday,10.45,1 TLRN,A,501,6 Single Cwy,1 <= 20 MPH,6 Crossroads,2 Auto Sig,C,0,5 Pedn Phase At Ats,1 Daylight,1 Fine,1 Road-Dry,0 None,0 None,529560,182480,-0.133753,51.526381,,,Unknown,"(51.526381, -0.133753)",http://opendatacommunities.org/id/london-borough-council/camden,7356,21/12/2020 02:48:40 PM
0116EK40635,CAMDEN,1 Driver/Rider,1 Male,25-59,37,1,3 Slight,-2 Unknown,-2 N/A,4 Car,BEAUMONT PLACE 80M NE OF TOTTENHAM COURT ROAD,2,11/08/2016 07:00:00 PM,Thursday,19.00,3 Bor,Unclassified,0,2 One-Way St,2 30 MPH,0 No Jun In 20m,-2 Not Applicable,-2 Not Applicable,0,0 No Xing Facility In 50m,1 Daylight,1 Fine,1 Road-Dry,0 None,0 None,529350,182290,-0.136848,51.524722,,,Unknown,"(51.524722, -0.136848)",http://opendatacommunities.org/id/london-borough-council/camden,6504,21/12/2020 02:48:39 PM
1190187123,CAMDEN,1 DRIVER/RIDER,1 MALE,16-24,20,1,3 SLIGHT,'-2 NOT APPLICABLE,'-2 NOT APPLICABLE,3 POWERED 2 WHEELER,"On Camden Road, near the junction with Sandall Road.",2,14/06/2019 12:05:00 AM,Friday,0.05,1 TLRN,A,503,6 SINGLE CWY,30,07 MULTI JUN,2 AUTO SIG,6,0,4 PELICAN OR SIMILAR,1 DARK,1 FINE,1 ROAD-DRY,0 NONE,0 NONE,529520,184619,-0.133543,51.545613,,,Unknown,"(51.545613, -0.133543)",http://opendatacommunities.org/id/london-borough-council/camden,9091,21/12/2020 02:48:44 PM
1170064588,CAMDEN,1 Driver/Rider,1 Male,16-24,20,1,3 Slight,-2 Unknown,-2 N/A,3 Powered 2 Wheeler,ALEXANDRA ROAD J/W HILGROVE ROAD,2,15/10/2017 05:00:00 PM,Sunday,17.00,3 Bor,Unclassified,0,6 Single Cwy,1 <= 20 MPH,3 T/Stag Jun,4 Give Way/Uncontrolled,B,509,0 No Xing Facility In 50m,1 Daylight,1 Fine,1 Road-Dry,0 None,0 None,526544,184091,-0.176627,51.541542,,,Unknown,"(51.541542, -0.176627)",http://opendatacommunities.org/id/london-borough-council/camden,7425,21/12/2020 02:48:40 PM
1170060335,CAMDEN,1 Driver/Rider,1 Male,16-24,22,1,3 Slight,-2 Unknown,-2 N/A,2 Pedal Cycle,HAMPSTEAD ROAD J/W ROBERT STREET,2,04/09/2017 05:45:00 PM,Monday,17.45,1 TLRN,A,400,6 Single Cwy,2 30 MPH,3 T/Stag Jun,2 Auto Sig,Unclassified,0,0 No Xing Facility In 50m,1 Daylight,1 Fine,9 Unknown (S/R),0 None,0 None,529214,182710,-0.138654,51.528527,,,Unknown,"(51.528527, -0.138654)",http://opendatacommunities.org/id/london-borough-council/camden,7336,21/12/2020 02:48:40 PM
0115EK40049,CAMDEN,3 Pedestrian,2 Female,16-24,24,1,3 Slight,01 Crossing Road On Ped Xing,2 From Drivers N/Side Msk,1 Pedestrian,NFL- UPPER WOBURN PLACE J/W TAVISTOCK SQUARE,1,23/01/2015 08:42:00 PM,Friday,20.42,3 Bor,A,4200,6 Single Cwy,2 30 MPH,3 T/Stag Jun,4 Give Way/Uncontrolled,Unclassified,0,1 Zebra,2 Dark,1 Fine,1 Road-Dry,0 None,0 None,529870,182430,-0.129305,51.525861,,,Unknown,"(51.525861, -0.129305)",http://opendatacommunities.org/id/london-borough-council/camden,4616,21/12/2020 02:48:35 PM
1180148894,CAMDEN,1 Driver/Rider,1 Male,25-59,25,1,3 Slight,-2 Unknown,-2 N/A,3 Powered 2 Wheeler,MALDEN ROAD J/W PRINCE OF WALES ROAD,2,28/11/2018 07:07:00 PM,Wednesday,19.07,3 Bor,B,517,6 Single Cwy,2 30 MPH,6 Crossroads,2 Auto Sig,C,0,1 Zebra,2 Dark,2 Raining,2 Road-Wet,0 None,0 None,528320,184630,-0.150835,51.545986,,,Unknown,"(51.545986, -0.150835)",http://opendatacommunities.org/id/london-borough-council/camden,8572,21/12/2020 02:48:43 PM
1190164755,CAMDEN,2 PASSENGER,2 FEMALE,60+,78,1,3 SLIGHT,'-2 NOT APPLICABLE,'-2 NOT APPLICABLE,6 BUS OR COACH,"On Camden Road, near the junction with Camden Street.",1,22/02/2019 02:40:00 AM,Thursday,2.40,1 TLRN,A,503,3 DUAL CWY,20,06 CROSSROADS,2 AUTO SIG,A,400,4 PELICAN OR SIMILAR,2 DAYLIGHT,1 FINE,1 ROAD-DRY,0 NONE,0 NONE,529096,184039,-0.139867,51.540498,,,Unknown,"(51.540498, -0.139867)",http://opendatacommunities.org/id/london-borough-council/camden,8796,21/12/2020 02:48:43 PM
0116EK40028,CAMDEN,3 Pedestrian,2 Female,25-59,35,1,3 Slight,01 Crossing Road On Ped Xing,1 From Drivers N/Side,1 Pedestrian,KINGSWAY J/W HIGH HOLBORN,1,27/01/2016 08:30:00 AM,Wednesday,8.30,3 Bor,A,4200,6 Single Cwy,2 30 MPH,6 Crossroads,2 Auto Sig,A,40,5 Pedn Phase At Ats,1 Daylight,2 Raining,2 Road-Wet,0 None,0 None,530510,181510,-0.120426,51.517445,,,Unknown,"(51.517445, -0.120426)",http://opendatacommunities.org/id/london-borough-council/camden,6005,21/12/2020 02:48:38 PM
1170028233,CAMDEN,1 Driver/Rider,1 Male,25-59,27,1,3 Slight,-2 Unknown,-2 N/A,2 Pedal Cycle,HAMPSTEAD ROAD J/W ROBERT STREET,2,24/03/2017 12:55:00 PM,Friday,12.55,1 TLRN,A,400,6 Single Cwy,2 30 MPH,3 T/Stag Jun,4 Give Way/Uncontrolled,Unclassified,0,0 No Xing Facility In 50m,1 Daylight,8 Other,1 Road-Dry,0 None,0 None,529215,182712,-0.138639,51.528545,,,Unknown,"(51.528545, -0.138639)",http://opendatacommunities.org/id/london-borough-council/camden,6823,21/12/2020 02:48:39 PM
1190170311,CAMDEN,1 DRIVER/RIDER,1 MALE,25-59,31,1,3 SLIGHT,'-2 NOT APPLICABLE,'-2 NOT APPLICABLE,2 PEDAL CYCLE,"On Bloomsbury Way, 25 metres east of the junction with Bury Place.",2,20/03/2019 10:00:00 AM,Wednesday,10.00,3 BOR,A,40,2 ONE-WAY ST,30,00 NO JUN IN 20M,,0,0,9 UNKNOWN (S/R),2 DAYLIGHT,1 FINE,1 ROAD-DRY,0 NONE,0 NONE,530281,181547,-0.123711,51.517831,,,Unknown,"(51.517831, -0.123711)",http://opendatacommunities.org/id/london-borough-council/camden,8859,21/12/2020 02:48:43 PM
0115EO40681,CAMDEN,2 Passenger,1 Male,16-24,24,1,3 Slight,-2 Unknown,-2 N/A,4 Car,NFL FARRINGDON ROAD J/W GREVILLE STREET,3,20/09/2015 04:48:00 AM,Sunday,4.48,1 TLRN,A,201,6 Single Cwy,2 30 MPH,6 Crossroads,2 Auto Sig,Unclassified,0,5 Pedn Phase At Ats,2 Dark,1 Fine,1 Road-Dry,0 None,0 None,531520,181790,-0.105773,51.519728,,,Unknown,"(51.519728, -0.105773)",http://opendatacommunities.org/id/london-borough-council/camden,5597,21/12/2020 02:48:37 PM
0116EK40483,CAMDEN,1 Driver/Rider,1 Male,25-59,37,1,3 Slight,-2 Unknown,-2 N/A,3 Powered 2 Wheeler,GRAY'S INN ROAD J/W GILFORD STREET,2,10/07/2016 02:28:00 PM,Sunday,14.28,3 Bor,A,5200,6 Single Cwy,2 30 MPH,6 Crossroads,2 Auto Sig,B,502,5 Pedn Phase At Ats,1 Daylight,1 Fine,1 Road-Dry,0 None,0 None,530800,182280,-0.115963,51.524298,,,Unknown,"(51.524298, -0.115963)",http://opendatacommunities.org/id/london-borough-council/camden,6392,21/12/2020 02:48:38 PM
1170039630,CAMDEN,3 Pedestrian,2 Female,25-59,51,1,3 Slight,10 Unknown,9 Unknown Or Other,1 Pedestrian,MAYGROVE ROAD 25M W OF J/W BARLOW ROAD,2,20/05/2017 12:23:00 PM,Saturday,12.23,3 Bor,C,0,9 Unknown,2 30 MPH,0 No Jun In 20m,-2 Not Applicable,-2 Not Applicable,0,9 Unknown (S/R),1 Daylight,2 Raining,9 Unknown (S/R),9 Unknown (S/R),9 Unknown (S/R),524909,184759,-0.199954,51.54791,,,Unknown,"(51.54791, -0.199954)",http://opendatacommunities.org/id/london-borough-council/camden,6999,21/12/2020 02:48:39 PM
1190166554,CAMDEN,1 DRIVER/RIDER,1 MALE,16-24,24,1,3 SLIGHT,'-2 NOT APPLICABLE,'-2 NOT APPLICABLE,4 CAR,"On Agar Grove, 22 metres east of the junction with St Paul's Crescent.",3,03/03/2019 02:50:00 AM,Sunday,2.50,3 BOR,5,0,6 SINGLE CWY,20,00 NO JUN IN 20M,,0,0,4 PELICAN OR SIMILAR,1 DARK,2 RAINING,2 ROAD-WET,0 NONE,0 NONE,529845,184365,-0.128952,51.543256,,,Unknown,"(51.543256, -0.128952)",http://opendatacommunities.org/id/london-borough-council/camden,8816,21/12/2020 02:48:43 PM
1180125954,CAMDEN,1 Driver/Rider,1 Male,16-24,19,1,3 Slight,-2 Unknown,-2 N/A,3 Powered 2 Wheeler,CAMDEN ROAD J/W ST PANCRAS WAY,2,08/08/2018 07:30:00 PM,Wednesday,19.30,1 TLRN,A,503,3 Dual Cwy,1 <= 20 MPH,6 Crossroads,2 Auto Sig,A,5202,5 Pedn Phase At Ats,1 Daylight,1 Fine,1 Road-Dry,0 None,0 None,529250,184290,-0.137555,51.542718,,,Unknown,"(51.542718, -0.137555)",http://opendatacommunities.org/id/london-borough-council/camden,8232,21/12/2020 02:48:42 PM
1180137022,CAMDEN,1 Driver/Rider,1 Male,25-59,34,1,3 Slight,-2 Unknown,-2 N/A,2 Pedal Cycle,MONTAGUE STREET 50M N OF J/W GREAT RUSSELL STREET,2,05/10/2018 09:59:00 AM,Friday,9.59,3 Bor,C,0,6 Single Cwy,1 <= 20 MPH,0 No Jun In 20m,-2 Not Applicable,-2 Not Applicable,0,1 Zebra,1 Daylight,1 Fine,1 Road-Dry,0 None,0 None,530190,181720,-0.124958,51.519406,,,Unknown,"(51.519406, -0.124958)",http://opendatacommunities.org/id/london-borough-council/camden,8383,21/12/2020 02:48:42 PM
0115EK40604,CAMDEN,3 Pedestrian,1 Male,0-15,15,1,3 Slight,04 Crossing Road Within 50m Xing,1 From Drivers N/Side,1 Pedestrian,NEW OXFORD STREET J/W BAINBRIDGE STREET,1,20/07/2015 02:50:00 PM,Monday,14.50,3 Bor,A,40,6 Single Cwy,2 30 MPH,6 Crossroads,4 Give Way/Uncontrolled,A,40,4 Pelican Or Similar,1 Daylight,1 Fine,1 Road-Dry,0 None,0 None,529880,181390,-0.129545,51.516512,,,Unknown,"(51.516512, -0.129545)",http://opendatacommunities.org/id/london-borough-council/camden,5089,21/12/2020 02:48:36 PM
0115EO40509,CAMDEN,1 Driver/Rider,1 Male,25-59,46,1,3 Slight,-2 Unknown,-2 N/A,4 Car,NFL PENTONVILLE ROAD J/W CALEDONIAN ROAD,2,25/06/2015 02:00:00 PM,Thursday,14.00,1 TLRN,A,501,6 Single Cwy,2 30 MPH,6 Crossroads,2 Auto Sig,A,5203,5 Pedn Phase At Ats,1 Daylight,1 Fine,1 Road-Dry,0 None,0 None,530410,183000,-0.121315,51.530859,,,Unknown,"(51.530859, -0.121315)",http://opendatacommunities.org/id/london-borough-council/camden,5592,21/12/2020 02:48:37 PM
1180131367,CAMDEN,1 Driver/Rider,1 Male,25-59,39,1,3 Slight,-2 Unknown,-2 N/A,4 Car,KILBURN HIGH ROAD 50M E OF J/W BELSIZE ROAD,2,08/09/2018 12:19:00 PM,Saturday,12.19,3 Bor,A,5,6 Single Cwy,2 30 MPH,0 No Jun In 20m,-2 Not Applicable,-2 Not Applicable,0,0 No Xing Facility In 50m,1 Daylight,1 Fine,1 Road-Dry,0 None,0 None,525420,183600,-0.193001,51.53738,,,Unknown,"(51.53738, -0.193001)",http://opendatacommunities.org/id/london-borough-council/camden,8309,21/12/2020 02:48:42 PM
1190180894,CAMDEN,2 PASSENGER,2 FEMALE,25-59,28,1,3 SLIGHT,'-2 NOT APPLICABLE,'-2 NOT APPLICABLE,9 PRIVATE HIRE,"On Fortune Green Road, 15 metres north of the junction with WEECH ROAD.",2,14/05/2019 02:20:00 PM,Tuesday,14.20,3 BOR,B,510,3 DUAL CWY,20,03 T/STAG JUN,4 GIVE WAY/UNCONTROLLED,6,0,5 PEDN PHASE AT ATS,2 DAYLIGHT,1 FINE,1 ROAD-DRY,0 NONE,0 NONE,525147,185713,-0.196184,51.556431,,,Unknown,"(51.556431, -0.196184)",http://opendatacommunities.org/id/london-borough-council/camden,9003,21/12/2020 02:48:44 PM
1180120616,CAMDEN,1 Driver/Rider,1 Male,16-24,24,1,3 Slight,-2 Unknown,-2 N/A,2 Pedal Cycle,CAMDEN ROAD J/W SANDALL ROAD,2,12/07/2018 06:30:00 PM,Thursday,18.30,1 TLRN,A,503,6 Single Cwy,2 30 MPH,5 Slip Road,2 Auto Sig,Unclassified,0,0 No Xing Facility In 50m,1 Daylight,1 Fine,1 Road-Dry,0 None,0 None,529510,184610,-0.13369,51.545535,,,Unknown,"(51.545535, -0.13369)",http://opendatacommunities.org/id/london-borough-council/camden,8170,21/12/2020 02:48:42 PM
1170041409,CAMDEN,3 Pedestrian,2 Female,25-59,26,1,3 Slight,01 Crossing Road On Ped Xing,3 From Drivers O/Side,1 Pedestrian,BERNARD STREET J/W MARCHMONT STREET,1,06/06/2017 10:45:00 AM,Tuesday,10.45,3 Bor,B,504,2 One-Way St,1 <= 20 MPH,3 T/Stag Jun,4 Give Way/Uncontrolled,Unclassified,0,1 Zebra,1 Daylight,2 Raining,2 Road-Wet,0 None,0 None,530236,182153,-0.124135,51.523287,,,Unknown,"(51.523287, -0.124135)",http://opendatacommunities.org/id/london-borough-council/camden,7014,21/12/2020 02:48:39 PM
1190199030,CAMDEN,1 DRIVER/RIDER,1 MALE,25-59,29,1,3 SLIGHT,'-2 NOT APPLICABLE,1 FROM DRIVERS N/SIDE,2 PEDAL CYCLE,"On Chester Terrace, 30 metres south of the junction with Cumberland Terrace.",2,11/08/2019 03:40:00 PM,Sunday,15.40,3 BOR,6,0,6 SINGLE CWY,30,00 NO JUN IN 20M,,0,0,0 NO XING FACILITY IN 50M,2 DAYLIGHT,1 FINE,1 ROAD-DRY,0 NONE,0 NONE,528705,182873,-0.145928,51.530108,,,Unknown,"(51.530108, -0.145928)",http://opendatacommunities.org/id/london-borough-council/camden,9267,21/12/2020 02:48:44 PM
0115EK40806,CAMDEN,2 Passenger,1 Male,25-59,30,1,3 Slight,-2 Unknown,-2 N/A,6 Bus Or Coach,N.F.L CONSTANTINE ROAD 46M NE OF SOUTH END ROAD,1,16/09/2015 05:20:00 PM,Wednesday,17.20,3 Bor,C,0,6 Single Cwy,2 30 MPH,0 No Jun In 20m,-2 Not Applicable,-2 Not Applicable,0,0 No Xing Facility In 50m,1 Daylight,1 Fine,1 Road-Dry,0 None,0 None,527350,185530,-0.16449,51.554294,,,Unknown,"(51.554294, -0.16449)",http://opendatacommunities.org/id/london-borough-council/camden,5264,21/12/2020 02:48:37 PM
0115EK40112,CAMDEN,1 Driver/Rider,1 Male,25-59,30,1,3 Slight,-2 Unknown,-2 N/A,2 Pedal Cycle,PARKWAY J/W ALBERT STREET,1,13/02/2015 01:56:00 PM,Friday,13.56,3 Bor,A,4201,6 Single Cwy,2 30 MPH,3 T/Stag Jun,4 Give Way/Uncontrolled,Unclassified,0,0 No Xing Facility In 50m,1 Daylight,2 Raining,2 Road-Wet,0 None,0 None,528750,183730,-0.144966,51.5378,,,Unknown,"(51.5378, -0.144966)",http://opendatacommunities.org/id/london-borough-council/camden,4668,21/12/2020 02:48:36 PM
1190173659,CAMDEN,1 DRIVER/RIDER,1 MALE,25-59,39,1,3 SLIGHT,'-2 NOT APPLICABLE,'-2 NOT APPLICABLE,2 PEDAL CYCLE,"On Prince of Wales Road, near the junction with Ryland Road.",2,04/04/2019 08:35:00 AM,Thursday,8.35,3 BOR,5,0,6 SINGLE CWY,30,03 T/STAG JUN,9 UNKNOWN (S/R),6,0,9 UNKNOWN (S/R),2 DAYLIGHT,1 FINE,1 ROAD-DRY,0 NONE,0 NONE,528740,184706,-0.144753,51.546573,,,Unknown,"(51.546573, -0.144753)",http://opendatacommunities.org/id/london-borough-council/camden,8911,21/12/2020 02:48:44 PM
1190211564,CAMDEN,1 DRIVER/RIDER,1 MALE,25-59,54,1,3 SLIGHT,'-2 NOT APPLICABLE,4 FROM DRIVERS O/SIDE MSK,3 POWERED 2 WHEELER,Location uncertain Finchley Road,2,14/10/2019 10:55:00 AM,Monday,10.55,1 TLRN,A,41,3 DUAL CWY,40,06 CROSSROADS,2 AUTO SIG,A,41,5 PEDN PHASE AT ATS,2 DAYLIGHT,1 FINE,2 ROAD-WET,0 NONE,0 NONE,525649,185345,-0.189078,51.553012,,,Unknown,"(51.553012, -0.189078)",http://opendatacommunities.org/id/london-borough-council/camden,9431,21/12/2020 02:48:44 PM
0115EK41104,CAMDEN,2 Passenger,2 Female,Unknown,0,1,3 Slight,-2 Unknown,-2 N/A,4 Car,FINCHLEY ROAD J/W FORTUNE GREEN ROAD,2,10/12/2015 05:18:00 PM,Thursday,17.18,1 TLRN,A,41,3 Dual Cwy,2 30 MPH,6 Crossroads,2 Auto Sig,B,510,5 Pedn Phase At Ats,2 Dark,1 Fine,2 Road-Wet,0 None,0 None,525170,185840,-0.195808,51.557567,,,Unknown,"(51.557567, -0.195808)",http://opendatacommunities.org/id/london-borough-council/camden,5510,21/12/2020 02:48:37 PM
1190174681,CAMDEN,1 DRIVER/RIDER,1 MALE,16-24,21,1,3 SLIGHT,'-2 NOT APPLICABLE,'-2 NOT APPLICABLE,4 CAR,"On Southampton Row, near the junction with Theobalds road.",2,11/04/2019 08:58:00 PM,Thursday,20.58,3 BOR,A,4200,6 SINGLE CWY,20,06 CROSSROADS,2 AUTO SIG,A,401,5 PEDN PHASE AT ATS,1 DARK,1 FINE,1 ROAD-DRY,0 NONE,0 NONE,530455,181689,-0.121152,51.519067,,,Unknown,"(51.519067, -0.121152)",http://opendatacommunities.org/id/london-borough-council/camden,8919,21/12/2020 02:48:44 PM
1180107304,CAMDEN,3 Pedestrian,2 Female,25-59,52,1,3 Slight,01 Crossing Road On Ped Xing,3 From Drivers O/Side,1 Pedestrian,TOTTENHAM COURT ROAD J/W NEW OXFORD STREET,1,11/05/2018 03:50:00 PM,Friday,15.50,3 Bor,A,400,6 Single Cwy,1 <= 20 MPH,7 Multi Jun,2 Auto Sig,A,40,5 Pedn Phase At Ats,1 Daylight,1 Fine,1 Road-Dry,0 None,0 None,529850,181390,-0.129977,51.516519,,,Unknown,"(51.516519, -0.129977)",http://opendatacommunities.org/id/london-borough-council/camden,7985,21/12/2020 02:48:42 PM
1180148269,CAMDEN,1 Driver/Rider,1 Male,25-59,54,1,3 Slight,-2 Unknown,-2 N/A,3 Powered 2 Wheeler,FINCHLEY ROAD J/W ARKWRIGHT ROAD,2,27/11/2018 08:35:00 AM,Tuesday,8.35,1 TLRN,A,41,3 Dual Cwy,2 30 MPH,8 Priv Drive,4 Give Way/Uncontrolled,C,0,1 Zebra,1 Daylight,1 Fine,1 Road-Dry,0 None,0 None,526040,185100,-0.183529,51.550723,,,Unknown,"(51.550723, -0.183529)",http://opendatacommunities.org/id/london-borough-council/camden,8563,21/12/2020 02:48:43 PM
1190227674,CAMDEN,3 PEDESTRIAN,1 MALE,60+,71,1,3 SLIGHT,03 CROSSING ROAD IN ZIG-ZAG EXIT,'-2 NOT APPLICABLE,1 PEDESTRIAN,"On Grays Inn Road, near the junction with Northington Street.",1,29/12/2019 05:20:00 PM,Sunday,17.20,3 BOR,A,5200,6 SINGLE CWY,20,03 T/STAG JUN,4 GIVE WAY/UNCONTROLLED,6,0,1 ZEBRA,1 DARK,1 FINE,1 ROAD-DRY,0 NONE,0 NONE,530929,182076,-0.11418,51.522435,,,Unknown,"(51.522435, -0.11418)",http://opendatacommunities.org/id/london-borough-council/camden,9653,21/12/2020 02:48:45 PM
1190195538,CAMDEN,1 DRIVER/RIDER,1 MALE,16-24,22,1,3 SLIGHT,'-2 NOT APPLICABLE,'-2 NOT APPLICABLE,3 POWERED 2 WHEELER,"On South End Road, near the junction with EAST HEATH ROAD NW3.",2,24/07/2019 07:35:00 AM,Wednesday,7.35,3 BOR,5,0,6 SINGLE CWY,20,03 T/STAG JUN,4 GIVE WAY/UNCONTROLLED,6,0,0 NO XING FACILITY IN 50M,2 DAYLIGHT,1 FINE,1 ROAD-DRY,0 NONE,0 NONE,527103,185864,-0.16793,51.557351,,,Unknown,"(51.557351, -0.16793)",http://opendatacommunities.org/id/london-borough-council/camden,9223,21/12/2020 02:48:44 PM
1180124752,CAMDEN,1 Driver/Rider,1 Male,25-59,35,1,2 Serious,-2 Unknown,-2 N/A,3 Powered 2 Wheeler,DELANCEY STREET J/W ARLINGTON ROAD,2,02/08/2018 03:09:00 PM,Thursday,15.09,3 Bor,A,503,2 One-Way St,1 <= 20 MPH,6 Crossroads,4 Give Way/Uncontrolled,Unclassified,0,4 Pelican Or Similar,1 Daylight,1 Fine,1 Road-Dry,0 None,0 None,528927,183620,-0.142456,51.536771,,,Unknown,"(51.536771, -0.142456)",http://opendatacommunities.org/id/london-borough-council/camden,8221,21/12/2020 02:48:42 PM
1170056368,CAMDEN,2 Passenger,2 Female,60+,60,1,3 Slight,-2 Unknown,-2 N/A,6 Bus Or Coach,FINCHLEY ROAD J/W LYMINGTON ROAD,1,29/08/2017 01:35:00 PM,Tuesday,13.35,1 TLRN,A,41,3 Dual Cwy,2 30 MPH,3 T/Stag Jun,2 Auto Sig,Unclassified,0,5 Pedn Phase At Ats,1 Daylight,1 Fine,1 Road-Dry,0 None,0 None,526360,184600,-0.179096,51.546158,,,Unknown,"(51.546158, -0.179096)",http://opendatacommunities.org/id/london-borough-council/camden,7282,21/12/2020 02:48:40 PM