Reference,London Borough Name,Casualty Class,Casualty Sex,Casualty Age Band,Casualty Age,Number Of Casualties,Casualty Severity,Pedestrian Location,Pedestrian Movement,Mode Of Travel,Attendant Location,Number Of Vehicles,Date,Day,Time,Highway,Road Class 1,Road Number 1,Road Type,Speed Limit,Junction Detail,Junction Control,Road Class 2,Road Number 2,Pedestrian Crossing,Light Condition Band,Weather,Road Surface,Special Conditions,Carriage Way Hazard,Easting,Northing,Longitude,Latitude,Ward Code,Ward Name,Spatial Accuracy,Location,Organisation URI,Socrata ID,Last Uploaded
1170039086,CAMDEN,3 Pedestrian,1 Male,25-59,42,1,3 Slight,01 Crossing Road On Ped Xing,9 Unknown Or Other,1 Pedestrian,NEW COMPTON STREET 21M S OF J/W HIGH HOLBORN THE NEAREST CLASSIFIE,1,17/05/2017 09:43:00 AM,Wednesday,9.43,3 Bor,Unclassified,0,6 Single Cwy,2 30 MPH,0 No Jun In 20m,-2 Not Applicable,-2 Not Applicable,0,5 Pedn Phase At Ats,1 Daylight,1 Fine,1 Road-Dry,0 None,0 None,530020,181240,-0.127583,51.515132,,,Unknown,"(51.515132, -0.127583)",http://opendatacommunities.org/id/london-borough-council/camden,6993,21/12/2020 02:48:39 PM
1170021233,CAMDEN,3 Pedestrian,2 Female,16-24,23,1,2 Serious,05 Crossing Road (Not On Xing),1 From Drivers N/Side,1 Pedestrian,BAYNES STREET J/W ST PANCRAS WAY,1,26/02/2017 06:50:00 PM,Sunday,18.50,3 Bor,C,0,2 One-Way St,2 30 MPH,3 T/Stag Jun,4 Give Way/Uncontrolled,A,5202,0 No Xing Facility In 50m,2 Dark,2 Raining,2 Road-Wet,0 None,0 None,529390,184160,-0.135585,51.541518,,,Unknown,"(51.541518, -0.135585)",http://opendatacommunities.org/id/london-borough-council/camden,6717,21/12/2020 02:48:39 PM
1170030987,CAMDEN,1 Driver/Rider,1 Male,25-59,37,1,2 Serious,-2 Unknown,-2 N/A,3 Powered 2 Wheeler,ADELAIDE ROAD 100M E OF J/W WINCHESTER ROAD THE NEAREST CLASSIFIED,3,07/04/2017 05:48:00 PM,Friday,17.48,3 Bor,B,509,6 Single Cwy,1 <= 20 MPH,0 No Jun In 20m,-2 Not Applicable,-2 Not Applicable,0,0 No Xing Facility In 50m,1 Daylight,1 Fine,1 Road-Dry,0 None,3 Involve Previous Acc,527110,184250,-0.168412,51.542844,,,Unknown,"(51.542844, -0.168412)",http://opendatacommunities.org/id/london-borough-council/camden,6860,21/12/2020 02:48:39 PM
1170026033,CAMDEN,2 Passenger,2 Female,25-59,51,1,3 Slight,-2 Unknown,-2 N/A,6 Bus Or Coach,HAMPSTEAD ROAD NW1 30M S OF J/W MORNINGTON CRESCENT NW1,1,17/03/2017 08:30:00 AM,Friday,8.30,3 Bor,Unclassified,0,2 One-Way St,2 30 MPH,0 No Jun In 20m,-2 Not Applicable,-2 Not Applicable,0,4 Pelican Or Similar,1 Daylight,1 Fine,1 Road-Dry,0 None,0 None,529120,183370,-0.139766,51.53448,,,Unknown,"(51.53448, -0.139766)",http://opendatacommunities.org/id/london-borough-council/camden,6792,21/12/2020 02:48:39 PM
0116EK40072,CAMDEN,1 Driver/Rider,2 Female,25-59,47,1,3 Slight,-2 Unknown,-2 N/A,4 Car,WELLESLEY ROAD J/W VICAR'S ROAD,2,08/02/2016 03:35:00 PM,Monday,15.35,3 Bor,Unclassified,0,6 Single Cwy,1 <= 20 MPH,3 T/Stag Jun,4 Give Way/Uncontrolled,Unclassified,0,0 No Xing Facility In 50m,1 Daylight,1 Fine,1 Road-Dry,0 None,0 None,528110,185280,-0.153625,51.551875,,,Unknown,"(51.551875, -0.153625)",http://opendatacommunities.org/id/london-borough-council/camden,6037,21/12/2020 02:48:38 PM
1170061732,CAMDEN,3 Pedestrian,2 Female,25-59,58,1,3 Slight,09 In Road - Not Crossing,7 In Rd Facing Traffic,1 Pedestrian,MOUNT VERNON 25M S OF J/W FROGNAL RISE,1,28/09/2017 10:50:00 AM,Thursday,10.50,3 Bor,Unclassified,0,6 Single Cwy,1 <= 20 MPH,0 No Jun In 20m,-2 Not Applicable,-2 Not Applicable,0,0 No Xing Facility In 50m,1 Daylight,1 Fine,1 Road-Dry,0 None,0 None,526260,185900,-0.180071,51.557863,,,Unknown,"(51.557863, -0.180071)",http://opendatacommunities.org/id/london-borough-council/camden,7360,21/12/2020 02:48:40 PM
0115EK40943,CAMDEN,1 Driver/Rider,1 Male,25-59,53,1,3 Slight,-2 Unknown,-2 N/A,4 Car,HEATH STREET J/W SPANIARDS ROAD.,3,25/10/2015 03:30:00 PM,Sunday,15.30,3 Bor,A,502,6 Single Cwy,2 30 MPH,1 Roundabout,4 Give Way/Uncontrolled,B,519,1 Zebra,1 Daylight,1 Fine,1 Road-Dry,0 None,0 None,526270,186420,-0.179741,51.562534,,,Unknown,"(51.562534, -0.179741)",http://opendatacommunities.org/id/london-borough-council/camden,5374,21/12/2020 02:48:37 PM
0115EK40043,CAMDEN,3 Pedestrian,1 Male,16-24,17,1,3 Slight,04 Crossing Road Within 50m Xing,4 From Drivers O/Side Msk,1 Pedestrian,FINCHLEY ROAD 36M SE OF J/W ARKWRIGHT ROAD,1,22/01/2015 08:45:00 AM,Thursday,8.45,1 TLRN,A,41,6 Single Cwy,2 30 MPH,0 No Jun In 20m,-2 Not Applicable,-2 Not Applicable,0,5 Pedn Phase At Ats,1 Daylight,1 Fine,1 Road-Dry,0 None,0 None,526050,185080,-0.183392,51.550541,,,Unknown,"(51.550541, -0.183392)",http://opendatacommunities.org/id/london-borough-council/camden,4613,21/12/2020 02:48:35 PM
1170045191,CAMDEN,3 Pedestrian,1 Male,60+,92,1,2 Serious,05 Crossing Road (Not On Xing),3 From Drivers O/Side,1 Pedestrian,ADELAIDE ROAD 30M W OF J/W LOWER MERTON RISE,1,27/06/2017 08:36:00 AM,Tuesday,8.36,3 Bor,B,509,6 Single Cwy,2 30 MPH,0 No Jun In 20m,-2 Not Applicable,-2 Not Applicable,0,4 Pelican Or Similar,1 Daylight,2 Raining,2 Road-Wet,0 None,0 None,527200,184270,-0.167108,51.543004,,,Unknown,"(51.543004, -0.167108)",http://opendatacommunities.org/id/london-borough-council/camden,7086,21/12/2020 02:48:40 PM
0115EK40492,CAMDEN,1 Driver/Rider,1 Male,25-59,34,1,3 Slight,-2 Unknown,-2 N/A,4 Car,FINCHLEY ROAD J/W BURRARD ROAD,2,17/06/2015 05:20:00 PM,Wednesday,17.20,1 TLRN,A,41,6 Single Cwy,2 30 MPH,3 T/Stag Jun,4 Give Way/Uncontrolled,Unclassified,0,4 Pelican Or Similar,1 Daylight,1 Fine,1 Road-Dry,0 None,0 None,525330,185620,-0.193579,51.555554,,,Unknown,"(51.555554, -0.193579)",http://opendatacommunities.org/id/london-borough-council/camden,4982,21/12/2020 02:48:36 PM
1180105813,CAMDEN,1 Driver/Rider,1 Male,25-59,33,1,3 Slight,-2 Unknown,-2 N/A,4 Car,CAMDEN HIGH STREET 100M N OF J/W EVERSHOLT STREET,2,03/05/2018 11:03:00 PM,Thursday,23.03,1 TLRN,A,502,2 One-Way St,1 <= 20 MPH,0 No Jun In 20m,-2 Not Applicable,-2 Not Applicable,0,5 Pedn Phase At Ats,2 Dark,1 Fine,1 Road-Dry,0 None,0 None,529140,183480,-0.139438,51.535464,,,Unknown,"(51.535464, -0.139438)",http://opendatacommunities.org/id/london-borough-council/camden,7958,21/12/2020 02:48:42 PM
1190185544,CAMDEN,1 DRIVER/RIDER,1 MALE,25-59,34,1,2 SERIOUS,'-2 NOT APPLICABLE,'-2 NOT APPLICABLE,2 PEDAL CYCLE,"On Camden Road, near the junction with Cantelowes Road.",2,06/06/2019 11:45:00 AM,Thursday,11.45,1 TLRN,A,503,6 SINGLE CWY,30,03 T/STAG JUN,2 AUTO SIG,6,0,4 PELICAN OR SIMILAR,2 DAYLIGHT,1 FINE,1 ROAD-DRY,0 NONE,0 NONE,529591,184705,-0.132488,51.54637,,,Unknown,"(51.54637, -0.132488)",http://opendatacommunities.org/id/london-borough-council/camden,9070,21/12/2020 02:48:44 PM
1190191760,CAMDEN,1 DRIVER/RIDER,1 MALE,25-59,52,1,3 SLIGHT,'-2 NOT APPLICABLE,'-2 NOT APPLICABLE,2 PEDAL CYCLE,"On Grays Inn Road, 25 metres east of the junction with Birkenhead Street.. The nearest classified road was the A501. The nearest classified road was the A501. The nearest classified road was the A501",2,05/07/2019 05:35:00 PM,Friday,17.35,1 TLRN,A,501,2 ONE-WAY ST,30,07 MULTI JUN,2 AUTO SIG,A,501,5 PEDN PHASE AT ATS,2 DAYLIGHT,1 FINE,1 ROAD-DRY,0 NONE,0 NONE,530343,182969,-0.122292,51.530596,,,Unknown,"(51.530596, -0.122292)",http://opendatacommunities.org/id/london-borough-council/camden,9165,21/12/2020 02:48:44 PM
1170043461,CAMDEN,2 Passenger,1 Male,60+,73,1,2 Serious,-2 Unknown,-2 N/A,6 Bus Or Coach,HIGHGATE HIGH STREET 100M SE OF J/W BISHAM GARDENS N6,1,17/06/2017 02:20:00 PM,Saturday,14.20,3 Bor,B,519,6 Single Cwy,2 30 MPH,0 No Jun In 20m,-2 Not Applicable,-2 Not Applicable,0,0 No Xing Facility In 50m,1 Daylight,1 Fine,1 Road-Dry,0 None,0 None,528660,187320,-0.144951,51.570083,,,Unknown,"(51.570083, -0.144951)",http://opendatacommunities.org/id/london-borough-council/camden,7052,21/12/2020 02:48:39 PM
1180155104,CAMDEN,1 Driver/Rider,1 Male,25-59,32,1,2 Serious,-2 Unknown,-2 N/A,2 Pedal Cycle,ENGLAND'S LANE J/W BELSIZE PARK GARDENS,2,30/08/2018 08:48:00 AM,Thursday,8.48,3 Bor,C,0,6 Single Cwy,1 <= 20 MPH,7 Multi Jun,9 Unknown (S/R),Unclassified,0,1 Zebra,1 Daylight,1 Fine,1 Road-Dry,0 None,0 None,527490,184555,-0.162825,51.5455,,,Unknown,"(51.5455, -0.162825)",http://opendatacommunities.org/id/london-borough-council/camden,8651,21/12/2020 02:48:43 PM
0115EK40604,CAMDEN,1 Driver/Rider,1 Male,16-24,21,1,3 Slight,-2 Unknown,-2 N/A,2 Pedal Cycle,NEW OXFORD STREET J/W BAINBRIDGE STREET,1,20/07/2015 02:50:00 PM,Monday,14.50,3 Bor,A,40,6 Single Cwy,2 30 MPH,6 Crossroads,4 Give Way/Uncontrolled,A,40,4 Pelican Or Similar,1 Daylight,1 Fine,1 Road-Dry,0 None,0 None,529880,181390,-0.129545,51.516512,,,Unknown,"(51.516512, -0.129545)",http://opendatacommunities.org/id/london-borough-council/camden,5087,21/12/2020 02:48:36 PM
1190207139,CAMDEN,1 DRIVER/RIDER,1 MALE,25-59,27,1,3 SLIGHT,'-2 NOT APPLICABLE,'-2 NOT APPLICABLE,4 CAR,"On Avenue Road, near the junction with ADELAIDE ROAD.",2,23/09/2019 09:57:00 AM,Monday,9.57,1 TLRN,A,41,7 SLIP RD,30,05 SLIP ROAD,2 AUTO SIG,A,41,4 PELICAN OR SIMILAR,2 DAYLIGHT,1 FINE,1 ROAD-DRY,0 NONE,0 NONE,526759,184154,-0.173506,51.54206,,,Unknown,"(51.54206, -0.173506)",http://opendatacommunities.org/id/london-borough-council/camden,9381,21/12/2020 02:48:44 PM
1180103316,CAMDEN,1 Driver/Rider,1 Male,25-59,49,1,3 Slight,-2 Unknown,-2 N/A,3 Powered 2 Wheeler,HIGH HOLBORN J/W ENDELL STREET,2,22/04/2018 07:05:00 PM,Sunday,19.05,3 Bor,A,401,6 Single Cwy,1 <= 20 MPH,3 T/Stag Jun,2 Auto Sig,B,401,5 Pedn Phase At Ats,1 Daylight,1 Fine,1 Road-Dry,0 None,0 None,530140,181320,-0.125825,51.515823,,,Unknown,"(51.515823, -0.125825)",http://opendatacommunities.org/id/london-borough-council/camden,7921,21/12/2020 02:48:41 PM
0116CW11122,CAMDEN,2 Passenger,2 Female,16-24,19,1,3 Slight,-2 Unknown,-2 N/A,6 Bus Or Coach,OXFORD STREET J/W TOTTENHAM COURT ROAD,3,15/08/2016 03:33:00 AM,Monday,3.33,3 Bor,A,40,6 Single Cwy,2 30 MPH,6 Crossroads,2 Auto Sig,A,400,5 Pedn Phase At Ats,2 Dark,1 Fine,1 Road-Dry,0 None,0 None,529800,181370,-0.130704,51.516351,,,Unknown,"(51.516351, -0.130704)",http://opendatacommunities.org/id/london-borough-council/camden,5974,21/12/2020 02:48:38 PM
0115EK40239,CAMDEN,2 Passenger,2 Female,60+,71,1,3 Slight,-2 Unknown,-2 N/A,5 Taxi,CHENIES STREET J/W RIDGMOUNT STREET,2,28/03/2015 06:20:00 PM,Saturday,18.20,3 Bor,B,506,2 One-Way St,2 30 MPH,6 Crossroads,4 Give Way/Uncontrolled,Unclassified,0,0 No Xing Facility In 50m,1 Daylight,1 Fine,1 Road-Dry,0 None,0 None,529690,181890,-0.132097,51.521049,,,Unknown,"(51.521049, -0.132097)",http://opendatacommunities.org/id/london-borough-council/camden,4768,21/12/2020 02:48:36 PM
0116EK40039,CAMDEN,1 Driver/Rider,1 Male,25-59,43,1,3 Slight,-2 Unknown,-2 N/A,7 Goods Vehicle,HIGH HOLBORN 30M W OF BROWNLOW STREET,2,08/01/2016 06:30:00 PM,Friday,18.30,3 Bor,A,40,6 Single Cwy,2 30 MPH,0 No Jun In 20m,-2 Not Applicable,-2 Not Applicable,0,0 No Xing Facility In 50m,2 Dark,1 Fine,1 Road-Dry,0 None,0 None,530870,181590,-0.115211,51.518081,,,Unknown,"(51.518081, -0.115211)",http://opendatacommunities.org/id/london-borough-council/camden,6014,21/12/2020 02:48:38 PM
1180137058,CAMDEN,1 Driver/Rider,1 Male,25-59,41,1,3 Slight,-2 Unknown,-2 N/A,2 Pedal Cycle,BERNARD STREET J/W HERBRAND STREET,2,05/10/2018 03:38:00 PM,Friday,15.38,3 Bor,B,504,6 Single Cwy,1 <= 20 MPH,6 Crossroads,4 Give Way/Uncontrolled,Unclassified,0,0 No Xing Facility In 50m,1 Daylight,1 Fine,1 Road-Dry,0 None,0 None,530180,182120,-0.124954,51.523003,,,Unknown,"(51.523003, -0.124954)",http://opendatacommunities.org/id/london-borough-council/camden,8384,21/12/2020 02:48:42 PM
1190218779,CAMDEN,1 DRIVER/RIDER,2 FEMALE,25-59,33,1,3 SLIGHT,'-2 NOT APPLICABLE,4 FROM DRIVERS O/SIDE MSK,4 CAR,"On Grafton Road, near the junction with Vicar's Road.",2,16/11/2019 01:10:00 PM,Saturday,13.10,3 BOR,5,0,3 DUAL CWY,20,03 T/STAG JUN,4 GIVE WAY/UNCONTROLLED,6,0,0 NO XING FACILITY IN 50M,2 DAYLIGHT,9 UNKNOWN,1 ROAD-DRY,0 NONE,0 NONE,528249,185366,-0.15159,51.552616,,,Unknown,"(51.552616, -0.15159)",http://opendatacommunities.org/id/london-borough-council/camden,9521,21/12/2020 02:48:44 PM
1160004535,CAMDEN,1 Driver/Rider,2 Female,16-24,18,1,3 Slight,-2 Unknown,-2 N/A,2 Pedal Cycle,THEOBALDS ROAD 10M W OF J/W JOHN STREET,2,01/12/2016 10:44:00 PM,Thursday,22.44,3 Bor,A,401,6 Single Cwy,1 <= 20 MPH,3 T/Stag Jun,4 Give Way/Uncontrolled,Unclassified,0,0 No Xing Facility In 50m,2 Dark,1 Fine,2 Road-Wet,0 None,0 None,530880,181920,-0.114944,51.521044,,,Unknown,"(51.521044, -0.114944)",http://opendatacommunities.org/id/london-borough-council/camden,5719,21/12/2020 02:48:37 PM
1190207156,CAMDEN,1 DRIVER/RIDER,1 MALE,16-24,16,1,3 SLIGHT,'-2 NOT APPLICABLE,'-2 NOT APPLICABLE,2 PEDAL CYCLE,"On Grays Inn Road, near the junction with Guildford Street.",2,19/09/2019 12:10:00 AM,Thursday,0.10,3 BOR,A,5200,6 SINGLE CWY,20,06 CROSSROADS,2 AUTO SIG,B,502,5 PEDN PHASE AT ATS,1 DARK,1 FINE,1 ROAD-DRY,0 NONE,0 NONE,530794,182294,-0.116044,51.524425,,,Unknown,"(51.524425, -0.116044)",http://opendatacommunities.org/id/london-borough-council/camden,9382,21/12/2020 02:48:44 PM
1190179669,CAMDEN,1 DRIVER/RIDER,1 MALE,25-59,43,1,3 SLIGHT,'-2 NOT APPLICABLE,'-2 NOT APPLICABLE,2 PEDAL CYCLE,"On Kingsway WC2B6PP, 25 metres south of the junction with High Holborn.. The nearest classified road was the A40. The nearest classified road was the A40",3,08/05/2019 04:40:00 PM,Wednesday,16.40,3 BOR,A,4200,3 DUAL CWY,30,00 NO JUN IN 20M,,0,0,5 PEDN PHASE AT ATS,2 DAYLIGHT,1 FINE,2 ROAD-WET,0 NONE,0 NONE,530527,181429,-0.120211,51.516713,,,Unknown,"(51.516713, -0.120211)",http://opendatacommunities.org/id/london-borough-council/camden,8987,21/12/2020 02:48:44 PM
1190166922,CAMDEN,3 PEDESTRIAN,1 MALE,25-59,54,1,3 SLIGHT,09 IN ROAD - NOT CROSSING,9 UNKNOWN OR OTHER,1 PEDESTRIAN,"On Lawn Road, 95 metres south of the junction with Fleet Road.",1,04/03/2019 05:21:00 PM,Monday,17.21,3 BOR,6,0,6 SINGLE CWY,20,00 NO JUN IN 20M,,0,0,0 NO XING FACILITY IN 50M,2 DAYLIGHT,8 OTHER,1 ROAD-DRY,0 NONE,0 NONE,527533,185356,-0.161915,51.552689,,,Unknown,"(51.552689, -0.161915)",http://opendatacommunities.org/id/london-borough-council/camden,8818,21/12/2020 02:48:43 PM
1170026268,CAMDEN,1 Driver/Rider,2 Female,16-24,23,1,3 Slight,-2 Unknown,-2 N/A,4 Car,CHALK FARM ROAD 20M S OF J/W HARTLAND ROAD,2,18/03/2017 08:20:00 AM,Saturday,8.20,3 Bor,A,502,6 Single Cwy,1 <= 20 MPH,3 T/Stag Jun,4 Give Way/Uncontrolled,Unclassified,0,0 No Xing Facility In 50m,1 Daylight,1 Fine,2 Road-Wet,0 None,0 None,528589,184236,-0.147102,51.542384,,,Unknown,"(51.542384, -0.147102)",http://opendatacommunities.org/id/london-borough-council/camden,6795,21/12/2020 02:48:39 PM
1190185145,CAMDEN,1 DRIVER/RIDER,1 MALE,25-59,33,1,3 SLIGHT,'-2 NOT APPLICABLE,'-2 NOT APPLICABLE,2 PEDAL CYCLE,"On Clerkenwell Road, 20 metres east of the junction with GREYS INN ROAD.",2,04/06/2019 04:45:00 PM,Tuesday,16.45,3 BOR,A,401,6 SINGLE CWY,20,06 CROSSROADS,2 AUTO SIG,A,5200,5 PEDN PHASE AT ATS,2 DAYLIGHT,1 FINE,1 ROAD-DRY,0 NONE,0 NONE,530993,181975,-0.113296,51.521513,,,Unknown,"(51.521513, -0.113296)",http://opendatacommunities.org/id/london-borough-council/camden,9065,21/12/2020 02:48:44 PM
1190220420,CAMDEN,1 DRIVER/RIDER,1 MALE,25-59,31,1,3 SLIGHT,'-2 NOT APPLICABLE,'-2 NOT APPLICABLE,4 CAR,"On West Heath Road, 25 metres north of the junction with Firecrest Drive.",2,23/11/2019 07:20:00 PM,Saturday,19.20,3 BOR,5,0,6 SINGLE CWY,30,00 NO JUN IN 20M,,0,0,0 NO XING FACILITY IN 50M,1 DARK,8 OTHER,2 ROAD-WET,0 NONE,0 NONE,526001,186292,-0.183665,51.561444,,,Unknown,"(51.561444, -0.183665)",http://opendatacommunities.org/id/london-borough-council/camden,9543,21/12/2020 02:48:44 PM
1160025394,CAMDEN,1 Driver/Rider,1 Male,16-24,20,1,3 Slight,-2 Unknown,-2 N/A,3 Powered 2 Wheeler,GRAYS INN ROAD J/W ST CHADS STREET,2,27/10/2016 09:30:00 PM,Thursday,21.30,1 TLRN,A,501,2 One-Way St,2 30 MPH,6 Crossroads,4 Give Way/Uncontrolled,A,501,5 Pedn Phase At Ats,2 Dark,1 Fine,1 Road-Dry,0 None,0 None,530450,182910,-0.120772,51.530041,,,Unknown,"(51.530041, -0.120772)",http://opendatacommunities.org/id/london-borough-council/camden,5949,21/12/2020 02:48:38 PM
1180113956,CAMDEN,1 Driver/Rider,1 Male,25-59,43,1,3 Slight,-2 Unknown,-2 N/A,4 Car,FINCHLEY ROAD 30M W OF J/W PARSIFAL ROAD,2,10/06/2018 11:30:00 AM,Sunday,11.30,1 TLRN,A,41,3 Dual Cwy,2 30 MPH,0 No Jun In 20m,-2 Not Applicable,-2 Not Applicable,0,9 Unknown (S/R),1 Daylight,1 Fine,1 Road-Dry,4 Roadworks,0 None,525358,185595,-0.193184,51.555323,,,Unknown,"(51.555323, -0.193184)",http://opendatacommunities.org/id/london-borough-council/camden,8068,21/12/2020 02:48:42 PM
1170064517,CAMDEN,2 Passenger,2 Female,25-59,27,1,3 Slight,-2 Unknown,-2 N/A,4 Car,SOUTHAMPTON ROW WC1 J/W HIGH HOLBORN WC1,2,14/10/2017 01:30:00 AM,Saturday,1.30,3 Bor,A,4200,3 Dual Cwy,2 30 MPH,6 Crossroads,2 Auto Sig,A,40,5 Pedn Phase At Ats,2 Dark,1 Fine,1 Road-Dry,0 None,0 None,530510,181530,-0.120418,51.517625,,,Unknown,"(51.517625, -0.120418)",http://opendatacommunities.org/id/london-borough-council/camden,7423,21/12/2020 02:48:40 PM
0115EK40429,CAMDEN,2 Passenger,2 Female,25-59,26,1,3 Slight,-2 Unknown,-2 N/A,4 Car,CAMDEN ROAD J/W ROUSDEN STREET,3,29/05/2015 01:55:00 PM,Friday,13.55,1 TLRN,A,503,6 Single Cwy,2 30 MPH,3 T/Stag Jun,4 Give Way/Uncontrolled,Unclassified,0,4 Pelican Or Similar,1 Daylight,1 Fine,1 Road-Dry,0 None,0 None,529220,184240,-0.138006,51.542276,,,Unknown,"(51.542276, -0.138006)",http://opendatacommunities.org/id/london-borough-council/camden,4921,21/12/2020 02:48:36 PM
0115EK40538,CAMDEN,2 Passenger,2 Female,25-59,55,1,3 Slight,-2 Unknown,-2 N/A,5 Taxi,SOUTHAMPTON ROW J/W THEOBALD'S ROAD,3,03/07/2015 02:59:00 PM,Friday,14.59,3 Bor,A,4200,3 Dual Cwy,2 30 MPH,6 Crossroads,2 Auto Sig,A,401,5 Pedn Phase At Ats,1 Daylight,1 Fine,1 Road-Dry,0 None,0 None,530460,181650,-0.121094,51.518715,,,Unknown,"(51.518715, -0.121094)",http://opendatacommunities.org/id/london-borough-council/camden,5025,21/12/2020 02:48:36 PM
1170078145,CAMDEN,1 Driver/Rider,2 Female,25-59,36,1,3 Slight,-2 Unknown,-2 N/A,2 Pedal Cycle,CAMLEY STREET J/W CEDAR WAY,2,15/12/2017 11:26:00 AM,Friday,11.26,3 Bor,Unclassified,0,6 Single Cwy,2 30 MPH,6 Crossroads,4 Give Way/Uncontrolled,Unclassified,0,0 No Xing Facility In 50m,1 Daylight,1 Fine,2 Road-Wet,0 None,0 None,529650,184050,-0.131879,51.54047,,,Unknown,"(51.54047, -0.131879)",http://opendatacommunities.org/id/london-borough-council/camden,7614,21/12/2020 02:48:41 PM
0115EK40937,CAMDEN,3 Pedestrian,2 Female,25-59,57,1,3 Slight,04 Crossing Road Within 50m Xing,2 From Drivers N/Side Msk,1 Pedestrian,QUEX ROAD J/W KINGSGATE ROAD.,1,21/10/2015 03:14:00 PM,Wednesday,15.14,3 Bor,B,510,6 Single Cwy,2 30 MPH,3 T/Stag Jun,4 Give Way/Uncontrolled,Unclassified,0,5 Pedn Phase At Ats,1 Daylight,2 Raining,2 Road-Wet,0 None,0 None,525280,183880,-0.194919,51.539928,,,Unknown,"(51.539928, -0.194919)",http://opendatacommunities.org/id/london-borough-council/camden,5368,21/12/2020 02:48:37 PM
0115EK40865,CAMDEN,1 Driver/Rider,1 Male,25-59,39,1,3 Slight,-2 Unknown,-2 N/A,3 Powered 2 Wheeler,FINCHLEY ROAD 40M SE OF LANGLAND GARDENS,2,21/09/2015 09:29:00 AM,Monday,9.29,1 TLRN,A,41,6 Single Cwy,2 30 MPH,0 No Jun In 20m,-2 Not Applicable,-2 Not Applicable,0,0 No Xing Facility In 50m,1 Daylight,1 Fine,1 Road-Dry,0 None,0 None,525930,185200,-0.185079,51.551646,,,Unknown,"(51.551646, -0.185079)",http://opendatacommunities.org/id/london-borough-council/camden,5313,21/12/2020 02:48:37 PM
1190209974,CAMDEN,1 DRIVER/RIDER,1 MALE,25-59,46,1,3 SLIGHT,'-2 NOT APPLICABLE,'-2 NOT APPLICABLE,3 POWERED 2 WHEELER,"On Maple Street, 25 metres west of the junction with Cypress Place .",2,02/10/2019 08:00:00 PM,Wednesday,20.00,3 BOR,6,0,2 ONE-WAY ST,20,00 NO JUN IN 20M,,0,0,9 UNKNOWN (S/R),1 DARK,1 FINE,1 ROAD-DRY,0 NONE,0 NONE,529320,182067,-0.137362,51.522724,,,Unknown,"(51.522724, -0.137362)",http://opendatacommunities.org/id/london-borough-council/camden,9413,21/12/2020 02:48:44 PM
0116EK40645,CAMDEN,1 Driver/Rider,1 Male,25-59,47,1,3 Slight,-2 Unknown,-2 N/A,4 Car,GOWER STREET J/W TORRINGTON PLACE.,2,13/08/2016 09:58:00 PM,Saturday,21.58,3 Bor,A,400,2 One-Way St,1 <= 20 MPH,6 Crossroads,2 Auto Sig,C,0,5 Pedn Phase At Ats,2 Dark,1 Fine,1 Road-Dry,0 None,0 None,529650,182040,-0.132618,51.522406,,,Unknown,"(51.522406, -0.132618)",http://opendatacommunities.org/id/london-borough-council/camden,6506,21/12/2020 02:48:39 PM
0116EK40522,CAMDEN,3 Pedestrian,2 Female,16-24,23,1,3 Slight,09 In Road - Not Crossing,6 In Rd Not Crossing Msk,1 Pedestrian,FINCHLEY ROAD J/W ALVANLEY GARDENS,1,14/07/2016 07:35:00 AM,Thursday,7.35,1 TLRN,A,41,6 Single Cwy,2 30 MPH,3 T/Stag Jun,2 Auto Sig,Unclassified,0,5 Pedn Phase At Ats,1 Daylight,9 Unknown,1 Road-Dry,0 None,0 None,525720,185310,-0.188067,51.552682,,,Unknown,"(51.552682, -0.188067)",http://opendatacommunities.org/id/london-borough-council/camden,6424,21/12/2020 02:48:38 PM
0115EK40219,CAMDEN,1 Driver/Rider,1 Male,16-24,20,1,3 Slight,-2 Unknown,-2 N/A,3 Powered 2 Wheeler,NFL- EUSTON ROAD 46M SW OF J/W MIDLAND ROAD,2,20/03/2015 09:45:00 PM,Friday,21.45,1 TLRN,A,501,3 Dual Cwy,3 40 MPH,0 No Jun In 20m,-2 Not Applicable,-2 Not Applicable,0,5 Pedn Phase At Ats,2 Dark,1 Fine,1 Road-Dry,0 None,0 None,530030,182770,-0.126875,51.528879,,,Unknown,"(51.528879, -0.126875)",http://opendatacommunities.org/id/london-borough-council/camden,4752,21/12/2020 02:48:36 PM
1180117587,CAMDEN,1 Driver/Rider,1 Male,25-59,35,1,3 Slight,-2 Unknown,-2 N/A,2 Pedal Cycle,GLOUCESTER AVENUE 53M W OF J/W EDIS STREET,2,29/06/2018 03:59:00 PM,Friday,15.59,3 Bor,Unclassified,0,6 Single Cwy,1 <= 20 MPH,0 No Jun In 20m,-2 Not Applicable,-2 Not Applicable,0,0 No Xing Facility In 50m,1 Daylight,1 Fine,1 Road-Dry,0 None,0 None,528240,184050,-0.152199,51.540792,,,Unknown,"(51.540792, -0.152199)",http://opendatacommunities.org/id/london-borough-council/camden,8129,21/12/2020 02:48:42 PM