Reference,London Borough Name,Casualty Class,Casualty Sex,Casualty Age Band,Casualty Age,Number Of Casualties,Casualty Severity,Pedestrian Location,Pedestrian Movement,Mode Of Travel,Attendant Location,Number Of Vehicles,Date,Day,Time,Highway,Road Class 1,Road Number 1,Road Type,Speed Limit,Junction Detail,Junction Control,Road Class 2,Road Number 2,Pedestrian Crossing,Light Condition Band,Weather,Road Surface,Special Conditions,Carriage Way Hazard,Easting,Northing,Longitude,Latitude,Ward Code,Ward Name,Spatial Accuracy,Location,Organisation URI,Socrata ID,Last Uploaded
1190189484,CAMDEN,1 DRIVER/RIDER,1 MALE,25-59,36,1,3 SLIGHT,'-2 NOT APPLICABLE,'-2 NOT APPLICABLE,4 CAR,"On Grays Inn Road, near the junction with York Road.",2,23/06/2019 03:45:00 PM,Sunday,15.45,1 TLRN,A,501,2 ONE-WAY ST,20,06 CROSSROADS,2 AUTO SIG,A,5200,5 PEDN PHASE AT ATS,2 DAYLIGHT,1 FINE,1 ROAD-DRY,0 NONE,0 NONE,530348,182984,-0.122214,51.530729,,,Unknown,"(51.530729, -0.122214)",http://opendatacommunities.org/id/london-borough-council/camden,9128,21/12/2020 02:48:44 PM
1160007603,CAMDEN,1 Driver/Rider,1 Male,25-59,42,1,3 Slight,-2 Unknown,-2 N/A,3 Powered 2 Wheeler,MALDEN ROAD 5M N OF J/W MARSDEN ROAD,1,18/12/2016 07:36:00 PM,Sunday,19.36,3 Bor,B,517,3 Dual Cwy,1 <= 20 MPH,6 Crossroads,4 Give Way/Uncontrolled,Unclassified,0,1 Zebra,2 Dark,1 Fine,1 Road-Dry,0 None,6 Ped In Cwy (Not Inj),528250,184770,-0.151793,51.54726,,,Unknown,"(51.54726, -0.151793)",http://opendatacommunities.org/id/london-borough-council/camden,5787,21/12/2020 02:48:37 PM
0115EK40068,CAMDEN,1 Driver/Rider,1 Male,25-59,55,1,3 Slight,-2 Unknown,-2 N/A,3 Powered 2 Wheeler,WEST END LANE J/W BLACKBURN ROAD,2,01/02/2015 02:00:00 PM,Sunday,14.00,3 Bor,B,510,6 Single Cwy,2 30 MPH,3 T/Stag Jun,4 Give Way/Uncontrolled,Unclassified,0,0 No Xing Facility In 50m,1 Daylight,1 Fine,1 Road-Dry,0 None,0 None,525520,184670,-0.191179,51.546974,,,Unknown,"(51.546974, -0.191179)",http://opendatacommunities.org/id/london-borough-council/camden,4634,21/12/2020 02:48:35 PM
1160024442,CAMDEN,1 Driver/Rider,1 Male,25-59,25,1,3 Slight,-2 Unknown,-2 N/A,2 Pedal Cycle,SHAFTESBURY AVENUE J/W MERCER STREET,2,22/10/2016 06:15:00 PM,Saturday,18.15,3 Bor,A,401,6 Single Cwy,2 30 MPH,6 Crossroads,4 Give Way/Uncontrolled,Unclassified,0,1 Zebra,2 Dark,1 Fine,1 Road-Dry,0 None,0 None,530000,181140,-0.127908,51.514238,,,Unknown,"(51.514238, -0.127908)",http://opendatacommunities.org/id/london-borough-council/camden,5905,21/12/2020 02:48:38 PM
0115EK40924,CAMDEN,3 Pedestrian,2 Female,25-59,33,1,3 Slight,05 Crossing Road (Not On Xing),2 From Drivers N/Side Msk,1 Pedestrian,WEST END LANE J/W BLACKBURN ROAD.,1,30/09/2015 07:50:00 AM,Wednesday,7.50,3 Bor,B,510,6 Single Cwy,2 30 MPH,3 T/Stag Jun,4 Give Way/Uncontrolled,Unclassified,0,0 No Xing Facility In 50m,1 Daylight,1 Fine,1 Road-Dry,0 None,0 None,525520,184690,-0.191172,51.547154,,,Unknown,"(51.547154, -0.191172)",http://opendatacommunities.org/id/london-borough-council/camden,5357,21/12/2020 02:48:37 PM
1180154716,CAMDEN,1 Driver/Rider,1 Male,25-59,33,1,3 Slight,-2 Unknown,-2 N/A,3 Powered 2 Wheeler,BAYHAM STREET J/W GREENLAND STREET,2,28/12/2018 03:40:00 PM,Friday,15.40,3 Bor,A,503,6 Single Cwy,1 <= 20 MPH,3 T/Stag Jun,4 Give Way/Uncontrolled,Unclassified,0,4 Pelican Or Similar,1 Daylight,1 Fine,1 Road-Dry,0 None,0 None,529040,183800,-0.140761,51.538363,,,Unknown,"(51.538363, -0.140761)",http://opendatacommunities.org/id/london-borough-council/camden,8647,21/12/2020 02:48:43 PM
1190219749,CAMDEN,1 DRIVER/RIDER,1 MALE,25-59,53,1,3 SLIGHT,'-2 NOT APPLICABLE,1 FROM DRIVERS N/SIDE,9 PRIVATE HIRE,"On EUSTON ROAD, NW1, near the junction with CHURCHWAY, NW1.",2,21/11/2019 01:25:00 AM,Thursday,1.25,1 TLRN,A,501,6 SINGLE CWY,30,06 CROSSROADS,2 AUTO SIG,6,0,8 CENTRAL REFUGE,1 DARK,1 FINE,2 ROAD-WET,0 NONE,0 NONE,529836,182642,-0.129717,51.527774,,,Unknown,"(51.527774, -0.129717)",http://opendatacommunities.org/id/london-borough-council/camden,9536,21/12/2020 02:48:44 PM
1180115799,CAMDEN,1 Driver/Rider,1 Male,25-59,34,1,3 Slight,-2 Unknown,-2 N/A,3 Powered 2 Wheeler,NFL MECKLENBURGH PLACE 30M N  OF J/W GUILFORD STREET,2,20/06/2018 09:30:00 PM,Wednesday,21.30,3 Bor,Unclassified,0,7 Slip Rd,1 <= 20 MPH,0 No Jun In 20m,-2 Not Applicable,-2 Not Applicable,0,0 No Xing Facility In 50m,2 Dark,1 Fine,1 Road-Dry,0 None,0 None,530630,182260,-0.118419,51.524158,,,Unknown,"(51.524158, -0.118419)",http://opendatacommunities.org/id/london-borough-council/camden,8096,21/12/2020 02:48:42 PM
0115EK41121,CAMDEN,3 Pedestrian,2 Female,60+,82,1,3 Slight,06 On Footpath - Verge,9 Unknown Or Other,1 Pedestrian,"NFL - ABBEY ROAD, 50 METRES SE OF BELSIZE ROAD.",1,03/12/2015 04:00:00 PM,Thursday,16.00,3 Bor,B,507,6 Single Cwy,2 30 MPH,0 No Jun In 20m,-2 Not Applicable,-2 Not Applicable,0,5 Pedn Phase At Ats,1 Daylight,1 Fine,1 Road-Dry,0 None,0 None,525830,183840,-0.187007,51.539446,,,Unknown,"(51.539446, -0.187007)",http://opendatacommunities.org/id/london-borough-council/camden,5532,21/12/2020 02:48:37 PM
1190213191,CAMDEN,1 DRIVER/RIDER,1 MALE,25-59,54,1,2 SERIOUS,'-2 NOT APPLICABLE,'-2 NOT APPLICABLE,2 PEDAL CYCLE,"On Gloucester Gate, near the junction with Outer circle .",2,21/10/2019 07:00:00 PM,Monday,19.00,3 BOR,6,0,3 DUAL CWY,30,09 OTHER JUN,4 GIVE WAY/UNCONTROLLED,6,0,0 NO XING FACILITY IN 50M,1 DARK,1 FINE,1 ROAD-DRY,0 NONE,0 NONE,528541,183435,-0.148086,51.535196,,,Unknown,"(51.535196, -0.148086)",http://opendatacommunities.org/id/london-borough-council/camden,9459,21/12/2020 02:48:44 PM
0116EK40399,CAMDEN,1 Driver/Rider,1 Male,25-59,52,1,3 Slight,-2 Unknown,-2 N/A,2 Pedal Cycle,CAMDEN HIGH STREET 45M SE OF CASTLEHAVEN ROAD,2,05/05/2016 02:10:00 PM,Thursday,14.10,3 Bor,A,502,2 One-Way St,1 <= 20 MPH,0 No Jun In 20m,-2 Not Applicable,-2 Not Applicable,0,0 No Xing Facility In 50m,1 Daylight,1 Fine,1 Road-Dry,0 None,0 None,528710,184140,-0.145393,51.541494,,,Unknown,"(51.541494, -0.145393)",http://opendatacommunities.org/id/london-borough-council/camden,6316,21/12/2020 02:48:38 PM
0115QK59083,CAMDEN,3 Pedestrian,1 Male,25-59,42,1,2 Serious,04 Crossing Road Within 50m Xing,1 From Drivers N/Side,1 Pedestrian,KILBURN HIGH ROAD J/W WEST END LANE,1,03/12/2015 02:24:00 AM,Thursday,2.24,3 Bor,A,5,6 Single Cwy,2 30 MPH,3 T/Stag Jun,4 Give Way/Uncontrolled,Unclassified,0,4 Pelican Or Similar,2 Dark,1 Fine,1 Road-Dry,0 None,0 None,525360,183690,-0.193834,51.538202,,,Unknown,"(51.538202, -0.193834)",http://opendatacommunities.org/id/london-borough-council/camden,5629,21/12/2020 02:48:37 PM
0116EK40190,CAMDEN,2 Passenger,1 Male,25-59,49,1,3 Slight,-2 Unknown,-2 N/A,4 Car,FLEET ROAD J/W MANSFIELD ROAD.,3,28/03/2016 07:10:00 PM,Monday,19.10,3 Bor,B,518,6 Single Cwy,1 <= 20 MPH,6 Crossroads,2 Auto Sig,B,518,5 Pedn Phase At Ats,1 Daylight,2 Raining,2 Road-Wet,0 None,0 None,527760,185400,-0.158627,51.553033,,,Unknown,"(51.553033, -0.158627)",http://opendatacommunities.org/id/london-borough-council/camden,6135,21/12/2020 02:48:38 PM
1180153573,CAMDEN,1 Driver/Rider,1 Male,25-59,30,1,2 Serious,-2 Unknown,-2 N/A,3 Powered 2 Wheeler,KILBURN HIGH ROAD J/W PRIORY PARK ROAD,1,21/12/2018 07:40:00 AM,Friday,7.40,3 Bor,A,5,6 Single Cwy,2 30 MPH,3 T/Stag Jun,2 Auto Sig,Unclassified,0,4 Pelican Or Similar,2 Dark,2 Raining,2 Road-Wet,0 None,0 None,525180,183940,-0.196339,51.540489,,,Unknown,"(51.540489, -0.196339)",http://opendatacommunities.org/id/london-borough-council/camden,8633,21/12/2020 02:48:43 PM
1180133416,CAMDEN,1 Driver/Rider,2 Female,25-59,40,1,3 Slight,-2 Unknown,-2 N/A,2 Pedal Cycle,THEOBALDS ROAD J/W BOSWELL STREET,2,18/09/2018 10:47:00 PM,Tuesday,22.47,3 Bor,A,401,3 Dual Cwy,1 <= 20 MPH,3 T/Stag Jun,3 Stop Sign,A,401,0 No Xing Facility In 50m,1 Daylight,1 Fine,1 Road-Dry,0 None,0 None,530520,181750,-0.120193,51.5196,,,Unknown,"(51.5196, -0.120193)",http://opendatacommunities.org/id/london-borough-council/camden,8332,21/12/2020 02:48:42 PM
0116EK40286,CAMDEN,3 Pedestrian,2 Female,25-59,51,1,3 Slight,04 Crossing Road Within 50m Xing,1 From Drivers N/Side,1 Pedestrian,PENTONVILLE ROAD J/W YORK WAY.,1,27/04/2016 04:57:00 PM,Wednesday,16.57,1 TLRN,A,501,2 One-Way St,2 30 MPH,6 Crossroads,2 Auto Sig,A,5200,5 Pedn Phase At Ats,1 Daylight,1 Fine,1 Road-Dry,0 None,0 None,530340,182990,-0.122327,51.530785,,,Unknown,"(51.530785, -0.122327)",http://opendatacommunities.org/id/london-borough-council/camden,6222,21/12/2020 02:48:38 PM
1180137661,CAMDEN,1 Driver/Rider,1 Male,25-59,33,1,3 Slight,-2 Unknown,-2 N/A,3 Powered 2 Wheeler,HIGHGATE ROAD J/W GORDON HOUSE ROAD,2,05/10/2018 05:01:00 PM,Friday,17.01,3 Bor,B,518,6 Single Cwy,2 30 MPH,6 Crossroads,2 Auto Sig,B,518,5 Pedn Phase At Ats,1 Daylight,1 Fine,1 Road-Dry,0 None,0 None,528590,185800,-0.146516,51.556439,,,Unknown,"(51.556439, -0.146516)",http://opendatacommunities.org/id/london-borough-council/camden,8401,21/12/2020 02:48:42 PM
0115EK41089,CAMDEN,1 Driver/Rider,1 Male,16-24,21,1,3 Slight,-2 Unknown,-2 N/A,4 Car,EUSTON ROAD J/W EVERSHOLT STREET,2,06/12/2015 02:50:00 AM,Sunday,2.50,1 TLRN,A,501,3 Dual Cwy,2 30 MPH,3 T/Stag Jun,2 Auto Sig,A,4200,5 Pedn Phase At Ats,2 Dark,1 Fine,1 Road-Dry,0 None,0 None,529760,182590,-0.130831,51.527324,,,Unknown,"(51.527324, -0.130831)",http://opendatacommunities.org/id/london-borough-council/camden,5494,21/12/2020 02:48:37 PM
1180105377,CAMDEN,1 Driver/Rider,2 Female,25-59,28,1,3 Slight,-2 Unknown,-2 N/A,2 Pedal Cycle,GUILDFORD STREET J/W LAMBS CONDUIT STREET,2,02/05/2018 12:30:00 PM,Wednesday,12.30,3 Bor,B,502,6 Single Cwy,1 <= 20 MPH,3 T/Stag Jun,4 Give Way/Uncontrolled,C,0,1 Zebra,1 Daylight,2 Raining,2 Road-Wet,4 Roadworks,0 None,530570,182190,-0.11931,51.523543,,,Unknown,"(51.523543, -0.11931)",http://opendatacommunities.org/id/london-borough-council/camden,7950,21/12/2020 02:48:41 PM
0115EK40239,CAMDEN,2 Passenger,2 Female,25-59,40,1,3 Slight,-2 Unknown,-2 N/A,5 Taxi,CHENIES STREET J/W RIDGMOUNT STREET,2,28/03/2015 06:20:00 PM,Saturday,18.20,3 Bor,B,506,2 One-Way St,2 30 MPH,6 Crossroads,4 Give Way/Uncontrolled,Unclassified,0,0 No Xing Facility In 50m,1 Daylight,1 Fine,1 Road-Dry,0 None,0 None,529690,181890,-0.132097,51.521049,,,Unknown,"(51.521049, -0.132097)",http://opendatacommunities.org/id/london-borough-council/camden,4769,21/12/2020 02:48:36 PM
1190215738,CAMDEN,1 DRIVER/RIDER,2 FEMALE,U,,2,3 SLIGHT,'-2 NOT APPLICABLE,'-2 NOT APPLICABLE,4 CAR,"On Robert Street, near the junction with Albany Street.",1,03/11/2019 03:03:00 AM,Sunday,3.03,3 BOR,A,4201,6 SINGLE CWY,20,03 T/STAG JUN,2 AUTO SIG,6,0,9 UNKNOWN (S/R),2 DAYLIGHT,1 FINE,1 ROAD-DRY,4 ROADWORKS,0 NONE,528806,182842,-0.144484,51.529807,,,Unknown,"(51.529807, -0.144484)",http://opendatacommunities.org/id/london-borough-council/camden,9489,21/12/2020 02:48:44 PM
0116EK40297,CAMDEN,1 Driver/Rider,1 Male,25-59,40,1,3 Slight,-2 Unknown,-2 N/A,4 Car,"BELSIZE ROAD, 30 METRES SW OF ABBEY ROAD.",4,02/05/2016 08:00:00 PM,Monday,20.00,3 Bor,B,509,6 Single Cwy,2 30 MPH,0 No Jun In 20m,-2 Not Applicable,-2 Not Applicable,0,5 Pedn Phase At Ats,1 Daylight,1 Fine,2 Road-Wet,0 None,0 None,525780,183860,-0.18772,51.539637,,,Unknown,"(51.539637, -0.18772)",http://opendatacommunities.org/id/london-borough-council/camden,6233,21/12/2020 02:48:38 PM
1170031185,CAMDEN,1 Driver/Rider,1 Male,25-59,40,1,3 Slight,-2 Unknown,-2 N/A,3 Powered 2 Wheeler,YORK WAY J/W GOODS WAY,2,08/04/2017 08:00:00 PM,Saturday,20.00,3 Bor,A,5200,6 Single Cwy,1 <= 20 MPH,3 T/Stag Jun,2 Auto Sig,C,0,5 Pedn Phase At Ats,1 Daylight,1 Fine,1 Road-Dry,0 None,0 None,530330,183460,-0.122297,51.535011,,,Unknown,"(51.535011, -0.122297)",http://opendatacommunities.org/id/london-borough-council/camden,6872,21/12/2020 02:48:39 PM
1190161331,CAMDEN,1 DRIVER/RIDER,2 FEMALE,16-24,22,1,3 SLIGHT,'-2 NOT APPLICABLE,'-2 NOT APPLICABLE,4 CAR,"On Oxford Street, near the junction with TOTTENHAM COURT ROAD.",3,03/02/2019 08:40:00 PM,Sunday,20.40,3 BOR,A,40,6 SINGLE CWY,30,06 CROSSROADS,2 AUTO SIG,A,400,5 PEDN PHASE AT ATS,1 DARK,1 FINE,1 ROAD-DRY,0 NONE,0 NONE,529797,181375,-0.130746,51.516396,,,Unknown,"(51.516396, -0.130746)",http://opendatacommunities.org/id/london-borough-council/camden,8754,21/12/2020 02:48:43 PM
0116EK40328,CAMDEN,1 Driver/Rider,2 Female,25-59,54,1,3 Slight,-2 Unknown,-2 N/A,4 Car,GILLIES STREET J/W WOODYARD CLOSE,4,09/05/2016 04:18:00 PM,Monday,16.18,3 Bor,Unclassified,0,6 Single Cwy,1 <= 20 MPH,3 T/Stag Jun,4 Give Way/Uncontrolled,Unclassified,0,0 No Xing Facility In 50m,1 Daylight,1 Fine,1 Road-Dry,0 None,0 None,528460,185160,-0.148624,51.550717,,,Unknown,"(51.550717, -0.148624)",http://opendatacommunities.org/id/london-borough-council/camden,6259,21/12/2020 02:48:38 PM
0115EK41129,CAMDEN,1 Driver/Rider,2 Female,25-59,28,1,3 Slight,-2 Unknown,-2 N/A,4 Car,WHITESTONE WALK J/W WEST HEATH ROAD.,1,16/12/2015 09:27:00 AM,Wednesday,9.27,3 Bor,C,0,6 Single Cwy,2 30 MPH,6 Crossroads,4 Give Way/Uncontrolled,C,0,0 No Xing Facility In 50m,1 Daylight,1 Fine,1 Road-Dry,0 None,0 None,526230,186300,-0.18036,51.561465,,,Unknown,"(51.561465, -0.18036)",http://opendatacommunities.org/id/london-borough-council/camden,5539,21/12/2020 02:48:37 PM
0115EK40695,CAMDEN,1 Driver/Rider,1 Male,25-59,49,1,3 Slight,-2 Unknown,-2 N/A,2 Pedal Cycle,HAMPSTEAD ROAD J/W EUSTON ROAD,2,10/08/2015 01:30:00 PM,Monday,13.30,1 TLRN,A,400,3 Dual Cwy,2 30 MPH,7 Multi Jun,2 Auto Sig,A,501,5 Pedn Phase At Ats,1 Daylight,1 Fine,1 Road-Dry,0 None,0 None,529250,182340,-0.138271,51.525194,,,Unknown,"(51.525194, -0.138271)",http://opendatacommunities.org/id/london-borough-council/camden,5169,21/12/2020 02:48:36 PM
0115EK40468,CAMDEN,1 Driver/Rider,1 Male,25-59,47,1,3 Slight,-2 Unknown,-2 N/A,3 Powered 2 Wheeler,SOUTHAMPTON ROW J/W HIGH HOLBORN,2,11/06/2015 05:31:00 PM,Thursday,17.31,3 Bor,A,4200,2 One-Way St,2 30 MPH,6 Crossroads,2 Auto Sig,A,40,5 Pedn Phase At Ats,1 Daylight,1 Fine,2 Road-Wet,0 None,0 None,530500,181530,-0.120562,51.517627,,,Unknown,"(51.517627, -0.120562)",http://opendatacommunities.org/id/london-borough-council/camden,4959,21/12/2020 02:48:36 PM
1170031162,CAMDEN,3 Pedestrian,1 Male,60+,64,1,2 Serious,09 In Road - Not Crossing,5 In Rd Not Crossing,1 Pedestrian,GRAYS INN ROAD J/W CLARKENWELL ROAD,1,01/04/2017 07:30:00 PM,Saturday,19.30,1 TLRN,A,501,6 Single Cwy,2 30 MPH,6 Crossroads,2 Auto Sig,A,5200,0 No Xing Facility In 50m,1 Daylight,1 Fine,1 Road-Dry,0 None,0 None,530530,182740,-0.119682,51.528494,,,Unknown,"(51.528494, -0.119682)",http://opendatacommunities.org/id/london-borough-council/camden,6869,21/12/2020 02:48:39 PM
0115EK40425,CAMDEN,1 Driver/Rider,1 Male,25-59,25,1,3 Slight,-2 Unknown,-2 N/A,2 Pedal Cycle,GORDON STREET J/W TAVISTOCK SQUARE,2,29/05/2015 12:00:00 PM,Friday,12.00,3 Bor,C,0,6 Single Cwy,2 30 MPH,3 T/Stag Jun,4 Give Way/Uncontrolled,Unclassified,0,0 No Xing Facility In 50m,1 Daylight,2 Raining,2 Road-Wet,0 None,0 None,529840,182200,-0.129822,51.5238,,,Unknown,"(51.5238, -0.129822)",http://opendatacommunities.org/id/london-borough-council/camden,4917,21/12/2020 02:48:36 PM
0116EK40141,CAMDEN,3 Pedestrian,2 Female,0-15,9,1,3 Slight,05 Crossing Road (Not On Xing),2 From Drivers N/Side Msk,1 Pedestrian,BARTHOLOMEW RD J/W LEIGHTON RD,1,11/03/2016 09:00:00 AM,Friday,9.00,3 Bor,C,0,6 Single Cwy,1 <= 20 MPH,3 T/Stag Jun,4 Give Way/Uncontrolled,Unclassified,0,0 No Xing Facility In 50m,1 Daylight,1 Fine,1 Road-Dry,0 None,0 None,529420,185170,-0.134782,51.550588,,,Unknown,"(51.550588, -0.134782)",http://opendatacommunities.org/id/london-borough-council/camden,6098,21/12/2020 02:48:38 PM
1190173382,CAMDEN,3 PEDESTRIAN,1 MALE,16-24,18,2,3 SLIGHT,01 CROSSING ROAD ON PED XING,'-2 NOT APPLICABLE,1 PEDESTRIAN,"On Euston Road, near the junction with Hampsted Road.",1,04/04/2019 04:28:00 PM,Thursday,16.28,1 TLRN,A,501,3 DUAL CWY,30,06 CROSSROADS,2 AUTO SIG,A,400,4 PELICAN OR SIMILAR,2 DAYLIGHT,2 RAINING,2 ROAD-WET,0 NONE,0 NONE,529250,182336,-0.138272,51.525158,,,Unknown,"(51.525158, -0.138272)",http://opendatacommunities.org/id/london-borough-council/camden,8908,21/12/2020 02:48:44 PM
1180128546,CAMDEN,3 Pedestrian,1 Male,60+,77,1,1 Fatal,10 Unknown,9 Unknown Or Other,1 Pedestrian,LEIGHTON ROAD J/W LEVERTON STREET,2,23/08/2018 02:55:00 AM,Thursday,2.55,3 Bor,C,0,6 Single Cwy,1 <= 20 MPH,3 T/Stag Jun,4 Give Way/Uncontrolled,Unclassified,0,0 No Xing Facility In 50m,2 Dark,1 Fine,1 Road-Dry,0 None,0 None,529070,185190,-0.13982,51.550848,,,Unknown,"(51.550848, -0.13982)",http://opendatacommunities.org/id/london-borough-council/camden,8270,21/12/2020 02:48:42 PM
1190163189,CAMDEN,1 DRIVER/RIDER,1 MALE,25-59,29,1,3 SLIGHT,'-2 NOT APPLICABLE,'-2 NOT APPLICABLE,4 CAR,"On Leighton Road, near the junction with Kentish town road.",2,14/02/2019 02:50:00 AM,Wednesday,2.50,3 BOR,A,400,6 SINGLE CWY,20,03 T/STAG JUN,2 AUTO SIG,A,400,5 PEDN PHASE AT ATS,2 DAYLIGHT,1 FINE,1 ROAD-DRY,0 NONE,0 NONE,529044,185191,-0.140194,51.550863,,,Unknown,"(51.550863, -0.140194)",http://opendatacommunities.org/id/london-borough-council/camden,8780,21/12/2020 02:48:43 PM
1180126025,CAMDEN,1 Driver/Rider,1 Male,25-59,33,1,2 Serious,-2 Unknown,-2 N/A,3 Powered 2 Wheeler,FORTESS ROAD J/W HIGHGATE ROAD,1,09/08/2018 09:00:00 AM,Thursday,9.00,3 Bor,A,400,6 Single Cwy,1 <= 20 MPH,3 T/Stag Jun,2 Auto Sig,B,518,5 Pedn Phase At Ats,1 Daylight,1 Fine,2 Road-Wet,0 None,0 None,528970,185280,-0.141228,51.551679,,,Unknown,"(51.551679, -0.141228)",http://opendatacommunities.org/id/london-borough-council/camden,8234,21/12/2020 02:48:42 PM
1170027590,CAMDEN,1 Driver/Rider,2 Female,25-59,25,1,3 Slight,-2 Unknown,-2 N/A,2 Pedal Cycle,SAINSBURYS SUPERMARKETS LTD J/W BELMONT STREET,2,23/03/2017 05:45:00 PM,Thursday,17.45,3 Bor,A,502,6 Single Cwy,1 <= 20 MPH,3 T/Stag Jun,4 Give Way/Uncontrolled,Unclassified,0,5 Pedn Phase At Ats,1 Daylight,1 Fine,1 Road-Dry,0 None,2 Other Object In Cwy,528290,184350,-0.151369,51.543476,,,Unknown,"(51.543476, -0.151369)",http://opendatacommunities.org/id/london-borough-council/camden,6813,21/12/2020 02:48:39 PM
1170058003,CAMDEN,1 Driver/Rider,1 Male,60+,60,1,3 Slight,-2 Unknown,-2 N/A,2 Pedal Cycle,"BAYNES STREET, 23M W OF J/W ROYAL COLLEGE STREET",2,15/08/2017 05:35:00 PM,Tuesday,17.35,3 Bor,Unclassified,0,2 One-Way St,1 <= 20 MPH,0 No Jun In 20m,-2 Not Applicable,-2 Not Applicable,0,1 Zebra,1 Daylight,1 Fine,1 Road-Dry,0 None,0 None,529266,184093,-0.137397,51.540944,,,Unknown,"(51.540944, -0.137397)",http://opendatacommunities.org/id/london-borough-council/camden,7308,21/12/2020 02:48:40 PM
0115EK40287,CAMDEN,3 Pedestrian,2 Female,25-59,49,1,3 Slight,04 Crossing Road Within 50m Xing,3 From Drivers O/Side,1 Pedestrian,HAMPSTEAD ROAD J/W EUSTON ROAD,1,15/04/2015 04:45:00 PM,Wednesday,16.45,1 TLRN,A,400,6 Single Cwy,2 30 MPH,6 Crossroads,2 Auto Sig,A,501,5 Pedn Phase At Ats,1 Daylight,1 Fine,1 Road-Dry,0 None,0 None,529250,182320,-0.138278,51.525014,,,Unknown,"(51.525014, -0.138278)",http://opendatacommunities.org/id/london-borough-council/camden,4811,21/12/2020 02:48:36 PM
1190158358,CAMDEN,1 DRIVER/RIDER,1 MALE,16-24,23,1,3 SLIGHT,'-2 NOT APPLICABLE,'-2 NOT APPLICABLE,3 POWERED 2 WHEELER,"On Acton Street, 5 metres east of the junction with SWINTON PLACE.",3,19/01/2019 11:52:00 AM,Saturday,11.52,1 TLRN,5,0,2 ONE-WAY ST,20,03 T/STAG JUN,4 GIVE WAY/UNCONTROLLED,6,0,1 ZEBRA,2 DAYLIGHT,1 FINE,1 ROAD-DRY,0 NONE,0 NONE,530704,182752,-0.117171,51.528562,,,Unknown,"(51.528562, -0.117171)",http://opendatacommunities.org/id/london-borough-council/camden,8705,21/12/2020 02:48:43 PM
1190158706,CAMDEN,1 DRIVER/RIDER,1 MALE,25-59,35,1,3 SLIGHT,'-2 NOT APPLICABLE,'-2 NOT APPLICABLE,3 POWERED 2 WHEELER,"On Torriano Avenue, 50 metres south of the junction with Leighton Road.",3,21/01/2019 05:37:00 PM,Monday,17.37,3 BOR,A,5200,2 ONE-WAY ST,20,00 NO JUN IN 20M,,0,0,1 ZEBRA,1 DARK,1 FINE,1 ROAD-DRY,0 NONE,0 NONE,529595,185081,-0.132292,51.549748,,,Unknown,"(51.549748, -0.132292)",http://opendatacommunities.org/id/london-borough-council/camden,8709,21/12/2020 02:48:43 PM
1170038789,CAMDEN,1 Driver/Rider,2 Female,25-59,25,1,3 Slight,-2 Unknown,-2 N/A,2 Pedal Cycle,YORK WAY J/W MARKET ROAD,2,06/04/2017 02:30:00 PM,Thursday,14.30,3 Bor,A,5200,6 Single Cwy,2 30 MPH,3 T/Stag Jun,4 Give Way/Uncontrolled,Unclassified,0,9 Unknown (S/R),1 Daylight,1 Fine,1 Road-Dry,0 None,0 None,530020,184570,-0.126355,51.545058,,,Unknown,"(51.545058, -0.126355)",http://opendatacommunities.org/id/london-borough-council/camden,6990,21/12/2020 02:48:39 PM
1180095155,CAMDEN,1 Driver/Rider,1 Male,16-24,22,1,3 Slight,-2 Unknown,-2 N/A,4 Car,NFL - CANFIELD GARDENS J/W FINCHLEY RD,2,09/03/2018 08:15:00 PM,Friday,20.15,1 TLRN,A,41,9 Unknown,2 30 MPH,3 T/Stag Jun,4 Give Way/Uncontrolled,C,0,9 Unknown (S/R),1 Daylight,2 Raining,2 Road-Wet,9 Unknown (S/R),0 None,526320,184670,-0.179648,51.546796,,,Unknown,"(51.546796, -0.179648)",http://opendatacommunities.org/id/london-borough-council/camden,7807,21/12/2020 02:48:41 PM
1180086370,CAMDEN,2 Passenger,1 Male,25-59,27,1,3 Slight,-2 Unknown,-2 N/A,4 Car,CANTELOWES ROAD J/W SOUTH VILLAS NW1,2,28/01/2018 09:30:00 PM,Sunday,21.30,3 Bor,Unclassified,0,6 Single Cwy,2 30 MPH,6 Crossroads,4 Give Way/Uncontrolled,Unclassified,0,0 No Xing Facility In 50m,2 Dark,1 Fine,1 Road-Dry,0 None,0 None,529740,184590,-0.130383,51.545302,,,Unknown,"(51.545302, -0.130383)",http://opendatacommunities.org/id/london-borough-council/camden,7697,21/12/2020 02:48:41 PM
0116EK40108,CAMDEN,1 Driver/Rider,1 Male,25-59,36,1,3 Slight,-2 Unknown,-2 N/A,5 Taxi,ST GILES HIGH STREET J/W NEW COMPTON STREET.,2,27/02/2016 08:50:00 PM,Saturday,20.50,3 Bor,A,40,2 One-Way St,1 <= 20 MPH,3 T/Stag Jun,4 Give Way/Uncontrolled,Unclassified,0,0 No Xing Facility In 50m,2 Dark,1 Fine,1 Road-Dry,0 None,0 None,530010,181280,-0.127713,51.515494,,,Unknown,"(51.515494, -0.127713)",http://opendatacommunities.org/id/london-borough-council/camden,6067,21/12/2020 02:48:38 PM
1170011356,CAMDEN,1 Driver/Rider,1 Male,25-59,44,1,3 Slight,-2 Unknown,-2 N/A,5 Taxi,WOBURN PLACE J/W RUSSELL SQUARE,2,12/01/2017 04:07:00 PM,Thursday,16.07,3 Bor,A,4200,6 Single Cwy,2 30 MPH,6 Crossroads,2 Auto Sig,B,504,5 Pedn Phase At Ats,2 Dark,3 Snowing,2 Road-Wet,0 None,0 None,530118,182106,-0.125852,51.522892,,,Unknown,"(51.522892, -0.125852)",http://opendatacommunities.org/id/london-borough-council/camden,6576,21/12/2020 02:48:39 PM