Reference,London Borough Name,Casualty Class,Casualty Sex,Casualty Age Band,Casualty Age,Number Of Casualties,Casualty Severity,Pedestrian Location,Pedestrian Movement,Mode Of Travel,Attendant Location,Number Of Vehicles,Date,Day,Time,Highway,Road Class 1,Road Number 1,Road Type,Speed Limit,Junction Detail,Junction Control,Road Class 2,Road Number 2,Pedestrian Crossing,Light Condition Band,Weather,Road Surface,Special Conditions,Carriage Way Hazard,Easting,Northing,Longitude,Latitude,Ward Code,Ward Name,Spatial Accuracy,Location,Organisation URI,Socrata ID,Last Uploaded
1160004318,CAMDEN,1 Driver/Rider,1 Male,60+,60,1,3 Slight,-2 Unknown,-2 N/A,5 Taxi,CAMDEN ROAD 30M N OF J/W MURRY STREET,3,01/12/2016 04:30:00 AM,Thursday,4.30,1 TLRN,A,503,6 Single Cwy,2 30 MPH,0 No Jun In 20m,-2 Not Applicable,-2 Not Applicable,0,0 No Xing Facility In 50m,2 Dark,1 Fine,4 Road-Frost/Ice,4 Roadworks,0 None,529470,184564,-0.134284,51.54513,,,Unknown,"(51.54513, -0.134284)",http://opendatacommunities.org/id/london-borough-council/camden,5715,21/12/2020 02:48:37 PM
0115EK40999,CAMDEN,2 Passenger,2 Female,16-24,24,1,3 Slight,-2 Unknown,-2 N/A,4 Car,CAMDEN ROAD J/W CAMDEN STREET,2,11/11/2015 03:07:00 AM,Wednesday,3.07,1 TLRN,A,503,6 Single Cwy,2 30 MPH,6 Crossroads,2 Auto Sig,A,400,5 Pedn Phase At Ats,2 Dark,1 Fine,1 Road-Dry,0 None,0 None,529090,184040,-0.139953,51.540508,,,Unknown,"(51.540508, -0.139953)",http://opendatacommunities.org/id/london-borough-council/camden,5426,21/12/2020 02:48:37 PM
1180150668,CAMDEN,2 Passenger,2 Female,Unknown,0,1,3 Slight,-2 Unknown,-2 N/A,4 Car,ROSSLYN HILL 25M E OF J/W POND STREET,2,07/12/2018 09:05:00 AM,Friday,9.05,3 Bor,A,502,6 Single Cwy,3 40 MPH,0 No Jun In 20m,-2 Not Applicable,-2 Not Applicable,0,5 Pedn Phase At Ats,1 Daylight,8 Other,2 Road-Wet,0 None,0 None,527030,185390,-0.169154,51.553107,,,Unknown,"(51.553107, -0.169154)",http://opendatacommunities.org/id/london-borough-council/camden,8591,21/12/2020 02:48:43 PM
1190226067,CAMDEN,3 PEDESTRIAN,2 FEMALE,25-59,42,1,3 SLIGHT,10 UNKNOWN OR OTHER,'-2 NOT APPLICABLE,1 PEDESTRIAN,"On Rosslyn Hill, near the junction with Lyndhurst Road.",1,17/12/2019 01:00:00 PM,Tuesday,13.00,3 BOR,A,502,7 SLIP RD,30,06 CROSSROADS,2 AUTO SIG,B,518,0 NO XING FACILITY IN 50M,2 DAYLIGHT,1 FINE,2 ROAD-WET,0 NONE,0 NONE,527017,185402,-0.169337,51.553218,,,Unknown,"(51.553218, -0.169337)",http://opendatacommunities.org/id/london-borough-council/camden,9633,21/12/2020 02:48:45 PM
0115EK40464,CAMDEN,3 Pedestrian,2 Female,25-59,30,1,3 Slight,01 Crossing Road On Ped Xing,3 From Drivers O/Side,1 Pedestrian,NFL- KENTISH TOWN ROAD J/W CAMDEN ROAD,1,09/06/2015 07:35:00 AM,Tuesday,7.35,1 TLRN,A,400,6 Single Cwy,2 30 MPH,6 Crossroads,4 Give Way/Uncontrolled,A,503,4 Pelican Or Similar,1 Daylight,1 Fine,1 Road-Dry,0 None,0 None,528920,183910,-0.14245,51.539379,,,Unknown,"(51.539379, -0.14245)",http://opendatacommunities.org/id/london-borough-council/camden,4955,21/12/2020 02:48:36 PM
1170068578,CAMDEN,1 Driver/Rider,2 Female,25-59,32,1,3 Slight,-2 Unknown,-2 N/A,2 Pedal Cycle,TOTTENHAM COURT ROAD J/W OXFORD STREET,2,01/11/2017 08:45:00 AM,Wednesday,8.45,3 Bor,A,400,7 Slip Rd,2 30 MPH,6 Crossroads,9 Unknown (S/R),A,40,9 Unknown (S/R),1 Daylight,1 Fine,1 Road-Dry,0 None,0 None,529810,181380,-0.130557,51.516438,,,Unknown,"(51.516438, -0.130557)",http://opendatacommunities.org/id/london-borough-council/camden,7489,21/12/2020 02:48:41 PM
0116EK40272,CAMDEN,3 Pedestrian,2 Female,16-24,17,1,3 Slight,05 Crossing Road (Not On Xing),4 From Drivers O/Side Msk,1 Pedestrian,FORTESS ROAD 63M S OF DARTMOUTH PARK HILL,1,23/04/2016 12:23:00 AM,Saturday,0.23,3 Bor,A,400,6 Single Cwy,2 30 MPH,0 No Jun In 20m,-2 Not Applicable,-2 Not Applicable,0,0 No Xing Facility In 50m,2 Dark,2 Raining,2 Road-Wet,0 None,0 None,529120,185800,-0.138875,51.556318,,,Unknown,"(51.556318, -0.138875)",http://opendatacommunities.org/id/london-borough-council/camden,6210,21/12/2020 02:48:38 PM
1180086462,CAMDEN,1 Driver/Rider,2 Female,25-59,48,1,2 Serious,-2 Unknown,-2 N/A,4 Car,ETON AVENUE J/W CROSSFIELD ROAD,3,29/01/2018 08:22:00 AM,Monday,8.22,3 Bor,Unclassified,0,6 Single Cwy,1 <= 20 MPH,3 T/Stag Jun,4 Give Way/Uncontrolled,Unclassified,0,0 No Xing Facility In 50m,1 Daylight,1 Fine,1 Road-Dry,0 None,0 None,526910,184420,-0.171234,51.544417,,,Unknown,"(51.544417, -0.171234)",http://opendatacommunities.org/id/london-borough-council/camden,7701,21/12/2020 02:48:41 PM
1180099765,CAMDEN,1 Driver/Rider,1 Male,25-59,42,1,3 Slight,-2 Unknown,-2 N/A,2 Pedal Cycle,EUSTON ROAD J/W JUDD STREET,2,03/04/2018 06:30:00 PM,Tuesday,18.30,1 TLRN,A,501,3 Dual Cwy,2 30 MPH,6 Crossroads,2 Auto Sig,B,504,5 Pedn Phase At Ats,1 Daylight,1 Fine,1 Road-Dry,0 None,0 None,530080,182790,-0.126147,51.529048,,,Unknown,"(51.529048, -0.126147)",http://opendatacommunities.org/id/london-borough-council/camden,7864,21/12/2020 02:48:41 PM
0116EK40087,CAMDEN,3 Pedestrian,2 Female,0-15,15,1,2 Serious,01 Crossing Road On Ped Xing,1 From Drivers N/Side,1 Pedestrian,QUEEN'S CRESCENT J/W MALDEN ROAD.,1,17/02/2016 05:30:00 PM,Wednesday,17.30,3 Bor,Unclassified,0,6 Single Cwy,1 <= 20 MPH,6 Crossroads,4 Give Way/Uncontrolled,B,517,1 Zebra,2 Dark,2 Raining,2 Road-Wet,0 None,0 None,528160,184990,-0.15301,51.549257,,,Unknown,"(51.549257, -0.15301)",http://opendatacommunities.org/id/london-borough-council/camden,6049,21/12/2020 02:48:38 PM
0115EK40197,CAMDEN,1 Driver/Rider,2 Female,25-59,49,1,3 Slight,-2 Unknown,-2 N/A,2 Pedal Cycle,PARKWAY J/W CAMDEN HIGH STREET,2,11/03/2015 04:08:00 PM,Wednesday,16.08,1 TLRN,A,4201,6 Single Cwy,2 30 MPH,6 Crossroads,2 Auto Sig,A,502,5 Pedn Phase At Ats,1 Daylight,1 Fine,1 Road-Dry,0 None,0 None,528911,183867,-0.142596,51.538994,,,Unknown,"(51.538994, -0.142596)",http://opendatacommunities.org/id/london-borough-council/camden,4736,21/12/2020 02:48:36 PM
0115EK40187,CAMDEN,1 Driver/Rider,2 Female,25-59,38,1,3 Slight,-2 Unknown,-2 N/A,2 Pedal Cycle,INGESTRE ROAD 55M NW OF J/W BURGHLEY ROAD,2,07/03/2015 08:00:00 AM,Saturday,8.00,3 Bor,Unclassified,0,6 Single Cwy,2 30 MPH,0 No Jun In 20m,-2 Not Applicable,-2 Not Applicable,0,0 No Xing Facility In 50m,1 Daylight,1 Fine,1 Road-Dry,0 None,0 None,528930,185860,-0.141592,51.556901,,,Unknown,"(51.556901, -0.141592)",http://opendatacommunities.org/id/london-borough-council/camden,4729,21/12/2020 02:48:36 PM
1160000454,CAMDEN,1 Driver/Rider,1 Male,25-59,34,1,3 Slight,-2 Unknown,-2 N/A,3 Powered 2 Wheeler,HAVERSTOCK HILL J/W PARKHILL ROAD NW3,2,05/11/2016 08:20:00 AM,Saturday,8.20,3 Bor,A,502,6 Single Cwy,1 <= 20 MPH,3 T/Stag Jun,4 Give Way/Uncontrolled,Unclassified,0,0 No Xing Facility In 50m,1 Daylight,1 Fine,1 Road-Dry,0 None,2 Other Object In Cwy,527710,184760,-0.15958,51.547292,,,Unknown,"(51.547292, -0.15958)",http://opendatacommunities.org/id/london-borough-council/camden,5644,21/12/2020 02:48:37 PM
0116EK40104,CAMDEN,1 Driver/Rider,1 Male,25-59,36,1,3 Slight,-2 Unknown,-2 N/A,3 Powered 2 Wheeler,ROYAL COLLEGE STREET J/W CAMDEN STREET.,2,26/02/2016 08:38:00 PM,Friday,20.38,1 TLRN,A,5202,2 One-Way St,1 <= 20 MPH,6 Crossroads,2 Auto Sig,A,503,5 Pedn Phase At Ats,2 Dark,1 Fine,1 Road-Dry,4 Roadworks,0 None,529200,184170,-0.13832,51.541651,,,Unknown,"(51.541651, -0.13832)",http://opendatacommunities.org/id/london-borough-council/camden,6062,21/12/2020 02:48:38 PM
0115EK41171,CAMDEN,1 Driver/Rider,1 Male,25-59,44,1,3 Slight,-2 Unknown,-2 N/A,2 Pedal Cycle,SOUTHAMPTON ROW J/W RUSSELL SQUARE.,2,31/12/2015 04:00:00 PM,Thursday,16.00,3 Bor,A,4200,6 Single Cwy,2 30 MPH,3 T/Stag Jun,2 Auto Sig,A,4200,5 Pedn Phase At Ats,1 Daylight,1 Fine,1 Road-Dry,0 None,0 None,530250,181930,-0.124016,51.52128,,,Unknown,"(51.52128, -0.124016)",http://opendatacommunities.org/id/london-borough-council/camden,5569,21/12/2020 02:48:37 PM
0115EK40993,CAMDEN,2 Passenger,2 Female,25-59,52,1,3 Slight,-2 Unknown,-2 N/A,4 Car,HAVERSTOCK HILL J/W UPPER PARK ROAD.,3,06/11/2015 03:43:00 PM,Friday,15.43,3 Bor,A,502,6 Single Cwy,2 30 MPH,3 T/Stag Jun,4 Give Way/Uncontrolled,Unclassified,0,0 No Xing Facility In 50m,1 Daylight,1 Fine,1 Road-Dry,0 None,0 None,527500,184960,-0.162534,51.549137,,,Unknown,"(51.549137, -0.162534)",http://opendatacommunities.org/id/london-borough-council/camden,5419,21/12/2020 02:48:37 PM
1170057621,CAMDEN,3 Pedestrian,2 Female,60+,76,1,2 Serious,01 Crossing Road On Ped Xing,3 From Drivers O/Side,1 Pedestrian,HARBEN PARADE 100M N OF J/W ADELAIDE ROAD THE NEAREST CLASSIFIED R,2,06/09/2017 12:30:00 PM,Wednesday,12.30,1 TLRN,A,41,3 Dual Cwy,2 30 MPH,0 No Jun In 20m,-2 Not Applicable,-2 Not Applicable,0,4 Pelican Or Similar,1 Daylight,2 Raining,1 Road-Dry,0 None,0 None,526540,184480,-0.176545,51.545039,,,Unknown,"(51.545039, -0.176545)",http://opendatacommunities.org/id/london-borough-council/camden,7300,21/12/2020 02:48:40 PM
1180090860,CAMDEN,1 Driver/Rider,1 Male,Unknown,0,1,3 Slight,-2 Unknown,-2 N/A,3 Powered 2 Wheeler,FINCHLEY ROAD J/W LYMINGTON ROAD,1,17/02/2018 06:04:00 PM,Saturday,18.04,1 TLRN,A,41,6 Single Cwy,1 <= 20 MPH,3 T/Stag Jun,2 Auto Sig,C,0,5 Pedn Phase At Ats,2 Dark,1 Fine,1 Road-Dry,0 None,0 None,526000,185120,-0.184099,51.550912,,,Unknown,"(51.550912, -0.184099)",http://opendatacommunities.org/id/london-borough-council/camden,7757,21/12/2020 02:48:41 PM
1180146664,CAMDEN,1 Driver/Rider,1 Male,25-59,50,1,3 Slight,-2 Unknown,-2 N/A,7 Goods Vehicle,FINCHLEY ROAD J/W BLACKBURN ROAD,2,19/11/2018 08:20:00 PM,Monday,20.20,1 TLRN,A,41,3 Dual Cwy,2 30 MPH,7 Multi Jun,2 Auto Sig,Unclassified,0,5 Pedn Phase At Ats,2 Dark,8 Other,2 Road-Wet,0 None,0 None,526225,184841,-0.180956,51.548354,,,Unknown,"(51.548354, -0.180956)",http://opendatacommunities.org/id/london-borough-council/camden,8533,21/12/2020 02:48:43 PM
1180102892,CAMDEN,1 Driver/Rider,2 Female,16-24,20,1,2 Serious,-2 Unknown,-2 N/A,4 Car,CAMDEN ROAD J/W CAMDEN ROAD,2,19/04/2018 09:45:00 PM,Thursday,21.45,1 TLRN,A,503,6 Single Cwy,1 <= 20 MPH,3 T/Stag Jun,2 Auto Sig,A,503,4 Pelican Or Similar,2 Dark,1 Fine,1 Road-Dry,0 None,0 None,529250,184290,-0.137555,51.542718,,,Unknown,"(51.542718, -0.137555)",http://opendatacommunities.org/id/london-borough-council/camden,7912,21/12/2020 02:48:41 PM
1170024732,CAMDEN,3 Pedestrian,2 Female,25-59,35,1,3 Slight,05 Crossing Road (Not On Xing),1 From Drivers N/Side,1 Pedestrian,GOWER STREET J/W GRAFTON WAY,1,10/03/2017 04:50:00 PM,Friday,16.50,3 Bor,A,400,6 Single Cwy,2 30 MPH,3 T/Stag Jun,9 Unknown (S/R),Unclassified,0,9 Unknown (S/R),1 Daylight,9 Unknown,1 Road-Dry,9 Unknown (S/R),0 None,529430,182310,-0.135689,51.524883,,,Unknown,"(51.524883, -0.135689)",http://opendatacommunities.org/id/london-borough-council/camden,6770,21/12/2020 02:48:39 PM
1180113381,CAMDEN,1 Driver/Rider,1 Male,25-59,47,1,3 Slight,-2 Unknown,-2 N/A,3 Powered 2 Wheeler,MALDEN ROAD J/W PRINCE OF WALES ROAD,2,10/06/2018 04:15:00 PM,Sunday,16.15,3 Bor,B,517,6 Single Cwy,1 <= 20 MPH,7 Multi Jun,2 Auto Sig,C,0,0 No Xing Facility In 50m,1 Daylight,1 Fine,1 Road-Dry,0 None,0 None,528330,184620,-0.150694,51.545894,,,Unknown,"(51.545894, -0.150694)",http://opendatacommunities.org/id/london-borough-council/camden,8063,21/12/2020 02:48:42 PM
0115EK40982,CAMDEN,1 Driver/Rider,1 Male,25-59,27,1,3 Slight,-2 Unknown,-2 N/A,3 Powered 2 Wheeler,CAMDEN STREET J/W CAMDEN ROAD.,1,04/11/2015 08:00:00 PM,Wednesday,20.00,1 TLRN,A,400,2 One-Way St,2 30 MPH,6 Crossroads,2 Auto Sig,A,503,5 Pedn Phase At Ats,2 Dark,2 Raining,2 Road-Wet,0 None,0 None,529080,184050,-0.140093,51.5406,,,Unknown,"(51.5406, -0.140093)",http://opendatacommunities.org/id/london-borough-council/camden,5413,21/12/2020 02:48:37 PM
0116EK40253,CAMDEN,1 Driver/Rider,1 Male,25-59,36,1,3 Slight,-2 Unknown,-2 N/A,7 Goods Vehicle,ST PANCRAS WAY 27M SOUTH J/W COLLEGE GROVE,2,11/01/2016 03:55:00 PM,Monday,15.55,3 Bor,A,5202,6 Single Cwy,2 30 MPH,0 No Jun In 20m,-2 Not Applicable,-2 Not Applicable,0,1 Zebra,1 Daylight,1 Fine,1 Road-Dry,0 None,0 None,529570,183750,-0.133142,51.537792,,,Unknown,"(51.537792, -0.133142)",http://opendatacommunities.org/id/london-borough-council/camden,6191,21/12/2020 02:48:38 PM
1160024415,CAMDEN,1 Driver/Rider,1 Male,25-59,30,1,3 Slight,-2 Unknown,-2 N/A,2 Pedal Cycle,ARGYLE STREET J/W EUSTON ROAD,2,14/10/2016 03:10:00 PM,Friday,15.10,1 TLRN,C,0,2 One-Way St,1 <= 20 MPH,3 T/Stag Jun,4 Give Way/Uncontrolled,A,501,4 Pelican Or Similar,1 Daylight,1 Fine,1 Road-Dry,0 None,0 None,530210,182860,-0.124248,51.529647,,,Unknown,"(51.529647, -0.124248)",http://opendatacommunities.org/id/london-borough-council/camden,5903,21/12/2020 02:48:38 PM
1180104504,CAMDEN,1 Driver/Rider,1 Male,25-59,57,1,3 Slight,-2 Unknown,-2 N/A,7 Goods Vehicle,FINCHLEY ROAD 5M S OF J/W SUMPTER CLOSE,3,27/04/2018 06:30:00 PM,Friday,18.30,1 TLRN,A,41,3 Dual Cwy,2 30 MPH,6 Crossroads,2 Auto Sig,Unclassified,0,4 Pelican Or Similar,1 Daylight,2 Raining,1 Road-Dry,0 None,0 None,526320,184700,-0.179637,51.547066,,,Unknown,"(51.547066, -0.179637)",http://opendatacommunities.org/id/london-borough-council/camden,7938,21/12/2020 02:48:41 PM
0116EK40469,CAMDEN,1 Driver/Rider,1 Male,16-24,23,1,3 Slight,-2 Unknown,-2 N/A,2 Pedal Cycle,ST PANCRAS WAY J/W CAMDEN ROAD,2,01/07/2016 01:45:00 AM,Friday,1.45,1 TLRN,A,5202,6 Single Cwy,2 30 MPH,6 Crossroads,2 Auto Sig,A,503,5 Pedn Phase At Ats,2 Dark,9 Unknown,1 Road-Dry,0 None,0 None,529270,184280,-0.137271,51.542624,,,Unknown,"(51.542624, -0.137271)",http://opendatacommunities.org/id/london-borough-council/camden,6378,21/12/2020 02:48:38 PM
1160024378,CAMDEN,2 Passenger,1 Male,60+,60,1,3 Slight,-2 Unknown,-2 N/A,6 Bus Or Coach,EVERSHOLT STREET 25M S OF J/W CROWNDALE ROAD,1,04/10/2016 08:02:00 PM,Tuesday,20.02,3 Bor,A,4200,6 Single Cwy,2 30 MPH,0 No Jun In 20m,-2 Not Applicable,-2 Not Applicable,0,5 Pedn Phase At Ats,2 Dark,1 Fine,1 Road-Dry,0 None,0 None,529210,183340,-0.13848,51.53419,,,Unknown,"(51.53419, -0.13848)",http://opendatacommunities.org/id/london-borough-council/camden,5894,21/12/2020 02:48:38 PM
1160008173,CAMDEN,1 Driver/Rider,1 Male,25-59,36,1,3 Slight,-2 Unknown,-2 N/A,4 Car,KINGSWAY J/W GATE STREET,2,15/12/2016 06:47:00 AM,Thursday,6.47,3 Bor,A,4200,6 Single Cwy,1 <= 20 MPH,99 Unknown (S/R),9 Unknown (S/R),Unclassified,0,9 Unknown (S/R),2 Dark,9 Unknown,9 Unknown (S/R),9 Unknown (S/R),9 Unknown (S/R),530530,181460,-0.120156,51.516991,,,Unknown,"(51.516991, -0.120156)",http://opendatacommunities.org/id/london-borough-council/camden,5792,21/12/2020 02:48:37 PM
0116EK40293,CAMDEN,3 Pedestrian,1 Male,25-59,40,1,3 Slight,04 Crossing Road Within 50m Xing,3 From Drivers O/Side,1 Pedestrian,HOWLAND STREET J/W TOTTENHAM COURT ROAD,1,28/04/2016 09:15:00 AM,Thursday,9.15,3 Bor,C,0,2 One-Way St,1 <= 20 MPH,3 T/Stag Jun,4 Give Way/Uncontrolled,A,400,4 Pelican Or Similar,1 Daylight,1 Fine,1 Road-Dry,0 None,0 None,529410,182010,-0.136087,51.522192,,,Unknown,"(51.522192, -0.136087)",http://opendatacommunities.org/id/london-borough-council/camden,6229,21/12/2020 02:48:38 PM
0115EK40454,CAMDEN,1 Driver/Rider,1 Male,25-59,28,1,3 Slight,-2 Unknown,-2 N/A,2 Pedal Cycle,QUEX ROAD J/W KINGSGATE ROAD,1,09/06/2015 04:00:00 PM,Tuesday,16.00,3 Bor,B,510,6 Single Cwy,2 30 MPH,3 T/Stag Jun,4 Give Way/Uncontrolled,Unclassified,0,0 No Xing Facility In 50m,1 Daylight,1 Fine,1 Road-Dry,0 None,0 None,525280,183890,-0.194916,51.540018,,,Unknown,"(51.540018, -0.194916)",http://opendatacommunities.org/id/london-borough-council/camden,4948,21/12/2020 02:48:36 PM
1190168898,CAMDEN,2 PASSENGER,2 FEMALE,U,,1,3 SLIGHT,'-2 NOT APPLICABLE,'-2 NOT APPLICABLE,5 TAXI,"On Harrington Square, 25 metres north of the junction with Lidlington Place.",1,08/03/2019 06:00:00 PM,Friday,18.00,1 TLRN,A,400,7 SLIP RD,20,00 NO JUN IN 20M,,0,0,9 UNKNOWN (S/R),2 DAYLIGHT,2 RAINING,2 ROAD-WET,0 NONE,0 NONE,529238,183199,-0.138129,51.532916,,,Unknown,"(51.532916, -0.138129)",http://opendatacommunities.org/id/london-borough-council/camden,8843,21/12/2020 02:48:43 PM
0115EK40154,CAMDEN,3 Pedestrian,2 Female,25-59,54,1,3 Slight,04 Crossing Road Within 50m Xing,2 From Drivers N/Side Msk,1 Pedestrian,KILBURN HIGH ROAD J/W QUEX ROAD,1,10/01/2015 01:47:00 PM,Saturday,13.47,3 Bor,A,5,6 Single Cwy,2 30 MPH,3 T/Stag Jun,2 Auto Sig,B,510,5 Pedn Phase At Ats,1 Daylight,1 Fine,1 Road-Dry,0 None,0 None,525230,183860,-0.195647,51.539759,,,Unknown,"(51.539759, -0.195647)",http://opendatacommunities.org/id/london-borough-council/camden,4701,21/12/2020 02:48:36 PM
1180139178,CAMDEN,1 Driver/Rider,1 Male,25-59,38,1,3 Slight,-2 Unknown,-2 N/A,3 Powered 2 Wheeler,DELANCEY STREET NW1 J/W ALBERT STREET NW1,2,15/10/2018 03:32:00 PM,Monday,15.32,3 Bor,A,503,6 Single Cwy,1 <= 20 MPH,6 Crossroads,3 Stop Sign,Unclassified,0,0 No Xing Facility In 50m,1 Daylight,1 Fine,1 Road-Dry,0 None,0 None,528850,183580,-0.14358,51.536429,,,Unknown,"(51.536429, -0.14358)",http://opendatacommunities.org/id/london-borough-council/camden,8434,21/12/2020 02:48:43 PM
1180134037,CAMDEN,1 Driver/Rider,1 Male,25-59,37,1,3 Slight,-2 Unknown,-2 N/A,2 Pedal Cycle,CAMDEN HIGH STREET 76M N OF J/W A400 KENTISH TOWN ROAD,2,20/09/2018 07:25:00 PM,Thursday,19.25,3 Bor,A,502,2 One-Way St,2 30 MPH,0 No Jun In 20m,-2 Not Applicable,-2 Not Applicable,0,5 Pedn Phase At Ats,1 Daylight,1 Fine,1 Road-Dry,0 None,0 None,528880,183900,-0.143031,51.539298,,,Unknown,"(51.539298, -0.143031)",http://opendatacommunities.org/id/london-borough-council/camden,8345,21/12/2020 02:48:42 PM
1170044448,CAMDEN,2 Passenger,2 Female,25-59,29,1,3 Slight,-2 Unknown,-2 N/A,4 Car,KENTISH TOWN ROAD 100M W OF J/W FARRIER STREET,2,22/06/2017 02:50:00 PM,Thursday,14.50,3 Bor,A,400,6 Single Cwy,1 <= 20 MPH,0 No Jun In 20m,-2 Not Applicable,-2 Not Applicable,0,0 No Xing Facility In 50m,1 Daylight,1 Fine,1 Road-Dry,0 None,0 None,528970,184460,-0.141528,51.54431,,,Unknown,"(51.54431, -0.141528)",http://opendatacommunities.org/id/london-borough-council/camden,7070,21/12/2020 02:48:40 PM
1190228244,CAMDEN,1 DRIVER/RIDER,1 MALE,25-59,30,1,3 SLIGHT,'-2 NOT APPLICABLE,9 UNKNOWN OR OTHER,3 POWERED 2 WHEELER,Location uncertain Pentonville Road  N1,2,31/12/2019 11:20:00 AM,Tuesday,11.20,1 TLRN,A,501,2 ONE-WAY ST,30,06 CROSSROADS,2 AUTO SIG,A,501,9 UNKNOWN (S/R),2 DAYLIGHT,1 FINE,1 ROAD-DRY,0 NONE,0 NONE,530417,183013,-0.121209,51.530974,,,Unknown,"(51.530974, -0.121209)",http://opendatacommunities.org/id/london-borough-council/camden,9661,21/12/2020 02:48:45 PM
1170047375,CAMDEN,1 Driver/Rider,1 Male,25-59,38,1,2 Serious,-2 Unknown,-2 N/A,3 Powered 2 Wheeler,FARRINGDON ROAD J/W CHARTERHOUSE STREET,2,09/07/2017 03:55:00 AM,Sunday,3.55,1 TLRN,A,201,6 Single Cwy,2 30 MPH,6 Crossroads,2 Auto Sig,B,500,5 Pedn Phase At Ats,2 Dark,1 Fine,1 Road-Dry,0 None,0 None,531550,181650,-0.105393,51.518463,,,Unknown,"(51.518463, -0.105393)",http://opendatacommunities.org/id/london-borough-council/camden,7132,21/12/2020 02:48:40 PM
1190223259,CAMDEN,3 PEDESTRIAN,2 FEMALE,25-59,58,1,3 SLIGHT,01 CROSSING ROAD ON PED XING,9 UNKNOWN OR OTHER,1 PEDESTRIAN,"On Tottenham Court Road, near the junction with Chenies Street.",1,06/12/2019 03:12:00 PM,Friday,15.12,3 BOR,A,400,3 DUAL CWY,20,03 T/STAG JUN,2 AUTO SIG,B,506,4 PELICAN OR SIMILAR,2 DAYLIGHT,2 RAINING,2 ROAD-WET,0 NONE,0 NONE,529546,181814,-0.1342,51.520399,,,Unknown,"(51.520399, -0.1342)",http://opendatacommunities.org/id/london-borough-council/camden,9595,21/12/2020 02:48:45 PM
1180090682,CAMDEN,1 Driver/Rider,1 Male,25-59,27,1,3 Slight,-2 Unknown,-2 N/A,2 Pedal Cycle,HIGH HOLBORN J/W PROCTER STREET,2,16/02/2018 03:00:00 PM,Friday,15.00,3 Bor,A,40,6 Single Cwy,1 <= 20 MPH,9 Other Jun,2 Auto Sig,Unclassified,0,0 No Xing Facility In 50m,1 Daylight,1 Fine,1 Road-Dry,0 None,0 None,530690,181570,-0.117811,51.517943,,,Unknown,"(51.517943, -0.117811)",http://opendatacommunities.org/id/london-borough-council/camden,7756,21/12/2020 02:48:41 PM
0115EK40399,CAMDEN,3 Pedestrian,1 Male,25-59,31,1,3 Slight,04 Crossing Road Within 50m Xing,1 From Drivers N/Side,1 Pedestrian,CHALK FARM ROAD J/W CASTLEHAVEN ROAD,1,20/05/2015 05:40:00 PM,Wednesday,17.40,3 Bor,A,502,6 Single Cwy,2 30 MPH,6 Crossroads,4 Give Way/Uncontrolled,A,502,1 Zebra,1 Daylight,1 Fine,1 Road-Dry,0 None,0 None,528670,184170,-0.145958,51.541772,,,Unknown,"(51.541772, -0.145958)",http://opendatacommunities.org/id/london-borough-council/camden,4896,21/12/2020 02:48:36 PM
1170024898,CAMDEN,2 Passenger,1 Male,25-59,44,1,3 Slight,-2 Unknown,-2 N/A,4 Car,RUSSELL SQUARE J/W BEDFORD PLACE,2,13/03/2017 01:50:00 PM,Monday,13.50,3 Bor,A,4200,6 Single Cwy,1 <= 20 MPH,3 T/Stag Jun,4 Give Way/Uncontrolled,Unclassified,0,1 Zebra,1 Daylight,1 Fine,1 Road-Dry,0 None,0 None,530167,181903,-0.125221,51.521056,,,Unknown,"(51.521056, -0.125221)",http://opendatacommunities.org/id/london-borough-council/camden,6779,21/12/2020 02:48:39 PM
1190180131,CAMDEN,3 PEDESTRIAN,1 MALE,25-59,26,1,2 SERIOUS,05 CROSSING ROAD (NOT ON XING),1 FROM DRIVERS N/SIDE,1 PEDESTRIAN,"On West End Lane, 10 metres north of the junction with Iverson Road .",1,10/05/2019 04:00:00 PM,Friday,16.00,3 BOR,B,510,6 SINGLE CWY,20,09 OTHER JUN,2 AUTO SIG,B,510,0 NO XING FACILITY IN 50M,2 DAYLIGHT,1 FINE,1 ROAD-DRY,0 NONE,0 NONE,525529,184772,-0.191013,51.547889,,,Unknown,"(51.547889, -0.191013)",http://opendatacommunities.org/id/london-borough-council/camden,8989,21/12/2020 02:48:44 PM
0116EK40269,CAMDEN,1 Driver/Rider,1 Male,25-59,25,1,3 Slight,-2 Unknown,-2 N/A,3 Powered 2 Wheeler,OVAL ROAD 25M N OF JAMESTOWN ROAD,2,24/04/2016 03:30:00 PM,Sunday,15.30,3 Bor,C,0,6 Single Cwy,2 30 MPH,0 No Jun In 20m,-2 Not Applicable,-2 Not Applicable,0,0 No Xing Facility In 50m,1 Daylight,1 Fine,1 Road-Dry,0 None,0 None,528530,183980,-0.148045,51.540097,,,Unknown,"(51.540097, -0.148045)",http://opendatacommunities.org/id/london-borough-council/camden,6208,21/12/2020 02:48:38 PM