Reference,London Borough Name,Casualty Class,Casualty Sex,Casualty Age Band,Casualty Age,Number Of Casualties,Casualty Severity,Pedestrian Location,Pedestrian Movement,Mode Of Travel,Attendant Location,Number Of Vehicles,Date,Day,Time,Highway,Road Class 1,Road Number 1,Road Type,Speed Limit,Junction Detail,Junction Control,Road Class 2,Road Number 2,Pedestrian Crossing,Light Condition Band,Weather,Road Surface,Special Conditions,Carriage Way Hazard,Easting,Northing,Longitude,Latitude,Ward Code,Ward Name,Spatial Accuracy,Location,Organisation URI,Socrata ID,Last Uploaded
1190160649,CAMDEN,1 DRIVER/RIDER,1 MALE,25-59,30,1,3 SLIGHT,'-2 NOT APPLICABLE,'-2 NOT APPLICABLE,2 PEDAL CYCLE,"On Camden Road, near the junction with Rochester Square.",2,31/01/2019 10:15:00 AM,Thursday,10.15,1 TLRN,A,503,6 SINGLE CWY,20,03 T/STAG JUN,4 GIVE WAY/UNCONTROLLED,6,0,0 NO XING FACILITY IN 50M,2 DAYLIGHT,1 FINE,1 ROAD-DRY,0 NONE,0 NONE,529327,184390,-0.136409,51.543599,,,Unknown,"(51.543599, -0.136409)",http://opendatacommunities.org/id/london-borough-council/camden,8738,21/12/2020 02:48:43 PM
1170067944,CAMDEN,1 Driver/Rider,2 Female,25-59,28,1,3 Slight,-2 Unknown,-2 N/A,4 Car,BROADFIELD LANE 25M W OF J/W YORK WAY,2,26/10/2017 07:00:00 PM,Thursday,19.00,3 Bor,Unclassified,0,6 Single Cwy,2 30 MPH,0 No Jun In 20m,-2 Not Applicable,-2 Not Applicable,0,0 No Xing Facility In 50m,1 Daylight,1 Fine,1 Road-Dry,0 None,0 None,530030,184180,-0.126354,51.541551,,,Unknown,"(51.541551, -0.126354)",http://opendatacommunities.org/id/london-borough-council/camden,7478,21/12/2020 02:48:40 PM
0115EK40546,CAMDEN,1 Driver/Rider,1 Male,25-59,33,1,3 Slight,-2 Unknown,-2 N/A,4 Car,ALBANY STREET 30M S OF GLOUCESTER GATE BRIDGE,3,05/07/2015 07:50:00 AM,Sunday,7.50,3 Bor,A,4201,6 Single Cwy,2 30 MPH,0 No Jun In 20m,-2 Not Applicable,-2 Not Applicable,0,0 No Xing Facility In 50m,1 Daylight,1 Fine,1 Road-Dry,0 None,0 None,528620,183450,-0.146942,51.535313,,,Unknown,"(51.535313, -0.146942)",http://opendatacommunities.org/id/london-borough-council/camden,5033,21/12/2020 02:48:36 PM
1170064032,CAMDEN,1 Driver/Rider,1 Male,25-59,31,1,3 Slight,-2 Unknown,-2 N/A,4 Car,BOUNDARY ROAD 25M W OF J/W FINCHLEY ROAD THE NEAREST CLASSIFIED RO,2,16/09/2017 12:45:00 PM,Saturday,12.45,3 Bor,Unclassified,0,6 Single Cwy,2 30 MPH,0 No Jun In 20m,-2 Not Applicable,-2 Not Applicable,0,9 Unknown (S/R),1 Daylight,1 Fine,1 Road-Dry,9 Unknown (S/R),9 Unknown (S/R),526570,183880,-0.176328,51.53964,,,Unknown,"(51.53964, -0.176328)",http://opendatacommunities.org/id/london-borough-council/camden,7406,21/12/2020 02:48:40 PM
1170066915,CAMDEN,1 Driver/Rider,1 Male,25-59,53,1,2 Serious,-2 Unknown,-2 N/A,2 Pedal Cycle,KILBURN HIGH ROAD J/W KILBURN PARK ROAD,2,27/10/2017 11:21:00 PM,Friday,23.21,3 Bor,A,5,6 Single Cwy,2 30 MPH,3 T/Stag Jun,4 Give Way/Uncontrolled,B,414,1 Zebra,2 Dark,1 Fine,1 Road-Dry,0 None,0 None,525670,183350,-0.189488,51.535078,,,Unknown,"(51.535078, -0.189488)",http://opendatacommunities.org/id/london-borough-council/camden,7459,21/12/2020 02:48:40 PM
1170062560,CAMDEN,1 Driver/Rider,1 Male,25-59,44,1,3 Slight,-2 Unknown,-2 N/A,5 Taxi,MECKLENBURGH SQUARE 50M N OF J/W MECKLENBURGH PLACE,1,04/10/2017 10:39:00 AM,Wednesday,10.39,3 Bor,Unclassified,0,6 Single Cwy,1 <= 20 MPH,0 No Jun In 20m,-2 Not Applicable,-2 Not Applicable,0,0 No Xing Facility In 50m,1 Daylight,1 Fine,1 Road-Dry,0 None,0 None,530620,182280,-0.118556,51.52434,,,Unknown,"(51.52434, -0.118556)",http://opendatacommunities.org/id/london-borough-council/camden,7378,21/12/2020 02:48:40 PM
1170046281,CAMDEN,1 Driver/Rider,1 Male,16-24,23,1,3 Slight,-2 Unknown,-2 N/A,2 Pedal Cycle,OXFORD STREET J/W CHARING CROSS ROAD,1,02/07/2017 08:40:00 PM,Sunday,20.40,3 Bor,A,40,3 Dual Cwy,2 30 MPH,6 Crossroads,2 Auto Sig,A,40,5 Pedn Phase At Ats,1 Daylight,1 Fine,1 Road-Dry,0 None,0 None,529800,181350,-0.130712,51.516171,,,Unknown,"(51.516171, -0.130712)",http://opendatacommunities.org/id/london-borough-council/camden,7112,21/12/2020 02:48:40 PM
1170076628,CAMDEN,1 Driver/Rider,1 Male,25-59,38,1,3 Slight,-2 Unknown,-2 N/A,5 Taxi,HAVERSTOCK HILL 100M N OF J/W HAVERSTOCK HILL THE NEAREST CLASSIFI,3,09/12/2017 10:03:00 PM,Saturday,22.03,3 Bor,A,502,6 Single Cwy,1 <= 20 MPH,0 No Jun In 20m,-2 Not Applicable,-2 Not Applicable,0,0 No Xing Facility In 50m,2 Dark,1 Fine,1 Road-Dry,0 None,0 None,527470,184980,-0.162959,51.549324,,,Unknown,"(51.549324, -0.162959)",http://opendatacommunities.org/id/london-borough-council/camden,7600,21/12/2020 02:48:41 PM
1190218856,CAMDEN,3 PEDESTRIAN,2 FEMALE,25-59,38,1,3 SLIGHT,09 IN ROAD - NOT CROSSING,'-2 NOT APPLICABLE,1 PEDESTRIAN,"On Regent's Park Road, 25 metres west of the junction with St Marks Square .",1,10/11/2019 03:30:00 PM,Sunday,15.30,3 BOR,5,0,6 SINGLE CWY,20,00 NO JUN IN 20M,,0,0,9 UNKNOWN (S/R),2 DAYLIGHT,1 FINE,1 ROAD-DRY,0 NONE,0 NONE,528272,183757,-0.151845,51.538151,,,Unknown,"(51.538151, -0.151845)",http://opendatacommunities.org/id/london-borough-council/camden,9523,21/12/2020 02:48:44 PM
0116EK40304,CAMDEN,1 Driver/Rider,1 Male,16-24,21,1,3 Slight,-2 Unknown,-2 N/A,2 Pedal Cycle,HIGH HOLBORN J/W NEWTON STREET,2,29/04/2016 11:45:00 PM,Friday,23.45,3 Bor,A,40,2 One-Way St,2 30 MPH,3 T/Stag Jun,2 Auto Sig,Unclassified,0,5 Pedn Phase At Ats,2 Dark,1 Fine,2 Road-Wet,0 None,0 None,530390,181490,-0.122162,51.517293,,,Unknown,"(51.517293, -0.122162)",http://opendatacommunities.org/id/london-borough-council/camden,6240,21/12/2020 02:48:38 PM
1180099896,CAMDEN,1 Driver/Rider,1 Male,25-59,29,1,3 Slight,-2 Unknown,-2 N/A,3 Powered 2 Wheeler,CAMDEN HIGH STREET 21M E OF J/W GREENLAND ROAD,2,04/04/2018 04:30:00 PM,Wednesday,16.30,1 TLRN,A,502,9 Unknown,2 30 MPH,0 No Jun In 20m,-2 Not Applicable,-2 Not Applicable,0,5 Pedn Phase At Ats,1 Daylight,1 Fine,2 Road-Wet,0 None,0 None,528930,183850,-0.142328,51.538837,,,Unknown,"(51.538837, -0.142328)",http://opendatacommunities.org/id/london-borough-council/camden,7866,21/12/2020 02:48:41 PM
1170018384,CAMDEN,1 Driver/Rider,1 Male,25-59,41,1,3 Slight,-2 Unknown,-2 N/A,4 Car,EUSTON ROAD J/W CHURCHWAY,2,14/02/2017 09:00:00 PM,Tuesday,21.00,1 TLRN,A,501,6 Single Cwy,2 30 MPH,6 Crossroads,2 Auto Sig,Unclassified,0,0 No Xing Facility In 50m,2 Dark,1 Fine,1 Road-Dry,0 None,0 None,529850,182640,-0.129516,51.527752,,,Unknown,"(51.527752, -0.129516)",http://opendatacommunities.org/id/london-borough-council/camden,6672,21/12/2020 02:48:39 PM
0115EK41063,CAMDEN,1 Driver/Rider,1 Male,25-59,30,1,3 Slight,-2 Unknown,-2 N/A,2 Pedal Cycle,WOBURN PLACE J/W RUSSELL SQUARE.,2,28/11/2015 12:36:00 AM,Saturday,0.36,3 Bor,A,4200,6 Single Cwy,2 30 MPH,6 Crossroads,2 Auto Sig,A,4200,5 Pedn Phase At Ats,2 Dark,1 Fine,2 Road-Wet,0 None,0 None,530120,182100,-0.125826,51.522837,,,Unknown,"(51.522837, -0.125826)",http://opendatacommunities.org/id/london-borough-council/camden,5476,21/12/2020 02:48:37 PM
1180148450,CAMDEN,2 Passenger,2 Female,25-59,31,1,2 Serious,-2 Unknown,-2 N/A,3 Powered 2 Wheeler,FORTESS ROAD J/W FORTESS WALK,2,27/11/2018 10:00:00 PM,Tuesday,22.00,3 Bor,A,400,6 Single Cwy,1 <= 20 MPH,3 T/Stag Jun,4 Give Way/Uncontrolled,Unclassified,0,0 No Xing Facility In 50m,2 Dark,1 Fine,2 Road-Wet,0 None,0 None,528980,185370,-0.141051,51.552486,,,Unknown,"(51.552486, -0.141051)",http://opendatacommunities.org/id/london-borough-council/camden,8568,21/12/2020 02:48:43 PM
0115EK40881,CAMDEN,1 Driver/Rider,1 Male,25-59,31,1,3 Slight,-2 Unknown,-2 N/A,2 Pedal Cycle,SIDMOUTH STREET J/W SEAFORD STREET,2,06/10/2015 03:10:00 PM,Tuesday,15.10,3 Bor,C,0,6 Single Cwy,2 30 MPH,3 T/Stag Jun,4 Give Way/Uncontrolled,Unclassified,0,0 No Xing Facility In 50m,1 Daylight,1 Fine,1 Road-Dry,0 None,0 None,530500,182560,-0.120181,51.526884,,,Unknown,"(51.526884, -0.120181)",http://opendatacommunities.org/id/london-borough-council/camden,5326,21/12/2020 02:48:37 PM
1170050138,CAMDEN,3 Pedestrian,2 Female,25-59,55,1,3 Slight,01 Crossing Road On Ped Xing,3 From Drivers O/Side,1 Pedestrian,HIGH HOLBORN J/W SHARFTSBURY AVENUE,1,24/07/2017 05:00:00 PM,Monday,17.00,3 Bor,A,40,2 One-Way St,2 30 MPH,9 Other Jun,2 Auto Sig,A,40,4 Pelican Or Similar,1 Daylight,1 Fine,1 Road-Dry,0 None,0 None,530120,181430,-0.126073,51.516816,,,Unknown,"(51.516816, -0.126073)",http://opendatacommunities.org/id/london-borough-council/camden,7180,21/12/2020 02:48:40 PM
1170044823,CAMDEN,2 Passenger,2 Female,25-59,53,1,2 Serious,-2 Unknown,-2 N/A,4 Car,DELANCEY STREET J/W ARLINGTON ROAD,2,25/06/2017 03:45:00 PM,Sunday,15.45,3 Bor,A,503,6 Single Cwy,1 <= 20 MPH,6 Crossroads,4 Give Way/Uncontrolled,Unclassified,0,0 No Xing Facility In 50m,1 Daylight,1 Fine,1 Road-Dry,0 None,0 None,528920,183610,-0.14256,51.536683,,,Unknown,"(51.536683, -0.14256)",http://opendatacommunities.org/id/london-borough-council/camden,7076,21/12/2020 02:48:40 PM
1190198040,CAMDEN,1 DRIVER/RIDER,1 MALE,25-59,40,1,3 SLIGHT,'-2 NOT APPLICABLE,'-2 NOT APPLICABLE,2 PEDAL CYCLE,"On Leighton Road, 25 metres north of the junction with Brecknock Road .",2,25/07/2019 02:49:00 AM,Thursday,2.49,3 BOR,A,5200,9 UNKNOWN,30,00 NO JUN IN 20M,,0,0,9 UNKNOWN (S/R),1 DARK,1 FINE,1 ROAD-DRY,9 UNKNOWN (S/R),9 UNKNOWN (S/R),529677,185179,-0.131074,51.55061,,,Unknown,"(51.55061, -0.131074)",http://opendatacommunities.org/id/london-borough-council/camden,9258,21/12/2020 02:48:44 PM
1180141011,CAMDEN,3 Pedestrian,2 Female,16-24,22,1,3 Slight,01 Crossing Road On Ped Xing,1 From Drivers N/Side,1 Pedestrian,PRINCE OF WALES ROAD 50M E OF J/W HARMOOD STREET,1,21/10/2018 03:25:00 PM,Sunday,15.25,3 Bor,C,0,6 Single Cwy,2 30 MPH,0 No Jun In 20m,-2 Not Applicable,-2 Not Applicable,0,1 Zebra,1 Daylight,1 Fine,1 Road-Dry,0 None,0 None,528567,184666,-0.147262,51.546253,,,Unknown,"(51.546253, -0.147262)",http://opendatacommunities.org/id/london-borough-council/camden,8463,21/12/2020 02:48:43 PM
0115EK40657,CAMDEN,1 Driver/Rider,1 Male,25-59,34,1,3 Slight,-2 Unknown,-2 N/A,2 Pedal Cycle,WEST END LANE 25M S OF SUMATRA ROAD,1,31/07/2015 08:42:00 AM,Friday,8.42,3 Bor,B,510,6 Single Cwy,2 30 MPH,0 No Jun In 20m,-2 Not Applicable,-2 Not Applicable,0,4 Pelican Or Similar,1 Daylight,1 Fine,1 Road-Dry,0 None,0 None,525510,184880,-0.191248,51.548864,,,Unknown,"(51.548864, -0.191248)",http://opendatacommunities.org/id/london-borough-council/camden,5127,21/12/2020 02:48:36 PM
0115EK40833,CAMDEN,3 Pedestrian,2 Female,16-24,21,1,3 Slight,06 On Footpath - Verge,9 Unknown Or Other,1 Pedestrian,KENTISH TOWN ROAD J/W BUCK STREET.,1,19/09/2015 10:28:00 PM,Saturday,22.28,3 Bor,A,400,2 One-Way St,1 <= 20 MPH,3 T/Stag Jun,4 Give Way/Uncontrolled,Unclassified,0,0 No Xing Facility In 50m,2 Dark,1 Fine,1 Road-Dry,0 None,0 None,528930,183990,-0.142277,51.540095,,,Unknown,"(51.540095, -0.142277)",http://opendatacommunities.org/id/london-borough-council/camden,5289,21/12/2020 02:48:37 PM
1180130258,CAMDEN,1 Driver/Rider,1 Male,25-59,36,1,3 Slight,-2 Unknown,-2 N/A,3 Powered 2 Wheeler,MILL LANE NW6 J/W SUMATRA ROAD,2,02/09/2018 09:50:00 PM,Sunday,21.50,3 Bor,C,0,3 Dual Cwy,1 <= 20 MPH,3 T/Stag Jun,4 Give Way/Uncontrolled,Unclassified,0,0 No Xing Facility In 50m,2 Dark,1 Fine,1 Road-Dry,0 None,0 None,525010,185180,-0.198349,51.551671,,,Unknown,"(51.551671, -0.198349)",http://opendatacommunities.org/id/london-borough-council/camden,8296,21/12/2020 02:48:42 PM
1180090007,CAMDEN,3 Pedestrian,2 Female,25-59,50,1,3 Slight,05 Crossing Road (Not On Xing),3 From Drivers O/Side,1 Pedestrian,OVAL ROAD J/W JAMESTOWN ROAD,1,13/02/2018 06:00:00 AM,Tuesday,6.00,3 Bor,C,0,6 Single Cwy,2 30 MPH,3 T/Stag Jun,4 Give Way/Uncontrolled,C,0,0 No Xing Facility In 50m,2 Dark,8 Other,2 Road-Wet,0 None,0 None,528530,183980,-0.148045,51.540097,,,Unknown,"(51.540097, -0.148045)",http://opendatacommunities.org/id/london-borough-council/camden,7745,21/12/2020 02:48:41 PM
1180144903,CAMDEN,1 Driver/Rider,1 Male,25-59,39,1,3 Slight,-2 Unknown,-2 N/A,4 Car,BLOOMSBURY WAY 25M N OF J/W BURY PLACE,2,01/11/2018 12:29:00 AM,Thursday,0.29,3 Bor,A,40,2 One-Way St,1 <= 20 MPH,0 No Jun In 20m,-2 Not Applicable,-2 Not Applicable,0,9 Unknown (S/R),1 Daylight,2 Raining,2 Road-Wet,0 None,0 None,530280,181540,-0.123728,51.517768,,,Unknown,"(51.517768, -0.123728)",http://opendatacommunities.org/id/london-borough-council/camden,8511,21/12/2020 02:48:43 PM
1190223008,CAMDEN,1 DRIVER/RIDER,2 FEMALE,25-59,51,1,3 SLIGHT,'-2 NOT APPLICABLE,'-2 NOT APPLICABLE,2 PEDAL CYCLE,"Location uncertain Redhill Street NW1,",2,05/12/2019 10:26:00 AM,Thursday,10.26,3 BOR,6,0,6 SINGLE CWY,20,00 NO JUN IN 20M,,0,0,0 NO XING FACILITY IN 50M,2 DAYLIGHT,1 FINE,1 ROAD-DRY,0 NONE,0 NONE,528841,182967,-0.143934,51.530922,,,Unknown,"(51.530922, -0.143934)",http://opendatacommunities.org/id/london-borough-council/camden,9591,21/12/2020 02:48:45 PM
1180152523,CAMDEN,1 Driver/Rider,1 Male,60+,66,1,3 Slight,-2 Unknown,-2 N/A,4 Car,GORDON HOUSE ROAD J/W LISSENDEN GARDENS,2,16/12/2018 02:17:00 PM,Sunday,14.17,3 Bor,B,518,6 Single Cwy,1 <= 20 MPH,3 T/Stag Jun,4 Give Way/Uncontrolled,Unclassified,0,5 Pedn Phase At Ats,1 Daylight,1 Fine,2 Road-Wet,0 None,0 None,528420,185710,-0.148999,51.555669,,,Unknown,"(51.555669, -0.148999)",http://opendatacommunities.org/id/london-borough-council/camden,8616,21/12/2020 02:48:43 PM
1180104110,CAMDEN,1 Driver/Rider,1 Male,25-59,43,1,3 Slight,-2 Unknown,-2 N/A,3 Powered 2 Wheeler,HAMPSTEAD ROAD J/W DRUMMOND STREET NW1,3,26/04/2018 09:13:00 AM,Thursday,9.13,1 TLRN,A,400,6 Single Cwy,2 30 MPH,6 Crossroads,2 Auto Sig,C,0,5 Pedn Phase At Ats,1 Daylight,1 Fine,1 Road-Dry,0 None,0 None,529220,182500,-0.138644,51.526639,,,Unknown,"(51.526639, -0.138644)",http://opendatacommunities.org/id/london-borough-council/camden,7930,21/12/2020 02:48:41 PM
0116EK40204,CAMDEN,3 Pedestrian,2 Female,16-24,20,1,3 Slight,01 Crossing Road On Ped Xing,1 From Drivers N/Side,1 Pedestrian,PRINCE ALBERT ROAD 50M NW OF PARKWAY,1,06/04/2016 08:45:00 AM,Wednesday,8.45,3 Bor,A,5205,6 Single Cwy,2 30 MPH,0 No Jun In 20m,-2 Not Applicable,-2 Not Applicable,0,1 Zebra,1 Daylight,2 Raining,2 Road-Wet,0 None,0 None,528580,183560,-0.147478,51.536311,,,Unknown,"(51.536311, -0.147478)",http://opendatacommunities.org/id/london-borough-council/camden,6151,21/12/2020 02:48:38 PM
0115EK40305,CAMDEN,1 Driver/Rider,1 Male,25-59,55,1,3 Slight,-2 Unknown,-2 N/A,4 Car,GOODGE STREET J/W WHITEFIELD STREET,5,19/04/2015 11:49:00 AM,Sunday,11.49,3 Bor,B,506,6 Single Cwy,2 30 MPH,6 Crossroads,2 Auto Sig,Unclassified,0,5 Pedn Phase At Ats,1 Daylight,1 Fine,1 Road-Dry,0 None,0 None,529530,181760,-0.13445,51.519917,,,Unknown,"(51.519917, -0.13445)",http://opendatacommunities.org/id/london-borough-council/camden,4823,21/12/2020 02:48:36 PM
1170069473,CAMDEN,1 Driver/Rider,1 Male,25-59,50,1,3 Slight,-2 Unknown,-2 N/A,5 Taxi,SHAFTESBURY AVENUE J/W HIGH HOLBORN,2,11/11/2017 12:45:00 PM,Saturday,12.45,3 Bor,B,522,3 Dual Cwy,2 30 MPH,6 Crossroads,2 Auto Sig,A,40,1 Zebra,1 Daylight,2 Raining,2 Road-Wet,0 None,0 None,530080,181300,-0.126697,51.515657,,,Unknown,"(51.515657, -0.126697)",http://opendatacommunities.org/id/london-borough-council/camden,7507,21/12/2020 02:48:41 PM
1160001682,CAMDEN,1 Driver/Rider,1 Male,25-59,47,1,2 Serious,-2 Unknown,-2 N/A,4 Car,HAVERSTOCK HILL J/W ANTRIM GROVE,1,15/11/2016 09:45:00 AM,Tuesday,9.45,3 Bor,A,502,6 Single Cwy,1 <= 20 MPH,3 T/Stag Jun,4 Give Way/Uncontrolled,Unclassified,0,8 Central Refuge,1 Daylight,1 Fine,2 Road-Wet,0 None,0 None,527480,184970,-0.162819,51.549232,,,Unknown,"(51.549232, -0.162819)",http://opendatacommunities.org/id/london-borough-council/camden,5671,21/12/2020 02:48:37 PM
1190182446,CAMDEN,2 PASSENGER,2 FEMALE,60+,77,1,3 SLIGHT,'-2 NOT APPLICABLE,'-2 NOT APPLICABLE,5 TAXI,"On Euston Road, near the junction with Pancras Road.",3,22/05/2019 12:01:00 PM,Wednesday,12.01,1 TLRN,A,501,3 DUAL CWY,20,03 T/STAG JUN,2 AUTO SIG,A,5202,5 PEDN PHASE AT ATS,2 DAYLIGHT,1 FINE,1 ROAD-DRY,0 NONE,0 NONE,530217,182902,-0.124132,51.530023,,,Unknown,"(51.530023, -0.124132)",http://opendatacommunities.org/id/london-borough-council/camden,9031,21/12/2020 02:48:44 PM
1170047239,CAMDEN,2 Passenger,2 Female,60+,63,1,3 Slight,-2 Unknown,-2 N/A,6 Bus Or Coach,FINCLEY ROAD J/W HILLGROVE ROAD,2,07/07/2017 03:20:00 PM,Friday,15.20,1 TLRN,A,41,3 Dual Cwy,2 30 MPH,6 Crossroads,2 Auto Sig,B,509,5 Pedn Phase At Ats,1 Daylight,1 Fine,1 Road-Dry,0 None,0 None,526630,184120,-0.175377,51.541784,,,Unknown,"(51.541784, -0.175377)",http://opendatacommunities.org/id/london-borough-council/camden,7128,21/12/2020 02:48:40 PM
1190203765,CAMDEN,1 DRIVER/RIDER,2 FEMALE,16-24,22,1,3 SLIGHT,'-2 NOT APPLICABLE,'-2 NOT APPLICABLE,3 POWERED 2 WHEELER,"On Charlotte Street, near the junction with tottenham street.",2,06/09/2019 04:20:00 PM,Friday,16.20,3 BOR,6,0,6 SINGLE CWY,20,06 CROSSROADS,4 GIVE WAY/UNCONTROLLED,6,0,1 ZEBRA,2 DAYLIGHT,1 FINE,1 ROAD-DRY,0 NONE,0 NONE,529387,181779,-0.136503,51.520121,,,Unknown,"(51.520121, -0.136503)",http://opendatacommunities.org/id/london-borough-council/camden,9339,21/12/2020 02:48:44 PM
1180123021,CAMDEN,1 Driver/Rider,1 Male,25-59,54,1,2 Serious,-2 Unknown,-2 N/A,2 Pedal Cycle,WEST END LANE 22M S OF J/W SUMATRA ROAD,2,17/07/2018 10:30:00 AM,Tuesday,10.30,3 Bor,B,510,6 Single Cwy,1 <= 20 MPH,0 No Jun In 20m,-2 Not Applicable,-2 Not Applicable,0,9 Unknown (S/R),1 Daylight,1 Fine,1 Road-Dry,0 None,0 None,525520,184870,-0.191107,51.548772,,,Unknown,"(51.548772, -0.191107)",http://opendatacommunities.org/id/london-borough-council/camden,8201,21/12/2020 02:48:42 PM
1180140428,CAMDEN,1 Driver/Rider,1 Male,25-59,46,1,3 Slight,-2 Unknown,-2 N/A,4 Car,EUSTON ROAD 30M E OF J/W GORDON STREET,2,15/09/2018 08:45:00 PM,Saturday,20.45,1 TLRN,A,501,6 Single Cwy,2 30 MPH,0 No Jun In 20m,-2 Not Applicable,-2 Not Applicable,0,9 Unknown (S/R),2 Dark,8 Other,9 Unknown (S/R),0 None,0 None,529640,182520,-0.132586,51.526722,,,Unknown,"(51.526722, -0.132586)",http://opendatacommunities.org/id/london-borough-council/camden,8451,21/12/2020 02:48:43 PM
1170029103,CAMDEN,1 Driver/Rider,1 Male,16-24,24,1,2 Serious,-2 Unknown,-2 N/A,2 Pedal Cycle,CAMDEN ROAD J/W MURRAY STREET,1,30/03/2017 08:55:00 AM,Thursday,8.55,1 TLRN,A,503,6 Single Cwy,1 <= 20 MPH,3 T/Stag Jun,4 Give Way/Uncontrolled,Unclassified,0,0 No Xing Facility In 50m,1 Daylight,1 Fine,1 Road-Dry,5 Surface Defect,2 Other Object In Cwy,529450,184540,-0.134581,51.544919,,,Unknown,"(51.544919, -0.134581)",http://opendatacommunities.org/id/london-borough-council/camden,6831,21/12/2020 02:48:39 PM
1160003685,CAMDEN,1 Driver/Rider,1 Male,16-24,18,1,3 Slight,-2 Unknown,-2 N/A,3 Powered 2 Wheeler,KENTISH TOWN ROAD J/W ISLIP STREET,2,25/11/2016 08:35:00 AM,Friday,8.35,3 Bor,A,400,6 Single Cwy,1 <= 20 MPH,3 T/Stag Jun,4 Give Way/Uncontrolled,Unclassified,0,0 No Xing Facility In 50m,2 Dark,1 Fine,1 Road-Dry,9 Unknown (S/R),0 None,528990,185050,-0.141024,51.549608,,,Unknown,"(51.549608, -0.141024)",http://opendatacommunities.org/id/london-borough-council/camden,5706,21/12/2020 02:48:37 PM
1170048454,CAMDEN,3 Pedestrian,1 Male,0-15,9,1,3 Slight,05 Crossing Road (Not On Xing),2 From Drivers N/Side Msk,1 Pedestrian,ABBEY ROAD J/W PRIORY TERRACE,1,14/07/2017 08:30:00 PM,Friday,20.30,3 Bor,B,507,6 Single Cwy,1 <= 20 MPH,6 Crossroads,4 Give Way/Uncontrolled,Unclassified,0,8 Central Refuge,1 Daylight,1 Fine,1 Road-Dry,0 None,0 None,525700,183960,-0.188838,51.540553,,,Unknown,"(51.540553, -0.188838)",http://opendatacommunities.org/id/london-borough-council/camden,7151,21/12/2020 02:48:40 PM
1160012406,CAMDEN,3 Pedestrian,1 Male,25-59,33,1,3 Slight,04 Crossing Road Within 50m Xing,4 From Drivers O/Side Msk,1 Pedestrian,"ON FINCHLEY ROAD, NEAR THE JUNCTION WITH LITHOS ROAD .",1,24/09/2016 10:15:00 AM,Saturday,10.15,1 TLRN,A,41,3 Dual Cwy,3 40 MPH,3 T/Stag Jun,4 Give Way/Uncontrolled,Unclassified,0,5 Pedn Phase At Ats,1 Daylight,1 Fine,1 Road-Dry,0 None,0 None,526120,185010,-0.182408,51.549896,,,Unknown,"(51.549896, -0.182408)",http://opendatacommunities.org/id/london-borough-council/camden,5830,21/12/2020 02:48:37 PM
1180100285,CAMDEN,1 Driver/Rider,1 Male,60+,63,1,3 Slight,-2 Unknown,-2 N/A,4 Car,FINCHLEY ROAD J/W PARSIFAL ROAD,3,05/04/2018 06:00:00 PM,Thursday,18.00,1 TLRN,A,41,6 Single Cwy,2 30 MPH,3 T/Stag Jun,4 Give Way/Uncontrolled,Unclassified,0,0 No Xing Facility In 50m,1 Daylight,1 Fine,1 Road-Dry,0 None,0 None,525390,185560,-0.192736,51.555002,,,Unknown,"(51.555002, -0.192736)",http://opendatacommunities.org/id/london-borough-council/camden,7869,21/12/2020 02:48:41 PM
0115EK40208,CAMDEN,1 Driver/Rider,1 Male,16-24,21,1,3 Slight,-2 Unknown,-2 N/A,3 Powered 2 Wheeler,HIGHGATE ROAD J/W WOODSOME ROAD,2,15/03/2015 06:00:00 PM,Sunday,18.00,3 Bor,C,0,6 Single Cwy,2 30 MPH,3 T/Stag Jun,4 Give Way/Uncontrolled,Unclassified,0,0 No Xing Facility In 50m,1 Daylight,1 Fine,1 Road-Dry,0 None,0 None,528430,186050,-0.148731,51.558722,,,Unknown,"(51.558722, -0.148731)",http://opendatacommunities.org/id/london-borough-council/camden,4741,21/12/2020 02:48:36 PM
1180089955,CAMDEN,1 Driver/Rider,1 Male,25-59,29,1,2 Serious,-2 Unknown,-2 N/A,2 Pedal Cycle,YORK WAY J/W COPENHAGEN STREET,2,13/02/2018 09:45:00 AM,Tuesday,9.45,3 Bor,A,5200,6 Single Cwy,1 <= 20 MPH,3 T/Stag Jun,2 Auto Sig,B,154,5 Pedn Phase At Ats,1 Daylight,1 Fine,1 Road-Dry,0 None,0 None,530310,183670,-0.122508,51.536903,,,Unknown,"(51.536903, -0.122508)",http://opendatacommunities.org/id/london-borough-council/camden,7744,21/12/2020 02:48:41 PM
1160007505,CAMDEN,2 Passenger,1 Male,0-15,1,1,2 Serious,-2 Unknown,-2 N/A,6 Bus Or Coach,KENTISH TOWN ROAD 10M S OF J/W HIGHGATE ROAD,1,17/12/2016 06:25:00 PM,Saturday,18.25,3 Bor,A,400,6 Single Cwy,1 <= 20 MPH,7 Multi Jun,2 Auto Sig,B,518,4 Pelican Or Similar,2 Dark,1 Fine,1 Road-Dry,0 None,0 None,528981,185283,-0.141068,51.551704,,,Unknown,"(51.551704, -0.141068)",http://opendatacommunities.org/id/london-borough-council/camden,5785,21/12/2020 02:48:37 PM
0115CW11406,CAMDEN,1 Driver/Rider,1 Male,25-59,44,1,3 Slight,-2 Unknown,-2 N/A,3 Powered 2 Wheeler,FINCHLEY ROAD J/W BOUNDARY ROAD,2,17/09/2015 02:40:00 PM,Thursday,14.40,1 TLRN,A,41,6 Single Cwy,2 30 MPH,6 Crossroads,2 Auto Sig,C,0,5 Pedn Phase At Ats,1 Daylight,1 Fine,1 Road-Dry,0 None,0 None,526610,183880,-0.175752,51.539631,,,Unknown,"(51.539631, -0.175752)",http://opendatacommunities.org/id/london-borough-council/camden,4575,21/12/2020 02:48:35 PM