Reference,London Borough Name,Casualty Class,Casualty Sex,Casualty Age Band,Casualty Age,Number Of Casualties,Casualty Severity,Pedestrian Location,Pedestrian Movement,Mode Of Travel,Attendant Location,Number Of Vehicles,Date,Day,Time,Highway,Road Class 1,Road Number 1,Road Type,Speed Limit,Junction Detail,Junction Control,Road Class 2,Road Number 2,Pedestrian Crossing,Light Condition Band,Weather,Road Surface,Special Conditions,Carriage Way Hazard,Easting,Northing,Longitude,Latitude,Ward Code,Ward Name,Spatial Accuracy,Location,Organisation URI,Socrata ID,Last Uploaded
0115EK41148,CAMDEN,1 Driver/Rider,2 Female,25-59,27,1,3 Slight,-2 Unknown,-2 N/A,3 Powered 2 Wheeler,MILL LANE J/W SUMATRA ROAD,2,22/12/2015 02:57:00 PM,Tuesday,14.57,3 Bor,C,0,6 Single Cwy,2 30 MPH,3 T/Stag Jun,4 Give Way/Uncontrolled,Unclassified,0,0 No Xing Facility In 50m,1 Daylight,2 Raining,2 Road-Wet,0 None,0 None,525010,185180,-0.198349,51.551671,,,Unknown,"(51.551671, -0.198349)",http://opendatacommunities.org/id/london-borough-council/camden,5550,21/12/2020 02:48:37 PM
1170041722,CAMDEN,1 Driver/Rider,1 Male,25-59,31,1,2 Serious,-2 Unknown,-2 N/A,4 Car,ALDRED ROAD J/W HILLFIELD ROAD,2,07/06/2017 01:16:00 PM,Wednesday,13.16,3 Bor,Unclassified,0,6 Single Cwy,1 <= 20 MPH,3 T/Stag Jun,4 Give Way/Uncontrolled,Unclassified,0,0 No Xing Facility In 50m,1 Daylight,1 Fine,1 Road-Dry,0 None,0 None,525130,185330,-0.196566,51.552992,,,Unknown,"(51.552992, -0.196566)",http://opendatacommunities.org/id/london-borough-council/camden,7021,21/12/2020 02:48:39 PM
1170052251,CAMDEN,1 Driver/Rider,1 Male,16-24,21,1,3 Slight,-2 Unknown,-2 N/A,3 Powered 2 Wheeler,GORDON HOUSE ROAD NW3 J/W OAK VILLAGE,3,05/08/2017 04:50:00 PM,Saturday,16.50,3 Bor,B,518,6 Single Cwy,1 <= 20 MPH,3 T/Stag Jun,2 Auto Sig,Unclassified,0,4 Pelican Or Similar,1 Daylight,1 Fine,1 Road-Dry,4 Roadworks,0 None,528278,185633,-0.151075,51.555009,,,Unknown,"(51.555009, -0.151075)",http://opendatacommunities.org/id/london-borough-council/camden,7225,21/12/2020 02:48:40 PM
1170016930,CAMDEN,1 Driver/Rider,1 Male,16-24,24,1,3 Slight,-2 Unknown,-2 N/A,3 Powered 2 Wheeler,BLOOMSBURY STREET WC1B J/W GREAT RUSSEL STREET WC1,2,08/02/2017 12:41:00 PM,Wednesday,12.41,3 Bor,A,400,6 Single Cwy,1 <= 20 MPH,6 Crossroads,2 Auto Sig,C,0,5 Pedn Phase At Ats,1 Daylight,1 Fine,1 Road-Dry,0 None,2 Other Object In Cwy,530020,181520,-0.12748,51.517648,,,Unknown,"(51.517648, -0.12748)",http://opendatacommunities.org/id/london-borough-council/camden,6654,21/12/2020 02:48:39 PM
1180124326,CAMDEN,1 Driver/Rider,1 Male,25-59,39,1,3 Slight,-2 Unknown,-2 N/A,4 Car,KENTISH TOWN ROAD J/W PRINCE OF WALES ROAD,2,31/07/2018 05:04:00 PM,Tuesday,17.04,3 Bor,C,0,3 Dual Cwy,2 30 MPH,9 Other Jun,2 Auto Sig,C,0,5 Pedn Phase At Ats,1 Daylight,1 Fine,1 Road-Dry,0 None,0 None,528940,184700,-0.141873,51.546474,,,Unknown,"(51.546474, -0.141873)",http://opendatacommunities.org/id/london-borough-council/camden,8211,21/12/2020 02:48:42 PM
1180140502,CAMDEN,3 Pedestrian,2 Female,25-59,55,1,3 Slight,01 Crossing Road On Ped Xing,3 From Drivers O/Side,1 Pedestrian,CHALK FARM ROAD J/W HAWLEY STREET,1,21/10/2018 06:45:00 PM,Sunday,18.45,3 Bor,A,502,6 Single Cwy,1 <= 20 MPH,3 T/Stag Jun,4 Give Way/Uncontrolled,A,502,1 Zebra,2 Dark,1 Fine,1 Road-Dry,0 None,0 None,528640,184200,-0.14638,51.542049,,,Unknown,"(51.542049, -0.14638)",http://opendatacommunities.org/id/london-borough-council/camden,8452,21/12/2020 02:48:43 PM
0116EO40614,CAMDEN,1 Driver/Rider,1 Male,25-59,36,1,3 Slight,-2 Unknown,-2 N/A,2 Pedal Cycle,"YORK WAY, J/W TILEYARD ROAD",2,27/06/2016 08:30:00 AM,Monday,8.30,3 Bor,A,5200,6 Single Cwy,2 30 MPH,3 T/Stag Jun,4 Give Way/Uncontrolled,Unclassified,0,1 Zebra,1 Daylight,9 Unknown,1 Road-Dry,0 None,0 None,530070,184290,-0.125737,51.54253,,,Unknown,"(51.54253, -0.125737)",http://opendatacommunities.org/id/london-borough-council/camden,6541,21/12/2020 02:48:39 PM
1170051078,CAMDEN,1 Driver/Rider,1 Male,25-59,25,1,2 Serious,-2 Unknown,-2 N/A,4 Car,CAMDEN STREET J/W CROWNDALE ROAD,2,29/07/2017 07:40:00 AM,Saturday,7.40,1 TLRN,A,400,3 Dual Cwy,1 <= 20 MPH,3 T/Stag Jun,2 Auto Sig,B,512,1 Zebra,1 Daylight,1 Fine,1 Road-Dry,0 None,0 None,529410,183460,-0.135554,51.535223,,,Unknown,"(51.535223, -0.135554)",http://opendatacommunities.org/id/london-borough-council/camden,7202,21/12/2020 02:48:40 PM
0115EO40071,CAMDEN,1 Driver/Rider,1 Male,16-24,23,1,3 Slight,-2 Unknown,-2 N/A,3 Powered 2 Wheeler,YORK WAY J/W BRANDON ROAD,2,27/01/2015 07:30:00 AM,Tuesday,7.30,3 Bor,A,5200,6 Single Cwy,2 30 MPH,3 T/Stag Jun,4 Give Way/Uncontrolled,Unclassified,0,0 No Xing Facility In 50m,1 Daylight,1 Fine,1 Road-Dry,0 None,0 None,530050,184350,-0.126003,51.543074,,,Unknown,"(51.543074, -0.126003)",http://opendatacommunities.org/id/london-borough-council/camden,5586,21/12/2020 02:48:37 PM
1190219855,CAMDEN,1 DRIVER/RIDER,1 MALE,16-24,22,1,3 SLIGHT,'-2 NOT APPLICABLE,1 FROM DRIVERS N/SIDE,5 TAXI,"On Finchley Road, near the junction with Weech Road.",2,21/11/2019 12:42:00 PM,Thursday,12.42,1 TLRN,A,41,6 SINGLE CWY,30,99 UNKNOWN (S/R),9 UNKNOWN (S/R),6,0,0 NO XING FACILITY IN 50M,2 DAYLIGHT,1 FINE,1 ROAD-DRY,0 NONE,0 NONE,525265,185691,-0.194491,51.556207,,,Unknown,"(51.556207, -0.194491)",http://opendatacommunities.org/id/london-borough-council/camden,9538,21/12/2020 02:48:44 PM
0116EK40690,CAMDEN,1 Driver/Rider,1 Male,16-24,21,1,3 Slight,-2 Unknown,-2 N/A,3 Powered 2 Wheeler,MAPLE STREET J/W FITZROY STREET.,2,31/08/2016 12:05:00 PM,Wednesday,12.05,3 Bor,Unclassified,0,6 Single Cwy,1 <= 20 MPH,6 Crossroads,4 Give Way/Uncontrolled,Unclassified,0,1 Zebra,1 Daylight,1 Fine,1 Road-Dry,0 None,0 None,529240,182000,-0.138539,51.522141,,,Unknown,"(51.522141, -0.138539)",http://opendatacommunities.org/id/london-borough-council/camden,6516,21/12/2020 02:48:39 PM
0116EK40183,CAMDEN,1 Driver/Rider,1 Male,25-59,47,1,3 Slight,-2 Unknown,-2 N/A,2 Pedal Cycle,TAVISTOCK SQUARE J/W BEDFORD WAY,2,24/03/2016 11:12:00 PM,Thursday,23.12,3 Bor,C,0,6 Single Cwy,2 30 MPH,6 Crossroads,2 Auto Sig,C,0,5 Pedn Phase At Ats,2 Dark,2 Raining,2 Road-Wet,0 None,0 None,529900,182250,-0.12894,51.524236,,,Unknown,"(51.524236, -0.12894)",http://opendatacommunities.org/id/london-borough-council/camden,6129,21/12/2020 02:48:38 PM
1180088846,CAMDEN,1 Driver/Rider,1 Male,25-59,30,1,3 Slight,-2 Unknown,-2 N/A,3 Powered 2 Wheeler,MILL LANE J/W ALDRED ROAD,2,08/02/2018 10:00:00 AM,Thursday,10.00,3 Bor,C,0,6 Single Cwy,1 <= 20 MPH,3 T/Stag Jun,4 Give Way/Uncontrolled,Unclassified,0,0 No Xing Facility In 50m,1 Daylight,1 Fine,1 Road-Dry,0 None,0 None,525210,185220,-0.195451,51.551986,,,Unknown,"(51.551986, -0.195451)",http://opendatacommunities.org/id/london-borough-council/camden,7730,21/12/2020 02:48:41 PM
0115EK40150,CAMDEN,3 Pedestrian,1 Male,25-59,29,1,3 Slight,04 Crossing Road Within 50m Xing,1 From Drivers N/Side,1 Pedestrian,CHALK FARM ROAD J/W REGENT'S PARK ROAD,1,08/01/2015 12:50:00 PM,Thursday,12.50,3 Bor,A,502,6 Single Cwy,2 30 MPH,3 T/Stag Jun,2 Auto Sig,Unclassified,0,5 Pedn Phase At Ats,1 Daylight,1 Fine,1 Road-Dry,0 None,0 None,528200,184380,-0.152655,51.543766,,,Unknown,"(51.543766, -0.152655)",http://opendatacommunities.org/id/london-borough-council/camden,4698,21/12/2020 02:48:36 PM
0116EK40146,CAMDEN,3 Pedestrian,1 Male,25-59,36,1,3 Slight,10 Unknown,3 From Drivers O/Side,1 Pedestrian,CAMDEN HIGH STREET J/W PARKWAY,1,14/03/2016 11:53:00 AM,Monday,11.53,1 TLRN,A,400,6 Single Cwy,1 <= 20 MPH,7 Multi Jun,2 Auto Sig,A,4201,5 Pedn Phase At Ats,1 Daylight,1 Fine,1 Road-Dry,0 None,0 None,528910,183850,-0.142617,51.538842,,,Unknown,"(51.538842, -0.142617)",http://opendatacommunities.org/id/london-borough-council/camden,6104,21/12/2020 02:48:38 PM
1180114068,CAMDEN,1 Driver/Rider,1 Male,25-59,57,1,3 Slight,-2 Unknown,-2 N/A,3 Powered 2 Wheeler,A5200  CAMDEN PARK ROAD J/W SAINT AUGUSTINES RD,2,13/06/2018 03:00:00 PM,Wednesday,15.00,3 Bor,A,5200,2 One-Way St,1 <= 20 MPH,3 T/Stag Jun,4 Give Way/Uncontrolled,Unclassified,0,0 No Xing Facility In 50m,1 Daylight,1 Fine,1 Road-Dry,0 None,0 None,529950,184690,-0.127319,51.546152,,,Unknown,"(51.546152, -0.127319)",http://opendatacommunities.org/id/london-borough-council/camden,8070,21/12/2020 02:48:42 PM
1180148181,CAMDEN,3 Pedestrian,1 Male,25-59,39,1,2 Serious,08 In Centre Of Carriageway,3 From Drivers O/Side,1 Pedestrian,EUSTON ROAD 10M E OF J/W MELTON STREET,1,26/11/2018 05:59:00 PM,Monday,17.59,1 TLRN,A,501,3 Dual Cwy,2 30 MPH,6 Crossroads,2 Auto Sig,C,0,5 Pedn Phase At Ats,2 Dark,1 Fine,1 Road-Dry,0 None,0 None,529580,182490,-0.133461,51.526466,,,Unknown,"(51.526466, -0.133461)",http://opendatacommunities.org/id/london-borough-council/camden,8558,21/12/2020 02:48:43 PM
1180119967,CAMDEN,1 Driver/Rider,2 Female,25-59,33,1,2 Serious,-2 Unknown,-2 N/A,2 Pedal Cycle,GLOUCESTER GATE BRIDGE J/W ALBANY STREET,2,10/07/2018 07:58:00 AM,Tuesday,7.58,3 Bor,Unclassified,0,3 Dual Cwy,1 <= 20 MPH,3 T/Stag Jun,2 Auto Sig,A,4201,5 Pedn Phase At Ats,1 Daylight,1 Fine,1 Road-Dry,0 None,0 None,528620,183490,-0.146927,51.535672,,,Unknown,"(51.535672, -0.146927)",http://opendatacommunities.org/id/london-borough-council/camden,8160,21/12/2020 02:48:42 PM
0116EK40439,CAMDEN,1 Driver/Rider,2 Female,25-59,47,1,3 Slight,-2 Unknown,-2 N/A,2 Pedal Cycle,GRAY'S INN ROAD J/W NORTHINGTON STREET.,2,21/06/2016 09:53:00 AM,Tuesday,9.53,3 Bor,A,5200,6 Single Cwy,2 30 MPH,5 Slip Road,4 Give Way/Uncontrolled,Unclassified,0,1 Zebra,1 Daylight,1 Fine,1 Road-Dry,0 None,0 None,530940,182060,-0.114028,51.522289,,,Unknown,"(51.522289, -0.114028)",http://opendatacommunities.org/id/london-borough-council/camden,6353,21/12/2020 02:48:38 PM
0116EK40417,CAMDEN,2 Passenger,1 Male,0-15,7,1,3 Slight,-2 Unknown,-2 N/A,4 Car,WILLOW ROAD J/W WELL WALK.,2,16/06/2016 09:46:00 AM,Thursday,9.46,3 Bor,Unclassified,0,6 Single Cwy,2 30 MPH,6 Crossroads,4 Give Way/Uncontrolled,Unclassified,0,0 No Xing Facility In 50m,1 Daylight,1 Fine,2 Road-Wet,0 None,0 None,526640,185890,-0.174596,51.557688,,,Unknown,"(51.557688, -0.174596)",http://opendatacommunities.org/id/london-borough-council/camden,6337,21/12/2020 02:48:38 PM
1170010776,CAMDEN,1 Driver/Rider,1 Male,25-59,47,1,2 Serious,-2 Unknown,-2 N/A,3 Powered 2 Wheeler,OAKELY SQUARE 25M N OF J/W EVERSHOLT STREET THE NEAREST CLASSIFIED,1,10/01/2017 09:00:00 AM,Tuesday,9.00,3 Bor,Unclassified,0,2 One-Way St,2 30 MPH,0 No Jun In 20m,-2 Not Applicable,-2 Not Applicable,0,0 No Xing Facility In 50m,1 Daylight,1 Fine,1 Road-Dry,0 None,0 None,529310,183310,-0.13705,51.533897,,,Unknown,"(51.533897, -0.13705)",http://opendatacommunities.org/id/london-borough-council/camden,6566,21/12/2020 02:48:39 PM
1170065788,CAMDEN,2 Passenger,2 Female,0-15,15,1,2 Serious,-2 Unknown,-2 N/A,4 Car,ETON AVENUE J/W WINCHESTER ROAD,2,21/10/2017 11:00:00 AM,Saturday,11.00,3 Bor,Unclassified,0,6 Single Cwy,1 <= 20 MPH,6 Crossroads,4 Give Way/Uncontrolled,Unclassified,0,0 No Xing Facility In 50m,1 Daylight,1 Fine,1 Road-Dry,0 None,0 None,526780,184390,-0.173118,51.544177,,,Unknown,"(51.544177, -0.173118)",http://opendatacommunities.org/id/london-borough-council/camden,7446,21/12/2020 02:48:40 PM
0116EK40058,CAMDEN,3 Pedestrian,1 Male,25-59,38,1,2 Serious,04 Crossing Road Within 50m Xing,3 From Drivers O/Side,1 Pedestrian,CAMDEN HIGH STREET J/W CASTLEHAVEN ROAD,1,07/02/2016 06:55:00 PM,Sunday,18.55,3 Bor,A,502,6 Single Cwy,1 <= 20 MPH,6 Crossroads,2 Auto Sig,A,502,5 Pedn Phase At Ats,2 Dark,5 Raining/High Winds,2 Road-Wet,0 None,0 None,528680,184170,-0.145814,51.54177,,,Unknown,"(51.54177, -0.145814)",http://opendatacommunities.org/id/london-borough-council/camden,6027,21/12/2020 02:48:38 PM
0115EK40880,CAMDEN,1 Driver/Rider,2 Female,16-24,24,1,3 Slight,-2 Unknown,-2 N/A,2 Pedal Cycle,TOTTENHAM COURT ROAD J/W WARREN STREET,2,06/10/2015 09:11:00 PM,Tuesday,21.11,3 Bor,A,400,6 Single Cwy,2 30 MPH,3 T/Stag Jun,4 Give Way/Uncontrolled,Unclassified,0,4 Pelican Or Similar,2 Dark,1 Fine,1 Road-Dry,0 None,0 None,529280,182260,-0.137868,51.524468,,,Unknown,"(51.524468, -0.137868)",http://opendatacommunities.org/id/london-borough-council/camden,5325,21/12/2020 02:48:37 PM
0116EK40329,CAMDEN,1 Driver/Rider,2 Female,25-59,32,1,3 Slight,-2 Unknown,-2 N/A,2 Pedal Cycle,"NFL - EUSTON ROAD, 30 METRES SW OF MIDLAND ROAD.",2,05/06/2016 05:28:00 PM,Sunday,17.28,1 TLRN,A,501,3 Dual Cwy,2 30 MPH,0 No Jun In 20m,-2 Not Applicable,-2 Not Applicable,0,5 Pedn Phase At Ats,1 Daylight,1 Fine,1 Road-Dry,0 None,0 None,530030,182780,-0.126871,51.528969,,,Unknown,"(51.528969, -0.126871)",http://opendatacommunities.org/id/london-borough-council/camden,6262,21/12/2020 02:48:38 PM
1180097395,CAMDEN,1 Driver/Rider,1 Male,25-59,27,1,3 Slight,-2 Unknown,-2 N/A,2 Pedal Cycle,CLERKENWELL ROAD J/W WHITE BEAR YARD,2,21/03/2018 08:50:00 AM,Wednesday,8.50,3 Bor,A,5201,6 Single Cwy,1 <= 20 MPH,3 T/Stag Jun,4 Give Way/Uncontrolled,Unclassified,0,0 No Xing Facility In 50m,1 Daylight,1 Fine,1 Road-Dry,0 None,0 None,531230,182030,-0.109861,51.521952,,,Unknown,"(51.521952, -0.109861)",http://opendatacommunities.org/id/london-borough-council/camden,7827,21/12/2020 02:48:41 PM
0115EK40786,CAMDEN,1 Driver/Rider,1 Male,25-59,36,1,3 Slight,-2 Unknown,-2 N/A,2 Pedal Cycle,GORDON SQUARE J/W TAVISTOCK SQUARE,2,10/09/2015 11:50:00 AM,Thursday,11.50,3 Bor,C,0,6 Single Cwy,2 30 MPH,6 Crossroads,2 Auto Sig,Unclassified,0,5 Pedn Phase At Ats,1 Daylight,1 Fine,1 Road-Dry,0 None,0 None,529840,182210,-0.129819,51.52389,,,Unknown,"(51.52389, -0.129819)",http://opendatacommunities.org/id/london-borough-council/camden,5253,21/12/2020 02:48:37 PM
1180111818,CAMDEN,2 Passenger,1 Male,60+,69,1,3 Slight,-2 Unknown,-2 N/A,4 Car,PRINCE OF WALES ROAD J/W CRADDOCK STREET,4,02/06/2018 07:57:00 PM,Saturday,19.57,3 Bor,C,0,6 Single Cwy,1 <= 20 MPH,3 T/Stag Jun,4 Give Way/Uncontrolled,Unclassified,0,0 No Xing Facility In 50m,1 Daylight,1 Fine,1 Road-Dry,0 None,0 None,528110,184600,-0.153873,51.545764,,,Unknown,"(51.545764, -0.153873)",http://opendatacommunities.org/id/london-borough-council/camden,8044,21/12/2020 02:48:42 PM
1190218610,CAMDEN,3 PEDESTRIAN,2 FEMALE,25-59,50,1,3 SLIGHT,10 UNKNOWN OR OTHER,1 FROM DRIVERS N/SIDE,1 PEDESTRIAN,"On Saint Giles High Street, near the junction with New Compton Street.",1,15/11/2019 03:50:00 PM,Friday,15.50,3 BOR,A,40,2 ONE-WAY ST,20,03 T/STAG JUN,4 GIVE WAY/UNCONTROLLED,6,0,9 UNKNOWN (S/R),2 DAYLIGHT,2 RAINING,2 ROAD-WET,4 ROADWORKS,0 NONE,530042,181294,-0.127247,51.515612,,,Unknown,"(51.515612, -0.127247)",http://opendatacommunities.org/id/london-borough-council/camden,9519,21/12/2020 02:48:44 PM
0115EK40688,CAMDEN,1 Driver/Rider,1 Male,25-59,51,1,3 Slight,-2 Unknown,-2 N/A,2 Pedal Cycle,HAMPSTEAD ROAD 38M N OF HARRINGTON SQUARE,2,08/08/2015 08:30:00 PM,Saturday,20.30,1 TLRN,A,400,3 Dual Cwy,2 30 MPH,0 No Jun In 20m,-2 Not Applicable,-2 Not Applicable,0,0 No Xing Facility In 50m,2 Dark,1 Fine,1 Road-Dry,0 None,0 None,529160,183320,-0.139208,51.534022,,,Unknown,"(51.534022, -0.139208)",http://opendatacommunities.org/id/london-borough-council/camden,5163,21/12/2020 02:48:36 PM
0116EK40625,CAMDEN,1 Driver/Rider,1 Male,25-59,35,1,3 Slight,-2 Unknown,-2 N/A,2 Pedal Cycle,CAMDEN ROAD J/W MURRAY STREET,2,31/08/2016 09:42:00 AM,Wednesday,9.42,1 TLRN,A,503,6 Single Cwy,2 30 MPH,3 T/Stag Jun,4 Give Way/Uncontrolled,Unclassified,0,4 Pelican Or Similar,1 Daylight,1 Fine,1 Road-Dry,0 None,0 None,529440,184520,-0.134732,51.544742,,,Unknown,"(51.544742, -0.134732)",http://opendatacommunities.org/id/london-borough-council/camden,6503,21/12/2020 02:48:39 PM
1190161109,CAMDEN,3 PEDESTRIAN,2 FEMALE,25-59,56,1,3 SLIGHT,01 CROSSING ROAD ON PED XING,1 FROM DRIVERS N/SIDE,1 PEDESTRIAN,"On Euston Road, near the junction with Tottenham Court Road.",1,01/02/2019 06:45:00 AM,Friday,6.45,1 TLRN,A,400,9 UNKNOWN,30,99 UNKNOWN (S/R),2 AUTO SIG,A,400,5 PEDN PHASE AT ATS,2 DAYLIGHT,3 SNOWING,2 ROAD-WET,0 NONE,9 UNKNOWN (S/R),529245,182300,-0.138357,51.524836,,,Unknown,"(51.524836, -0.138357)",http://opendatacommunities.org/id/london-borough-council/camden,8746,21/12/2020 02:48:43 PM
1180083732,CAMDEN,3 Pedestrian,2 Female,16-24,21,1,2 Serious,06 On Footpath - Verge,9 Unknown Or Other,1 Pedestrian,KINGSWAY J/W HIGH HOLBORN,1,15/01/2018 06:10:00 PM,Monday,18.10,3 Bor,A,4200,6 Single Cwy,1 <= 20 MPH,6 Crossroads,2 Auto Sig,A,40,5 Pedn Phase At Ats,2 Dark,1 Fine,2 Road-Wet,0 None,0 None,530520,181510,-0.120282,51.517443,,,Unknown,"(51.517443, -0.120282)",http://opendatacommunities.org/id/london-borough-council/camden,7667,21/12/2020 02:48:41 PM
1160024603,CAMDEN,1 Driver/Rider,1 Male,25-59,33,1,3 Slight,-2 Unknown,-2 N/A,2 Pedal Cycle,CAMDEN PARK ROAD J/W NORTH VILLA,2,11/10/2016 09:20:00 AM,Tuesday,9.20,3 Bor,A,5200,2 One-Way St,2 30 MPH,3 T/Stag Jun,2 Auto Sig,Unclassified,0,5 Pedn Phase At Ats,1 Daylight,1 Fine,1 Road-Dry,0 None,0 None,529810,184800,-0.129296,51.547173,,,Unknown,"(51.547173, -0.129296)",http://opendatacommunities.org/id/london-borough-council/camden,5918,21/12/2020 02:48:38 PM
0116EO40182,CAMDEN,3 Pedestrian,2 Female,16-24,23,1,3 Slight,04 Crossing Road Within 50m Xing,2 From Drivers N/Side Msk,1 Pedestrian,YORK WAY J/W COPENHAGEN STREET,1,26/02/2016 06:21:00 PM,Friday,18.21,3 Bor,A,5200,6 Single Cwy,1 <= 20 MPH,6 Crossroads,4 Give Way/Uncontrolled,B,154,4 Pelican Or Similar,2 Dark,1 Fine,1 Road-Dry,0 None,0 None,530310,183660,-0.122512,51.536813,,,Unknown,"(51.536813, -0.122512)",http://opendatacommunities.org/id/london-borough-council/camden,6528,21/12/2020 02:48:39 PM
1170034287,CAMDEN,1 Driver/Rider,1 Male,16-24,17,1,3 Slight,-2 Unknown,-2 N/A,3 Powered 2 Wheeler,GRAYS INN ROAD J/W GUILDFORD STREET,2,27/04/2017 01:41:00 PM,Thursday,13.41,3 Bor,A,5200,6 Single Cwy,1 <= 20 MPH,6 Crossroads,2 Auto Sig,B,502,5 Pedn Phase At Ats,1 Daylight,1 Fine,1 Road-Dry,0 None,0 None,530800,182280,-0.115963,51.524298,,,Unknown,"(51.524298, -0.115963)",http://opendatacommunities.org/id/london-borough-council/camden,6917,21/12/2020 02:48:39 PM
1190171421,CAMDEN,2 PASSENGER,2 FEMALE,60+,66,1,3 SLIGHT,'-2 NOT APPLICABLE,'-2 NOT APPLICABLE,6 BUS OR COACH,"On Highgate Road, near the junction with Gordon hosue road.",1,26/03/2019 04:18:00 PM,Tuesday,16.18,3 BOR,B,518,6 SINGLE CWY,20,03 T/STAG JUN,4 GIVE WAY/UNCONTROLLED,6,0,1 ZEBRA,2 DAYLIGHT,1 FINE,1 ROAD-DRY,0 NONE,0 NONE,528622,185762,-0.146068,51.55609,,,Unknown,"(51.55609, -0.146068)",http://opendatacommunities.org/id/london-borough-council/camden,8874,21/12/2020 02:48:43 PM
1190193295,CAMDEN,3 PEDESTRIAN,2 FEMALE,25-59,53,1,3 SLIGHT,01 CROSSING ROAD ON PED XING,'-2 NOT APPLICABLE,1 PEDESTRIAN,"On Kilburn High Road, 50 metres north of the junction with PRIORY PARK.",1,13/07/2019 09:20:00 AM,Saturday,9.20,3 BOR,A,5,6 SINGLE CWY,30,00 NO JUN IN 20M,,0,0,4 PELICAN OR SIMILAR,2 DAYLIGHT,1 FINE,1 ROAD-DRY,0 NONE,0 NONE,525135,183995,-0.196968,51.540993,,,Unknown,"(51.540993, -0.196968)",http://opendatacommunities.org/id/london-borough-council/camden,9182,21/12/2020 02:48:44 PM
0116EK40619,CAMDEN,1 Driver/Rider,1 Male,25-59,27,1,3 Slight,-2 Unknown,-2 N/A,3 Powered 2 Wheeler,FITZJOHN'S AVENUE J/W PRINCE ARTHUR ROAD.,2,25/08/2016 04:10:00 PM,Thursday,16.10,3 Bor,B,511,6 Single Cwy,2 30 MPH,6 Crossroads,4 Give Way/Uncontrolled,Unclassified,0,0 No Xing Facility In 50m,1 Daylight,1 Fine,1 Road-Dry,0 None,0 None,526450,185510,-0.177472,51.554316,,,Unknown,"(51.554316, -0.177472)",http://opendatacommunities.org/id/london-borough-council/camden,6498,21/12/2020 02:48:39 PM
0115EK40531,CAMDEN,1 Driver/Rider,1 Male,25-59,30,1,3 Slight,-2 Unknown,-2 N/A,3 Powered 2 Wheeler,FINCHLEY ROAD 28M S OF J/W FROGNAL,2,18/06/2015 07:08:00 PM,Thursday,19.08,1 TLRN,A,41,6 Single Cwy,2 30 MPH,0 No Jun In 20m,-2 Not Applicable,-2 Not Applicable,0,4 Pelican Or Similar,1 Daylight,1 Fine,1 Road-Dry,0 None,0 None,526174,184946,-0.181653,51.549309,,,Unknown,"(51.549309, -0.181653)",http://opendatacommunities.org/id/london-borough-council/camden,5019,21/12/2020 02:48:36 PM
1190227954,CAMDEN,1 DRIVER/RIDER,1 MALE,16-24,24,1,3 SLIGHT,'-2 NOT APPLICABLE,'-2 NOT APPLICABLE,3 POWERED 2 WHEELER,"On Camden Road, 100 metres north of the junction with Murray street.",2,31/12/2019 04:35:00 PM,Tuesday,16.35,1 TLRN,A,503,3 DUAL CWY,30,00 NO JUN IN 20M,,0,0,0 NO XING FACILITY IN 50M,1 DARK,1 FINE,1 ROAD-DRY,0 NONE,0 NONE,529519,184623,-0.133556,51.545649,,,Unknown,"(51.545649, -0.133556)",http://opendatacommunities.org/id/london-borough-council/camden,9659,21/12/2020 02:48:45 PM
1190185880,CAMDEN,3 PEDESTRIAN,2 FEMALE,0-15,6,1,3 SLIGHT,05 CROSSING ROAD (NOT ON XING),1 FROM DRIVERS N/SIDE,1 PEDESTRIAN,"On High Holborn, 5 metres west of the junction with Drury Lane.",1,07/06/2019 06:15:00 PM,Friday,18.15,3 BOR,A,40,6 SINGLE CWY,20,06 CROSSROADS,2 AUTO SIG,5,0,5 PEDN PHASE AT ATS,2 DAYLIGHT,8 OTHER,2 ROAD-WET,0 NONE,0 NONE,530232,181371,-0.124481,51.51626,,,Unknown,"(51.51626, -0.124481)",http://opendatacommunities.org/id/london-borough-council/camden,9077,21/12/2020 02:48:44 PM
0115EK41158,CAMDEN,3 Pedestrian,1 Male,60+,78,1,3 Slight,01 Crossing Road On Ped Xing,3 From Drivers O/Side,1 Pedestrian,"FORTESS ROAD, 30 METRES NE OF GOTTFRIED MEWS.",1,28/12/2015 08:39:00 PM,Monday,20.39,3 Bor,A,400,6 Single Cwy,1 <= 20 MPH,0 No Jun In 20m,-2 Not Applicable,-2 Not Applicable,0,5 Pedn Phase At Ats,2 Dark,1 Fine,1 Road-Dry,0 None,0 None,529100,185760,-0.139178,51.555963,,,Unknown,"(51.555963, -0.139178)",http://opendatacommunities.org/id/london-borough-council/camden,5559,21/12/2020 02:48:37 PM
0115EK40528,CAMDEN,1 Driver/Rider,1 Male,16-24,24,1,3 Slight,-2 Unknown,-2 N/A,2 Pedal Cycle,OUTER CIRCLE J/W CAMBRIDGE TERRACE,2,22/06/2015 07:20:00 PM,Monday,19.20,3 Bor,Unclassified,0,6 Single Cwy,2 30 MPH,3 T/Stag Jun,4 Give Way/Uncontrolled,Unclassified,0,0 No Xing Facility In 50m,1 Daylight,1 Fine,1 Road-Dry,0 None,0 None,528720,182580,-0.145819,51.527472,,,Unknown,"(51.527472, -0.145819)",http://opendatacommunities.org/id/london-borough-council/camden,5017,21/12/2020 02:48:36 PM