Reference,London Borough Name,Casualty Class,Casualty Sex,Casualty Age Band,Casualty Age,Number Of Casualties,Casualty Severity,Pedestrian Location,Pedestrian Movement,Mode Of Travel,Attendant Location,Number Of Vehicles,Date,Day,Time,Highway,Road Class 1,Road Number 1,Road Type,Speed Limit,Junction Detail,Junction Control,Road Class 2,Road Number 2,Pedestrian Crossing,Light Condition Band,Weather,Road Surface,Special Conditions,Carriage Way Hazard,Easting,Northing,Longitude,Latitude,Ward Code,Ward Name,Spatial Accuracy,Location,Organisation URI,Socrata ID,Last Uploaded
1160012903,CAMDEN,1 Driver/Rider,2 Female,25-59,28,1,3 Slight,-2 Unknown,-2 N/A,2 Pedal Cycle,"ON ROYAL COLLEGE STREET, NEAR THE JUNCTION WITH GEORGINA STREET .",2,13/09/2016 08:00:00 AM,Tuesday,8.00,3 Bor,A,5202,2 One-Way St,2 30 MPH,6 Crossroads,4 Give Way/Uncontrolled,Unclassified,0,1 Zebra,1 Daylight,1 Fine,1 Road-Dry,0 None,0 None,529310,183970,-0.136808,51.539829,,,Unknown,"(51.539829, -0.136808)",http://opendatacommunities.org/id/london-borough-council/camden,5862,21/12/2020 02:48:38 PM
1160000289,CAMDEN,1 Driver/Rider,1 Male,25-59,37,1,3 Slight,-2 Unknown,-2 N/A,3 Powered 2 Wheeler,FINCHLEY ROAD 50M W OF J/W ALVANLEY GARDENS,2,02/11/2016 05:25:00 PM,Wednesday,17.25,1 TLRN,A,41,3 Dual Cwy,2 30 MPH,0 No Jun In 20m,-2 Not Applicable,-2 Not Applicable,0,0 No Xing Facility In 50m,2 Dark,1 Fine,1 Road-Dry,0 None,0 None,525810,185270,-0.186784,51.552302,,,Unknown,"(51.552302, -0.186784)",http://opendatacommunities.org/id/london-borough-council/camden,5642,21/12/2020 02:48:37 PM
0115EK40003,CAMDEN,1 Driver/Rider,1 Male,25-59,33,1,3 Slight,-2 Unknown,-2 N/A,3 Powered 2 Wheeler,GRAY'S INN ROAD J/W GUILFORD STREET,2,13/01/2015 10:55:00 AM,Tuesday,10.55,3 Bor,A,5200,6 Single Cwy,2 30 MPH,6 Crossroads,2 Auto Sig,B,502,5 Pedn Phase At Ats,1 Daylight,1 Fine,1 Road-Dry,0 None,0 None,530800,182290,-0.115959,51.524388,,,Unknown,"(51.524388, -0.115959)",http://opendatacommunities.org/id/london-borough-council/camden,4587,21/12/2020 02:48:35 PM
0115EK41103,CAMDEN,3 Pedestrian,2 Female,Unknown,0,1,3 Slight,01 Crossing Road On Ped Xing,3 From Drivers O/Side,1 Pedestrian,SOUTHAMPTON ROW J/W HIGH HOLBORN,1,29/11/2015 06:10:00 AM,Sunday,6.10,3 Bor,A,4200,6 Single Cwy,2 30 MPH,6 Crossroads,2 Auto Sig,A,40,5 Pedn Phase At Ats,1 Daylight,1 Fine,1 Road-Dry,0 None,0 None,530500,181540,-0.120559,51.517717,,,Unknown,"(51.517717, -0.120559)",http://opendatacommunities.org/id/london-borough-council/camden,5509,21/12/2020 02:48:37 PM
0116EK40277,CAMDEN,3 Pedestrian,1 Male,16-24,21,1,3 Slight,01 Crossing Road On Ped Xing,1 From Drivers N/Side,1 Pedestrian,EVERSHOLT STREET J/W PHOENIX ROAD,1,16/04/2016 04:30:00 PM,Saturday,16.30,3 Bor,A,4200,6 Single Cwy,2 30 MPH,3 T/Stag Jun,4 Give Way/Uncontrolled,C,0,1 Zebra,1 Daylight,1 Fine,1 Road-Dry,0 None,0 None,529530,182900,-0.134031,51.530162,,,Unknown,"(51.530162, -0.134031)",http://opendatacommunities.org/id/london-borough-council/camden,6214,21/12/2020 02:48:38 PM
1170055604,CAMDEN,1 Driver/Rider,2 Female,25-59,46,1,3 Slight,-2 Unknown,-2 N/A,4 Car,EUSTON ROAD J/W CHURCHWAY,2,23/08/2017 11:50:00 AM,Wednesday,11.50,1 TLRN,A,501,3 Dual Cwy,2 30 MPH,6 Crossroads,2 Auto Sig,Unclassified,0,5 Pedn Phase At Ats,1 Daylight,1 Fine,1 Road-Dry,0 None,0 None,529830,182630,-0.129808,51.527667,,,Unknown,"(51.527667, -0.129808)",http://opendatacommunities.org/id/london-borough-council/camden,7269,21/12/2020 02:48:40 PM
1180115487,CAMDEN,1 Driver/Rider,1 Male,25-59,42,1,2 Serious,-2 Unknown,-2 N/A,3 Powered 2 Wheeler,AGAR GROVE J/W MURRAY STREET,2,20/06/2018 09:50:00 AM,Wednesday,9.50,3 Bor,Unclassified,0,6 Single Cwy,1 <= 20 MPH,3 T/Stag Jun,4 Give Way/Uncontrolled,Unclassified,0,0 No Xing Facility In 50m,1 Daylight,1 Fine,1 Road-Dry,0 None,0 None,529650,184330,-0.131776,51.542986,,,Unknown,"(51.542986, -0.131776)",http://opendatacommunities.org/id/london-borough-council/camden,8090,21/12/2020 02:48:42 PM
1180107131,CAMDEN,1 Driver/Rider,1 Male,16-24,24,1,3 Slight,-2 Unknown,-2 N/A,2 Pedal Cycle,CUBITT STREET 20M E OF J/W SEDDON STREET,2,10/05/2018 07:45:00 PM,Thursday,19.45,3 Bor,Unclassified,0,6 Single Cwy,2 30 MPH,3 T/Stag Jun,9 Unknown (S/R),Unclassified,0,9 Unknown (S/R),1 Daylight,1 Fine,1 Road-Dry,0 None,0 None,530841,182558,-0.115269,51.526787,,,Unknown,"(51.526787, -0.115269)",http://opendatacommunities.org/id/london-borough-council/camden,7982,21/12/2020 02:48:42 PM
0116EK40379,CAMDEN,1 Driver/Rider,1 Male,25-59,48,1,3 Slight,-2 Unknown,-2 N/A,2 Pedal Cycle,HIGHGATE ROAD J/W CHETWYND ROAD.,2,17/05/2016 06:35:00 PM,Tuesday,18.35,3 Bor,B,518,6 Single Cwy,2 30 MPH,3 T/Stag Jun,2 Auto Sig,C,0,5 Pedn Phase At Ats,1 Daylight,1 Fine,1 Road-Dry,0 None,0 None,528570,185840,-0.14679,51.556803,,,Unknown,"(51.556803, -0.14679)",http://opendatacommunities.org/id/london-borough-council/camden,6301,21/12/2020 02:48:38 PM
1170039734,CAMDEN,3 Pedestrian,1 Male,25-59,34,1,3 Slight,01 Crossing Road On Ped Xing,1 From Drivers N/Side,1 Pedestrian,VERNON PLACE J/W SOUTHAMPTON ROW,1,25/05/2017 03:45:00 PM,Thursday,15.45,3 Bor,A,4200,3 Dual Cwy,2 30 MPH,6 Crossroads,2 Auto Sig,A,4200,4 Pelican Or Similar,1 Daylight,1 Fine,1 Road-Dry,0 None,0 None,530410,181790,-0.121763,51.519985,,,Unknown,"(51.519985, -0.121763)",http://opendatacommunities.org/id/london-borough-council/camden,7000,21/12/2020 02:48:39 PM
1180119806,CAMDEN,2 Passenger,2 Female,Unknown,0,1,3 Slight,-2 Unknown,-2 N/A,4 Car,FINCHLEY ROAD 140M N OF J/W LITHOS ROAD,1,08/07/2018 03:30:00 PM,Sunday,15.30,1 TLRN,A,41,2 One-Way St,1 <= 20 MPH,0 No Jun In 20m,-2 Not Applicable,-2 Not Applicable,0,0 No Xing Facility In 50m,1 Daylight,1 Fine,1 Road-Dry,4 Roadworks,0 None,526070,185060,-0.183111,51.550357,,,Unknown,"(51.550357, -0.183111)",http://opendatacommunities.org/id/london-borough-council/camden,8158,21/12/2020 02:48:42 PM
1190181783,CAMDEN,1 DRIVER/RIDER,2 FEMALE,25-59,28,1,3 SLIGHT,'-2 NOT APPLICABLE,'-2 NOT APPLICABLE,4 CAR,"On Southampton Row, 35 metres north of the junction with Theobalds Road.. The nearest classified road was the A40",2,18/05/2019 07:00:00 AM,Saturday,7.00,3 BOR,A,4200,6 SINGLE CWY,30,00 NO JUN IN 20M,,0,0,5 PEDN PHASE AT ATS,2 DAYLIGHT,1 FINE,1 ROAD-DRY,0 NONE,0 NONE,530404,181749,-0.121864,51.519618,,,Unknown,"(51.519618, -0.121864)",http://opendatacommunities.org/id/london-borough-council/camden,9022,21/12/2020 02:48:44 PM
1190183006,CAMDEN,1 DRIVER/RIDER,1 MALE,25-59,26,1,3 SLIGHT,'-2 NOT APPLICABLE,'-2 NOT APPLICABLE,2 PEDAL CYCLE,"On Hampstead Road, near the junction with Robert Street NW!.",2,24/05/2019 04:55:00 PM,Friday,16.55,1 TLRN,A,400,3 DUAL CWY,30,03 T/STAG JUN,4 GIVE WAY/UNCONTROLLED,6,0,4 PELICAN OR SIMILAR,2 DAYLIGHT,1 FINE,1 ROAD-DRY,0 NONE,0 NONE,529214,182706,-0.138655,51.528491,,,Unknown,"(51.528491, -0.138655)",http://opendatacommunities.org/id/london-borough-council/camden,9042,21/12/2020 02:48:44 PM
1160003703,CAMDEN,1 Driver/Rider,2 Female,25-59,43,1,3 Slight,-2 Unknown,-2 N/A,2 Pedal Cycle,AGAR GROVE J/W ST PANCRAS WAY,2,25/11/2016 06:40:00 PM,Friday,18.40,3 Bor,C,0,9 Unknown,2 30 MPH,6 Crossroads,2 Auto Sig,A,5202,5 Pedn Phase At Ats,2 Dark,4 Fine/High Winds,1 Road-Dry,9 Unknown (S/R),9 Unknown (S/R),529380,184220,-0.135707,51.542059,,,Unknown,"(51.542059, -0.135707)",http://opendatacommunities.org/id/london-borough-council/camden,5707,21/12/2020 02:48:37 PM
1180127038,CAMDEN,1 Driver/Rider,1 Male,Unknown,0,1,3 Slight,-2 Unknown,-2 N/A,3 Powered 2 Wheeler,CHENIES STREET J/W RIDGMOUNT GARDENS,2,14/08/2018 05:55:00 PM,Tuesday,17.55,3 Bor,B,506,2 One-Way St,1 <= 20 MPH,3 T/Stag Jun,4 Give Way/Uncontrolled,Unclassified,0,0 No Xing Facility In 50m,1 Daylight,1 Fine,1 Road-Dry,0 None,0 None,529690,181900,-0.132094,51.521139,,,Unknown,"(51.521139, -0.132094)",http://opendatacommunities.org/id/london-borough-council/camden,8248,21/12/2020 02:48:42 PM
1190161507,CAMDEN,1 DRIVER/RIDER,1 MALE,16-24,20,1,3 SLIGHT,'-2 NOT APPLICABLE,'-2 NOT APPLICABLE,3 POWERED 2 WHEELER,"On Tottenham Court Road, near the junction with Mapel Street.",2,03/02/2019 04:48:00 PM,Sunday,16.48,3 BOR,A,400,2 ONE-WAY ST,20,06 CROSSROADS,2 AUTO SIG,5,0,5 PEDN PHASE AT ATS,2 DAYLIGHT,1 FINE,1 ROAD-DRY,0 NONE,0 NONE,529362,182096,-0.136747,51.522975,,,Unknown,"(51.522975, -0.136747)",http://opendatacommunities.org/id/london-borough-council/camden,8757,21/12/2020 02:48:43 PM
1180118024,CAMDEN,1 Driver/Rider,1 Male,16-24,22,1,2 Serious,-2 Unknown,-2 N/A,3 Powered 2 Wheeler,SOUTH END ROAD J/W HEATH HURST ROAD,2,01/07/2018 09:50:00 PM,Sunday,21.50,3 Bor,C,0,7 Slip Rd,1 <= 20 MPH,6 Crossroads,4 Give Way/Uncontrolled,Unclassified,0,1 Zebra,2 Dark,1 Fine,1 Road-Dry,0 None,0 None,527220,185620,-0.166332,51.555132,,,Unknown,"(51.555132, -0.166332)",http://opendatacommunities.org/id/london-borough-council/camden,8137,21/12/2020 02:48:42 PM
0115EK41074,CAMDEN,1 Driver/Rider,1 Male,16-24,20,1,3 Slight,-2 Unknown,-2 N/A,3 Powered 2 Wheeler,CASTLEHAVEN ROAD J/W HAWLEY ROAD.,1,22/11/2015 04:47:00 PM,Sunday,16.47,3 Bor,A,502,2 One-Way St,2 30 MPH,3 T/Stag Jun,4 Give Way/Uncontrolled,C,0,0 No Xing Facility In 50m,2 Dark,1 Fine,2 Road-Wet,0 None,0 None,528790,184290,-0.144185,51.542823,,,Unknown,"(51.542823, -0.144185)",http://opendatacommunities.org/id/london-borough-council/camden,5484,21/12/2020 02:48:37 PM
1190177810,CAMDEN,1 DRIVER/RIDER,1 MALE,25-59,37,1,3 SLIGHT,'-2 NOT APPLICABLE,'-2 NOT APPLICABLE,2 PEDAL CYCLE,"On Royal College Street, 50 metres north of the junction with Baynes Street.",2,29/04/2019 06:25:00 AM,Monday,6.25,3 BOR,A,5202,2 ONE-WAY ST,20,00 NO JUN IN 20M,,0,0,1 ZEBRA,2 DAYLIGHT,1 FINE,1 ROAD-DRY,0 NONE,0 NONE,529250,184099,-0.137625,51.541002,,,Unknown,"(51.541002, -0.137625)",http://opendatacommunities.org/id/london-borough-council/camden,8957,21/12/2020 02:48:44 PM
1170027565,CAMDEN,1 Driver/Rider,1 Male,25-59,28,1,2 Serious,-2 Unknown,-2 N/A,3 Powered 2 Wheeler,FINCHLEY ROAD 50M N OF J/W COLLEGE CRESCENT THE NEAREST CLASSIFIED,2,23/03/2017 09:10:00 AM,Thursday,9.10,1 TLRN,A,41,3 Dual Cwy,2 30 MPH,0 No Jun In 20m,-2 Not Applicable,-2 Not Applicable,0,0 No Xing Facility In 50m,1 Daylight,1 Fine,1 Road-Dry,0 None,0 None,526610,184420,-0.175557,51.544484,,,Unknown,"(51.544484, -0.175557)",http://opendatacommunities.org/id/london-borough-council/camden,6810,21/12/2020 02:48:39 PM
1180101085,CAMDEN,1 Driver/Rider,1 Male,25-59,44,1,3 Slight,-2 Unknown,-2 N/A,2 Pedal Cycle,OUTER CIRCLE 30M N OF J/W GLOUCESTER GATE,1,11/04/2018 07:16:00 AM,Wednesday,7.16,3 Bor,Unclassified,0,3 Dual Cwy,1 <= 20 MPH,0 No Jun In 20m,-2 Not Applicable,-2 Not Applicable,0,0 No Xing Facility In 50m,1 Daylight,2 Raining,2 Road-Wet,0 None,0 None,528570,183390,-0.147684,51.534785,,,Unknown,"(51.534785, -0.147684)",http://opendatacommunities.org/id/london-borough-council/camden,7879,21/12/2020 02:48:41 PM
1190203617,CAMDEN,1 DRIVER/RIDER,1 MALE,16-24,23,1,2 SERIOUS,'-2 NOT APPLICABLE,'-2 NOT APPLICABLE,3 POWERED 2 WHEELER,"On Camden Road, near the junction with Rochester Square.",2,05/09/2019 05:13:00 PM,Thursday,17.13,1 TLRN,6,0,6 SINGLE CWY,20,03 T/STAG JUN,4 GIVE WAY/UNCONTROLLED,A,503,0 NO XING FACILITY IN 50M,2 DAYLIGHT,1 FINE,1 ROAD-DRY,0 NONE,0 NONE,529325,184390,-0.136438,51.5436,,,Unknown,"(51.5436, -0.136438)",http://opendatacommunities.org/id/london-borough-council/camden,9337,21/12/2020 02:48:44 PM
0115EK41128,CAMDEN,3 Pedestrian,2 Female,25-59,27,1,3 Slight,01 Crossing Road On Ped Xing,3 From Drivers O/Side,1 Pedestrian,GRAY'S INN ROAD J/W ELM STREET.,1,15/12/2015 06:50:00 PM,Tuesday,18.50,3 Bor,A,5200,6 Single Cwy,2 30 MPH,3 T/Stag Jun,4 Give Way/Uncontrolled,Unclassified,0,1 Zebra,2 Dark,2 Raining,2 Road-Wet,0 None,0 None,530930,182090,-0.114161,51.522561,,,Unknown,"(51.522561, -0.114161)",http://opendatacommunities.org/id/london-borough-council/camden,5538,21/12/2020 02:48:37 PM
1160005690,CAMDEN,1 Driver/Rider,1 Male,25-59,56,1,3 Slight,-2 Unknown,-2 N/A,5 Taxi,EUSTON ROAD 30M W OF J/W CHALTON STREET,2,07/12/2016 09:15:00 PM,Wednesday,21.15,1 TLRN,A,501,3 Dual Cwy,2 30 MPH,0 No Jun In 20m,-2 Not Applicable,-2 Not Applicable,0,0 No Xing Facility In 50m,2 Dark,1 Fine,1 Road-Dry,0 None,0 None,529880,182670,-0.129073,51.528015,,,Unknown,"(51.528015, -0.129073)",http://opendatacommunities.org/id/london-borough-council/camden,5748,21/12/2020 02:48:37 PM
0115EK40629,CAMDEN,1 Driver/Rider,1 Male,25-59,37,1,3 Slight,-2 Unknown,-2 N/A,3 Powered 2 Wheeler,CAMDEN HIGH STREET J/W SYMES MEWS,2,27/07/2015 01:30:00 PM,Monday,13.30,1 TLRN,A,502,6 Single Cwy,2 30 MPH,3 T/Stag Jun,4 Give Way/Uncontrolled,Unclassified,0,0 No Xing Facility In 50m,1 Daylight,1 Fine,1 Road-Dry,4 Roadworks,0 None,529140,183470,-0.139441,51.535374,,,Unknown,"(51.535374, -0.139441)",http://opendatacommunities.org/id/london-borough-council/camden,5109,21/12/2020 02:48:36 PM
1190180391,CAMDEN,1 DRIVER/RIDER,2 FEMALE,25-59,26,1,2 SERIOUS,'-2 NOT APPLICABLE,'-2 NOT APPLICABLE,2 PEDAL CYCLE,"On New Oxford Street, near the junction with Shaftsbury Avenue.",2,12/05/2019 01:15:00 PM,Sunday,13.15,3 BOR,A,40,6 SINGLE CWY,20,03 T/STAG JUN,2 AUTO SIG,A,401,5 PEDN PHASE AT ATS,2 DAYLIGHT,1 FINE,1 ROAD-DRY,0 NONE,0 NONE,530134,181456,-0.125862,51.517047,,,Unknown,"(51.517047, -0.125862)",http://opendatacommunities.org/id/london-borough-council/camden,8994,21/12/2020 02:48:44 PM
1170016031,CAMDEN,1 Driver/Rider,1 Male,25-59,32,1,3 Slight,-2 Unknown,-2 N/A,4 Car,KILBURN HIGH ROAD J/W WEST END LANE,2,02/02/2017 08:01:00 PM,Thursday,20.01,3 Bor,A,5,6 Single Cwy,2 30 MPH,3 T/Stag Jun,4 Give Way/Uncontrolled,Unclassified,0,4 Pelican Or Similar,2 Dark,1 Fine,1 Road-Dry,0 None,0 None,525370,183680,-0.193693,51.53811,,,Unknown,"(51.53811, -0.193693)",http://opendatacommunities.org/id/london-borough-council/camden,6639,21/12/2020 02:48:39 PM
1180152123,CAMDEN,1 Driver/Rider,1 Male,25-59,27,1,2 Serious,-2 Unknown,-2 N/A,3 Powered 2 Wheeler,FINCHLEY ROAD J/W COLLEGE CRESCENT,2,14/12/2018 03:55:00 PM,Friday,15.55,1 TLRN,A,41,6 Single Cwy,2 30 MPH,3 T/Stag Jun,4 Give Way/Uncontrolled,Unclassified,0,0 No Xing Facility In 50m,2 Dark,1 Fine,1 Road-Dry,0 None,0 None,526420,184550,-0.178249,51.545695,,,Unknown,"(51.545695, -0.178249)",http://opendatacommunities.org/id/london-borough-council/camden,8610,21/12/2020 02:48:43 PM
1170056910,CAMDEN,2 Passenger,2 Female,60+,82,1,3 Slight,-2 Unknown,-2 N/A,6 Bus Or Coach,CAMDEN HIGH STREET 30M S OF J/W GREENLAND STREET,1,01/09/2017 03:15:00 PM,Friday,15.15,1 TLRN,A,502,2 One-Way St,1 <= 20 MPH,0 No Jun In 20m,-2 Not Applicable,-2 Not Applicable,0,0 No Xing Facility In 50m,1 Daylight,1 Fine,1 Road-Dry,0 None,0 None,528960,183770,-0.141925,51.538111,,,Unknown,"(51.538111, -0.141925)",http://opendatacommunities.org/id/london-borough-council/camden,7288,21/12/2020 02:48:40 PM
1170064336,CAMDEN,1 Driver/Rider,1 Male,16-24,21,1,3 Slight,-2 Unknown,-2 N/A,2 Pedal Cycle,FALKLAND ROAD J/W FALKLAND PLACE,2,04/10/2017 10:15:00 AM,Wednesday,10.15,3 Bor,Unclassified,0,6 Single Cwy,2 30 MPH,3 T/Stag Jun,2 Auto Sig,Unclassified,0,5 Pedn Phase At Ats,1 Daylight,1 Fine,1 Road-Dry,0 None,0 None,529021,185332,-0.140474,51.552135,,,Unknown,"(51.552135, -0.140474)",http://opendatacommunities.org/id/london-borough-council/camden,7408,21/12/2020 02:48:40 PM
0116EK40121,CAMDEN,3 Pedestrian,2 Female,25-59,36,1,3 Slight,04 Crossing Road Within 50m Xing,2 From Drivers N/Side Msk,1 Pedestrian,ADELAIDE ROAD J/W PRIMROSE HILL ROAD.,1,05/03/2016 08:25:00 PM,Saturday,20.25,3 Bor,B,509,6 Single Cwy,2 30 MPH,6 Crossroads,2 Auto Sig,C,0,5 Pedn Phase At Ats,2 Dark,1 Fine,1 Road-Dry,0 None,0 None,527520,184340,-0.162471,51.543561,,,Unknown,"(51.543561, -0.162471)",http://opendatacommunities.org/id/london-borough-council/camden,6077,21/12/2020 02:48:38 PM
1160000282,CAMDEN,1 Driver/Rider,1 Male,25-59,45,1,3 Slight,-2 Unknown,-2 N/A,3 Powered 2 Wheeler,WEST END LANE J/W SHERRIFF LANE,2,03/11/2016 06:30:00 PM,Thursday,18.30,3 Bor,B,510,6 Single Cwy,2 30 MPH,3 T/Stag Jun,4 Give Way/Uncontrolled,C,0,0 No Xing Facility In 50m,2 Dark,1 Fine,1 Road-Dry,0 None,0 None,525520,184590,-0.191207,51.546255,,,Unknown,"(51.546255, -0.191207)",http://opendatacommunities.org/id/london-borough-council/camden,5641,21/12/2020 02:48:37 PM
1180086531,CAMDEN,3 Pedestrian,2 Female,16-24,19,1,3 Slight,05 Crossing Road (Not On Xing),4 From Drivers O/Side Msk,1 Pedestrian,FINCHLEY ROAD 30M N OF J/W ARKWRIGHT ROAD,1,29/01/2018 05:17:00 PM,Monday,17.17,1 TLRN,A,41,3 Dual Cwy,2 30 MPH,0 No Jun In 20m,-2 Not Applicable,-2 Not Applicable,0,8 Central Refuge,2 Dark,1 Fine,2 Road-Wet,0 None,0 None,526090,185060,-0.182823,51.550352,,,Unknown,"(51.550352, -0.182823)",http://opendatacommunities.org/id/london-borough-council/camden,7704,21/12/2020 02:48:41 PM
1160008859,CAMDEN,1 Driver/Rider,2 Female,25-59,30,1,3 Slight,-2 Unknown,-2 N/A,4 Car,HIGHGATE ROAD 10M S OF J/W GROVE TERRACE,4,27/12/2016 01:45:00 PM,Tuesday,13.45,3 Bor,C,0,6 Single Cwy,1 <= 20 MPH,3 T/Stag Jun,4 Give Way/Uncontrolled,Unclassified,0,4 Pelican Or Similar,1 Daylight,1 Fine,1 Road-Dry,0 None,0 None,528440,186030,-0.148594,51.55854,,,Unknown,"(51.55854, -0.148594)",http://opendatacommunities.org/id/london-borough-council/camden,5808,21/12/2020 02:48:37 PM
0115EK40067,CAMDEN,1 Driver/Rider,1 Male,16-24,17,1,3 Slight,-2 Unknown,-2 N/A,3 Powered 2 Wheeler,ROSSLYN HILL J/W PILGRIMS LANE,2,31/01/2015 08:00:00 PM,Saturday,20.00,3 Bor,A,502,6 Single Cwy,2 30 MPH,3 T/Stag Jun,4 Give Way/Uncontrolled,Unclassified,0,1 Zebra,2 Dark,1 Fine,1 Road-Dry,0 None,0 None,526780,185560,-0.172697,51.554691,,,Unknown,"(51.554691, -0.172697)",http://opendatacommunities.org/id/london-borough-council/camden,4632,21/12/2020 02:48:35 PM
1170024765,CAMDEN,1 Driver/Rider,1 Male,16-24,23,1,3 Slight,-2 Unknown,-2 N/A,2 Pedal Cycle,GASCONY AVENUE J/W KILBURN HIGH ROAD,2,20/02/2017 08:00:00 AM,Monday,8.00,3 Bor,A,5,2 One-Way St,2 30 MPH,3 T/Stag Jun,4 Give Way/Uncontrolled,A,5,5 Pedn Phase At Ats,1 Daylight,1 Fine,9 Unknown (S/R),0 None,0 None,525070,184090,-0.197871,51.541862,,,Unknown,"(51.541862, -0.197871)",http://opendatacommunities.org/id/london-borough-council/camden,6771,21/12/2020 02:48:39 PM
0115QK50697,CAMDEN,1 Driver/Rider,1 Male,25-59,31,1,3 Slight,-2 Unknown,-2 N/A,2 Pedal Cycle,KILBURN HIGH RD J/W PRIORY PARK RD,2,28/08/2015 02:30:00 PM,Friday,14.30,3 Bor,A,5,6 Single Cwy,1 <= 20 MPH,3 T/Stag Jun,4 Give Way/Uncontrolled,Unclassified,0,4 Pelican Or Similar,1 Daylight,1 Fine,1 Road-Dry,0 None,0 None,525170,183950,-0.19648,51.540581,,,Unknown,"(51.540581, -0.19648)",http://opendatacommunities.org/id/london-borough-council/camden,5624,21/12/2020 02:48:37 PM
0115EK40721,CAMDEN,1 Driver/Rider,2 Female,25-59,50,1,3 Slight,-2 Unknown,-2 N/A,4 Car,WILLESDEN LANE J/W KILBURN HIGH ROAD,2,17/08/2015 03:55:00 PM,Monday,15.55,3 Bor,A,4003,6 Single Cwy,2 30 MPH,3 T/Stag Jun,2 Auto Sig,A,5,5 Pedn Phase At Ats,1 Daylight,1 Fine,1 Road-Dry,0 None,0 None,525040,184080,-0.198307,51.541778,,,Unknown,"(51.541778, -0.198307)",http://opendatacommunities.org/id/london-borough-council/camden,5192,21/12/2020 02:48:37 PM
1170052336,CAMDEN,1 Driver/Rider,1 Male,25-59,30,1,3 Slight,-2 Unknown,-2 N/A,2 Pedal Cycle,KENTISH TOWN ROAD 25M N OF J/W WATER LANE,2,13/07/2017 06:34:00 PM,Thursday,18.34,3 Bor,A,400,6 Single Cwy,1 <= 20 MPH,0 No Jun In 20m,-2 Not Applicable,-2 Not Applicable,0,5 Pedn Phase At Ats,1 Daylight,1 Fine,1 Road-Dry,0 None,0 None,528950,184230,-0.141901,51.542248,,,Unknown,"(51.542248, -0.141901)",http://opendatacommunities.org/id/london-borough-council/camden,7228,21/12/2020 02:48:40 PM
1190160931,CAMDEN,3 PEDESTRIAN,2 FEMALE,25-59,36,1,3 SLIGHT,01 CROSSING ROAD ON PED XING,1 FROM DRIVERS N/SIDE,1 PEDESTRIAN,"On maket street, near the junction with torrington place .",1,02/02/2019 12:20:00 PM,Friday,12.20,3 BOR,5,0,6 SINGLE CWY,20,03 T/STAG JUN,4 GIVE WAY/UNCONTROLLED,6,0,1 ZEBRA,1 DARK,2 RAINING,2 ROAD-WET,0 NONE,0 NONE,529701,182078,-0.13187,51.522736,,,Unknown,"(51.522736, -0.13187)",http://opendatacommunities.org/id/london-borough-council/camden,8743,21/12/2020 02:48:43 PM
1190222938,CAMDEN,1 DRIVER/RIDER,1 MALE,25-59,35,1,3 SLIGHT,'-2 NOT APPLICABLE,'-2 NOT APPLICABLE,3 POWERED 2 WHEELER,"On Southampton Row, near the junction with Theobalds road.",2,05/12/2019 09:10:00 AM,Thursday,9.10,3 BOR,A,4200,6 SINGLE CWY,20,06 CROSSROADS,2 AUTO SIG,A,401,5 PEDN PHASE AT ATS,2 DAYLIGHT,1 FINE,1 ROAD-DRY,0 NONE,0 NONE,530460,181684,-0.121082,51.519021,,,Unknown,"(51.519021, -0.121082)",http://opendatacommunities.org/id/london-borough-council/camden,9586,21/12/2020 02:48:45 PM
0115EK40639,CAMDEN,1 Driver/Rider,1 Male,Unknown,0,1,3 Slight,-2 Unknown,-2 N/A,4 Car,HAMPSTEAD HIGH STREET 40M E OF GREENHILL,2,31/07/2015 04:33:00 AM,Friday,4.33,3 Bor,A,502,6 Single Cwy,2 30 MPH,0 No Jun In 20m,-2 Not Applicable,-2 Not Applicable,0,0 No Xing Facility In 50m,2 Dark,1 Fine,1 Road-Dry,0 None,0 None,526570,185640,-0.175695,51.555457,,,Unknown,"(51.555457, -0.175695)",http://opendatacommunities.org/id/london-borough-council/camden,5118,21/12/2020 02:48:36 PM
1190195698,CAMDEN,1 DRIVER/RIDER,1 MALE,25-59,59,1,3 SLIGHT,'-2 NOT APPLICABLE,'-2 NOT APPLICABLE,2 PEDAL CYCLE,"On Byng Place, 100 metres south of the junction with Gordon Square.",2,24/07/2019 05:45:00 PM,Wednesday,17.45,3 BOR,5,0,2 ONE-WAY ST,30,00 NO JUN IN 20M,,0,0,1 ZEBRA,2 DAYLIGHT,1 FINE,1 ROAD-DRY,0 NONE,0 NONE,529754,182121,-0.13109,51.52311,,,Unknown,"(51.52311, -0.13109)",http://opendatacommunities.org/id/london-borough-council/camden,9225,21/12/2020 02:48:44 PM
1190224235,CAMDEN,1 DRIVER/RIDER,1 MALE,25-59,26,1,3 SLIGHT,'-2 NOT APPLICABLE,'-2 NOT APPLICABLE,3 POWERED 2 WHEELER,"On Albert Street, near the junction with Mornington Avenue.",2,06/12/2019 06:00:00 PM,Friday,18.00,3 BOR,6,0,2 ONE-WAY ST,20,06 CROSSROADS,4 GIVE WAY/UNCONTROLLED,6,0,0 NO XING FACILITY IN 50M,1 DARK,1 FINE,1 ROAD-DRY,0 NONE,9 UNKNOWN (S/R),528951,183412,-0.142186,51.534896,,,Unknown,"(51.534896, -0.142186)",http://opendatacommunities.org/id/london-borough-council/camden,9609,21/12/2020 02:48:45 PM